"gene","baseMean","peak_id","annotation","distanceToTSS","seqnames","start","end","width","strand","X1","X2","X3","X4","geneChr","geneStart","geneEnd","geneLength","geneStrand","geneId","transcriptId","mean_normalized_CPM","Promoter","abs.distanceToTSS"
"Amillepora00011",0.328319243511684,"chr1:144365-144765","Promoter (<=1kb)",-594,"chr1",144365,144765,401,"*",11.9614605246232,60.9419650063558,16.5411612202013,19.2345265961209,1,145359,153824,8466,1,"Amillepora00011","Amillepora00011-RA",111.068444002484,TRUE,594
"Amillepora00104",1.42920626480937,"chr1:1180703-1181103","Promoter (<=1kb)",-941,"chr1",1180703,1181103,401,"*",8.97109539346742,0,23.1576257082819,2.84955949572161,1,1177080,1179762,2683,2,"Amillepora00104","Amillepora00104-RA",34.0535796019065,TRUE,941
"Amillepora00108",3.28402067950279,"chr1:1222619-1223019","Promoter (<=1kb)",-948,"chr1",1222619,1223019,401,"*",8.97109539346742,1.81015737642641,3.30823224404027,2.84955949572161,1,1200270,1221671,21402,2,"Amillepora00108","Amillepora00108-RA",11.7065421497874,TRUE,948
"Amillepora00110",2.73258972133476,"chr1:1235714-1236114","Promoter (<=1kb)",-221,"chr1",1235714,1236114,401,"*",41.8651118361813,39.2200764892389,64.5105287587852,96.1726329806044,1,1232909,1235493,2585,2,"Amillepora00110","Amillepora00110-RA",248.083170398144,TRUE,221
"Amillepora00113",0.485109580124614,"chr1:1287132-1287532","Promoter (<=1kb)",555,"chr1",1287132,1287532,401,"*",5.98073026231162,1.20677158428427,16.5411612202013,14.9601873525385,1,1286577,1287173,597,1,"Amillepora00113","Amillepora00113-RA",41.2371519443324,TRUE,555
"Amillepora00137",69.4607964756777,"chr1:1536062-1536462","Promoter (<=1kb)",0,"chr1",1536062,1536462,401,"*",71.7687631477394,21.7218885171169,13.2329289761611,41.3186126879634,1,1524069,1536279,12211,2,"Amillepora00137","Amillepora00137-RA",107.694853365961,TRUE,0
"Amillepora00143",38.6825030443765,"chr1:1634691-1635091","Promoter (<=1kb)",0,"chr1",1634691,1635091,401,"*",47.8458420984929,25.3422032699697,23.1576257082819,17.0973569743297,1,1608466,1635049,26584,2,"Amillepora00143","Amillepora00143-RA",88.0608792880368,TRUE,0
"Amillepora00146",23.8749708566565,"chr1:1644349-1644749","Promoter (<=1kb)",0,"chr1",1644349,1644749,401,"*",107.653144721609,24.7388174778276,26.4658579523221,48.4425114272674,1,1644676,1656131,11456,1,"Amillepora00146","Amillepora00146-RA",144.851487041928,TRUE,0
"Amillepora00161",10.6139965657067,"chr1:1800209-1800609","Promoter (2-3kb)",-2770,"chr1",1800209,1800609,401,"*",20.9325559180907,0.603385792142137,29.7740901963624,17.8097468482601,1,1783777,1797439,13663,2,"Amillepora00161","Amillepora00161-RA",64.0432282970048,TRUE,2770
"Amillepora00186",0.283530774282544,"chr1:2081893-2082293","Promoter (<=1kb)",-76,"chr1",2081893,2082293,401,"*",2.99036513115581,1.20677158428427,0,4.27433924358242,1,2079908,2081817,1910,2,"Amillepora00186","Amillepora00186-RA",7.24223545293851,TRUE,76
"Amillepora00236",0.311579030503312,"chr1:2521569-2521969","Promoter (1-2kb)",1780,"chr1",2521569,2521969,401,"*",0,6.6372437135635,0,0,1,2522000,2523749,1750,2,"Amillepora00236","Amillepora00236-RA",7.01156781205907,TRUE,1780
"Amillepora00238",0.193632535886727,"chr1:2558105-2558505","Promoter (<=1kb)",0,"chr1",2558105,2558505,401,"*",0,4.22370054499496,0,0.712389873930403,1,2556473,2558413,1941,2,"Amillepora00238","Amillepora00238-RA",5.32984481177383,TRUE,0
"Amillepora00311",2.04044996797172,"chr1:3385184-3385584","Promoter (2-3kb)",-2710,"chr1",3385184,3385584,401,"*",17.9421907869348,2.41354316856855,4.9623483660604,1.42477974786081,1,3379534,3382474,2941,2,"Amillepora00311","Amillepora00311-RA",14.9090187196807,TRUE,2710
"Amillepora00355",8.64718032583759,"chr1:3995009-3995409","Promoter (<=1kb)",-927,"chr1",3995009,3995409,401,"*",20.9325559180907,52.4945639163659,41.3529030505034,54.1416304187106,1,3962653,3994082,31430,2,"Amillepora00355","Amillepora00355-RA",177.277027963003,TRUE,927
"Amillepora00371",0.873746118919687,"chr1:4140721-4141121","Promoter (1-2kb)",-1439,"chr1",4140721,4141121,401,"*",8.97109539346742,45.8573202028024,23.1576257082819,53.4292405447802,1,4138465,4139282,818,2,"Amillepora00371","Amillepora00371-RA",144.120738612678,TRUE,1439
"Amillepora00372",0.550033762915043,"chr1:4144280-4144680","Promoter (<=1kb)",225,"chr1",4144280,4144680,401,"*",0,86.2841682763255,29.7740901963624,71.2389873930403,1,4142447,4144905,2459,2,"Amillepora00372","Amillepora00372-RA",214.333108613504,TRUE,225
"Amillepora00568",0.275390018753694,"chr1:6109078-6109478","Promoter (<=1kb)",0,"chr1",6109078,6109478,401,"*",8.97109539346742,0,1.65411612202013,0,1,6109388,6113558,4171,1,"Amillepora00568","Amillepora00568-RA",4.30093735881503,TRUE,0
"Amillepora00612",2.37174420285655,"chr1:6755424-6755824","Promoter (1-2kb)",1980,"chr1",6755424,6755824,401,"*",17.9421907869348,34.3929901521018,38.0446708064631,36.3318835704506,1,6737684,6757804,20121,2,"Amillepora00612","Amillepora00612-RA",131.653129058903,TRUE,1980
"Amillepora00617",0.503903630565013,"chr1:6830326-6830726","Promoter (2-3kb)",-2117,"chr1",6830326,6830726,401,"*",17.9421907869348,33.1862185678175,0,9.97345823502565,1,6826860,6828209,1350,2,"Amillepora00617","Amillepora00617-RA",51.7676322200284,TRUE,2117
"Amillepora00627",0.225739471302486,"chr1:6899626-6900026","Promoter (2-3kb)",-2313,"chr1",6899626,6900026,401,"*",2.99036513115581,5.43047212927923,0,1.42477974786081,1,6895753,6897313,1561,2,"Amillepora00627","Amillepora00627-RA",8.23239015330388,TRUE,2313
"Amillepora00650",61.4319281477214,"chr1:7118511-7118911","Promoter (1-2kb)",-1683,"chr1",7118511,7118911,401,"*",2.99036513115581,4.82708633713709,8.27058061010067,8.54867848716484,1,7115088,7116828,1741,2,"Amillepora00650","Amillepora00650-RA",26.3823897950809,TRUE,1683
"Amillepora00651",14.7392151116613,"chr1:7156140-7156540","Promoter (2-3kb)",2444,"chr1",7156140,7156540,401,"*",2.99036513115581,3.62031475285282,9.92469673212081,11.3982379828865,1,7132143,7158984,26842,2,"Amillepora00651","Amillepora00651-RA",30.6009183078446,TRUE,2444
"Amillepora00652",1.27363603920777,"chr1:7176922-7177322","Promoter (<=1kb)",0,"chr1",7176922,7177322,401,"*",11.9614605246232,12.0677158428427,16.5411612202013,32.7699342007986,1,7164911,7177151,12241,2,"Amillepora00652","Amillepora00652-RA",75.9286307188557,TRUE,0
"Amillepora00676",0.632485445207316,"chr1:7530316-7530716","Promoter (1-2kb)",-1713,"chr1",7530316,7530716,401,"*",0,0,9.92469673212081,4.27433924358242,1,7523576,7528603,5028,2,"Amillepora00676","Amillepora00676-RA",17.3372697432123,TRUE,1713
"Amillepora00704",0.381620490593204,"chr1:7852657-7853057","Promoter (1-2kb)",-1645,"chr1",7852657,7853057,401,"*",14.951825655779,18.1015737642641,26.4658579523221,22.7964759657729,1,7830280,7851012,20733,2,"Amillepora00704","Amillepora00704-RA",83.0410693808164,TRUE,1645
"Amillepora00729",3.15496391932911,"chr1:8380943-8381343","Promoter (<=1kb)",0,"chr1",8380943,8381343,401,"*",56.8169374919603,48.2708633713709,33.0823224404027,67.6770380233883,1,8381061,8394467,13407,1,"Amillepora00729","Amillepora00729-RA",188.31523061784,TRUE,0
"Amillepora00731",22.3731680260642,"chr1:8444761-8445161","Promoter (2-3kb)",2945,"chr1",8444761,8445161,401,"*",5.98073026231162,12.6711016349849,6.61646448808054,20.6593063439817,1,8399129,8448106,48978,2,"Amillepora00731","Amillepora00731-RA",48.1619043702568,TRUE,2945
"Amillepora00751",25.6826066265103,"chr1:8659909-8660309","Promoter (<=1kb)",317,"chr1",8659909,8660309,401,"*",23.9229210492465,38.6166906970967,18.1952773422215,29.9203747050769,1,8659592,8664098,4507,1,"Amillepora00751","Amillepora00751-RA",105.563864044745,TRUE,317
"Amillepora00952",2.27377790749064,"chr1:10443094-10443494","Promoter (2-3kb)",2312,"chr1",10443094,10443494,401,"*",38.8747467050255,7.84401529784777,18.1952773422215,19.2345265961209,1,10433360,10445806,12447,2,"Amillepora00952","Amillepora00952-RA",63.8354997126158,TRUE,2312
"Amillepora00956",27.9555085236423,"chr1:10479867-10480267","Promoter (<=1kb)",-80,"chr1",10479867,10480267,401,"*",107.653144721609,15.6880305956955,24.811741830302,42.7433924358242,1,10480347,10485377,5031,1,"Amillepora00956","Amillepora00956-RA",126.325147094128,TRUE,80
"Amillepora00958",155.686518560262,"chr1:10500748-10501148","Promoter (<=1kb)",-593,"chr1",10500748,10501148,401,"*",50.8362072296487,31.3760611913911,31.4282063183826,50.5796810490586,1,10501741,10563990,62250,1,"Amillepora00958","Amillepora00958-RA",146.09593037426,TRUE,593
"Amillepora00970",4.20394880482495,"chr1:10763716-10764116","Promoter (2-3kb)",-2059,"chr1",10763716,10764116,401,"*",14.951825655779,1.81015737642641,0,0.712389873930403,1,10766175,10770910,4736,1,"Amillepora00970","Amillepora00970-RA",6.57906782903133,TRUE,2059
"Amillepora00980",43.3706839486559,"chr1:10844558-10844958","Promoter (<=1kb)",0,"chr1",10844558,10844958,401,"*",110.643509852765,13.274487427127,19.8493934642416,39.8938329401026,1,10841775,10844871,3097,2,"Amillepora00980","Amillepora00980-RA",114.998689985638,TRUE,0
"Amillepora01012",99.814212832651,"chr1:11147490-11147890","Promoter (<=1kb)",0,"chr1",11147490,11147890,401,"*",143.537526295479,29.5659038149647,29.7740901963624,47.0177316794066,1,11115271,11147638,32368,2,"Amillepora01012","Amillepora01012-RA",161.375468607918,TRUE,0
"Amillepora01045",0.714625357342453,"chr1:11600074-11600474","Promoter (1-2kb)",-1918,"chr1",11600074,11600474,401,"*",0,2.41354316856855,0,8.54867848716484,1,11602392,11603653,1262,1,"Amillepora01045","Amillepora01045-RA",12.9649172899473,TRUE,1918
"Amillepora01162",1.69895838515568,"chr1:12872989-12873389","Promoter (2-3kb)",-2955,"chr1",12872989,12873389,401,"*",20.9325559180907,4.82708633713709,21.5035095862617,13.5354076046777,1,12867231,12870034,2804,2,"Amillepora01162","Amillepora01162-RA",53.189472278205,TRUE,2955
"Amillepora01168",0.139137943415231,"chr1:12941001-12941401","Promoter (1-2kb)",-1413,"chr1",12941001,12941401,401,"*",2.99036513115581,8.44740108998991,6.61646448808054,26.3584253354249,1,12942814,12946797,3984,1,"Amillepora01168","Amillepora01168-RA",49.8837249510532,TRUE,1413
"Amillepora01176",7.63635882989431,"chr1:13039769-13040169","Promoter (2-3kb)",-2392,"chr1",13039769,13040169,401,"*",0,0,4.9623483660604,4.27433924358242,1,13036175,13037377,1203,2,"Amillepora01176","Amillepora01176-RA",11.2724489384512,TRUE,2392
"Amillepora01216",6.46577172471745,"chr1:13641476-13641876","Promoter (2-3kb)",-2972,"chr1",13641476,13641876,401,"*",0,0,0,4.27433924358242,1,13616470,13638504,22035,2,"Amillepora01216","Amillepora01216-RA",5.20762813369016,TRUE,2972
"Amillepora01303",8.26340432851316,"chr1:14445366-14445766","Promoter (<=1kb)",-192,"chr1",14445366,14445766,401,"*",20.9325559180907,4.22370054499496,14.8870450981812,3.56194936965202,1,14435815,14445174,9360,2,"Amillepora01303","Amillepora01303-RA",32.3144969709381,TRUE,192
"Amillepora01446",31.6651691488775,"chr1:16151443-16151843","Promoter (<=1kb)",-465,"chr1",16151443,16151843,401,"*",2.99036513115581,4.82708633713709,0,11.3982379828865,1,16152308,16198182,45875,1,"Amillepora01446","Amillepora01446-RA",19.7461072096059,TRUE,465
"Amillepora01468",26.0034470061556,"chr1:16488905-16489305","Promoter (2-3kb)",-2779,"chr1",16488905,16489305,401,"*",5.98073026231162,0.603385792142137,8.27058061010067,0.712389873930403,1,16492084,16511668,19585,1,"Amillepora01468","Amillepora01468-RA",13.132941568455,TRUE,2779
"Amillepora01540",0.277605646110986,"chr1:17459420-17459820","Promoter (<=1kb)",432,"chr1",17459420,17459820,401,"*",5.98073026231162,25.9455890621119,0,4.27433924358242,1,17458988,17461387,2400,1,"Amillepora01540","Amillepora01540-RA",34.1360377422145,TRUE,432
"Amillepora01576",1.50759466579941,"chr1:17917488-17917888","Promoter (1-2kb)",-1614,"chr1",17917488,17917888,401,"*",2.99036513115581,0,9.92469673212081,11.3982379828865,1,17903761,17915874,12114,2,"Amillepora01576","Amillepora01576-RA",26.7764267739942,TRUE,1614
"Amillepora01600",339.425197433521,"chr1:18178934-18179334","Promoter (<=1kb)",126,"chr1",18178934,18179334,401,"*",14.951825655779,53.7013355006502,43.0070191725235,69.8142076451795,1,18162862,18179460,16599,2,"Amillepora01600","Amillepora01600-RA",198.148548283474,TRUE,126
"Amillepora01701",0.216070947808726,"chr1:19007548-19007948","Promoter (<=1kb)",427,"chr1",19007548,19007948,401,"*",0,0.603385792142137,8.27058061010067,9.97345823502565,1,19007121,19008415,1295,1,"Amillepora01701","Amillepora01701-RA",22.8965822421873,TRUE,427
"Amillepora01721",2.07852280506737,"chr1:19261948-19262348","Promoter (1-2kb)",-1929,"chr1",19261948,19262348,401,"*",23.9229210492465,9.05078688213205,18.1952773422215,17.8097468482601,1,19258863,19260019,1157,2,"Amillepora01721","Amillepora01721-RA",59.5755701395115,TRUE,1929
"Amillepora01735",9.99105126226709,"chr1:19469035-19469435","Promoter (1-2kb)",-1188,"chr1",19469035,19469435,401,"*",2.99036513115581,0,0,4.98672911751282,1,19470623,19474801,4179,1,"Amillepora01735","Amillepora01735-RA",6.83534296393674,TRUE,1188
"Amillepora01795",0.201701621393801,"chr1:20198813-20199213","Promoter (1-2kb)",1575,"chr1",20198813,20199213,401,"*",5.98073026231162,25.3422032699697,16.5411612202013,22.7964759657729,1,20199636,20200788,1153,2,"Amillepora01795","Amillepora01795-RA",76.2810804151003,TRUE,1575
"Amillepora01809",0.330649983861942,"chr1:20470882-20471282","Promoter (1-2kb)",-1574,"chr1",20470882,20471282,401,"*",5.98073026231162,54.9081070849344,13.2329289761611,14.2477974786081,1,20464957,20469308,4352,2,"Amillepora01809","Amillepora01809-RA",93.0559578043243,TRUE,1574
"Amillepora01849",0.606996372254988,"chr1:21373159-21373559","Promoter (1-2kb)",-1736,"chr1",21373159,21373559,401,"*",0,1.20677158428427,0,7.12389873930403,1,21358137,21371423,13287,2,"Amillepora01849","Amillepora01849-RA",9.95421073410039,TRUE,1736
"Amillepora01867",1.3735185680175,"chr1:21613948-21614348","Promoter (<=1kb)",181,"chr1",21613948,21614348,401,"*",8.97109539346742,2.41354316856855,0,2.13716962179121,1,21610318,21614529,4212,2,"Amillepora01867","Amillepora01867-RA",7.43280551330669,TRUE,181
"Amillepora01956",0.708795001199193,"chr1:22775858-22776258","Promoter (2-3kb)",2424,"chr1",22775858,22776258,401,"*",50.8362072296487,138.175346400549,36.390554684443,82.6372253759268,1,22773434,22775488,2055,1,"Amillepora01956","Amillepora01956-RA",304.040462430284,TRUE,2424
"Amillepora02000",53.7177706030184,"chr1:23349318-23349718","Promoter (1-2kb)",-1593,"chr1",23349318,23349718,401,"*",0,5.43047212927923,23.1576257082819,10.685848108956,1,23310618,23347725,37108,2,"Amillepora02000","Amillepora02000-RA",47.058304723886,TRUE,1593
"Amillepora02023",152.094113038834,"chr1:23613121-23613521","Promoter (<=1kb)",0,"chr1",23613121,23613521,401,"*",191.383368393972,37.4099191128125,64.5105287587852,52.7168506708498,1,23610344,23613324,2981,2,"Amillepora02023","Amillepora02023-RA",231.21554567028,TRUE,0
"Amillepora02032",0.548429961058186,"chr1:23812865-23813265","Promoter (1-2kb)",1872,"chr1",23812865,23813265,401,"*",0,4.22370054499496,8.27058061010067,6.41150886537363,1,23810993,23824022,13030,1,"Amillepora02032","Amillepora02032-RA",22.3813836646292,TRUE,1872
"Amillepora02055",1.04456600961171,"chr1:24085676-24086076","Promoter (<=1kb)",0,"chr1",24085676,24086076,401,"*",77.749493410051,33.1862185678175,29.7740901963624,26.3584253354249,1,24080080,24085849,5770,2,"Amillepora02055","Amillepora02055-RA",123.314667720372,TRUE,0
"Amillepora02086",0.599399708660651,"chr1:24524697-24525097","Promoter (<=1kb)",-861,"chr1",24524697,24525097,401,"*",26.9132861804023,1.20677158428427,36.390554684443,7.12389873930403,1,24525958,24562018,36061,1,"Amillepora02086","Amillepora02086-RA",61.2675545740324,TRUE,861
"Amillepora02120",1.93135630786798,"chr1:25102634-25103034","Promoter (1-2kb)",1031,"chr1",25102634,25103034,401,"*",0,0,6.61646448808054,6.41150886537363,1,25101603,25108660,7058,1,"Amillepora02120","Amillepora02120-RA",15.8978699402167,TRUE,1031
"Amillepora02196",1.86478444087847,"chr1:25670433-25670833","Promoter (<=1kb)",-411,"chr1",25670433,25670833,401,"*",38.8747467050255,18.7049595564062,16.5411612202013,22.0840860918425,1,25666350,25670022,3673,2,"Amillepora02196","Amillepora02196-RA",76.7591194683733,TRUE,411
"Amillepora02197",1.00280869881762,"chr1:25682871-25683271","Promoter (<=1kb)",-673,"chr1",25682871,25683271,401,"*",5.98073026231162,1.20677158428427,0,12.1106278568169,1,25683944,25706153,22210,1,"Amillepora02197","Amillepora02197-RA",17.5493305060021,TRUE,673
"Amillepora02204",9.65300794880133,"chr1:25748222-25748622","Promoter (2-3kb)",-2228,"chr1",25748222,25748622,401,"*",11.9614605246232,4.82708633713709,28.1199740743423,33.482324074729,1,25750850,25752247,1398,1,"Amillepora02204","Amillepora02204-RA",83.2988342178792,TRUE,2228
"Amillepora02357",0.187715151689963,"chr1:28211888-28212288","Promoter (<=1kb)",404,"chr1",28211888,28212288,401,"*",41.8651118361813,208.168098289037,72.7811093688859,55.5664101665715,1,28211484,28213404,1921,1,"Amillepora02357","Amillepora02357-RA",387.195009382374,TRUE,404
"Amillepora02380",2.54632301873211,"chr1:28448557-28448957","Promoter (1-2kb)",1819,"chr1",28448557,28448957,401,"*",5.98073026231162,4.22370054499496,4.9623483660604,5.69911899144323,1,28446632,28450776,4145,2,"Amillepora02380","Amillepora02380-RA",18.9897853884366,TRUE,1819
"Amillepora02445",5.46155959756014,"chr1:29269067-29269467","Promoter (<=1kb)",944,"chr1",29269067,29269467,401,"*",71.7687631477394,113.436528922722,67.8187610028255,91.1859038630916,1,29268123,29270106,1984,1,"Amillepora02445","Amillepora02445-RA",332.050662635595,TRUE,944
"Amillepora02462",0.227865483902376,"chr1:29452288-29452688","Promoter (1-2kb)",1107,"chr1",29452288,29452688,401,"*",17.9421907869348,18.7049595564062,24.811741830302,29.9203747050769,1,29451181,29453745,2565,1,"Amillepora02462","Amillepora02462-RA",91.0960347323195,TRUE,1107
"Amillepora02508",1.77940927027202,"chr1:30102222-30102622","Promoter (<=1kb)",0,"chr1",30102222,30102622,401,"*",1644.70082213569,18.1015737642641,1865.84298563871,2072.34214326354,1,30102563,30102635,73,1,"Amillepora02508","Amillepora02508-RA",5242.20403145755,TRUE,0
"Amillepora02530",0.631191539553585,"chr1:30231545-30231945","Promoter (2-3kb)",2702,"chr1",30231545,30231945,401,"*",29.9036513115581,0,36.390554684443,33.482324074729,1,30228843,30236169,7327,1,"Amillepora02530","Amillepora02530-RA",92.8662076951366,TRUE,2702
"Amillepora02537",52.9479272518376,"chr1:30412214-30412614","Promoter (1-2kb)",1356,"chr1",30412214,30412614,401,"*",5.98073026231162,0.603385792142137,11.5788128541409,7.12389873930403,1,30358932,30413970,55039,2,"Amillepora02537","Amillepora02537-RA",24.9875976388309,TRUE,1356
"Amillepora02612",0.557034543685501,"chr1:31300527-31300927","Promoter (<=1kb)",321,"chr1",31300527,31300927,401,"*",8.97109539346742,4.82708633713709,3.30823224404027,2.84955949572161,1,31298848,31301248,2401,2,"Amillepora02612","Amillepora02612-RA",14.893618427996,TRUE,321
"Amillepora02625",9.0242550120778,"chr1:31456218-31456618","Promoter (2-3kb)",-2895,"chr1",31456218,31456618,401,"*",8.97109539346742,5.43047212927923,3.30823224404027,29.2079848311465,1,31448057,31453323,5267,2,"Amillepora02625","Amillepora02625-RA",47.6447405080604,TRUE,2895
"Amillepora02628",0.303695534387681,"chr1:31498538-31498938","Promoter (<=1kb)",199,"chr1",31498538,31498938,401,"*",17.9421907869348,2.41354316856855,3.30823224404027,9.97345823502565,1,31497487,31499137,1651,2,"Amillepora02628","Amillepora02628-RA",23.3026680521407,TRUE,199
"Amillepora02634",34.7216027773181,"chr1:31578577-31578977","Promoter (<=1kb)",0,"chr1",31578577,31578977,401,"*",146.527891426635,9.05078688213205,21.5035095862617,52.0044607969194,1,31578852,31585722,6871,1,"Amillepora02634","Amillepora02634-RA",136.430658205434,TRUE,0
"Amillepora02643",0.150355032471487,"chr1:31671204-31671604","Promoter (1-2kb)",-1028,"chr1",31671204,31671604,401,"*",5.98073026231162,0.603385792142137,4.9623483660604,27.0708152093553,1,31672632,31674541,1910,1,"Amillepora02643","Amillepora02643-RA",41.2034345230369,TRUE,1028
"Amillepora02661",1041.40331574432,"chr1:31907657-31908057","Promoter (<=1kb)",0,"chr1",31907657,31908057,401,"*",158.489351951258,24.1354316856855,26.4658579523221,56.2788000405019,1,31907904,31913968,6065,1,"Amillepora02661","Amillepora02661-RA",166.677595766788,TRUE,0
"Amillepora02704",38.9307296461736,"chr1:32328258-32328658","Promoter (<=1kb)",0,"chr1",32328258,32328658,401,"*",245.209940754776,36.2031475285282,44.6611352945436,66.9646481494579,1,32325323,32328496,3174,2,"Amillepora02704","Amillepora02704-RA",236.716174928954,TRUE,0
"Amillepora02714",0.136943521674685,"chr1:32458712-32459112","Promoter (2-3kb)",-2561,"chr1",32458712,32459112,401,"*",2.99036513115581,0,0,7.12389873930403,1,32461673,32470606,8934,1,"Amillepora02714","Amillepora02714-RA",9.43915703078182,TRUE,2561
"Amillepora02716",10.4597372889772,"chr1:32518662-32519062","Promoter (1-2kb)",1052,"chr1",32518662,32519062,401,"*",2.99036513115581,3.62031475285282,26.4658579523221,13.5354076046777,1,32517610,32533539,15930,1,"Amillepora02716","Amillepora02716-RA",53.4208017238932,TRUE,1052
"Amillepora02744",5.14667123830904,"chr1:32906199-32906599","Promoter (1-2kb)",-1023,"chr1",32906199,32906599,401,"*",2.99036513115581,5.43047212927923,6.61646448808054,4.98672911751282,1,32889617,32905176,15560,2,"Amillepora02744","Amillepora02744-RA",20.6585080043938,TRUE,1023
"Amillepora02802",0.66284349888879,"chr1:33603001-33603401","Promoter (<=1kb)",-346,"chr1",33603001,33603401,401,"*",0,7.24062950570564,0,0,1,33593054,33602655,9602,2,"Amillepora02802","Amillepora02802-RA",7.6489830677008,TRUE,346
"Amillepora02809",9.19957071775155,"chr1:33717312-33717712","Promoter (1-2kb)",1611,"chr1",33717312,33717712,401,"*",35.8843815738697,18.1015737642641,0,4.27433924358242,1,33700863,33719323,18461,2,"Amillepora02809","Amillepora02809-RA",33.4474074985208,TRUE,1611
"Amillepora02814",6.29538211560698,"chr1:33782362-33782762","Promoter (1-2kb)",1928,"chr1",33782362,33782762,401,"*",0,6.03385792142137,1.65411612202013,0,1,33774503,33784690,10188,2,"Amillepora02814","Amillepora02814-RA",8.3957594913377,TRUE,1928
"Amillepora02837",0.348056932957542,"chr1:34030897-34031297","Promoter (2-3kb)",2609,"chr1",34030897,34031297,401,"*",11.9614605246232,8.44740108998991,11.5788128541409,0,1,34032264,34033906,1643,2,"Amillepora02837","Amillepora02837-RA",26.1141693552863,TRUE,2609
"Amillepora02850",27.2038922648461,"chr1:34182162-34182562","Promoter (2-3kb)",2169,"chr1",34182162,34182562,401,"*",14.951825655779,0,1.65411612202013,2.13716962179121,1,34161982,34184731,22750,2,"Amillepora02850","Amillepora02850-RA",8.42430504158988,TRUE,2169
"Amillepora02861",1.31073283582461,"chr1:34311890-34312290","Promoter (<=1kb)",-466,"chr1",34311890,34312290,401,"*",26.9132861804023,27.7557464385383,28.1199740743423,42.7433924358242,1,34287775,34311424,23650,2,"Amillepora02861","Amillepora02861-RA",122.602692261752,TRUE,466
"Amillepora02865",1.50324453603416,"chr1:34318071-34318471","Promoter (2-3kb)",2363,"chr1",34318071,34318471,401,"*",8.97109539346742,54.9081070849344,19.8493934642416,51.292070922989,1,34315708,34320145,4438,1,"Amillepora02865","Amillepora02865-RA",147.034939510619,TRUE,2363
"Amillepora02868",3.74894788942712,"chr1:34342288-34342688","Promoter (<=1kb)",372,"chr1",34342288,34342688,401,"*",11.9614605246232,7.24062950570564,0,9.97345823502565,1,34341916,34346195,4280,1,"Amillepora02868","Amillepora02868-RA",22.8392226115041,TRUE,372
"Amillepora02869",1.15828272771424,"chr1:34349744-34350144","Promoter (<=1kb)",455,"chr1",34349744,34350144,401,"*",11.9614605246232,21.1185027249748,13.2329289761611,17.0973569743297,1,34349289,34354047,4759,1,"Amillepora02869","Amillepora02869-RA",62.3520091934438,TRUE,455
"Amillepora02871",0.132924489490393,"chr1:34374045-34374445","Promoter (<=1kb)",496,"chr1",34374045,34374445,401,"*",0,4.82708633713709,3.30823224404027,4.98672911751282,1,34373549,34376419,2871,1,"Amillepora02871","Amillepora02871-RA",15.2181020709464,TRUE,496
"Amillepora02874",2.17012083982777,"chr1:34403059-34403459","Promoter (<=1kb)",-324,"chr1",34403059,34403459,401,"*",2.99036513115581,3.01692896071068,26.4658579523221,17.0973569743297,1,34401478,34402735,1258,2,"Amillepora02874","Amillepora02874-RA",57.12307657966,TRUE,324
"Amillepora02875",41.4078760707688,"chr1:34424825-34425225","Promoter (2-3kb)",2790,"chr1",34424825,34425225,401,"*",5.98073026231162,37.4099191128125,34.7364385624228,29.9203747050769,1,34421650,34428015,6366,2,"Amillepora02875","Amillepora02875-RA",119.946442034876,TRUE,2790
"Amillepora02878",35.3800463832336,"chr1:34430929-34431329","Promoter (<=1kb)",477,"chr1",34430929,34431329,401,"*",8.97109539346742,12.6711016349849,46.3152514165638,9.26106836109524,1,34430452,34439166,8715,1,"Amillepora02878","Amillepora02878-RA",83.5532392598033,TRUE,477
"Amillepora02885",2.03925807932457,"chr1:34489608-34490008","Promoter (<=1kb)",222,"chr1",34489608,34490008,401,"*",35.8843815738697,38.0133049049546,49.623483660604,14.9601873525385,1,34489386,34491627,2242,1,"Amillepora02885","Amillepora02885-RA",128.149389316534,TRUE,222
"Amillepora02903",58.4623323958305,"chr1:34722648-34723048","Promoter (1-2kb)",-1625,"chr1",34722648,34723048,401,"*",0,0,1.65411612202013,15.6725772264689,1,34679811,34721023,41213,2,"Amillepora02903","Amillepora02903-RA",21.1162434251176,TRUE,1625
"Amillepora02977",0.975494758914392,"chr1:35715893-35716293","Promoter (2-3kb)",-2641,"chr1",35715893,35716293,401,"*",5.98073026231162,0,8.27058061010067,0,1,35707450,35713252,5803,2,"Amillepora02977","Amillepora02977-RA",11.6275882905316,TRUE,2641
"Amillepora02991",0.683744540200778,"chr1:35941731-35942131","Promoter (2-3kb)",-2160,"chr1",35941731,35942131,401,"*",5.98073026231162,5.43047212927923,29.7740901963624,1.42477974786081,1,35938877,35939571,695,2,"Amillepora02991","Amillepora02991-RA",45.3810917898353,TRUE,2160
"Amillepora03029",0.36290134417976,"chr1:36504254-36504654","Promoter (<=1kb)",0,"chr1",36504254,36504654,401,"*",23.9229210492465,11.4643300507006,11.5788128541409,12.8230177307473,1,36504459,36539730,35272,1,"Amillepora03029","Amillepora03029-RA",47.9632372664251,TRUE,0
"Amillepora03074",0.267129464664304,"chr1:37079141-37079541","Promoter (2-3kb)",-2193,"chr1",37079141,37079541,401,"*",0,9.05078688213205,9.92469673212081,0,1,37073163,37076948,3786,2,"Amillepora03074","Amillepora03074-RA",21.6908704441482,TRUE,2193
"Amillepora03081",21.6536806588383,"chr1:37167227-37167627","Promoter (1-2kb)",-1456,"chr1",37167227,37167627,401,"*",20.9325559180907,44.6505486185181,39.6987869284832,4.98672911751282,1,37169083,37174403,5321,1,"Amillepora03081","Amillepora03081-RA",107.081299167303,TRUE,1456
"Amillepora03082",0.768139120883306,"chr1:37183366-37183766","Promoter (1-2kb)",1549,"chr1",37183366,37183766,401,"*",14.951825655779,50.0810207477973,66.1646448808054,20.6593063439817,1,37181817,37193524,11708,1,"Amillepora03082","Amillepora03082-RA",162.738830301072,TRUE,1549
"Amillepora03084",0.181578878826159,"chr1:37202376-37202776","Promoter (1-2kb)",1286,"chr1",37202376,37202776,401,"*",2.99036513115581,0,6.61646448808054,3.56194936965202,1,37201090,37205011,3922,1,"Amillepora03084","Amillepora03084-RA",13.1858946590548,TRUE,1286
"Amillepora03115",4.50215632546421,"chr1:37596515-37596915","Promoter (<=1kb)",-667,"chr1",37596515,37596915,401,"*",8.97109539346742,1.81015737642641,1.65411612202013,3.56194936965202,1,37592983,37595848,2866,2,"Amillepora03115","Amillepora03115-RA",10.5528732371487,TRUE,667
"Amillepora03132",36.0679278321774,"chr1:37730163-37730563","Promoter (2-3kb)",-2799,"chr1",37730163,37730563,401,"*",56.8169374919603,0,18.1952773422215,18.5221367221905,1,37733362,37739598,6237,1,"Amillepora03132","Amillepora03132-RA",59.239824214781,TRUE,2799
"Amillepora03149",18.9999464247112,"chr1:37967441-37967841","Promoter (<=1kb)",0,"chr1",37967441,37967841,401,"*",158.489351951258,18.7049595564062,41.3529030505034,51.292070922989,1,37943336,37967566,24231,2,"Amillepora03149","Amillepora03149-RA",173.059754724324,TRUE,0
"Amillepora03152",29.1968704146625,"chr1:38005310-38005710","Promoter (<=1kb)",-249,"chr1",38005310,38005710,401,"*",140.547161164323,16.8948021799798,38.0446708064631,47.730121553337,1,38003567,38005061,1495,2,"Amillepora03152","Amillepora03152-RA",158.20594412836,TRUE,249
"Amillepora03153",1.32417889466964,"chr1:38012851-38013251","Promoter (<=1kb)",-272,"chr1",38012851,38013251,401,"*",2.99036513115581,1.20677158428427,4.9623483660604,5.69911899144323,1,38009913,38012579,2667,2,"Amillepora03153","Amillepora03153-RA",15.042932302263,TRUE,272
"Amillepora03158",0.214424029840219,"chr1:38126661-38127061","Promoter (<=1kb)",-773,"chr1",38126661,38127061,401,"*",35.8843815738697,0.603385792142137,4.9623483660604,19.9469164700513,1,38127834,38132207,4374,1,"Amillepora03158","Amillepora03158-RA",40.1218223798689,TRUE,773
"Amillepora03166",78.8679745049644,"chr1:38385593-38385993","Promoter (<=1kb)",0,"chr1",38385593,38385993,401,"*",53.8265723608045,15.0846448035534,28.1199740743423,13.5354076046777,1,38375008,38385835,10828,2,"Amillepora03166","Amillepora03166-RA",80.4695042514097,TRUE,0
"Amillepora03190",9.80676106024437,"chr1:38648638-38649038","Promoter (1-2kb)",-1706,"chr1",38648638,38649038,401,"*",5.98073026231162,0,0,0,1,38650744,38658565,7822,1,"Amillepora03190","Amillepora03190-RA",1.51955361592978,TRUE,1706
"Amillepora03226",2.86386747863906,"chr1:39342342-39342742","Promoter (1-2kb)",1302,"chr1",39342342,39342742,401,"*",20.9325559180907,4.22370054499496,13.2329289761611,25.6460354614945,1,39325522,39344044,18523,2,"Amillepora03226","Amillepora03226-RA",57.1989687267503,TRUE,1302
"Amillepora03252",5.25907950015891,"chr2:299508-299908","Promoter (2-3kb)",2619,"chr2",299508,299908,401,"*",2.99036513115581,11.4643300507006,6.61646448808054,7.83628861323444,2,296889,303020,6132,1,"Amillepora03252","Amillepora03252-RA",30.5044126499379,TRUE,2619
"Amillepora03290",711.160135652546,"chr2:731736-732136","Promoter (<=1kb)",-91,"chr2",731736,732136,401,"*",182.412273000504,25.3422032699697,52.9317159046443,65.5398684015971,2,727591,731645,4055,2,"Amillepora03290","Amillepora03290-RA",217.659545990178,TRUE,91
"Amillepora03332",10.6679520138781,"chr2:1189246-1189646","Promoter (1-2kb)",1530,"chr2",1189246,1189646,401,"*",5.98073026231162,7.84401529784777,29.7740901963624,14.2477974786081,2,1162277,1191176,28900,2,"Amillepora03332","Amillepora03332-RA",63.5536372134727,TRUE,1530
"Amillepora03360",0.501370594221426,"chr2:1525358-1525758","Promoter (<=1kb)",407,"chr2",1525358,1525758,401,"*",5.98073026231162,6.6372437135635,9.92469673212081,19.9469164700513,2,1524951,1530727,5777,1,"Amillepora03360","Amillepora03360-RA",44.9630276613984,TRUE,407
"Amillepora03363",1.33219229056796,"chr2:1536244-1536644","Promoter (1-2kb)",-1915,"chr2",1536244,1536644,401,"*",17.9421907869348,16.8948021799798,31.4282063183826,7.83628861323444,2,1532894,1534329,1436,2,"Amillepora03363","Amillepora03363-RA",70.3641380143434,TRUE,1915
"Amillepora03376",0.23534358829533,"chr2:1681246-1681646","Promoter (<=1kb)",-697,"chr2",1681246,1681646,401,"*",8.97109539346742,1.20677158428427,6.61646448808054,2.84955949572161,2,1682343,1686317,3975,1,"Amillepora03376","Amillepora03376-RA",15.1123407639864,TRUE,697
"Amillepora03410",5.18221397411956,"chr2:2138925-2139325","Promoter (1-2kb)",1358,"chr2",2138925,2139325,401,"*",5.98073026231162,0.603385792142137,3.30823224404027,4.98672911751282,2,2137567,2150176,12610,1,"Amillepora03410","Amillepora03410-RA",12.2757488973841,TRUE,1358
"Amillepora03447",1.04600581280643,"chr2:2514205-2514605","Promoter (1-2kb)",-1717,"chr2",2514205,2514605,401,"*",2.99036513115581,5.43047212927923,4.9623483660604,0,2,2499096,2512488,13393,2,"Amillepora03447","Amillepora03447-RA",12.5613349135016,TRUE,1717
"Amillepora03492",333.187494179098,"chr2:3227566-3227966","Promoter (<=1kb)",-16,"chr2",3227566,3227966,401,"*",200.354463787439,21.1185027249748,34.7364385624228,38.4690531922418,2,3218013,3227550,9538,2,"Amillepora03492","Amillepora03492-RA",162.536978917647,TRUE,16
"Amillepora03511",160.322794372864,"chr2:3513194-3513594","Promoter (<=1kb)",0,"chr2",3513194,3513594,401,"*",143.537526295479,15.0846448035534,64.5105287587852,46.3053418054762,2,3511001,3513345,2345,2,"Amillepora03511","Amillepora03511-RA",187.663310083562,TRUE,0
"Amillepora03520",1.26345372410896,"chr2:3604126-3604526","Promoter (1-2kb)",-1555,"chr2",3604126,3604526,401,"*",0,1.20677158428427,0,4.27433924358242,2,3601580,3602571,992,2,"Amillepora03520","Amillepora03520-RA",6.48245864497362,TRUE,1555
"Amillepora03523",3.50879060780371,"chr2:3651020-3651420","Promoter (1-2kb)",-1218,"chr2",3651020,3651420,401,"*",11.9614605246232,6.03385792142137,3.30823224404027,0,2,3630507,3649802,19296,2,"Amillepora03523","Amillepora03523-RA",13.4564736581176,TRUE,1218
"Amillepora03544",0.97303728430523,"chr2:3881899-3882299","Promoter (1-2kb)",-1846,"chr2",3881899,3882299,401,"*",23.9229210492465,1.20677158428427,0,5.69911899144323,2,3884145,3894832,10688,1,"Amillepora03544","Amillepora03544-RA",14.2965491532561,TRUE,1846
"Amillepora03552",4.07000968204792,"chr2:3942262-3942662","Promoter (2-3kb)",2751,"chr2",3942262,3942662,401,"*",2.99036513115581,18.7049595564062,8.27058061010067,2.13716962179121,2,3940066,3945413,5348,2,"Amillepora03552","Amillepora03552-RA",33.2314984743055,TRUE,2751
"Amillepora03556",3.70959496550646,"chr2:4005969-4006369","Promoter (1-2kb)",-1381,"chr2",4005969,4006369,401,"*",5.98073026231162,10.2575584664163,1.65411612202013,12.1106278568169,2,3992496,4004588,12093,2,"Amillepora03556","Amillepora03556-RA",29.1321662755484,TRUE,1381
"Amillepora03590",0.331201801506363,"chr2:4394495-4394895","Promoter (1-2kb)",1685,"chr2",4394495,4394895,401,"*",5.98073026231162,59.1318076299294,16.5411612202013,30.6327645790073,2,4392810,4399814,7005,1,"Amillepora03590","Amillepora03590-RA",121.523652976136,TRUE,1685
"Amillepora03610",28.1403135261935,"chr2:4592100-4592500","Promoter (<=1kb)",134,"chr2",4592100,4592500,401,"*",71.7687631477394,41.0302338656653,24.811741830302,38.4690531922418,2,4590337,4592634,2298,2,"Amillepora03610","Amillepora03610-RA",138.771638001812,TRUE,134
"Amillepora03616",10.6124352471605,"chr2:4642577-4642977","Promoter (1-2kb)",-1606,"chr2",4642577,4642977,401,"*",2.99036513115581,2.41354316856855,8.27058061010067,4.27433924358242,2,4644583,4674061,29479,1,"Amillepora03616","Amillepora03616-RA",18.6251006388238,TRUE,1606
"Amillepora03631",0.173091098223817,"chr2:4827748-4828148","Promoter (1-2kb)",1845,"chr2",4827748,4828148,401,"*",17.9421907869348,0.603385792142137,9.92469673212081,14.2477974786081,2,4825903,4826487,585,1,"Amillepora03631","Amillepora03631-RA",34.6844781585871,TRUE,1845
"Amillepora03632",4.34244582730618,"chr2:4832618-4833018","Promoter (1-2kb)",1306,"chr2",4832618,4833018,401,"*",8.97109539346742,3.62031475285282,26.4658579523221,12.8230177307473,2,4831312,4843258,11947,1,"Amillepora03632","Amillepora03632-RA",54.0724173175413,TRUE,1306
"Amillepora03687",89.0177595116013,"chr2:5467183-5467583","Promoter (<=1kb)",102,"chr2",5467183,5467583,401,"*",41.8651118361813,42.2370054499496,43.0070191725235,24.2212557136337,2,5458413,5467685,9273,2,"Amillepora03687","Amillepora03687-RA",137.327616271937,TRUE,102
"Amillepora03717",111.736080203113,"chr2:5828070-5828470","Promoter (<=1kb)",0,"chr2",5828070,5828470,401,"*",89.7109539346742,10.2575584664163,21.5035095862617,58.4159696622931,2,5828381,5843786,15406,1,"Amillepora03717","Amillepora03717-RA",131.08117156592,TRUE,0
"Amillepora03741",158.412691675777,"chr2:6071970-6072370","Promoter (<=1kb)",0,"chr2",6071970,6072370,401,"*",227.267749967841,15.6880305956955,57.8940642707047,55.5664101665715,2,6053564,6072017,18454,2,"Amillepora03741","Amillepora03741-RA",212.771242512201,TRUE,0
"Amillepora03781",21.1262695689053,"chr2:6730850-6731250","Promoter (<=1kb)",0,"chr2",6730850,6731250,401,"*",119.614605246232,20.5151169328326,54.5858320266644,45.5929519315458,2,6720918,6731229,10312,2,"Amillepora03781","Amillepora03781-RA",174.324253288815,TRUE,0
"Amillepora03795",1.41835544615872,"chr2:6936423-6936823","Promoter (1-2kb)",1550,"chr2",6936423,6936823,401,"*",8.97109539346742,6.03385792142137,9.92469673212081,39.1814430661722,2,6936172,6938373,2202,2,"Amillepora03795","Amillepora03795-RA",68.5197158153273,TRUE,1550
"Amillepora03814",0.16099695884843,"chr2:7184077-7184477","Promoter (2-3kb)",2332,"chr2",7184077,7184477,401,"*",2.99036513115581,3.62031475285282,8.27058061010067,8.54867848716484,2,7181745,7181816,72,1,"Amillepora03814","Amillepora03814-RA",25.1075592837974,TRUE,2332
"Amillepora03816",100.034513605252,"chr2:7307740-7308140","Promoter (<=1kb)",652,"chr2",7307740,7308140,401,"*",0,1.20677158428427,4.9623483660604,12.1106278568169,2,7265375,7308792,43418,2,"Amillepora03816","Amillepora03816-RA",22.0945976948334,TRUE,652
"Amillepora03820",54.8472337597867,"chr2:7365375-7365775","Promoter (<=1kb)",0,"chr2",7365375,7365775,401,"*",98.6820493281416,23.5320458935433,28.1199740743423,56.2788000405019,2,7365542,7389199,23658,1,"Amillepora03820","Amillepora03820-RA",152.866251286769,TRUE,0
"Amillepora03871",2.88163681717575,"chr2:8041393-8041793","Promoter (<=1kb)",91,"chr2",8041393,8041793,401,"*",0,1.81015737642641,0,4.98672911751282,2,8041302,8052007,10706,1,"Amillepora03871","Amillepora03871-RA",7.98781192289705,TRUE,91
"Amillepora03918",15.9826153522956,"chr2:8798890-8799290","Promoter (<=1kb)",0,"chr2",8798890,8799290,401,"*",74.7591282788952,25.9455890621119,23.1576257082819,51.292070922989,2,8789376,8799060,9685,2,"Amillepora03918","Amillepora03918-RA",137.197310884884,TRUE,0
"Amillepora03920",1.36797644849928,"chr2:8806479-8806879","Promoter (1-2kb)",1453,"chr2",8806479,8806879,401,"*",107.653144721609,156.880305956955,76.0893416129262,62.6903089058755,2,8800632,8808332,7701,2,"Amillepora03920","Amillepora03920-RA",362.452396520712,TRUE,1453
"Amillepora03921",0.859584651708184,"chr2:8826509-8826909","Promoter (2-3kb)",-2107,"chr2",8826509,8826909,401,"*",5.98073026231162,0,0,4.27433924358242,2,8829016,8831252,2237,1,"Amillepora03921","Amillepora03921-RA",6.72718174961994,TRUE,2107
"Amillepora03932",2.50264498477903,"chr2:8938541-8938941","Promoter (<=1kb)",-865,"chr2",8938541,8938941,401,"*",14.951825655779,1.20677158428427,23.1576257082819,13.5354076046777,2,8929636,8937676,8041,2,"Amillepora03932","Amillepora03932-RA",49.8670340633452,TRUE,865
"Amillepora03939",75.9921866651573,"chr2:9009594-9009994","Promoter (1-2kb)",1497,"chr2",9009594,9009994,401,"*",2.99036513115581,6.03385792142137,9.92469673212081,19.2345265961209,2,9008097,9013923,5827,1,"Amillepora03939","Amillepora03939-RA",42.6978975755101,TRUE,1497
"Amillepora04013",0.254218283271418,"chr2:10060470-10060870","Promoter (<=1kb)",-196,"chr2",10060470,10060870,401,"*",23.9229210492465,3.62031475285282,1.65411612202013,12.1106278568169,2,10061066,10066573,5508,1,"Amillepora04013","Amillepora04013-RA",26.6792593112787,TRUE,196
"Amillepora04098",0.915044155838438,"chr2:11593423-11593823","Promoter (2-3kb)",-2522,"chr2",11593423,11593823,401,"*",0,1.81015737642641,0,7.12389873930403,2,11558984,11590901,31918,2,"Amillepora04098","Amillepora04098-RA",10.5916259897421,TRUE,2522
"Amillepora04107",209.832874393472,"chr2:11714663-11715063","Promoter (<=1kb)",0,"chr2",11714663,11715063,401,"*",89.7109539346742,23.5320458935433,43.0070191725235,42.7433924358242,2,11714941,11752010,37070,1,"Amillepora04107","Amillepora04107-RA",152.290560853805,TRUE,0
"Amillepora04112",0.151166979196815,"chr2:11813936-11814336","Promoter (<=1kb)",0,"chr2",11813936,11814336,401,"*",20.9325559180907,6.03385792142137,1.65411612202013,27.0708152093553,2,11812951,11814092,1142,2,"Amillepora04112","Amillepora04112-RA",46.6958419937963,TRUE,0
"Amillepora04113",13.0442290446278,"chr2:11815843-11816243","Promoter (1-2kb)",1586,"chr2",11815843,11816243,401,"*",8.97109539346742,72.4062950570564,4.9623483660604,36.3318835704506,2,11814257,11817594,3338,1,"Amillepora04113","Amillepora04113-RA",129.09882104203,TRUE,1586
"Amillepora04134",5.7895682035231,"chr2:12427075-12427475","Promoter (2-3kb)",2208,"chr2",12427075,12427475,401,"*",8.97109539346742,0,18.1952773422215,8.54867848716484,2,12424867,12443328,18462,1,"Amillepora04134","Amillepora04134-RA",34.932262975399,TRUE,2208
"Amillepora04136",4.35332239294168,"chr2:12475054-12475454","Promoter (1-2kb)",-1076,"chr2",12475054,12475454,401,"*",11.9614605246232,1.81015737642641,8.27058061010067,11.3982379828865,2,12466383,12473978,7596,2,"Amillepora04136","Amillepora04136-RA",28.9463960298937,TRUE,1076
"Amillepora04152",57.8754308154631,"chr2:12793527-12793927","Promoter (1-2kb)",1118,"chr2",12793527,12793927,401,"*",74.7591282788952,25.9455890621119,36.390554684443,39.8938329401026,2,12776673,12795045,18373,2,"Amillepora04152","Amillepora04152-RA",139.48315800774,TRUE,1118
"Amillepora04160",69.7197135198462,"chr2:12849518-12849918","Promoter (1-2kb)",-1892,"chr2",12849518,12849918,401,"*",2.99036513115581,12.0677158428427,18.1952773422215,28.4955949572161,2,12851810,12861136,9327,1,"Amillepora04160","Amillepora04160-RA",70.4632790961912,TRUE,1892
"Amillepora04181",0.415306140095029,"chr2:13078428-13078828","Promoter (1-2kb)",-1520,"chr2",13078428,13078828,401,"*",14.951825655779,0,13.2329289761611,24.2212557136337,2,13080348,13084387,4040,1,"Amillepora04181","Amillepora04181-RA",49.4816322767649,TRUE,1520
"Amillepora04188",105.66069024648,"chr2:13250564-13250964","Promoter (<=1kb)",0,"chr2",13250564,13250964,401,"*",65.7880328854278,22.9286601014012,36.390554684443,51.292070922989,2,13227536,13250767,23232,2,"Amillepora04188","Amillepora04188-RA",147.903759662143,TRUE,0
"Amillepora04191",555.817814737547,"chr2:13264969-13265369","Promoter (<=1kb)",-150,"chr2",13264969,13265369,401,"*",110.643509852765,25.9455890621119,38.0446708064631,53.4292405447802,2,13256968,13264819,7852,2,"Amillepora04191","Amillepora04191-RA",167.112909061591,TRUE,150
"Amillepora04236",2.1334524510599,"chr2:13734986-13735386","Promoter (1-2kb)",1006,"chr2",13734986,13735386,401,"*",41.8651118361813,19.9117311406905,33.0823224404027,53.4292405447802,2,13733761,13736392,2632,2,"Amillepora04236","Amillepora04236-RA",137.19906911722,TRUE,1006
"Amillepora04258",0.152134895869324,"chr2:14029738-14030138","Promoter (<=1kb)",0,"chr2",14029738,14030138,401,"*",11.9614605246232,4.22370054499496,14.8870450981812,23.5088658397033,2,14026360,14030068,3709,2,"Amillepora04258","Amillepora04258-RA",54.3374311709308,TRUE,0
"Amillepora04273",0.688871006351254,"chr2:14117258-14117658","Promoter (<=1kb)",0,"chr2",14117258,14117658,401,"*",11.9614605246232,21.1185027249748,605.406500659369,50.5796810490586,2,14117648,14130435,12788,1,"Amillepora04273","Amillepora04273-RA",826.880378942173,TRUE,0
"Amillepora04308",34.7487548332412,"chr2:14642378-14642778","Promoter (1-2kb)",-1649,"chr2",14642378,14642778,401,"*",2.99036513115581,13.8778732192691,4.9623483660604,8.54867848716484,2,14644427,14694873,50447,1,"Amillepora04308","Amillepora04308-RA",31.9004047598661,TRUE,1649
"Amillepora04310",24.0694843466306,"chr2:14704136-14704536","Promoter (<=1kb)",0,"chr2",14704136,14704536,401,"*",74.7591282788952,21.7218885171169,26.4658579523221,50.5796810490586,2,14675872,14704326,28455,2,"Amillepora04310","Amillepora04310-RA",135.910679942951,TRUE,0
"Amillepora04321",17.3185673275035,"chr2:14833910-14834310","Promoter (<=1kb)",0,"chr2",14833910,14834310,401,"*",95.6916841969858,25.3422032699697,21.5035095862617,42.7433924358242,2,14830569,14834173,3605,2,"Amillepora04321","Amillepora04321-RA",129.441470082696,TRUE,0
"Amillepora04329",110.4507955441,"chr2:14927079-14927479","Promoter (<=1kb)",0,"chr2",14927079,14927479,401,"*",68.7783980165836,15.0846448035534,14.8870450981812,35.6194936965202,2,14927427,14933201,5775,1,"Amillepora04329","Amillepora04329-RA",95.0016115026038,TRUE,0
"Amillepora04348",5.19190990375368,"chr2:15135335-15135735","Promoter (<=1kb)",0,"chr2",15135335,15135735,401,"*",83.7302236723626,6.03385792142137,52.9317159046443,54.1416304187106,2,15128591,15135344,6754,2,"Amillepora04348","Amillepora04348-RA",158.302614790294,TRUE,0
"Amillepora04359",9.18536405353192,"chr2:15281266-15281666","Promoter (1-2kb)",1600,"chr2",15281266,15281666,401,"*",14.951825655779,1.20677158428427,1.65411612202013,0.712389873930403,2,15282311,15283266,956,2,"Amillepora04359","Amillepora04359-RA",7.96325950830995,TRUE,1600
"Amillepora04425",8.85394483377187,"chr2:16384632-16385032","Promoter (1-2kb)",-1354,"chr2",16384632,16385032,401,"*",11.9614605246232,0.603385792142137,28.1199740743423,27.0708152093553,2,16376906,16383278,6373,2,"Amillepora04425","Amillepora04425-RA",71.0254852278518,TRUE,1354
"Amillepora04426",6.06162776751023,"chr2:16386441-16386841","Promoter (2-3kb)",-2178,"chr2",16386441,16386841,401,"*",8.97109539346742,0,0,9.26106836109524,2,16389019,16394974,5956,1,"Amillepora04426","Amillepora04426-RA",13.5625247135567,TRUE,2178
"Amillepora04486",166.614681818734,"chr2:17218967-17219367","Promoter (<=1kb)",0,"chr2",17218967,17219367,401,"*",83.7302236723626,22.9286601014012,26.4658579523221,40.606222814033,2,17184637,17219016,34380,2,"Amillepora04486","Amillepora04486-RA",127.313708566185,TRUE,0
"Amillepora04521",0.879096008151546,"chr2:17520421-17520821","Promoter (2-3kb)",-2174,"chr2",17520421,17520821,401,"*",5.98073026231162,0,8.27058061010067,12.8230177307473,2,17522995,17526805,3811,1,"Amillepora04521","Amillepora04521-RA",27.2504726916021,TRUE,2174
"Amillepora04547",5.84829361664563,"chr2:17814037-17814437","Promoter (2-3kb)",2639,"chr2",17814037,17814437,401,"*",0,1.20677158428427,4.9623483660604,0.712389873930403,2,17806773,17817076,10304,2,"Amillepora04547","Amillepora04547-RA",8.20758933832624,TRUE,2639
"Amillepora04555",17.6734706362474,"chr2:17941826-17942226","Promoter (<=1kb)",-680,"chr2",17941826,17942226,401,"*",29.9036513115581,62.7521223827822,16.5411612202013,14.9601873525385,2,17942906,17966564,23659,1,"Amillepora04555","Amillepora04555-RA",112.331722483508,TRUE,680
"Amillepora04591",3.2739137235179,"chr2:18441947-18442347","Promoter (1-2kb)",1654,"chr2",18441947,18442347,401,"*",11.9614605246232,5.43047212927923,21.5035095862617,23.5088658397033,2,18440293,18454221,13929,1,"Amillepora04591","Amillepora04591-RA",63.6986894218957,TRUE,1654
"Amillepora04675",32.4007341461109,"chr2:19524443-19524843","Promoter (<=1kb)",664,"chr2",19524443,19524843,401,"*",5.98073026231162,0.603385792142137,0,2.13716962179121,2,19514822,19525507,10686,2,"Amillepora04675","Amillepora04675-RA",4.76078293841659,TRUE,664
"Amillepora04691",12.7335598611554,"chr2:19665130-19665530","Promoter (<=1kb)",0,"chr2",19665130,19665530,401,"*",95.6916841969858,18.1015737642641,26.4658579523221,42.0310025618938,2,19665253,19672533,7281,1,"Amillepora04691","Amillepora04691-RA",126.989369797474,TRUE,0
"Amillepora04714",0.771252103011397,"chr2:20068337-20068737","Promoter (2-3kb)",2245,"chr2",20068337,20068737,401,"*",0,2.41354316856855,1.65411612202013,8.54867848716484,2,20063672,20070982,7311,2,"Amillepora04714","Amillepora04714-RA",14.9865242248676,TRUE,2245
"Amillepora04734",0.417388588535965,"chr2:20316279-20316679","Promoter (1-2kb)",-1799,"chr2",20316279,20316679,401,"*",8.97109539346742,4.82708633713709,13.2329289761611,11.3982379828865,2,20312248,20314480,2233,2,"Amillepora04734","Amillepora04734-RA",37.4385163048986,TRUE,1799
"Amillepora04769",0.500614928267457,"chr2:20812720-20813120","Promoter (<=1kb)",0,"chr2",20812720,20813120,401,"*",8.97109539346742,4.82708633713709,19.8493934642416,23.5088658397033,2,20801364,20812794,11431,2,"Amillepora04769","Amillepora04769-RA",60.2798904233687,TRUE,0
"Amillepora04797",0.341755639545527,"chr2:21015358-21015758","Promoter (<=1kb)",0,"chr2",21015358,21015758,401,"*",11.9614605246232,57.321650253503,44.6611352945436,37.7566633183114,2,21012966,21015500,2535,2,"Amillepora04797","Amillepora04797-RA",164.177658941604,TRUE,0
"Amillepora04803",5.75050177828902,"chr2:21056684-21057084","Promoter (1-2kb)",-1934,"chr2",21056684,21057084,401,"*",0,0,4.9623483660604,2.84955949572161,2,21059018,21059593,576,1,"Amillepora04803","Amillepora04803-RA",9.53657289388785,TRUE,1934
"Amillepora04811",38.5886999017836,"chr2:21126014-21126414","Promoter (<=1kb)",0,"chr2",21126014,21126414,401,"*",131.576065770856,13.274487427127,34.7364385624228,44.168172183685,2,21117416,21126038,8623,2,"Amillepora04811","Amillepora04811-RA",143.719218189366,TRUE,0
"Amillepora04834",13.3189996832357,"chr2:21395192-21395592","Promoter (<=1kb)",-216,"chr2",21395192,21395592,401,"*",5.98073026231162,2.41354316856855,6.61646448808054,21.3716962179121,2,21395808,21410148,14341,1,"Amillepora04834","Amillepora04834-RA",38.193783046629,TRUE,216
"Amillepora04859",0.425676776180481,"chr2:21683287-21683687","Promoter (2-3kb)",-2059,"chr2",21683287,21683687,401,"*",8.97109539346742,0.603385792142137,9.92469673212081,4.98672911751282,2,21685746,21687925,2180,1,"Amillepora04859","Amillepora04859-RA",21.1219534450304,TRUE,2059
"Amillepora04881",70.4656729811165,"chr2:21945019-21945419","Promoter (1-2kb)",1031,"chr2",21945019,21945419,401,"*",8.97109539346742,82.6638535234727,26.4658579523221,80.5000557541356,2,21943988,21956997,13010,1,"Amillepora04881","Amillepora04881-RA",220.027927923369,TRUE,1031
"Amillepora04884",0.630420876420961,"chr2:22002585-22002985","Promoter (2-3kb)",2113,"chr2",22002585,22002985,401,"*",17.9421907869348,2.41354316856855,33.0823224404027,26.3584253354249,2,22000296,22005098,4803,2,"Amillepora04884","Amillepora04884-RA",79.6541673931862,TRUE,2113
"Amillepora04888",60.8529961242441,"chr2:22080376-22080776","Promoter (<=1kb)",0,"chr2",22080376,22080776,401,"*",62.797667754272,19.9117311406905,24.811741830302,34.1947139486594,2,22051273,22080627,29355,2,"Amillepora04888","Amillepora04888-RA",108.975145496767,TRUE,0
"Amillepora04915",15.5405506431507,"chr2:22467448-22467848","Promoter (<=1kb)",0,"chr2",22467448,22467848,401,"*",80.7398585412068,17.498187972122,26.4658579523221,42.0310025618938,2,22464311,22467508,3198,2,"Amillepora04915","Amillepora04915-RA",122.553070502008,TRUE,0
"Amillepora04929",0.364105994182435,"chr2:22687444-22687844","Promoter (<=1kb)",-816,"chr2",22687444,22687844,401,"*",0,0,4.9623483660604,15.6725772264689,2,22688660,22689454,795,1,"Amillepora04929","Amillepora04929-RA",25.1594572949584,TRUE,816
"Amillepora04963",0.524369749713544,"chr2:23103087-23103487","Promoter (1-2kb)",-1102,"chr2",23103087,23103487,401,"*",0,0,33.0823224404027,0,2,23104589,23108392,3804,1,"Amillepora04963","Amillepora04963-RA",40.4321386984073,TRUE,1102
"Amillepora04970",0.323950279074944,"chr2:23148741-23149141","Promoter (<=1kb)",-817,"chr2",23148741,23149141,401,"*",2.99036513115581,6.6372437135635,0,0,2,23149958,23156437,6480,1,"Amillepora04970","Amillepora04970-RA",7.77134462002396,TRUE,817
"Amillepora04972",0.394577618805158,"chr2:23228994-23229394","Promoter (<=1kb)",-789,"chr2",23228994,23229394,401,"*",2.99036513115581,0,8.27058061010067,5.69911899144323,2,23230183,23237387,7205,1,"Amillepora04972","Amillepora04972-RA",17.8113156608203,TRUE,789
"Amillepora05035",16.6290556632407,"chr2:24076081-24076481","Promoter (1-2kb)",1145,"chr2",24076081,24076481,401,"*",2.99036513115581,1.81015737642641,4.9623483660604,5.69911899144323,2,24062564,24077626,15063,2,"Amillepora05035","Amillepora05035-RA",15.6803475579047,TRUE,1145
"Amillepora05036",43.0820148703256,"chr2:24088937-24089337","Promoter (<=1kb)",0,"chr2",24088937,24089337,401,"*",101.672414459297,22.9286601014012,36.390554684443,34.9071038225898,2,24089303,24097756,8454,1,"Amillepora05036","Amillepora05036-RA",137.058506845243,TRUE,0
"Amillepora05039",0.362208108842678,"chr2:24152108-24152508","Promoter (1-2kb)",-1846,"chr2",24152108,24152508,401,"*",5.98073026231162,0,6.61646448808054,6.41150886537363,2,24144259,24150262,6004,2,"Amillepora05039","Amillepora05039-RA",17.4174235561465,TRUE,1846
"Amillepora05078",6.25268740123387,"chr2:24608122-24608522","Promoter (<=1kb)",-67,"chr2",24608122,24608522,401,"*",20.9325559180907,15.6880305956955,18.1952773422215,15.6725772264689,2,24608589,24609892,1304,1,"Amillepora05078","Amillepora05078-RA",63.2235470767606,TRUE,67
"Amillepora05098",0.303552401202097,"chr2:24926319-24926719","Promoter (<=1kb)",481,"chr2",24926319,24926719,401,"*",5.98073026231162,12.0677158428427,18.1952773422215,8.54867848716484,2,24903590,24927200,23611,2,"Amillepora05098","Amillepora05098-RA",46.9207912802688,TRUE,481
"Amillepora05109",5.16824002294942,"chr2:25043170-25043570","Promoter (<=1kb)",326,"chr2",25043170,25043570,401,"*",0,0,11.5788128541409,6.41150886537363,2,25042844,25047402,4559,1,"Amillepora05109","Amillepora05109-RA",21.9626907449777,TRUE,326
"Amillepora05199",0.365991729351456,"chr2:25815137-25815537","Promoter (<=1kb)",0,"chr2",25815137,25815537,401,"*",125.595335508544,19.3083453485484,44.6611352945436,53.4292405447802,2,25810005,25815189,5185,2,"Amillepora05199","Amillepora05199-RA",171.986653029038,TRUE,0
"Amillepora05224",337.212966707154,"chr2:26133290-26133690","Promoter (<=1kb)",292,"chr2",26133290,26133690,401,"*",128.5857006397,27.1523606463961,31.4282063183826,66.2522582755275,2,26125899,26133982,8084,2,"Amillepora05224","Amillepora05224-RA",180.482857082053,TRUE,292
"Amillepora05302",222.15435935048,"chr2:27108958-27109358","Promoter (<=1kb)",0,"chr2",27108958,27109358,401,"*",116.624240115076,10.2575584664163,26.4658579523221,43.4557823097546,2,27095566,27109041,13476,2,"Amillepora05302","Amillepora05302-RA",125.757285174449,TRUE,0
"Amillepora05311",257.584543614027,"chr2:27250013-27250413","Promoter (<=1kb)",0,"chr2",27250013,27250413,401,"*",74.7591282788952,18.1015737642641,26.4658579523221,44.8805620576154,2,27250238,27256456,6219,1,"Amillepora05311","Amillepora05311-RA",125.142684230847,TRUE,0
"Amillepora05341",8.24738537270813,"chr2:27616673-27617073","Promoter (<=1kb)",-334,"chr2",27616673,27617073,401,"*",8.97109539346742,0,0,7.83628861323444,2,27617407,27629893,12487,1,"Amillepora05341","Amillepora05341-RA",11.8266486689933,TRUE,334
"Amillepora05346",0.548887476350319,"chr2:27715590-27715990","Promoter (<=1kb)",0,"chr2",27715590,27715990,401,"*",80.7398585412068,0.603385792142137,64.5105287587852,29.2079848311465,2,27715780,27722528,6749,1,"Amillepora05346","Amillepora05346-RA",135.579518446137,TRUE,0
"Amillepora05370",7.68594038926823,"chr2:27909136-27909536","Promoter (<=1kb)",0,"chr2",27909136,27909536,401,"*",113.633874983921,26.548974854254,23.1576257082819,43.4557823097546,2,27885150,27909297,24148,2,"Amillepora05370","Amillepora05370-RA",138.164506398971,TRUE,0
"Amillepora05377",19.6165454320321,"chr2:27991607-27992007","Promoter (<=1kb)",86,"chr2",27991607,27992007,401,"*",32.8940164427139,33.7896043599596,0,27.7832050832857,2,27991521,27997937,6417,1,"Amillepora05377","Amillepora05377-RA",77.9023820725368,TRUE,86
"Amillepora05386",2.17202689892798,"chr2:28137136-28137536","Promoter (1-2kb)",-1532,"chr2",28137136,28137536,401,"*",14.951825655779,6.6372437135635,8.27058061010067,6.41150886537363,2,28121530,28135604,14075,2,"Amillepora05386","Amillepora05386-RA",28.7299287270206,TRUE,1532
"Amillepora05447",55.0218680565635,"chr2:28969846-28970246","Promoter (1-2kb)",-1408,"chr2",28969846,28970246,401,"*",32.8940164427139,31.9794469835332,33.0823224404027,32.0575443268681,2,28951520,28968438,16919,2,"Amillepora05447","Amillepora05447-RA",121.629903137709,TRUE,1408
"Amillepora05457",53.5347821790738,"chr2:29051044-29051444","Promoter (<=1kb)",0,"chr2",29051044,29051444,401,"*",68.7783980165836,18.1015737642641,52.9317159046443,44.168172183685,2,29051263,29061736,10474,1,"Amillepora05457","Amillepora05457-RA",155.100903551361,TRUE,0
"Amillepora05482",0.488586787261035,"chr2:29447907-29448307","Promoter (1-2kb)",-1540,"chr2",29447907,29448307,401,"*",14.951825655779,0.603385792142137,31.4282063183826,18.5221367221905,2,29449847,29454892,5046,1,"Amillepora05482","Amillepora05482-RA",65.4132196382772,TRUE,1540
"Amillepora05514",0.100689695337305,"chr2:29768560-29768960","Promoter (1-2kb)",-1997,"chr2",29768560,29768960,401,"*",35.8843815738697,0.603385792142137,33.0823224404027,44.8805620576154,2,29755999,29766563,10565,2,"Amillepora05514","Amillepora05514-RA",104.866971053374,TRUE,1997
"Amillepora05530",1.4100513429835,"chr2:29928400-29928800","Promoter (<=1kb)",995,"chr2",29928400,29928800,401,"*",17.9421907869348,4.22370054499496,24.811741830302,27.7832050832857,2,29927405,29929243,1839,1,"Amillepora05530","Amillepora05530-RA",73.1942545300729,TRUE,995
"Amillepora05531",0.494361309845753,"chr2:29944506-29944906","Promoter (1-2kb)",1609,"chr2",29944506,29944906,401,"*",8.97109539346742,0,13.2329289761611,10.685848108956,2,29942897,29948961,6065,1,"Amillepora05531","Amillepora05531-RA",31.4712562374829,TRUE,1609
"Amillepora05588",0.333515713943235,"chr2:30602258-30602658","Promoter (<=1kb)",684,"chr2",30602258,30602658,401,"*",0,0.603385792142137,6.61646448808054,3.56194936965202,2,30600058,30603342,3285,2,"Amillepora05588","Amillepora05588-RA",13.0635331067317,TRUE,684
"Amillepora05603",0.166669087219896,"chr2:30849389-30849789","Promoter (1-2kb)",1295,"chr2",30849389,30849789,401,"*",0,0.603385792142137,1.65411612202013,8.54867848716484,2,30848094,30849404,1311,1,"Amillepora05603","Amillepora05603-RA",13.0742784579424,TRUE,1295
"Amillepora05604",0.653949302537993,"chr2:30861716-30862116","Promoter (1-2kb)",-1286,"chr2",30861716,30862116,401,"*",5.98073026231162,0,4.9623483660604,13.5354076046777,2,30863402,30865409,2008,1,"Amillepora05604","Amillepora05604-RA",24.0751968440431,TRUE,1286
"Amillepora05606",1.23868752199038,"chr2:30946211-30946611","Promoter (<=1kb)",0,"chr2",30946211,30946611,401,"*",20.9325559180907,4.22370054499496,3.30823224404027,7.12389873930403,2,30941950,30946366,4417,2,"Amillepora05606","Amillepora05606-RA",22.502938537904,TRUE,0
"Amillepora05647",0.382208116959363,"chr2:31465840-31466240","Promoter (2-3kb)",2552,"chr2",31465840,31466240,401,"*",8.97109539346742,4.22370054499496,11.5788128541409,10.685848108956,2,31463288,31463878,591,1,"Amillepora05647","Amillepora05647-RA",33.9115560920546,TRUE,2552
"Amillepora05677",24.3068192582333,"chr2:31981992-31982392","Promoter (<=1kb)",-432,"chr2",31981992,31982392,401,"*",125.595335508544,9.05078688213205,34.7364385624228,44.168172183685,2,31976694,31981560,4867,2,"Amillepora05677","Amillepora05677-RA",137.737757783944,TRUE,432
"Amillepora05705",41.276705171152,"chr2:32274987-32275387","Promoter (<=1kb)",0,"chr2",32274987,32275387,401,"*",113.633874983921,19.3083453485484,28.1199740743423,42.0310025618938,2,32275237,32289510,14274,1,"Amillepora05705","Amillepora05705-RA",134.844468091467,TRUE,0
"Amillepora05710",66.2548205065449,"chr2:32330990-32331390","Promoter (1-2kb)",1656,"chr2",32330990,32331390,401,"*",8.97109539346742,8.44740108998991,1.65411612202013,15.6725772264689,2,32329334,32348422,19089,1,"Amillepora05710","Amillepora05710-RA",32.3193874279966,TRUE,1656
"Amillepora05715",0.114420271520968,"chr2:32380857-32381257","Promoter (1-2kb)",-1003,"chr2",32380857,32381257,401,"*",0,3.62031475285282,11.5788128541409,5.69911899144323,2,32379783,32379854,72,2,"Amillepora05715","Amillepora05715-RA",24.9192442565464,TRUE,1003
"Amillepora05744",4.37007960219445,"chr2:32709174-32709574","Promoter (<=1kb)",-342,"chr2",32709174,32709574,401,"*",5.98073026231162,0.603385792142137,8.27058061010067,8.54867848716484,2,32709916,32712620,2705,1,"Amillepora05744","Amillepora05744-RA",22.6802598135536,TRUE,342
"Amillepora05745",7.68403266679721,"chr2:32716417-32716817","Promoter (<=1kb)",-230,"chr2",32716417,32716817,401,"*",5.98073026231162,0.603385792142137,6.61646448808054,10.685848108956,2,32713964,32716187,2224,2,"Amillepora05745","Amillepora05745-RA",23.2624669454783,TRUE,230
"Amillepora05789",7.79290729323463,"chr2:33240782-33241182","Promoter (<=1kb)",-7,"chr2",33240782,33241182,401,"*",116.624240115076,25.3422032699697,41.3529030505034,43.4557823097546,2,33226656,33240775,14120,2,"Amillepora05789","Amillepora05789-RA",159.887128979776,TRUE,7
"Amillepora05806",14.8402285631077,"chr2:33473167-33473567","Promoter (<=1kb)",195,"chr2",33473167,33473567,401,"*",41.8651118361813,42.2370054499496,21.5035095862617,27.0708152093553,2,33468222,33473762,5541,2,"Amillepora05806","Amillepora05806-RA",114.518478207099,TRUE,195
"Amillepora05835",24.2132624995633,"chr2:33701994-33702394","Promoter (<=1kb)",930,"chr2",33701994,33702394,401,"*",2.99036513115581,67.5792087199193,3.30823224404027,24.2212557136337,2,33693661,33703324,9664,2,"Amillepora05835","Amillepora05835-RA",105.703392067257,TRUE,930
"Amillepora05842",2.93785262938046,"chr2:33797866-33798266","Promoter (2-3kb)",2840,"chr2",33797866,33798266,401,"*",2.99036513115581,22.325274309259,8.27058061010067,2.84955949572161,2,33795026,33799447,4422,1,"Amillepora05842","Amillepora05842-RA",37.9239280304376,TRUE,2840
"Amillepora05847",0.0791880080114114,"chr2:33882528-33882928","Promoter (<=1kb)",445,"chr2",33882528,33882928,401,"*",2.99036513115581,6.03385792142137,4.9623483660604,9.26106836109524,2,33882083,33883131,1049,1,"Amillepora05847","Amillepora05847-RA",24.4819444588053,TRUE,445
"Amillepora05859",64.8144200806554,"chr2:34059949-34060349","Promoter (2-3kb)",-2174,"chr2",34059949,34060349,401,"*",14.951825655779,0,6.61646448808054,2.84955949572161,2,34049406,34057775,8370,2,"Amillepora05859","Amillepora05859-RA",15.3570638686327,TRUE,2174
"Amillepora05872",312.749623118433,"chr2:34247510-34247910","Promoter (2-3kb)",-2944,"chr2",34247510,34247910,401,"*",44.8554769673371,25.3422032699697,24.811741830302,18.5221367221905,2,34188604,34244566,55963,2,"Amillepora05872","Amillepora05872-RA",91.0585854595556,TRUE,2944
"Amillepora05873",0.277033624255641,"chr2:34271214-34271614","Promoter (2-3kb)",2661,"chr2",34271214,34271614,401,"*",2.99036513115581,6.03385792142137,4.9623483660604,11.3982379828865,2,34268553,34268919,367,1,"Amillepora05873","Amillepora05873-RA",27.0857585256505,TRUE,2661
"Amillepora05891",0.485788649368179,"chr2:34502866-34503266","Promoter (1-2kb)",1857,"chr2",34502866,34503266,401,"*",20.9325559180907,52.4945639163659,29.7740901963624,34.9071038225898,2,34501009,34511313,10305,1,"Amillepora05891","Amillepora05891-RA",139.691452816955,TRUE,1857
"Amillepora05965",8.37779670539836,"chr2:35308574-35308974","Promoter (1-2kb)",1283,"chr2",35308574,35308974,401,"*",11.9614605246232,30.772675399249,115.788128541409,61.2655291580147,2,35307291,35308472,1182,1,"Amillepora05965","Amillepora05965-RA",251.702440630239,TRUE,1283
"Amillepora05976",1.06761689596755,"chr2:35421836-35422236","Promoter (1-2kb)",-1188,"chr2",35421836,35422236,401,"*",5.98073026231162,33.1862185678175,1.65411612202013,22.7964759657729,2,35423424,35434220,10797,1,"Amillepora05976","Amillepora05976-RA",66.3730163241596,TRUE,1188
"Amillepora05984",0.399210834938488,"chr2:35500846-35501246","Promoter (<=1kb)",-876,"chr2",35500846,35501246,401,"*",5.98073026231162,13.8778732192691,23.1576257082819,17.8097468482601,2,35496581,35499970,3390,2,"Amillepora05984","Amillepora05984-RA",66.1810521416171,TRUE,876
"Amillepora06005",0.654080652766827,"chr2:35693134-35693534","Promoter (1-2kb)",1891,"chr2",35693134,35693534,401,"*",5.98073026231162,5.43047212927923,11.5788128541409,6.41150886537363,2,35691243,35691960,718,1,"Amillepora06005","Amillepora06005-RA",29.2189816616831,TRUE,1891
"Amillepora06009",57.6494631306453,"chr2:35738026-35738426","Promoter (<=1kb)",-301,"chr2",35738026,35738426,401,"*",11.9614605246232,4.22370054499496,19.8493934642416,15.6725772264689,2,35738727,35789851,51125,1,"Amillepora06009","Amillepora06009-RA",50.8549337305933,TRUE,301
"Amillepora06012",2.57198651633576,"chr2:35796440-35796840","Promoter (<=1kb)",-191,"chr2",35796440,35796840,401,"*",8.97109539346742,13.274487427127,6.61646448808054,8.54867848716484,2,35797031,35798134,1104,1,"Amillepora06012","Amillepora06012-RA",34.8041500550746,TRUE,191
"Amillepora06017",0.177122182053818,"chr2:35830199-35830599","Promoter (2-3kb)",-2581,"chr2",35830199,35830599,401,"*",8.97109539346742,21.7218885171169,11.5788128541409,26.3584253354249,2,35833180,35833641,462,1,"Amillepora06017","Amillepora06017-RA",71.4912349958622,TRUE,2581
"Amillepora06024",0.313134432722142,"chr2:35916468-35916868","Promoter (2-3kb)",-2918,"chr2",35916468,35916868,401,"*",38.8747467050255,28.9625180228226,33.0823224404027,42.7433924358242,2,35919786,35920011,226,1,"Amillepora06024","Amillepora06024-RA",132.981450809656,TRUE,2918
"Amillepora06033",2.3516830816569,"chr2:36022980-36023380","Promoter (2-3kb)",2739,"chr2",36022980,36023380,401,"*",2.99036513115581,10.8609442585585,1.65411612202013,12.1106278568169,2,36020241,36037045,16805,1,"Amillepora06033","Amillepora06033-RA",29.0098047232253,TRUE,2739
"Amillepora06034",30.3372735445743,"chr2:36057269-36057669","Promoter (<=1kb)",0,"chr2",36057269,36057669,401,"*",95.6916841969858,25.9455890621119,28.1199740743423,57.7035797883627,2,36044458,36057329,12872,2,"Amillepora06034","Amillepora06034-RA",156.392011545934,TRUE,0
"Amillepora06076",0.261944407381327,"chr2:36572649-36573049","Promoter (<=1kb)",0,"chr2",36572649,36573049,401,"*",0,0,16.5411612202013,3.56194936965202,2,36572810,36572882,73,2,"Amillepora06076","Amillepora06076-RA",24.555759460612,TRUE,0
"Amillepora06082",120.507143996696,"chr2:36684407-36684807","Promoter (<=1kb)",-90,"chr2",36684407,36684807,401,"*",5.98073026231162,8.44740108998991,6.61646448808054,3.56194936965202,2,36657760,36684317,26558,2,"Amillepora06082","Amillepora06082-RA",22.869485046004,TRUE,90
"Amillepora06085",9.19810011481955,"chr2:36687686-36688086","Promoter (1-2kb)",-1166,"chr2",36687686,36688086,401,"*",2.99036513115581,0,14.8870450981812,6.41150886537363,2,36689252,36697130,7879,1,"Amillepora06085","Amillepora06085-RA",26.7656814227834,TRUE,1166
"Amillepora06094",16.5219436979735,"chr2:36782900-36783300","Promoter (1-2kb)",-1346,"chr2",36782900,36783300,401,"*",0,5.43047212927923,6.61646448808054,1.42477974786081,2,36784646,36797792,13147,1,"Amillepora06094","Amillepora06094-RA",15.5590410850204,TRUE,1346
"Amillepora06108",0.387658010265102,"chr2:36887413-36887813","Promoter (<=1kb)",381,"chr2",36887413,36887813,401,"*",2.99036513115581,1.20677158428427,6.61646448808054,7.12389873930403,2,36887032,36896721,9690,1,"Amillepora06108","Amillepora06108-RA",18.8004152817467,TRUE,381
"Amillepora06110",0.228608946334309,"chr2:36905813-36906213","Promoter (1-2kb)",-1024,"chr2",36905813,36906213,401,"*",11.9614605246232,21.1185027249748,18.1952773422215,4.27433924358242,2,36907237,36907716,480,1,"Amillepora06110","Amillepora06110-RA",52.7939455971344,TRUE,1024
"Amillepora06139",6.31781354994473,"chr2:37242509-37242909","Promoter (2-3kb)",-2769,"chr2",37242509,37242909,401,"*",0,0,0,4.27433924358242,2,37245678,37251820,6143,1,"Amillepora06139","Amillepora06139-RA",5.20762813369016,TRUE,2769
"Amillepora06214",71.5095046579581,"chr5:547591-547991","Promoter (<=1kb)",0,"chr5",547591,547991,401,"*",68.7783980165836,4.22370054499496,38.0446708064631,33.482324074729,5,547858,550491,2634,1,"Amillepora06214","Amillepora06214-RA",109.226819923093,TRUE,0
"Amillepora06260",7.59206877324694,"chr5:1135445-1135845","Promoter (1-2kb)",1966,"chr5",1135445,1135845,401,"*",26.9132861804023,13.8778732192691,31.4282063183826,28.4955949572161,5,1136695,1137811,1117,2,"Amillepora06260","Amillepora06260-RA",94.6265948061985,TRUE,1966
"Amillepora06370",170.311871409467,"chr5:2256817-2257217","Promoter (<=1kb)",-6,"chr5",2256817,2257217,401,"*",206.335194049751,23.5320458935433,49.623483660604,64.8274785276667,5,2257223,2272858,15636,1,"Amillepora06370","Amillepora06370-RA",216.91436279485,TRUE,6
"Amillepora06382",6.64658909350231,"chr5:2437964-2438364","Promoter (2-3kb)",2163,"chr5",2437964,2438364,401,"*",2.99036513115581,0.603385792142137,13.2329289761611,11.3982379828865,5,2435801,2445131,9331,1,"Amillepora06382","Amillepora06382-RA",31.4570558994767,TRUE,2163
"Amillepora06398",18.1682466198378,"chr5:2646919-2647319","Promoter (<=1kb)",-117,"chr5",2646919,2647319,401,"*",209.325559180907,34.9963759442439,33.0823224404027,53.4292405447802,5,2647436,2658996,11561,1,"Amillepora06398","Amillepora06398-RA",195.681951754297,TRUE,117
"Amillepora06407",0.13977181477587,"chr5:2715566-2715966","Promoter (1-2kb)",-1566,"chr5",2715566,2715966,401,"*",8.97109539346742,0,6.61646448808054,4.27433924358242,5,2717532,2720980,3449,1,"Amillepora06407","Amillepora06407-RA",15.5733862972663,TRUE,1566
"Amillepora06415",0.469225233334301,"chr5:2817713-2818113","Promoter (<=1kb)",-493,"chr5",2817713,2818113,401,"*",11.9614605246232,0.603385792142137,8.27058061010067,2.84955949572161,5,2818606,2822082,3477,1,"Amillepora06415","Amillepora06415-RA",17.2563092512299,TRUE,493
"Amillepora06462",4.73571024280359,"chr5:3386184-3386584","Promoter (<=1kb)",115,"chr5",3386184,3386584,401,"*",35.8843815738697,30.772675399249,26.4658579523221,40.606222814033,5,3362423,3386699,24277,2,"Amillepora06462","Amillepora06462-RA",123.443677962089,TRUE,115
"Amillepora06476",1.91869782137194,"chr5:3550434-3550834","Promoter (<=1kb)",-644,"chr5",3550434,3550834,401,"*",2.99036513115581,21.7218885171169,8.27058061010067,27.7832050832857,5,3535138,3549790,14653,2,"Amillepora06476","Amillepora06476-RA",67.6643435546551,TRUE,644
"Amillepora06551",0.583658570809104,"chr5:4470887-4471287","Promoter (<=1kb)",-935,"chr5",4470887,4471287,401,"*",2.99036513115581,0,0,4.27433924358242,5,4461829,4469952,8124,2,"Amillepora06551","Amillepora06551-RA",5.96740494165505,TRUE,935
"Amillepora06556",23.8378128025973,"chr5:4494264-4494664","Promoter (1-2kb)",-1727,"chr5",4494264,4494664,401,"*",8.97109539346742,7.84401529784777,31.4282063183826,9.97345823502565,5,4496391,4503714,7324,1,"Amillepora06556","Amillepora06556-RA",61.1273928226679,TRUE,1727
"Amillepora06565",75.8229390961595,"chr5:4586153-4586553","Promoter (<=1kb)",-657,"chr5",4586153,4586553,401,"*",5.98073026231162,4.22370054499496,9.92469673212081,14.9601873525385,5,4571442,4585496,14055,2,"Amillepora06565","Amillepora06565-RA",36.3378004828597,TRUE,657
"Amillepora06574",20.8262611409636,"chr5:4672414-4672814","Promoter (2-3kb)",-2528,"chr5",4672414,4672814,401,"*",0,6.6372437135635,1.65411612202013,5.69911899144323,5,4661263,4669886,8624,2,"Amillepora06574","Amillepora06574-RA",15.976678925233,TRUE,2528
"Amillepora06578",0.280736062415294,"chr5:4709961-4710361","Promoter (2-3kb)",-2157,"chr5",4709961,4710361,401,"*",20.9325559180907,24.7388174778276,6.61646448808054,15.6725772264689,5,4712518,4712589,72,1,"Amillepora06578","Amillepora06578-RA",58.633527366944,TRUE,2157
"Amillepora06581",0.369223071571641,"chr5:4756560-4756960","Promoter (1-2kb)",1076,"chr5",4756560,4756960,401,"*",5.98073026231162,0,16.5411612202013,19.9469164700513,5,4755484,4760070,4587,1,"Amillepora06581","Amillepora06581-RA",46.0378875890208,TRUE,1076
"Amillepora06634",8.4027409127034,"chr5:5237063-5237463","Promoter (2-3kb)",-2835,"chr5",5237063,5237463,401,"*",0,0.603385792142137,0,4.98672911751282,5,5226178,5234228,8051,2,"Amillepora06634","Amillepora06634-RA",6.71298141161358,TRUE,2835
"Amillepora06652",0.823872465947757,"chr5:5472307-5472707","Promoter (<=1kb)",0,"chr5",5472307,5472707,401,"*",8.97109539346742,30.772675399249,31.4282063183826,25.6460354614945,5,5472383,5481027,8645,1,"Amillepora06652","Amillepora06652-RA",104.443809027251,TRUE,0
"Amillepora06653",0.51539023236698,"chr5:5486094-5486494","Promoter (1-2kb)",1046,"chr5",5486094,5486494,401,"*",8.97109539346742,12.6711016349849,23.1576257082819,22.7964759657729,5,5485048,5489467,4420,1,"Amillepora06653","Amillepora06653-RA",71.7415645942704,TRUE,1046
"Amillepora06656",0.477114545759746,"chr5:5513850-5514250","Promoter (1-2kb)",-1084,"chr5",5513850,5514250,401,"*",0,0,0,13.5354076046777,5,5511975,5512766,792,2,"Amillepora06656","Amillepora06656-RA",16.4908224233522,TRUE,1084
"Amillepora06662",46.8722661942033,"chr5:5600857-5601257","Promoter (<=1kb)",0,"chr5",5600857,5601257,401,"*",68.7783980165836,50.0810207477973,29.7740901963624,31.3451544529377,5,5581610,5601157,19548,2,"Amillepora06662","Amillepora06662-RA",144.958530610417,TRUE,0
"Amillepora06672",0.652910630606654,"chr5:5665719-5666119","Promoter (<=1kb)",391,"chr5",5665719,5666119,401,"*",83.7302236723626,74.2164524334828,29.7740901963624,39.8938329401026,5,5665038,5666510,1473,2,"Amillepora06672","Amillepora06672-RA",184.669281143291,TRUE,391
"Amillepora06727",1.69080048465571,"chr5:6251433-6251833","Promoter (2-3kb)",2634,"chr5",6251433,6251833,401,"*",53.8265723608045,15.6880305956955,52.9317159046443,54.854020292641,5,6248799,6252477,3679,1,"Amillepora06727","Amillepora06727-RA",161.771428823195,TRUE,2634
"Amillepora06730",197.841172230587,"chr5:6263466-6263866","Promoter (1-2kb)",-1487,"chr5",6263466,6263866,401,"*",80.7398585412068,6.03385792142137,41.3529030505034,42.7433924358242,5,6265353,6273179,7827,1,"Amillepora06730","Amillepora06730-RA",129.50458108138,TRUE,1487
"Amillepora06740",7.57611924054574,"chr5:6388504-6388904","Promoter (2-3kb)",2822,"chr5",6388504,6388904,401,"*",11.9614605246232,15.0846448035534,18.1952773422215,20.6593063439817,5,6385682,6386849,1168,1,"Amillepora06740","Amillepora06740-RA",66.382367553196,TRUE,2822
"Amillepora06746",2808.90112353057,"chr5:6514426-6514826","Promoter (<=1kb)",0,"chr5",6514426,6514826,401,"*",83.7302236723626,12.6711016349849,19.8493934642416,53.4292405447802,5,6500473,6514483,14011,2,"Amillepora06746","Amillepora06746-RA",124.014105881665,TRUE,0
"Amillepora06758",4.67865190076891,"chr5:6601812-6602212","Promoter (1-2kb)",-1104,"chr5",6601812,6602212,401,"*",8.97109539346742,7.84401529784777,3.30823224404027,10.685848108956,5,6588731,6600708,11978,2,"Amillepora06758","Amillepora06758-RA",27.6280129513033,TRUE,1104
"Amillepora06761",3.54804894058409,"chr5:6731503-6731903","Promoter (<=1kb)",330,"chr5",6731503,6731903,401,"*",35.8843815738697,12.6711016349849,26.4658579523221,0,5,6729078,6732233,3156,2,"Amillepora06761","Amillepora06761-RA",54.8487530227809,TRUE,330
"Amillepora06784",16.9096783700237,"chr5:7108989-7109389","Promoter (<=1kb)",-74,"chr5",7108989,7109389,401,"*",50.8362072296487,15.6880305956955,19.8493934642416,37.7566633183114,5,7109463,7122024,12562,1,"Amillepora06784","Amillepora06784-RA",99.7490007820622,TRUE,74
"Amillepora06793",0.867293708920774,"chr5:7219006-7219406","Promoter (<=1kb)",-459,"chr5",7219006,7219406,401,"*",11.9614605246232,1.20677158428427,8.27058061010067,16.3849671003993,5,7219865,7226929,7065,1,"Amillepora06793","Amillepora06793-RA",34.3845469302238,TRUE,459
"Amillepora06805",15.3623488577649,"chr5:7294998-7295398","Promoter (<=1kb)",0,"chr5",7294998,7295398,401,"*",59.8073026231162,23.5320458935433,23.1576257082819,42.0310025618938,5,7276603,7295357,18755,2,"Amillepora06805","Amillepora06805-RA",119.56557153283,TRUE,0
"Amillepora06816",1.55776801456514,"chr5:7497102-7497502","Promoter (<=1kb)",443,"chr5",7497102,7497502,401,"*",0,6.03385792142137,8.27058061010067,27.0708152093553,5,7492804,7497945,5142,2,"Amillepora06816","Amillepora06816-RA",49.4638320777235,TRUE,443
"Amillepora06830",0.882519311131922,"chr5:7668411-7668811","Promoter (1-2kb)",-1178,"chr5",7668411,7668811,401,"*",62.797667754272,6.6372437135635,23.1576257082819,52.0044607969194,5,7669989,7683782,13794,1,"Amillepora06830","Amillepora06830-RA",114.62885349477,TRUE,1178
"Amillepora06863",34.012509303576,"chr5:8518721-8519121","Promoter (<=1kb)",0,"chr5",8518721,8519121,401,"*",74.7591282788952,34.3929901521018,29.7740901963624,19.9469164700513,5,8518891,8524823,5933,1,"Amillepora06863","Amillepora06863-RA",116.018279223155,TRUE,0
"Amillepora06879",2.1544309212274,"chr5:8801628-8802028","Promoter (<=1kb)",0,"chr5",8801628,8802028,401,"*",86.7205888035184,22.9286601014012,31.4282063183826,52.0044607969194,5,8796939,8801641,4703,2,"Amillepora06879","Amillepora06879-RA",148.025314535418,TRUE,0
"Amillepora06882",65.2562060841406,"chr5:8820352-8820752","Promoter (2-3kb)",2347,"chr5",8820352,8820752,401,"*",32.8940164427139,44.6505486185181,33.0823224404027,65.5398684015971,5,8818005,8825771,7767,1,"Amillepora06882","Amillepora06882-RA",175.808710553425,TRUE,2347
"Amillepora06897",24.3163257711596,"chr5:9149343-9149743","Promoter (2-3kb)",2057,"chr5",9149343,9149743,401,"*",14.951825655779,95.3349551584576,23.1576257082819,54.854020292641,5,9147286,9152348,5063,1,"Amillepora06897","Amillepora06897-RA",199.644219235794,TRUE,2057
"Amillepora06902",34.6654235661594,"chr5:9214524-9214924","Promoter (2-3kb)",2028,"chr5",9214524,9214924,401,"*",14.951825655779,1.81015737642641,6.61646448808054,6.41150886537363,5,9210002,9216952,6951,2,"Amillepora06902","Amillepora06902-RA",21.6089997469663,TRUE,2028
"Amillepora06910",1.99191238217177,"chr5:9315660-9316060","Promoter (1-2kb)",1147,"chr5",9315660,9316060,401,"*",14.951825655779,48.2708633713709,41.3529030505034,37.044273444381,5,9315231,9317207,1977,2,"Amillepora06910","Amillepora06910-RA",150.46505502282,TRUE,1147
"Amillepora06913",0.164383499108145,"chr5:9363084-9363484","Promoter (<=1kb)",581,"chr5",9363084,9363484,401,"*",5.98073026231162,22.325274309259,4.9623483660604,4.27433924358242,5,9360726,9364065,3340,2,"Amillepora06913","Amillepora06913-RA",36.3763670131251,TRUE,581
"Amillepora06940",0.32598428225257,"chr5:9749261-9749661","Promoter (<=1kb)",-190,"chr5",9749261,9749661,401,"*",8.97109539346742,6.6372437135635,6.61646448808054,18.5221367221905,5,9749851,9749922,72,1,"Amillepora06940","Amillepora06940-RA",39.9437145549592,TRUE,190
"Amillepora07055",0.495462779745202,"chr5:11099497-11099897","Promoter (1-2kb)",1008,"chr5",11099497,11099897,401,"*",23.9229210492465,65.1656655513507,46.3152514165638,71.2389873930403,5,11098489,11107285,8797,1,"Amillepora07055","Amillepora07055-RA",218.317858478966,TRUE,1008
"Amillepora07067",0.129715935956409,"chr5:11170456-11170856","Promoter (2-3kb)",2827,"chr5",11170456,11170856,401,"*",32.8940164427139,16.2914163878377,4.9623483660604,8.54867848716484,5,11167629,11178057,10429,1,"Amillepora07067","Amillepora07067-RA",42.047833862082,TRUE,2827
"Amillepora07096",225.834889788229,"chr5:11567564-11567964","Promoter (<=1kb)",-348,"chr5",11567564,11567964,401,"*",68.7783980165836,15.6880305956955,21.5035095862617,26.3584253354249,5,11568312,11581705,13394,1,"Amillepora07096","Amillepora07096-RA",92.4422602082648,TRUE,348
"Amillepora07108",309.697397756624,"chr5:11683233-11683633","Promoter (<=1kb)",0,"chr5",11683233,11683633,401,"*",77.749493410051,21.7218885171169,23.1576257082819,55.5664101665715,5,11646451,11683331,36881,2,"Amillepora07108","Amillepora07108-RA",138.702809037047,TRUE,0
"Amillepora07115",1.12269999833774,"chr5:11820034-11820434","Promoter (1-2kb)",1001,"chr5",11820034,11820434,401,"*",17.9421907869348,14.4812590114113,36.390554684443,33.482324074729,5,11819033,11829829,10797,1,"Amillepora07115","Amillepora07115-RA",105.125066598679,TRUE,1001
"Amillepora07129",0.281423764599841,"chr5:12000860-12001260","Promoter (1-2kb)",1223,"chr5",12000860,12001260,401,"*",2.99036513115581,1.20677158428427,6.61646448808054,12.1106278568169,5,11999637,12000786,1150,1,"Amillepora07129","Amillepora07129-RA",24.8759814377186,TRUE,1223
"Amillepora07183",0.171087319838922,"chr5:12956168-12956568","Promoter (<=1kb)",0,"chr5",12956168,12956568,401,"*",0,9.65417267427418,4.9623483660604,3.56194936965202,5,12944412,12956438,12027,2,"Amillepora07183","Amillepora07183-RA",20.6031550064373,TRUE,0
"Amillepora07190",0.904820027489173,"chr5:13039175-13039575","Promoter (<=1kb)",0,"chr5",13039175,13039575,401,"*",14.951825655779,1.81015737642641,3.30823224404027,12.1106278568169,5,13039236,13041977,2742,1,"Amillepora07190","Amillepora07190-RA",24.5092900553792,TRUE,0
"Amillepora07206",91.4880784119552,"chr5:13159007-13159407","Promoter (<=1kb)",0,"chr5",13159007,13159407,401,"*",62.797667754272,36.2031475285282,36.390554684443,37.7566633183114,5,13153376,13159049,5674,2,"Amillepora07206","Amillepora07206-RA",144.676296054945,TRUE,0
"Amillepora07209",3.40810808502031,"chr5:13190866-13191266","Promoter (<=1kb)",-75,"chr5",13190866,13191266,401,"*",38.8747467050255,33.7896043599596,28.1199740743423,38.4690531922418,5,13191341,13197306,5966,1,"Amillepora07209","Amillepora07209-RA",126.808323916338,TRUE,75
"Amillepora07225",2.12651681591906,"chr5:13328158-13328558","Promoter (<=1kb)",-701,"chr5",13328158,13328558,401,"*",2.99036513115581,0.603385792142137,13.2329289761611,11.3982379828865,5,13329259,13334905,5647,1,"Amillepora07225","Amillepora07225-RA",31.4570558994767,TRUE,701
"Amillepora07240",0.740819058614912,"chr5:13921578-13921978","Promoter (2-3kb)",-2959,"chr5",13921578,13921978,401,"*",8.97109539346742,0,29.7740901963624,24.9336455875641,5,13924937,13930652,5716,1,"Amillepora07240","Amillepora07240-RA",69.0460860323204,TRUE,2959
"Amillepora07260",52.4904979237013,"chr5:14202941-14203341","Promoter (<=1kb)",-249,"chr5",14202941,14203341,401,"*",5.98073026231162,0,9.92469673212081,4.27433924358242,5,14203590,14216007,12418,1,"Amillepora07260","Amillepora07260-RA",18.8568233591421,TRUE,249
"Amillepora07277",0.144562787534659,"chr5:14600988-14601388","Promoter (<=1kb)",806,"chr5",14600988,14601388,401,"*",0,3.62031475285282,6.61646448808054,4.27433924358242,5,14600731,14602194,1464,2,"Amillepora07277","Amillepora07277-RA",17.118547407222,TRUE,806
"Amillepora07316",2.53041477621746,"chr5:15168420-15168820","Promoter (1-2kb)",-1249,"chr5",15168420,15168820,401,"*",0,1.20677158428427,0,5.69911899144323,5,15162898,15167171,4274,2,"Amillepora07316","Amillepora07316-RA",8.21833468953701,TRUE,1249
"Amillepora07318",5.26150306329232,"chr5:15184373-15184773","Promoter (2-3kb)",-2472,"chr5",15184373,15184773,401,"*",8.97109539346742,9.05078688213205,18.1952773422215,11.3982379828865,5,15187245,15195209,7965,1,"Amillepora07318","Amillepora07318-RA",47.9652438991518,TRUE,2472
"Amillepora07328",1.2255679634996,"chr5:15338238-15338638","Promoter (2-3kb)",-2369,"chr5",15338238,15338638,401,"*",11.9614605246232,5.43047212927923,6.61646448808054,15.6725772264689,5,15330404,15335869,5466,2,"Amillepora07328","Amillepora07328-RA",35.9569087625139,TRUE,2369
"Amillepora07331",0.331249123241222,"chr5:15352365-15352765","Promoter (2-3kb)",-2197,"chr5",15352365,15352765,401,"*",2.99036513115581,4.22370054499496,4.9623483660604,11.3982379828865,5,15354962,15357048,2087,1,"Amillepora07331","Amillepora07331-RA",25.1735127587253,TRUE,2197
"Amillepora07346",20.3597993442508,"chr5:15563723-15564123","Promoter (<=1kb)",769,"chr5",15563723,15564123,401,"*",8.97109539346742,4.82708633713709,6.61646448808054,9.26106836109524,5,15551225,15564892,13668,2,"Amillepora07346","Amillepora07346-RA",26.748274498372,TRUE,769
"Amillepora07432",0.869366855939545,"chr5:16593879-16594279","Promoter (<=1kb)",0,"chr5",16593879,16594279,401,"*",179.421907869348,0.603385792142137,216.689211984638,20.6593063439817,5,16586503,16594072,7570,2,"Amillepora07432","Amillepora07432-RA",336.224734854272,TRUE,0
"Amillepora07435",0.17773054873115,"chr5:16649065-16649465","Promoter (<=1kb)",0,"chr5",16649065,16649465,401,"*",29.9036513115581,4.22370054499496,43.0070191725235,29.2079848311465,5,16643230,16649410,6181,2,"Amillepora07435","Amillepora07435-RA",100.20691409062,TRUE,0
"Amillepora07440",45.0883486292999,"chr5:16700461-16700861","Promoter (<=1kb)",0,"chr5",16700461,16700861,401,"*",5.98073026231162,15.0846448035534,16.5411612202013,34.9071038225898,5,16700755,16708418,7664,1,"Amillepora07440","Amillepora07440-RA",80.1999674479797,TRUE,0
"Amillepora07482",2.25102032860201,"chr5:17355942-17356342","Promoter (1-2kb)",1891,"chr5",17355942,17356342,401,"*",29.9036513115581,0,16.5411612202013,0,5,17349566,17358233,8668,2,"Amillepora07482","Amillepora07482-RA",27.8138374288525,TRUE,1891
"Amillepora07483",18.3407384581412,"chr5:17369511-17369911","Promoter (1-2kb)",1432,"chr5",17369511,17369911,401,"*",80.7398585412068,13.274487427127,28.1199740743423,51.292070922989,5,17363327,17371343,8017,2,"Amillepora07483","Amillepora07483-RA",131.395964937098,TRUE,1432
"Amillepora07485",7.05046326635352,"chr5:17386851-17387251","Promoter (<=1kb)",-250,"chr5",17386851,17387251,401,"*",107.653144721609,14.4812590114113,31.4282063183826,54.1416304187106,5,17381145,17386601,5457,2,"Amillepora07485","Amillepora07485-RA",147.023752679033,TRUE,250
"Amillepora07487",23.1744153044127,"chr5:17410607-17411007","Promoter (1-2kb)",-1042,"chr5",17410607,17411007,401,"*",5.98073026231162,1.20677158428427,8.27058061010067,11.3982379828865,5,17403134,17409565,6432,2,"Amillepora07487","Amillepora07487-RA",26.7894271583222,TRUE,1042
"Amillepora07503",0.64975864265528,"chr5:17552010-17552410","Promoter (1-2kb)",1895,"chr5",17552010,17552410,401,"*",0,4.22370054499496,4.9623483660604,9.26106836109524,5,17546783,17554305,7523,2,"Amillepora07503","Amillepora07503-RA",21.8099218839152,TRUE,1895
"Amillepora07560",8.80878271062111,"chr5:18410712-18411112","Promoter (1-2kb)",-1565,"chr5",18410712,18411112,401,"*",0,0,1.65411612202013,6.41150886537363,5,18412677,18428987,16311,1,"Amillepora07560","Amillepora07560-RA",9.8330491354556,TRUE,1565
"Amillepora07576",1.15443528455934,"chr5:18652995-18653395","Promoter (2-3kb)",-2344,"chr5",18652995,18653395,401,"*",35.8843815738697,1.81015737642641,18.1952773422215,22.0840860918425,5,18645317,18650651,5335,2,"Amillepora07576","Amillepora07576-RA",60.1733224373604,TRUE,2344
"Amillepora07578",0.129948764996609,"chr5:18673511-18673911","Promoter (1-2kb)",1979,"chr5",18673511,18673911,401,"*",2.99036513115581,5.43047212927923,1.65411612202013,8.54867848716484,5,18669646,18675890,6245,2,"Amillepora07578","Amillepora07578-RA",18.9333773110412,TRUE,1979
"Amillepora07598",8.55224413245248,"chr5:18893250-18893650","Promoter (<=1kb)",513,"chr5",18893250,18893650,401,"*",5.98073026231162,1.20677158428427,18.1952773422215,16.3849671003993,5,18881450,18894163,12714,2,"Amillepora07598","Amillepora07598-RA",44.9946349238162,TRUE,513
"Amillepora07609",0.238339370438894,"chr5:19017418-19017818","Promoter (2-3kb)",2144,"chr5",19017418,19017818,401,"*",41.8651118361813,7.84401529784777,3.30823224404027,20.6593063439817,5,19016186,19019962,3777,2,"Amillepora07609","Amillepora07609-RA",48.1366901508608,TRUE,2144
"Amillepora07621",3.47610316049362,"chr5:19237972-19238372","Promoter (2-3kb)",2877,"chr5",19237972,19238372,401,"*",2.99036513115581,4.22370054499496,6.61646448808054,2.13716962179121,5,19235095,19248346,13252,1,"Amillepora07621","Amillepora07621-RA",15.9119254039836,TRUE,2877
"Amillepora07649",1.65546428130507,"chr5:19665156-19665556","Promoter (2-3kb)",-2074,"chr5",19665156,19665556,401,"*",11.9614605246232,9.05078688213205,26.4658579523221,13.5354076046777,5,19667630,19676005,8376,1,"Amillepora07649","Amillepora07649-RA",61.4368694485635,TRUE,2074
"Amillepora07655",0.22193384211646,"chr5:19738153-19738553","Promoter (1-2kb)",1104,"chr5",19738153,19738553,401,"*",5.98073026231162,0,4.9623483660604,8.54867848716484,5,19737049,19739766,2718,1,"Amillepora07655","Amillepora07655-RA",17.9996306880712,TRUE,1104
"Amillepora07678",0.101145665623866,"chr5:19955658-19956058","Promoter (2-3kb)",2206,"chr5",19955658,19956058,401,"*",0,0,0,6.41150886537363,5,19958193,19958264,72,2,"Amillepora07678","Amillepora07678-RA",7.81144220053524,TRUE,2206
"Amillepora07683",0.168259488319781,"chr5:20025958-20026358","Promoter (<=1kb)",0,"chr5",20025958,20026358,401,"*",23.9229210492465,34.3929901521018,14.8870450981812,10.685848108956,5,20026037,20030179,4143,1,"Amillepora07683","Amillepora07683-RA",73.6244167838065,TRUE,0
"Amillepora07694",0.403157101219623,"chr5:20136270-20136670","Promoter (<=1kb)",-40,"chr5",20136270,20136670,401,"*",11.9614605246232,7.84401529784777,29.7740901963624,49.1549013011978,5,20134141,20136230,2090,2,"Amillepora07694","Amillepora07694-RA",107.602153921205,TRUE,40
"Amillepora07717",8.43731207220015,"chr5:20501723-20502123","Promoter (<=1kb)",0,"chr5",20501723,20502123,401,"*",104.662779590453,15.0846448035534,23.1576257082819,52.7168506708498,5,20497183,20501832,4650,2,"Amillepora07717","Amillepora07717-RA",135.057480407545,TRUE,0
"Amillepora07752",1.04219922625104,"chr5:20980955-20981355","Promoter (2-3kb)",2329,"chr5",20980955,20981355,401,"*",29.9036513115581,21.7218885171169,49.623483660604,17.0973569743297,5,20978626,20982896,4271,1,"Amillepora07752","Amillepora07752-RA",112.023437865123,TRUE,2329
"Amillepora07772",45.9303541109804,"chr5:21175832-21176232","Promoter (2-3kb)",-2706,"chr5",21175832,21176232,401,"*",35.8843815738697,85.6807824841834,46.3152514165638,25.6460354614945,5,21141154,21173126,31973,2,"Amillepora07772","Amillepora07772-RA",187.481050976616,TRUE,2706
"Amillepora07781",1.48577319792279,"chr5:21306417-21306817","Promoter (<=1kb)",889,"chr5",21306417,21306817,401,"*",2.99036513115581,16.2914163878377,3.30823224404027,2.13716962179121,5,21305528,21313953,8426,1,"Amillepora07781","Amillepora07781-RA",24.6170166469775,TRUE,889
"Amillepora07785",0.173398051671129,"chr5:21361066-21361466","Promoter (1-2kb)",1240,"chr5",21361066,21361466,401,"*",0,0.603385792142137,18.1952773422215,7.12389873930403,5,21359826,21361178,1353,1,"Amillepora07785","Amillepora07785-RA",31.5544717625827,TRUE,1240
"Amillepora07796",12.0430687104952,"chr5:21537083-21537483","Promoter (1-2kb)",-1992,"chr5",21537083,21537483,401,"*",0,1.81015737642641,0,5.69911899144323,5,21539475,21549261,9787,1,"Amillepora07796","Amillepora07796-RA",8.85574994517875,TRUE,1992
"Amillepora07847",0.355322826596195,"chr5:22165087-22165487","Promoter (2-3kb)",-2344,"chr5",22165087,22165487,401,"*",5.98073026231162,9.65417267427418,0,7.83628861323444,5,22167831,22174634,6804,1,"Amillepora07847","Amillepora07847-RA",21.2655159512961,TRUE,2344
"Amillepora07865",0.584427314489053,"chr5:22351398-22351798","Promoter (<=1kb)",-791,"chr5",22351398,22351798,401,"*",23.9229210492465,51.2877923320816,11.5788128541409,10.685848108956,5,22352589,22365050,12462,1,"Amillepora07865","Amillepora07865-RA",87.4288300719343,TRUE,791
"Amillepora07869",0.482044445238084,"chr5:22382832-22383232","Promoter (<=1kb)",-848,"chr5",22382832,22383232,401,"*",56.8169374919603,190.066524524773,43.0070191725235,40.606222814033,5,22384080,22391749,7670,1,"Amillepora07869","Amillepora07869-RA",317.255812456465,TRUE,848
"Amillepora07878",32.4753936475154,"chr5:22482489-22482889","Promoter (1-2kb)",1501,"chr5",22482489,22482889,401,"*",5.98073026231162,41.6336196578074,6.61646448808054,0.712389873930403,5,22480988,22482659,1672,1,"Amillepora07878","Amillepora07878-RA",54.4555720171725,TRUE,1501
"Amillepora07898",10.5713327298726,"chr5:22781304-22781704","Promoter (1-2kb)",1426,"chr5",22781304,22781704,401,"*",14.951825655779,41.6336196578074,8.27058061010067,2.13716962179121,5,22779878,22787955,8078,1,"Amillepora07898","Amillepora07898-RA",60.4923854205509,TRUE,1426
"Amillepora07944",5.29550934807001,"chr5:23429087-23429487","Promoter (<=1kb)",0,"chr5",23429087,23429487,401,"*",125.595335508544,22.9286601014012,29.7740901963624,42.7433924358242,5,23429309,23443479,14171,1,"Amillepora07944","Amillepora07944-RA",144.597611814379,TRUE,0
"Amillepora07953",3.26794672533572,"chr5:23669030-23669430","Promoter (2-3kb)",2197,"chr5",23669030,23669430,401,"*",0,0,13.2329289761611,7.83628861323444,5,23666833,23691679,24847,1,"Amillepora07953","Amillepora07953-RA",25.7201737244616,TRUE,2197
"Amillepora08023",28.0359812911532,"chr5:24523998-24524398","Promoter (<=1kb)",0,"chr5",24523998,24524398,401,"*",74.7591282788952,18.1015737642641,28.1199740743423,50.5796810490586,5,24524367,24535180,10814,1,"Amillepora08023","Amillepora08023-RA",134.107795344021,TRUE,0
"Amillepora08034",672.79073565599,"chr5:24702422-24702822","Promoter (<=1kb)",0,"chr5",24702422,24702822,401,"*",77.749493410051,18.1015737642641,38.0446708064631,42.7433924358242,5,24665954,24702476,36523,2,"Amillepora08034","Amillepora08034-RA",137.449895516409,TRUE,0
"Amillepora08057",232.903200384167,"chr5:24974824-24975224","Promoter (<=1kb)",0,"chr5",24974824,24975224,401,"*",65.7880328854278,22.9286601014012,33.0823224404027,37.7566633183114,5,24975151,24989462,14312,1,"Amillepora08057","Amillepora08057-RA",127.36972336895,TRUE,0
"Amillepora08061",2.07978290781109,"chr5:25041190-25041590","Promoter (2-3kb)",2198,"chr5",25041190,25041590,401,"*",343.891990082918,10.2575584664163,4.9623483660604,14.9601873525385,5,25038992,25044271,5280,1,"Amillepora08061","Amillepora08061-RA",122.501911534548,TRUE,2198
"Amillepora08092",53.0471659377069,"chr5:25369301-25369701","Promoter (2-3kb)",2793,"chr5",25369301,25369701,401,"*",8.97109539346742,47.0640917870866,39.6987869284832,52.0044607969194,5,25366508,25379165,12658,1,"Amillepora08092","Amillepora08092-RA",163.875762428602,TRUE,2793
"Amillepora08093",0.641559530954025,"chr5:25397915-25398315","Promoter (2-3kb)",2831,"chr5",25397915,25398315,401,"*",0,9.05078688213205,3.30823224404027,8.54867848716484,5,25395084,25401270,6187,1,"Amillepora08093","Amillepora08093-RA",24.0196989718471,TRUE,2831
"Amillepora08127",139.658662182154,"chr5:25687355-25687755","Promoter (2-3kb)",-2027,"chr5",25687355,25687755,401,"*",5.98073026231162,0.603385792142137,0,3.56194936965202,5,25674877,25685328,10452,2,"Amillepora08127","Amillepora08127-RA",6.49665898297998,TRUE,2027
"Amillepora08157",0.184383644954118,"chr5:25993509-25993909","Promoter (<=1kb)",0,"chr5",25993509,25993909,401,"*",2.99036513115581,0,9.92469673212081,14.2477974786081,5,25993519,25997227,3709,1,"Amillepora08157","Amillepora08157-RA",30.248178863121,TRUE,0
"Amillepora08173",1.37846928945652,"chr5:26127346-26127746","Promoter (2-3kb)",2773,"chr5",26127346,26127746,401,"*",8.97109539346742,52.4945639163659,59.5481803927248,74.8009367626923,5,26124573,26138554,13982,1,"Amillepora08173","Amillepora08173-RA",221.645799661436,TRUE,2773
"Amillepora08179",0.640661646199216,"chr5:26180131-26180531","Promoter (1-2kb)",1447,"chr5",26180131,26180531,401,"*",8.97109539346742,50.6844065399395,6.61646448808054,9.97345823502565,5,26178684,26197114,18431,1,"Amillepora08179","Amillepora08179-RA",76.0597719494255,TRUE,1447
"Amillepora08185",0.420923384486275,"chr5:26260263-26260663","Promoter (1-2kb)",-1920,"chr5",26260263,26260663,401,"*",0,4.22370054499496,9.92469673212081,0.712389873930403,5,26257486,26258343,858,2,"Amillepora08185","Amillepora08185-RA",17.459486421296,TRUE,1920
"Amillepora08202",2.82948574290395,"chr5:26433188-26433588","Promoter (<=1kb)",0,"chr5",26433188,26433588,401,"*",32.8940164427139,12.0677158428427,31.4282063183826,19.9469164700513,5,26433512,26444420,10909,1,"Amillepora08202","Amillepora08202-RA",83.8186463878228,TRUE,0
"Amillepora08240",146.790266964243,"chr5:26930877-26931277","Promoter (<=1kb)",0,"chr5",26930877,26931277,401,"*",254.181036148244,19.9117311406905,71.1269932468658,62.6903089058755,5,26926387,26930916,4530,2,"Amillepora08240","Amillepora08240-RA",248.923376275558,TRUE,0
"Amillepora08287",211.94409125667,"chr5:27442353-27442753","Promoter (<=1kb)",-5,"chr5",27442353,27442753,401,"*",143.537526295479,30.1692896071068,38.0446708064631,42.0310025618938,5,27442758,27487440,44683,1,"Amillepora08287","Amillepora08287-RA",166.04535238219,TRUE,5
"Amillepora08323",0.380508727963202,"chr5:28200074-28200474","Promoter (2-3kb)",2571,"chr5",28200074,28200474,401,"*",2.99036513115581,6.03385792142137,1.65411612202013,13.5354076046777,5,28197503,28204386,6884,1,"Amillepora08323","Amillepora08323-RA",25.6463587226548,TRUE,2571
"Amillepora08406",6.58996924390588,"chr5:29370319-29370719","Promoter (<=1kb)",-721,"chr5",29370319,29370719,401,"*",8.97109539346742,5.43047212927923,1.65411612202013,9.26106836109524,5,29371440,29375789,4350,1,"Amillepora08406","Amillepora08406-RA",21.3208689492526,TRUE,721
"Amillepora08481",1.83807512234963,"chr5:30186264-30186664","Promoter (2-3kb)",2927,"chr5",30186264,30186664,401,"*",20.9325559180907,2.41354316856855,24.811741830302,29.9203747050769,5,30188593,30189591,999,2,"Amillepora08481","Amillepora08481-RA",74.6455996379577,TRUE,2927
"Amillepora08482",0.389735440767907,"chr5:30193435-30193835","Promoter (<=1kb)",-549,"chr5",30193435,30193835,401,"*",0,0,3.30823224404027,4.27433924358242,5,30190458,30192886,2429,2,"Amillepora08482","Amillepora08482-RA",9.25084200353089,TRUE,549
"Amillepora08518",0.703335706293588,"chr5:30461591-30461991","Promoter (1-2kb)",1743,"chr5",30461591,30461991,401,"*",5.98073026231162,3.62031475285282,11.5788128541409,7.12389873930403,5,30459848,30463251,3404,1,"Amillepora08518","Amillepora08518-RA",28.1746739170396,TRUE,1743
"Amillepora08536",75.7077940639047,"chr5:30662528-30662928","Promoter (<=1kb)",0,"chr5",30662528,30662928,401,"*",92.70131906583,26.548974854254,23.1576257082819,37.044273444381,5,30644408,30662853,18446,2,"Amillepora08536","Amillepora08536-RA",125.034626542681,TRUE,0
"Amillepora08537",48.0554043412689,"chr5:30678394-30678794","Promoter (<=1kb)",0,"chr5",30678394,30678794,401,"*",188.393003262816,22.325274309259,23.1576257082819,47.730121553337,5,30670390,30678642,8253,2,"Amillepora08537","Amillepora08537-RA",157.904647942291,TRUE,0
"Amillepora08557",357.50005382532,"chr5:30821680-30822080","Promoter (1-2kb)",1444,"chr5",30821680,30822080,401,"*",200.354463787439,18.1015737642641,36.390554684443,42.0310025618938,5,30813292,30823524,10233,2,"Amillepora08557","Amillepora08557-RA",165.711199685768,TRUE,1444
"Amillepora08570",52.6185823085499,"chr5:30932764-30933164","Promoter (2-3kb)",2976,"chr5",30932764,30933164,401,"*",2.99036513115581,10.2575584664163,6.61646448808054,6.41150886537363,5,30927392,30936140,8749,2,"Amillepora08570","Amillepora08570-RA",27.493706094091,TRUE,2976
"Amillepora08637",5.30918965441486,"chr4:621594-621994","Promoter (<=1kb)",0,"chr4",621594,621994,401,"*",2.99036513115581,0,6.61646448808054,7.83628861323444,4,611450,621905,10456,2,"Amillepora08637","Amillepora08637-RA",18.393522792745,TRUE,0
"Amillepora08644",118.824539467697,"chr4:682700-683100","Promoter (1-2kb)",-1307,"chr4",682700,683100,401,"*",2.99036513115581,25.9455890621119,19.8493934642416,29.2079848311465,4,684407,722213,37807,1,"Amillepora08644","Amillepora08644-RA",88.0133749331532,TRUE,1307
"Amillepora08661",16.4057147856699,"chr4:941919-942319","Promoter (<=1kb)",125,"chr4",941919,942319,401,"*",8.97109539346742,1.20677158428427,0,0,4,939205,942444,3240,2,"Amillepora08661","Amillepora08661-RA",3.55416093517813,TRUE,125
"Amillepora08716",0.31553937010909,"chr4:1671434-1671834","Promoter (1-2kb)",-1898,"chr4",1671434,1671834,401,"*",29.9036513115581,9.65417267427418,19.8493934642416,14.9601873525385,4,1663880,1669536,5657,2,"Amillepora08716","Amillepora08716-RA",60.2823938568766,TRUE,1898
"Amillepora08736",3.28020156987941,"chr4:1806190-1806590","Promoter (<=1kb)",0,"chr4",1806190,1806590,401,"*",83.7302236723626,37.4099191128125,13.2329289761611,41.3186126879634,4,1806376,1807104,729,1,"Amillepora08736","Amillepora08736-RA",127.306757244506,TRUE,0
"Amillepora08758",0.438929826669807,"chr4:1982277-1982677","Promoter (2-3kb)",-2269,"chr4",1982277,1982677,401,"*",0,3.01692896071068,21.5035095862617,0.712389873930403,4,1984946,2004298,19353,1,"Amillepora08758","Amillepora08758-RA",30.335904454455,TRUE,2269
"Amillepora08768",0.729965356247428,"chr4:2074634-2075034","Promoter (<=1kb)",0,"chr4",2074634,2075034,401,"*",59.8073026231162,13.8778732192691,21.5035095862617,33.482324074729,4,2072981,2074720,1740,2,"Amillepora08768","Amillepora08768-RA",96.9300642402619,TRUE,0
"Amillepora08824",6.22795485551345,"chr4:2795394-2795794","Promoter (<=1kb)",0,"chr4",2795394,2795794,401,"*",83.7302236723626,29.5659038149647,6.61646448808054,53.4292405447802,4,2795469,2819365,23897,1,"Amillepora08824","Amillepora08824-RA",125.68887756027,TRUE,0
"Amillepora08865",25.4420201870934,"chr4:3249414-3249814","Promoter (1-2kb)",-1830,"chr4",3249414,3249814,401,"*",2.99036513115581,10.8609442585585,11.5788128541409,17.8097468482601,4,3228843,3247584,18742,2,"Amillepora08865","Amillepora08865-RA",48.082950511001,TRUE,1830
"Amillepora08867",6.21095713066978,"chr4:3259160-3259560","Promoter (2-3kb)",-2701,"chr4",3259160,3259560,401,"*",0,0,0,7.12389873930403,4,3262261,3266255,3995,1,"Amillepora08867","Amillepora08867-RA",8.67938022281693,TRUE,2701
"Amillepora08930",1.30772466457742,"chr4:4104615-4105015","Promoter (1-2kb)",1915,"chr4",4104615,4105015,401,"*",26.9132861804023,8.44740108998991,49.623483660604,41.3186126879634,4,4102594,4106930,4337,2,"Amillepora08930","Amillepora08930-RA",126.750418190617,TRUE,1915
"Amillepora08961",0.868771925276704,"chr4:4660153-4660553","Promoter (<=1kb)",31,"chr4",4660153,4660553,401,"*",35.8843815738697,30.1692896071068,18.1952773422215,29.2079848311465,4,4649676,4660584,10909,2,"Amillepora08961","Amillepora08961-RA",98.8112196753387,TRUE,31
"Amillepora08966",2.37699126303653,"chr4:4687010-4687410","Promoter (<=1kb)",-321,"chr4",4687010,4687410,401,"*",17.9421907869348,13.8778732192691,9.92469673212081,28.4955949572161,4,4687731,4692046,4316,1,"Amillepora08966","Amillepora08966-RA",66.066374228339,TRUE,321
"Amillepora08967",0.480936953722462,"chr4:4698866-4699266","Promoter (<=1kb)",-639,"chr4",4698866,4699266,401,"*",8.97109539346742,1.81015737642641,8.27058061010067,4.98672911751282,4,4699905,4704421,4517,1,"Amillepora08967","Amillepora08967-RA",20.3751770213935,TRUE,639
"Amillepora08968",0.924384969173672,"chr4:4706281-4706681","Promoter (<=1kb)",132,"chr4",4706281,4706681,401,"*",11.9614605246232,1.20677158428427,6.61646448808054,2.13716962179121,4,4706149,4712249,6101,1,"Amillepora08968","Amillepora08968-RA",15.0041795496695,TRUE,132
"Amillepora09010",79.0364109433009,"chr4:5076644-5077044","Promoter (<=1kb)",0,"chr4",5076644,5077044,401,"*",68.7783980165836,31.9794469835332,41.3529030505034,30.6327645790073,4,5065548,5076799,11252,2,"Amillepora09010","Amillepora09010-RA",139.119383463326,TRUE,0
"Amillepora09032",0.0984379090589504,"chr4:5288148-5288548","Promoter (2-3kb)",-2197,"chr4",5288148,5288548,401,"*",2.99036513115581,31.3760611913911,11.5788128541409,21.3716962179121,4,5290745,5305520,14776,1,"Amillepora09032","Amillepora09032-RA",74.0947593142283,TRUE,2197
"Amillepora09069",40.9512545232834,"chr4:5695131-5695531","Promoter (<=1kb)",-433,"chr4",5695131,5695531,401,"*",11.9614605246232,3.62031475285282,3.30823224404027,21.3716962179121,4,5677245,5694698,17454,2,"Amillepora09069","Amillepora09069-RA",36.9449533040015,TRUE,433
"Amillepora09081",1.81624331517432,"chr4:5825166-5825566","Promoter (<=1kb)",671,"chr4",5825166,5825566,401,"*",11.9614605246232,7.24062950570564,1.65411612202013,7.12389873930403,4,5818172,5826237,8066,2,"Amillepora09081","Amillepora09081-RA",21.3890774572976,TRUE,671
"Amillepora09093",6.03998293754901,"chr4:5908486-5908886","Promoter (<=1kb)",998,"chr4",5908486,5908886,401,"*",5.98073026231162,10.8609442585585,8.27058061010067,16.3849671003993,4,5902386,5909884,7499,2,"Amillepora09093","Amillepora09093-RA",43.0636374045618,TRUE,998
"Amillepora09160",5.6039575165379,"chr4:6508164-6508564","Promoter (<=1kb)",-904,"chr4",6508164,6508564,401,"*",8.97109539346742,0,8.27058061010067,7.83628861323444,4,6509468,6524803,15336,1,"Amillepora09160","Amillepora09160-RA",21.9346833435951,TRUE,904
"Amillepora09222",1.808260973195,"chr4:7464268-7464668","Promoter (1-2kb)",1831,"chr4",7464268,7464668,401,"*",5.98073026231162,17.498187972122,0,9.26106836109524,4,7461488,7466499,5012,2,"Amillepora09222","Amillepora09222-RA",31.2877903192021,TRUE,1831
"Amillepora09230",16.0266393964131,"chr4:7569222-7569622","Promoter (<=1kb)",-144,"chr4",7569222,7569622,401,"*",0,0,19.8493934642416,8.54867848716484,4,7549046,7569078,20033,2,"Amillepora09230","Amillepora09230-RA",34.6745394864247,TRUE,144
"Amillepora09260",0.410017737662326,"chr4:7953584-7953984","Promoter (1-2kb)",1260,"chr4",7953584,7953984,401,"*",11.9614605246232,3.01692896071068,18.1952773422215,12.8230177307473,4,7952324,7958510,6187,1,"Amillepora09260","Amillepora09260-RA",44.0867441952628,TRUE,1260
"Amillepora09261",0.251973280262837,"chr4:7959482-7959882","Promoter (<=1kb)",802,"chr4",7959482,7959882,401,"*",2.99036513115581,0,1.65411612202013,7.12389873930403,4,7958680,7963158,4479,1,"Amillepora09261","Amillepora09261-RA",11.4607639657022,TRUE,802
"Amillepora09318",100.117057912225,"chr4:8667558-8667958","Promoter (1-2kb)",-1978,"chr4",8667558,8667958,401,"*",0,0,4.9623483660604,1.42477974786081,4,8641238,8665580,24343,2,"Amillepora09318","Amillepora09318-RA",7.80069684932448,TRUE,1978
"Amillepora09341",0.50097756015204,"chr4:8906638-8907038","Promoter (1-2kb)",1618,"chr4",8906638,8907038,401,"*",11.9614605246232,14.4812590114113,19.8493934642416,17.8097468482601,4,8907991,8908656,666,2,"Amillepora09341","Amillepora09341-RA",64.2948071433479,TRUE,1618
"Amillepora09361",0.291218752329999,"chr4:9197078-9197478","Promoter (<=1kb)",-139,"chr4",9197078,9197478,401,"*",11.9614605246232,16.2914163878377,13.2329289761611,10.685848108956,4,9197617,9199023,1407,1,"Amillepora09361","Amillepora09361-RA",49.4412449477746,TRUE,139
"Amillepora09370",0.888012920123476,"chr4:9252007-9252407","Promoter (1-2kb)",-1872,"chr4",9252007,9252407,401,"*",2.99036513115581,5.43047212927923,1.65411612202013,2.84955949572161,4,9254279,9259494,5216,1,"Amillepora09370","Amillepora09370-RA",11.9898731327876,TRUE,1872
"Amillepora09373",0.310450435476553,"chr4:9321861-9322261","Promoter (2-3kb)",-2214,"chr4",9321861,9322261,401,"*",2.99036513115581,1.20677158428427,8.27058061010067,6.41150886537363,4,9312874,9319647,6774,2,"Amillepora09373","Amillepora09373-RA",19.9540841943854,TRUE,2214
"Amillepora09413",1.87153163056708,"chr4:9723976-9724376","Promoter (1-2kb)",-1104,"chr4",9723976,9724376,401,"*",14.951825655779,12.0677158428427,21.5035095862617,5.69911899144323,4,9717379,9722872,5494,2,"Amillepora09413","Amillepora09413-RA",49.7715834848773,TRUE,1104
"Amillepora09425",0.368694023424049,"chr4:9845927-9846327","Promoter (<=1kb)",0,"chr4",9845927,9846327,401,"*",8.97109539346742,3.62031475285282,21.5035095862617,21.3716962179121,4,9846123,9846194,72,2,"Amillepora09425","Amillepora09425-RA",58.4228527801605,TRUE,0
"Amillepora09437",4.18645392796788,"chr4:10089981-10090381","Promoter (<=1kb)",68,"chr4",10089981,10090381,401,"*",2.99036513115581,25.9455890621119,1.65411612202013,7.83628861323444,4,10089280,10090449,1170,2,"Amillepora09437","Amillepora09437-RA",39.7375579805784,TRUE,68
"Amillepora09442",9.43618416868344,"chr4:10137457-10137857","Promoter (<=1kb)",-414,"chr4",10137457,10137857,401,"*",2.99036513115581,1.20677158428427,0,7.12389873930403,4,10138271,10138906,636,1,"Amillepora09442","Amillepora09442-RA",10.7139875420653,TRUE,414
"Amillepora09450",35.2053800002604,"chr4:10234874-10235274","Promoter (<=1kb)",0,"chr4",10234874,10235274,401,"*",50.8362072296487,0,4.9623483660604,14.2477974786081,4,10231229,10235121,3893,2,"Amillepora09450","Amillepora09450-RA",36.3397869857981,TRUE,0
"Amillepora09471",0.123730118310822,"chr4:10527053-10527453","Promoter (2-3kb)",-2922,"chr4",10527053,10527453,401,"*",0,6.6372437135635,14.8870450981812,29.9203747050769,4,10530375,10544298,13924,1,"Amillepora09471","Amillepora09471-RA",61.6594271621734,TRUE,2922
"Amillepora09473",0.635661381826119,"chr4:10568074-10568474","Promoter (<=1kb)",-407,"chr4",10568074,10568474,401,"*",0,2.41354316856855,0,19.2345265961209,4,10568881,10600384,31504,1,"Amillepora09473","Amillepora09473-RA",25.9839876241727,TRUE,407
"Amillepora09525",35.5522730243438,"chr4:11329658-11330058","Promoter (<=1kb)",-224,"chr4",11329658,11330058,401,"*",11.9614605246232,1.20677158428427,14.8870450981812,19.9469164700513,4,11330282,11333701,3420,1,"Amillepora09525","Amillepora09525-RA",46.8106647813137,TRUE,224
"Amillepora09526",0.208134913939757,"chr4:11338654-11339054","Promoter (<=1kb)",0,"chr4",11338654,11339054,401,"*",0,3.01692896071068,13.2329289761611,9.97345823502565,4,11334733,11338872,4140,2,"Amillepora09526","Amillepora09526-RA",31.5110640695153,TRUE,0
"Amillepora09532",0.874182172173115,"chr4:11403164-11403564","Promoter (1-2kb)",-1471,"chr4",11403164,11403564,401,"*",8.97109539346742,0.603385792142137,16.5411612202013,6.41150886537363,4,11405035,11410192,5158,1,"Amillepora09532","Amillepora09532-RA",30.9442572292752,TRUE,1471
"Amillepora09539",1.04420851769397,"chr4:11497708-11498108","Promoter (1-2kb)",1199,"chr4",11497708,11498108,401,"*",5.98073026231162,7.84401529784777,1.65411612202013,0,4,11494040,11499307,5268,2,"Amillepora09539","Amillepora09539-RA",11.8275588741927,TRUE,1199
"Amillepora09544",0.40592239191922,"chr4:11514926-11515326","Promoter (2-3kb)",2302,"chr4",11514926,11515326,401,"*",0,2.41354316856855,3.30823224404027,4.27433924358242,4,11512624,11518790,6167,1,"Amillepora09544","Amillepora09544-RA",11.8005030260978,TRUE,2302
"Amillepora09549",2.85451255729473,"chr4:11574085-11574485","Promoter (<=1kb)",0,"chr4",11574085,11574485,401,"*",5.98073026231162,0,0,0,4,11574435,11601876,27442,1,"Amillepora09549","Amillepora09549-RA",1.51955361592978,TRUE,0
"Amillepora09594",22.2944875684535,"chr4:12104097-12104497","Promoter (<=1kb)",0,"chr4",12104097,12104497,401,"*",119.614605246232,22.325274309259,36.390554684443,35.6194936965202,4,12104240,12120630,16391,1,"Amillepora09594","Amillepora09594-RA",141.847690459672,TRUE,0
"Amillepora09601",80.632862234984,"chr4:12223750-12224150","Promoter (<=1kb)",-14,"chr4",12223750,12224150,401,"*",107.653144721609,4.82708633713709,43.0070191725235,41.3186126879634,4,12201193,12223736,22544,2,"Amillepora09601","Amillepora09601-RA",135.353472732138,TRUE,14
"Amillepora09609",19.9041986344445,"chr4:12301837-12302237","Promoter (<=1kb)",-958,"chr4",12301837,12302237,401,"*",11.9614605246232,6.6372437135635,4.9623483660604,8.54867848716484,4,12303195,12309215,6021,1,"Amillepora09609","Amillepora09609-RA",26.53075211606,TRUE,958
"Amillepora09642",0.87523708684933,"chr4:12821588-12821988","Promoter (<=1kb)",500,"chr4",12821588,12821988,401,"*",2.99036513115581,30.1692896071068,34.7364385624228,5.69911899144323,4,12821088,12826164,5077,1,"Amillepora09642","Amillepora09642-RA",82.0277894016327,TRUE,500
"Amillepora09652",46.8439511193575,"chr4:13005443-13005843","Promoter (1-2kb)",-1444,"chr4",13005443,13005843,401,"*",2.99036513115581,3.62031475285282,0,4.98672911751282,4,13007287,13034092,26806,1,"Amillepora09652","Amillepora09652-RA",10.6598344977871,TRUE,1444
"Amillepora09661",0.405842725184537,"chr4:13171452-13171852","Promoter (<=1kb)",-416,"chr4",13171452,13171852,401,"*",26.9132861804023,60.3385792142137,11.5788128541409,22.7964759657729,4,13172268,13181041,8774,1,"Amillepora09661","Amillepora09661-RA",112.504782093314,TRUE,416
"Amillepora09686",6.79803641411622,"chr4:13621474-13621874","Promoter (<=1kb)",0,"chr4",13621474,13621874,401,"*",149.51825655779,18.7049595564062,34.7364385624228,62.6903089058755,4,13604547,13621504,16958,2,"Amillepora09686","Amillepora09686-RA",176.581004917255,TRUE,0
"Amillepora09730",12.8294757055333,"chr4:14301931-14302331","Promoter (<=1kb)",0,"chr4",14301931,14302331,401,"*",23.9229210492465,10.8609442585585,39.6987869284832,58.4159696622931,4,14261996,14302105,40110,2,"Amillepora09730","Amillepora09730-RA",137.241173330458,TRUE,0
"Amillepora09733",0.094170120413841,"chr4:14331915-14332315","Promoter (1-2kb)",1362,"chr4",14331915,14332315,401,"*",0,6.03385792142137,1.65411612202013,8.54867848716484,4,14332168,14333677,1510,2,"Amillepora09733","Amillepora09733-RA",18.811015758718,TRUE,1362
"Amillepora09749",0.438924292707533,"chr4:14577049-14577449","Promoter (<=1kb)",-189,"chr4",14577049,14577449,401,"*",0,4.22370054499496,9.92469673212081,6.41150886537363,4,14570378,14576860,6483,2,"Amillepora09749","Amillepora09749-RA",24.4029905995496,TRUE,189
"Amillepora09762",4.7010773364062,"chr4:14722842-14723242","Promoter (1-2kb)",-1097,"chr4",14722842,14723242,401,"*",38.8747467050255,10.2575584664163,0,7.83628861323444,4,14720152,14721745,1594,2,"Amillepora09762","Amillepora09762-RA",30.2604760945516,TRUE,1097
"Amillepora09766",8.94846587333117,"chr4:14762547-14762947","Promoter (<=1kb)",-280,"chr4",14762547,14762947,401,"*",2.99036513115581,4.82708633713709,0,1.42477974786081,4,14756290,14762267,5978,2,"Amillepora09766","Amillepora09766-RA",7.59497489766215,TRUE,280
"Amillepora09787",3.73359439146176,"chr4:14948732-14949132","Promoter (<=1kb)",-801,"chr4",14948732,14949132,401,"*",20.9325559180907,10.2575584664163,1.65411612202013,1.42477974786081,4,14937952,14947931,9980,2,"Amillepora09787","Amillepora09787-RA",19.9119799811474,TRUE,801
"Amillepora09803",153.02870225053,"chr4:15113406-15113806","Promoter (<=1kb)",0,"chr4",15113406,15113806,401,"*",107.653144721609,18.7049595564062,61.202296514745,56.2788000405019,4,15079901,15113515,33615,2,"Amillepora09803","Amillepora09803-RA",190.478398363937,TRUE,0
"Amillepora09827",0.85799900085605,"chr4:15427544-15427944","Promoter (<=1kb)",431,"chr4",15427544,15427944,401,"*",8.97109539346742,9.05078688213205,4.9623483660604,21.3716962179121,4,15403463,15428375,24913,2,"Amillepora09827","Amillepora09827-RA",43.9435207317326,TRUE,431
"Amillepora09830",6.66923337235202,"chr4:15461945-15462345","Promoter (2-3kb)",-2526,"chr4",15461945,15462345,401,"*",23.9229210492465,12.6711016349849,14.8870450981812,7.12389873930403,4,15464871,15475619,10749,1,"Amillepora09830","Amillepora09830-RA",46.3377774692957,TRUE,2526
"Amillepora09831",7.14188661200325,"chr4:15496030-15496430","Promoter (<=1kb)",456,"chr4",15496030,15496430,401,"*",23.9229210492465,306.519982408205,16.5411612202013,5.69911899144323,4,15490693,15496886,6194,2,"Amillepora09831","Amillepora09831-RA",357.044737857176,TRUE,456
"Amillepora09849",0.173987977594917,"chr4:15717098-15717498","Promoter (<=1kb)",0,"chr4",15717098,15717498,401,"*",11.9614605246232,12.6711016349849,28.1199740743423,38.4690531922418,4,15717436,15738066,20631,1,"Amillepora09849","Amillepora09849-RA",97.6607986971936,TRUE,0
"Amillepora09857",32.1636167979622,"chr4:15823999-15824399","Promoter (<=1kb)",-10,"chr4",15823999,15824399,401,"*",101.672414459297,26.548974854254,31.4282063183826,47.0177316794066,4,15824409,15869852,45444,1,"Amillepora09857","Amillepora09857-RA",149.573123953121,TRUE,10
"Amillepora09883",0.193254938620184,"chr4:16135595-16135995","Promoter (2-3kb)",2280,"chr4",16135595,16135995,401,"*",2.99036513115581,0,1.65411612202013,12.8230177307473,4,16133315,16144599,11285,1,"Amillepora09883","Amillepora09883-RA",18.4042681439558,TRUE,2280
"Amillepora09892",3.30907636341883,"chr4:16199852-16200252","Promoter (<=1kb)",351,"chr4",16199852,16200252,401,"*",29.9036513115581,74.8198382256249,8.27058061010067,32.7699342007986,4,16199501,16202425,2925,1,"Amillepora09892","Amillepora09892-RA",136.670443478784,TRUE,351
"Amillepora09905",0.250841662716971,"chr4:16335894-16336294","Promoter (2-3kb)",2705,"chr4",16335894,16336294,401,"*",5.98073026231162,0,11.5788128541409,4.27433924358242,4,16333189,16337980,4792,1,"Amillepora09905","Amillepora09905-RA",20.8784302940624,TRUE,2705
"Amillepora09909",1.45315183223908,"chr4:16400867-16401267","Promoter (1-2kb)",-1588,"chr4",16400867,16401267,401,"*",5.98073026231162,26.548974854254,33.0823224404027,7.12389873930403,4,16402855,16424786,21932,1,"Amillepora09909","Amillepora09909-RA",78.6773437853902,TRUE,1588
"Amillepora09933",17.3519710631693,"chr4:16796182-16796582","Promoter (1-2kb)",1345,"chr4",16796182,16796582,401,"*",0,9.05078688213205,8.27058061010067,8.54867848716484,4,16784485,16797927,13443,2,"Amillepora09933","Amillepora09933-RA",30.0845197766081,TRUE,1345
"Amillepora09964",0.400364211489816,"chr4:17209441-17209841","Promoter (<=1kb)",-17,"chr4",17209441,17209841,401,"*",86.7205888035184,30.772675399249,28.1199740743423,40.606222814033,4,17203401,17209424,6024,2,"Amillepora09964","Amillepora09964-RA",138.381490632413,TRUE,17
"Amillepora09986",96.6945730740996,"chr4:17510549-17510949","Promoter (<=1kb)",-736,"chr4",17510549,17510949,401,"*",119.614605246232,21.7218885171169,54.5858320266644,53.4292405447802,4,17511685,17514597,2913,1,"Amillepora09986","Amillepora09986-RA",185.146402045197,TRUE,736
"Amillepora10010",5049.84876030129,"chr4:17807330-17807730","Promoter (2-3kb)",-2880,"chr4",17807330,17807730,401,"*",17.9421907869348,26.548974854254,29.7740901963624,22.0840860918425,4,17810610,17842271,31662,1,"Amillepora10010","Amillepora10010-RA",95.8999356153246,TRUE,2880
"Amillepora10012",25.6931046144567,"chr4:17887921-17888321","Promoter (1-2kb)",1660,"chr4",17887921,17888321,401,"*",11.9614605246232,50.6844065399395,19.8493934642416,43.4557823097546,4,17876642,17889981,13340,2,"Amillepora10012","Amillepora10012-RA",133.785491283993,TRUE,1660
"Amillepora10021",26.444167792353,"chr4:18043852-18044252","Promoter (2-3kb)",-2289,"chr4",18043852,18044252,401,"*",14.951825655779,43.4437770342338,38.0446708064631,72.6637671409011,4,18025512,18041563,16052,2,"Amillepora10021","Amillepora10021-RA",184.71942022193,TRUE,2289
"Amillepora10042",1.63290855393867,"chr4:18333542-18333942","Promoter (<=1kb)",-1,"chr4",18333542,18333942,401,"*",68.7783980165836,39.2200764892389,34.7364385624228,27.7832050832857,4,18321368,18333541,12174,2,"Amillepora10042","Amillepora10042-RA",135.210186702219,TRUE,1
"Amillepora10068",0.793085334338588,"chr4:18547387-18547787","Promoter (<=1kb)",-260,"chr4",18547387,18547787,401,"*",0,9.05078688213205,3.30823224404027,3.56194936965202,4,18542979,18547127,4149,2,"Amillepora10068","Amillepora10068-RA",17.9441328158752,TRUE,260
"Amillepora10080",1289.02957559941,"chr4:18738208-18738608","Promoter (<=1kb)",45,"chr4",18738208,18738608,401,"*",44.8554769673371,17.498187972122,39.6987869284832,42.0310025618938,4,18707205,18738653,31449,2,"Amillepora10080","Amillepora10080-RA",129.608604285792,TRUE,45
"Amillepora10129",4.39856945154531,"chr4:19293860-19294260","Promoter (2-3kb)",-2753,"chr4",19293860,19294260,401,"*",41.8651118361813,38.0133049049546,38.0446708064631,94.7478532327436,4,19285980,19291107,5128,2,"Amillepora10129","Amillepora10129-RA",212.726752883571,TRUE,2753
"Amillepora10137",0.700507327566126,"chr4:19366379-19366779","Promoter (1-2kb)",1558,"chr4",19366379,19366779,401,"*",20.9325559180907,122.487315804854,72.7811093688859,54.1416304187106,4,19364821,19366334,1514,1,"Amillepora10137","Amillepora10137-RA",289.627729380931,TRUE,1558
"Amillepora10138",0.55824827350571,"chr4:19381028-19381428","Promoter (<=1kb)",250,"chr4",19381028,19381428,401,"*",2.99036513115581,4.82708633713709,13.2329289761611,27.0708152093553,4,19379597,19381678,2082,2,"Amillepora10138","Amillepora10138-RA",55.013599179166,TRUE,250
"Amillepora10141",148.050949168696,"chr4:19405478-19405878","Promoter (1-2kb)",-1836,"chr4",19405478,19405878,401,"*",2.99036513115581,21.7218885171169,9.92469673212081,14.2477974786081,4,19393350,19403642,10293,2,"Amillepora10141","Amillepora10141-RA",53.1951280662234,TRUE,1836
"Amillepora10162",1.744989776008,"chr4:19782731-19783131","Promoter (1-2kb)",-1068,"chr4",19782731,19783131,401,"*",2.99036513115581,3.62031475285282,3.30823224404027,9.26106836109524,4,19784199,19795703,11505,1,"Amillepora10162","Amillepora10162-RA",19.910676501318,TRUE,1068
"Amillepora10167",64.6597443480094,"chr4:19914892-19915292","Promoter (2-3kb)",2595,"chr4",19914892,19915292,401,"*",8.97109539346742,3.01692896071068,0,0,4,19870899,19917887,46989,2,"Amillepora10167","Amillepora10167-RA",5.46640670210333,TRUE,2595
"Amillepora10176",13.1065011801581,"chr4:20005182-20005582","Promoter (<=1kb)",-45,"chr4",20005182,20005582,401,"*",101.672414459297,16.8948021799798,21.5035095862617,29.2079848311465,4,19996661,20005137,8477,2,"Amillepora10176","Amillepora10176-RA",105.546387696289,TRUE,45
"Amillepora10195",60.6291319351203,"chr4:20189062-20189462","Promoter (2-3kb)",-2051,"chr4",20189062,20189462,401,"*",2.99036513115581,9.05078688213205,4.9623483660604,8.54867848716484,4,20191513,20197764,6252,1,"Amillepora10195","Amillepora10195-RA",26.8010827147323,TRUE,2051
"Amillepora10217",2.22359682585834,"chr4:20421882-20422282","Promoter (<=1kb)",-732,"chr4",20421882,20422282,401,"*",23.9229210492465,33.7896043599596,13.2329289761611,67.6770380233883,4,20423014,20428260,5247,1,"Amillepora10217","Amillepora10217-RA",140.40043637578,TRUE,732
"Amillepora10238",0.251476481275375,"chr4:20662507-20662907","Promoter (1-2kb)",1706,"chr4",20662507,20662907,401,"*",14.951825655779,0.603385792142137,1.65411612202013,4.98672911751282,4,20658383,20664613,6231,2,"Amillepora10238","Amillepora10238-RA",12.5334723863584,TRUE,1706
"Amillepora10243",23.0021902507364,"chr4:20708207-20708607","Promoter (2-3kb)",-2610,"chr4",20708207,20708607,401,"*",0,8.44740108998991,4.9623483660604,12.1106278568169,4,20711217,20721756,10540,1,"Amillepora10243","Amillepora10243-RA",29.7435807625342,TRUE,2610
"Amillepora10256",22.6142771498048,"chr4:20937900-20938300","Promoter (<=1kb)",0,"chr4",20937900,20938300,401,"*",59.8073026231162,15.0846448035534,39.6987869284832,34.9071038225898,4,20926906,20938016,11111,2,"Amillepora10256","Amillepora10256-RA",122.178447080233,TRUE,0
"Amillepora10267",166.383540460797,"chr4:21060048-21060448","Promoter (1-2kb)",1667,"chr4",21060048,21060448,401,"*",2.99036513115581,7.84401529784777,26.4658579523221,25.6460354614945,4,21058381,21064892,6512,1,"Amillepora10267","Amillepora10267-RA",72.6376548921741,TRUE,1667
"Amillepora10335",1.81431956653121,"chr4:21406218-21406618","Promoter (<=1kb)",-579,"chr4",21406218,21406618,401,"*",20.9325559180907,0.603385792142137,8.27058061010067,8.54867848716484,4,21390973,21405639,14667,2,"Amillepora10335","Amillepora10335-RA",26.4791438533781,TRUE,579
"Amillepora10392",54.251744041867,"chr4:22128568-22128968","Promoter (<=1kb)",-34,"chr4",22128568,22128968,401,"*",95.6916841969858,24.1354316856855,41.3529030505034,37.044273444381,4,22121612,22128534,6923,2,"Amillepora10392","Amillepora10392-RA",145.482418612203,TRUE,34
"Amillepora10423",2.40359123614458,"chr4:22566538-22566938","Promoter (1-2kb)",-1475,"chr4",22566538,22566938,401,"*",0,6.6372437135635,4.9623483660604,0.712389873930403,4,22557378,22565063,7686,2,"Amillepora10423","Amillepora10423-RA",13.9443266391018,TRUE,1475
"Amillepora10437",8.71139610101767,"chr4:22659477-22659877","Promoter (<=1kb)",0,"chr4",22659477,22659877,401,"*",8.97109539346742,2.41354316856855,3.30823224404027,9.26106836109524,4,22651495,22659493,7999,2,"Amillepora10437","Amillepora10437-RA",20.1553996059643,TRUE,0
"Amillepora10452",39.2855671197907,"chr4:22897021-22897421","Promoter (<=1kb)",-293,"chr4",22897021,22897421,401,"*",11.9614605246232,0,1.65411612202013,6.41150886537363,4,22894582,22896728,2147,2,"Amillepora10452","Amillepora10452-RA",12.8721563673151,TRUE,293
"Amillepora10466",20.6901216652412,"chr4:23049770-23050170","Promoter (<=1kb)",0,"chr4",23049770,23050170,401,"*",26.9132861804023,0,0,15.6725772264689,4,23050017,23059971,9955,1,"Amillepora10466","Amillepora10466-RA",25.9326277618813,TRUE,0
"Amillepora10485",2.9601685517931,"chr4:23298315-23298715","Promoter (<=1kb)",-997,"chr4",23298315,23298715,401,"*",2.99036513115581,0.603385792142137,61.202296514745,7.83628861323444,4,23299712,23305268,5557,1,"Amillepora10485","Amillepora10485-RA",85.7439669007587,TRUE,997
"Amillepora10495",14.8542462392777,"chr4:23475863-23476263","Promoter (<=1kb)",659,"chr4",23475863,23476263,401,"*",53.8265723608045,32.5828327756754,14.8870450981812,27.0708152093553,4,23468377,23476922,8546,2,"Amillepora10495","Amillepora10495-RA",99.2725136090092,TRUE,659
"Amillepora10499",76.3757451709083,"chr4:23538723-23539123","Promoter (<=1kb)",0,"chr4",23538723,23539123,401,"*",158.489351951258,16.2914163878377,29.7740901963624,49.1549013011978,4,23532206,23538747,6542,2,"Amillepora10499","Amillepora10499-RA",153.755031090469,TRUE,0
"Amillepora10503",235.639911484604,"chr4:23569251-23569651","Promoter (<=1kb)",-128,"chr4",23569251,23569651,401,"*",14.951825655779,0.603385792142137,11.5788128541409,12.8230177307473,4,23569779,23582223,12445,1,"Amillepora10503","Amillepora10503-RA",34.2104322409792,TRUE,128
"Amillepora10525",7.2188414360843,"chr4:23950677-23951077","Promoter (1-2kb)",-1337,"chr4",23950677,23951077,401,"*",14.951825655779,16.8948021799798,3.30823224404027,12.8230177307473,4,23952414,23956911,4498,1,"Amillepora10525","Amillepora10525-RA",41.3126094687042,TRUE,1337
"Amillepora10539",6.256485602007,"chr4:24118581-24118981","Promoter (2-3kb)",-2570,"chr4",24118581,24118981,401,"*",5.98073026231162,6.03385792142137,0,14.2477974786081,4,24121551,24125523,3973,1,"Amillepora10539","Amillepora10539-RA",25.252466617981,TRUE,2570
"Amillepora10540",10.0442129233854,"chr4:24137408-24137808","Promoter (1-2kb)",1109,"chr4",24137408,24137808,401,"*",0,4.22370054499496,0,0.712389873930403,4,24136299,24141023,4725,1,"Amillepora10540","Amillepora10540-RA",5.32984481177383,TRUE,1109
"Amillepora10563",0.201202994844658,"chr4:24547141-24547541","Promoter (<=1kb)",-557,"chr4",24547141,24547541,401,"*",8.97109539346742,0.603385792142137,0,9.97345823502565,4,24548098,24552007,3910,1,"Amillepora10563","Amillepora10563-RA",15.0678779914801,TRUE,557
"Amillepora10568",15.3974189520859,"chr4:24643421-24643821","Promoter (<=1kb)",563,"chr4",24643421,24643821,401,"*",5.98073026231162,11.4643300507006,0,7.12389873930403,4,24642858,24646674,3817,1,"Amillepora10568","Amillepora10568-RA",22.3098236959396,TRUE,563
"Amillepora10610",0.162416953567125,"chr4:25250723-25251123","Promoter (2-3kb)",2901,"chr4",25250723,25251123,401,"*",0,0.603385792142137,8.27058061010067,1.42477974786081,4,25245312,25254024,8713,2,"Amillepora10610","Amillepora10610-RA",12.4813259748069,TRUE,2901
"Amillepora10641",56.7775571545767,"chr4:25757486-25757886","Promoter (<=1kb)",0,"chr4",25757486,25757886,401,"*",161.479717082414,16.8948021799798,33.0823224404027,55.5664101665715,4,25729179,25757601,28423,2,"Amillepora10641","Amillepora10641-RA",167.006879224452,TRUE,0
"Amillepora10648",2.44986921710441,"chr4:25816865-25817265","Promoter (2-3kb)",2852,"chr4",25816865,25817265,401,"*",0,7.84401529784777,9.92469673212081,7.83628861323444,4,25811219,25820117,8899,2,"Amillepora10648","Amillepora10648-RA",29.9633581779633,TRUE,2852
"Amillepora10678",0.72807752960307,"chr4:26249057-26249457","Promoter (<=1kb)",-698,"chr4",26249057,26249457,401,"*",0,13.274487427127,6.61646448808054,4.27433924358242,4,26243737,26248359,4623,2,"Amillepora10678","Amillepora10678-RA",27.3171914974897,TRUE,698
"Amillepora10680",0.48575607622888,"chr4:26286370-26286770","Promoter (1-2kb)",1747,"chr4",26286370,26286770,401,"*",2.99036513115581,14.4812590114113,4.9623483660604,14.2477974786081,4,26286744,26288517,1774,2,"Amillepora10680","Amillepora10680-RA",39.4813241937615,TRUE,1747
"Amillepora10696",2.8493543624434,"chr4:26478331-26478731","Promoter (<=1kb)",-163,"chr4",26478331,26478731,401,"*",5.98073026231162,3.62031475285282,11.5788128541409,18.5221367221905,4,26478894,26485225,6332,1,"Amillepora10696","Amillepora10696-RA",42.0616822735467,TRUE,163
"Amillepora10719",0.286786819419313,"chr4:26814921-26815321","Promoter (2-3kb)",-2093,"chr4",26814921,26815321,401,"*",2.99036513115581,0,0,5.69911899144323,4,26804121,26812828,8708,2,"Amillepora10719","Amillepora10719-RA",7.70328098621844,TRUE,2093
"Amillepora10726",2.42832773500574,"chr4:26914564-26914964","Promoter (2-3kb)",-2608,"chr4",26914564,26914964,401,"*",0,1.20677158428427,4.9623483660604,0,4,26898409,26911956,13548,2,"Amillepora10726","Amillepora10726-RA",7.33965131604455,TRUE,2608
"Amillepora10737",4.05538072826981,"chr4:27113844-27114244","Promoter (2-3kb)",2958,"chr4",27113844,27114244,401,"*",2.99036513115581,14.4812590114113,23.1576257082819,12.8230177307473,4,27107857,27117202,9346,2,"Amillepora10737","Amillepora10737-RA",59.9831244333221,TRUE,2958
"Amillepora10775",5.75061934340352,"chr4:27481613-27482013","Promoter (2-3kb)",-2050,"chr4",27481613,27482013,401,"*",11.9614605246232,0,0,0,4,27484063,27493992,9930,1,"Amillepora10775","Amillepora10775-RA",3.03910723185955,TRUE,2050
"Amillepora10815",0.188304539574033,"chr4:27991704-27992104","Promoter (<=1kb)",440,"chr4",27991704,27992104,401,"*",5.98073026231162,0,0,2.13716962179121,4,27991317,27992544,1228,2,"Amillepora10815","Amillepora10815-RA",4.12336768277486,TRUE,440
"Amillepora10818",0.767978326705044,"chr4:27996612-27997012","Promoter (<=1kb)",-128,"chr4",27996612,27997012,401,"*",14.951825655779,41.0302338656653,28.1199740743423,15.6725772264689,4,27994958,27996484,1527,2,"Amillepora10818","Amillepora10818-RA",100.605075807306,TRUE,128
"Amillepora10825",0.468159558252769,"chr4:28109342-28109742","Promoter (1-2kb)",-1205,"chr4",28109342,28109742,401,"*",5.98073026231162,10.2575584664163,1.65411612202013,4.98672911751282,4,28105483,28108137,2655,2,"Amillepora10825","Amillepora10825-RA",20.4527860527314,TRUE,1205
"Amillepora10882",0.132947850994176,"chr4:28797077-28797477","Promoter (1-2kb)",1998,"chr4",28797077,28797477,401,"*",8.97109539346742,72.4062950570564,43.0070191725235,16.3849671003993,4,28795144,28799475,4332,2,"Amillepora10882","Amillepora10882-RA",151.293515921311,TRUE,1998
"Amillepora10914",16.6052408305952,"chr4:29316304-29316704","Promoter (<=1kb)",0,"chr4",29316304,29316704,401,"*",44.8554769673371,31.3760611913911,21.5035095862617,35.6194936965202,4,29296575,29316526,19952,2,"Amillepora10914","Amillepora10914-RA",114.220036680893,TRUE,0
"Amillepora10918",54.9221749444482,"chr7:17460-17860","Promoter (1-2kb)",1359,"chr7",17460,17860,401,"*",5.98073026231162,5.43047212927923,18.1952773422215,14.9601873525385,7,16101,60761,44661,1,"Amillepora10918","Amillepora10918-RA",47.720665668745,TRUE,1359
"Amillepora10939",13.9889019382044,"chr7:241140-241540","Promoter (<=1kb)",0,"chr7",241140,241540,401,"*",248.200305885932,36.8065333206703,39.6987869284832,53.4292405447802,7,235155,241335,6181,2,"Amillepora10939","Amillepora10939-RA",215.557723764447,TRUE,0
"Amillepora10974",0.305916781817692,"chr7:855604-856004","Promoter (2-3kb)",-2136,"chr7",855604,856004,401,"*",107.653144721609,88.0943256527519,44.6611352945436,39.8938329401026,7,858140,861199,3060,1,"Amillepora10974","Amillepora10974-RA",223.602508901054,TRUE,2136
"Amillepora10975",0.542774159614591,"chr7:860735-861135","Promoter (1-2kb)",-1466,"chr7",860735,861135,401,"*",0,0.603385792142137,4.9623483660604,1.42477974786081,7,862601,864365,1765,1,"Amillepora10975","Amillepora10975-RA",8.43811210496621,TRUE,1466
"Amillepora10985",73.1566216440826,"chr7:965583-965983","Promoter (<=1kb)",0,"chr7",965583,965983,401,"*",233.248480230153,6.6372437135635,59.5481803927248,51.292070922989,7,960909,965668,4760,2,"Amillepora10985","Amillepora10985-RA",201.543546094735,TRUE,0
"Amillepora10996",0.148781063518509,"chr7:1064092-1064492","Promoter (2-3kb)",2858,"chr7",1064092,1064492,401,"*",0,16.2914163878377,1.65411612202013,20.6593063439817,7,1063223,1067350,4128,2,"Amillepora10996","Amillepora10996-RA",44.4020214834163,TRUE,2858
"Amillepora11001",0.223978960716202,"chr7:1116428-1116828","Promoter (<=1kb)",-894,"chr7",1116428,1116828,401,"*",2.99036513115581,4.22370054499496,0,10.685848108956,7,1114587,1115534,948,2,"Amillepora11001","Amillepora11001-RA",18.2407539316824,TRUE,894
"Amillepora11029",0.239504738351561,"chr7:1699545-1699945","Promoter (2-3kb)",2984,"chr7",1699545,1699945,401,"*",14.951825655779,15.6880305956955,9.92469673212081,23.5088658397033,7,1691029,1702929,11901,2,"Amillepora11029","Amillepora11029-RA",61.1432770313275,TRUE,2984
"Amillepora11051",18.7768756435469,"chr7:1961972-1962372","Promoter (<=1kb)",68,"chr7",1961972,1962372,401,"*",35.8843815738697,49.4776349556552,44.6611352945436,58.4159696622931,7,1961904,1972189,10286,1,"Amillepora11051","Amillepora11051-RA",187.139677728149,TRUE,68
"Amillepora11052",0.432360975545761,"chr7:2059791-2060191","Promoter (1-2kb)",-1535,"chr7",2059791,2060191,401,"*",14.951825655779,10.2575584664163,6.61646448808054,12.1106278568169,7,2055838,2058256,2419,2,"Amillepora11052","Amillepora11052-RA",37.4763175042042,TRUE,1535
"Amillepora11053",1.53367617547959,"chr7:2108486-2108886","Promoter (1-2kb)",-1178,"chr7",2108486,2108886,401,"*",0,5.43047212927923,4.9623483660604,6.41150886537363,7,2097033,2107308,10276,2,"Amillepora11053","Amillepora11053-RA",19.6130003060719,TRUE,1178
"Amillepora11080",10.2335337875758,"chr7:2436778-2437178","Promoter (1-2kb)",-1455,"chr7",2436778,2437178,401,"*",53.8265723608045,21.7218885171169,44.6611352945436,49.8672911751282,7,2427259,2435323,8065,2,"Amillepora11080","Amillepora11080-RA",151.961980549039,TRUE,1455
"Amillepora11084",2.52656011760437,"chr7:2439922-2440322","Promoter (1-2kb)",-1377,"chr7",2439922,2440322,401,"*",47.8458420984929,25.9455890621119,13.2329289761611,22.0840860918425,7,2441699,2450522,8824,1,"Amillepora11084","Amillepora11084-RA",82.6442190901282,TRUE,1377
"Amillepora11122",6.90695444179936,"chr7:2847398-2847798","Promoter (<=1kb)",0,"chr7",2847398,2847798,401,"*",146.527891426635,19.3083453485484,16.5411612202013,44.8805620576154,7,2847677,2852706,5030,1,"Amillepora11122","Amillepora11122-RA",132.522516523765,TRUE,0
"Amillepora11124",7.18727264318891,"chr7:2891678-2892078","Promoter (<=1kb)",0,"chr7",2891678,2892078,401,"*",110.643509852765,39.2200764892389,138.945754249691,74.0885468887619,7,2875984,2891910,15927,2,"Amillepora11124","Amillepora11124-RA",329.62427036202,TRUE,0
"Amillepora11126",59.5556413589888,"chr7:2925962-2926362","Promoter (<=1kb)",396,"chr7",2925962,2926362,401,"*",62.797667754272,169.55140759194,0,81.9248355019964,7,2910935,2926758,15824,2,"Amillepora11126","Amillepora11126-RA",294.881872364984,TRUE,396
"Amillepora11130",0.322448813613488,"chr7:3084030-3084430","Promoter (1-2kb)",-1587,"chr7",3084030,3084430,401,"*",32.8940164427139,34.9963759442439,34.7364385624228,24.9336455875641,7,3086017,3087587,1571,1,"Amillepora11130","Amillepora11130-RA",118.159206128021,TRUE,1587
"Amillepora11141",0.407505660423154,"chr7:3303246-3303646","Promoter (<=1kb)",769,"chr7",3303246,3303646,401,"*",14.951825655779,55.5114928770766,24.811741830302,4.98672911751282,7,3302477,3312715,10239,1,"Amillepora11141","Amillepora11141-RA",98.8407577386412,TRUE,769
"Amillepora11152",0.337506483498786,"chr7:3481608-3482008","Promoter (1-2kb)",-1485,"chr7",3481608,3482008,401,"*",8.97109539346742,1.81015737642641,0,0,7,3483493,3488989,5497,1,"Amillepora11152","Amillepora11152-RA",4.19157619081987,TRUE,1485
"Amillepora11169",0.480470982825991,"chr7:3717786-3718186","Promoter (<=1kb)",-474,"chr7",3717786,3718186,401,"*",2.99036513115581,23.5320458935433,4.9623483660604,4.27433924358242,7,3718660,3719423,764,1,"Amillepora11169","Amillepora11169-RA",36.8914207164437,TRUE,474
"Amillepora11218",1.78474707676609,"chr7:4654928-4655328","Promoter (<=1kb)",0,"chr7",4654928,4655328,401,"*",86.7205888035184,19.3083453485484,19.8493934642416,56.9911899144323,7,4655117,4659154,4038,1,"Amillepora11218","Amillepora11218-RA",136.125140613097,TRUE,0
"Amillepora11227",3.17306679053073,"chr7:4705146-4705546","Promoter (1-2kb)",-1135,"chr7",4705146,4705546,401,"*",2.99036513115581,1.81015737642641,4.9623483660604,8.54867848716484,7,4706681,4708829,2149,1,"Amillepora11227","Amillepora11227-RA",19.1520996470315,TRUE,1135
"Amillepora11229",2.3349520314677,"chr7:4735098-4735498","Promoter (<=1kb)",-844,"chr7",4735098,4735498,401,"*",2.99036513115581,3.62031475285282,13.2329289761611,8.54867848716484,7,4736342,4745400,9059,1,"Amillepora11229","Amillepora11229-RA",31.1723800885585,TRUE,844
"Amillepora11235",0.725363249263346,"chr7:4814124-4814524","Promoter (<=1kb)",0,"chr7",4814124,4814524,401,"*",62.797667754272,60.3385792142137,41.3529030505034,47.730121553337,7,4801766,4814344,12579,2,"Amillepora11235","Amillepora11235-RA",188.388859397319,TRUE,0
"Amillepora11241",0.164968202504864,"chr7:4961438-4962219","Promoter (<=1kb)",818,"chr7",4961438,4962219,782,"*",23.9229210492465,31.9794469835332,21.5035095862617,47.0177316794066,7,4961159,4963037,1879,2,"Amillepora11241","Amillepora11241-RA",123.426022637287,TRUE,818
"Amillepora11242",11.3822717327778,"chr7:4985770-4986170","Promoter (<=1kb)",205,"chr7",4985770,4986170,401,"*",29.9036513115581,97.7484983270261,54.5858320266644,61.2655291580147,7,4985119,4986375,1257,2,"Amillepora11242","Amillepora11242-RA",252.214738262207,TRUE,205
"Amillepora11267",0.943054135815367,"chr7:5360713-5361113","Promoter (<=1kb)",212,"chr7",5360713,5361113,401,"*",23.9229210492465,39.823462281381,19.8493934642416,35.6194936965202,7,5360501,5365463,4963,1,"Amillepora11267","Amillepora11267-RA",115.803805669203,TRUE,212
"Amillepora11289",0.91353974167034,"chr7:5525397-5525797","Promoter (<=1kb)",755,"chr7",5525397,5525797,401,"*",14.951825655779,56.1148786692187,62.8564126367651,83.3496152498572,7,5524642,5539651,15010,1,"Amillepora11289","Amillepora11289-RA",241.448314948438,TRUE,755
"Amillepora11295",5.0559699451598,"chr7:5635888-5636288","Promoter (2-3kb)",-2623,"chr7",5635888,5636288,401,"*",0,0,1.65411612202013,8.54867848716484,7,5638911,5655827,16917,1,"Amillepora11295","Amillepora11295-RA",12.4368632023007,TRUE,2623
"Amillepora11385",14.6613432905037,"chr7:6678233-6678633","Promoter (2-3kb)",-2723,"chr7",6678233,6678633,401,"*",11.9614605246232,0,9.92469673212081,19.2345265961209,7,6681356,6746969,65614,1,"Amillepora11385","Amillepora11385-RA",38.6030754429875,TRUE,2723
"Amillepora11424",0.391871355924818,"chr7:7329770-7330170","Promoter (<=1kb)",24,"chr7",7329770,7330170,401,"*",2.99036513115581,7.24062950570564,3.30823224404027,8.54867848716484,7,7329746,7330989,1244,1,"Amillepora11424","Amillepora11424-RA",22.8672300128867,TRUE,24
"Amillepora11431",0.144119809605028,"chr7:7424468-7424868","Promoter (2-3kb)",2232,"chr7",7424468,7424868,401,"*",0,1.81015737642641,4.9623483660604,0,7,7422236,7423792,1557,1,"Amillepora11431","Amillepora11431-RA",7.97706657168629,TRUE,2232
"Amillepora11432",0.516235169386324,"chr7:7444420-7444820","Promoter (<=1kb)",0,"chr7",7444420,7444820,401,"*",11.9614605246232,48.8742491635131,0,4.98672911751282,7,7442391,7444756,2366,2,"Amillepora11432","Amillepora11432-RA",60.7453090948119,TRUE,0
"Amillepora11434",0.272110155220233,"chr7:7482665-7483065","Promoter (<=1kb)",317,"chr7",7482665,7483065,401,"*",11.9614605246232,15.0846448035534,14.8870450981812,12.8230177307473,7,7482348,7483535,1188,1,"Amillepora11434","Amillepora11434-RA",52.7918354382567,TRUE,317
"Amillepora11441",1.08095254604253,"chr7:7541172-7541572","Promoter (<=1kb)",0,"chr7",7541172,7541572,401,"*",5.98073026231162,4.22370054499496,16.5411612202013,26.3584253354249,7,7541188,7543422,2235,1,"Amillepora11441","Amillepora11441-RA",58.3112365790481,TRUE,0
"Amillepora11456",0.361484034960914,"chr7:7701363-7701763","Promoter (<=1kb)",347,"chr7",7701363,7701763,401,"*",11.9614605246232,68.1825945120614,16.5411612202013,13.5354076046777,7,7701016,7705525,4510,1,"Amillepora11456","Amillepora11456-RA",111.773922891931,TRUE,347
"Amillepora11526",1.04826260258405,"chr7:8705258-8705658","Promoter (<=1kb)",549,"chr7",8705258,8705658,401,"*",32.8940164427139,62.1487365906401,19.8493934642416,73.3761570148315,7,8703181,8706207,3027,2,"Amillepora11526","Amillepora11526-RA",187.668215732771,TRUE,549
"Amillepora11650",0.138085034117554,"chr7:9556242-9556642","Promoter (2-3kb)",2133,"chr7",9556242,9556642,401,"*",14.951825655779,29.5659038149647,4.9623483660604,19.9469164700513,7,9554109,9556712,2604,1,"Amillepora11650","Amillepora11650-RA",65.3993169949179,TRUE,2133
"Amillepora11662",0.347398989531934,"chr7:9685039-9685439","Promoter (2-3kb)",2707,"chr7",9685039,9685439,401,"*",0,0,0,4.98672911751282,7,9682332,9709251,26920,1,"Amillepora11662","Amillepora11662-RA",6.07556615597185,TRUE,2707
"Amillepora11727",1.85914450410283,"chr7:10505160-10505560","Promoter (<=1kb)",784,"chr7",10505160,10505560,401,"*",98.6820493281416,19.9117311406905,21.5035095862617,39.1814430661722,7,10504376,10509197,4822,1,"Amillepora11727","Amillepora11727-RA",120.124819478476,TRUE,784
"Amillepora11747",51.7744965531145,"chr7:10649432-10649832","Promoter (<=1kb)",-802,"chr7",10649432,10649832,401,"*",11.9614605246232,15.6880305956955,9.92469673212081,17.8097468482601,7,10647539,10648630,1092,2,"Amillepora11747","Amillepora11747-RA",53.4399960451091,TRUE,802
"Amillepora11751",0.315865227682101,"chr7:10670547-10670947","Promoter (<=1kb)",232,"chr7",10670547,10670947,401,"*",0,0,6.61646448808054,4.98672911751282,7,10670417,10671179,763,2,"Amillepora11751","Amillepora11751-RA",14.1619938956533,TRUE,232
"Amillepora11757",0.381228527631973,"chr7:10739889-10740289","Promoter (<=1kb)",0,"chr7",10739889,10740289,401,"*",11.9614605246232,2.41354316856855,6.61646448808054,13.5354076046777,7,10736875,10740039,3165,2,"Amillepora11757","Amillepora11757-RA",30.1660184174602,TRUE,0
"Amillepora11766",0.206584812021448,"chr7:10821967-10822367","Promoter (1-2kb)",-1367,"chr7",10821967,10822367,401,"*",23.9229210492465,87.4909398606098,28.1199740743423,57.7035797883627,7,10823734,10824630,897,1,"Amillepora11766","Amillepora11766-RA",203.173724230234,TRUE,1367
"Amillepora11782",0.198483514927422,"chr7:10994536-10994936","Promoter (<=1kb)",-792,"chr7",10994536,10994936,401,"*",5.98073026231162,13.274487427127,11.5788128541409,10.685848108956,7,10990081,10993744,3664,2,"Amillepora11782","Amillepora11782-RA",42.7130081187157,TRUE,792
"Amillepora11783",0.141901425719636,"chr7:11023209-11023609","Promoter (<=1kb)",0,"chr7",11023209,11023609,401,"*",11.9614605246232,3.01692896071068,1.65411612202013,1.42477974786081,7,11020861,11023320,2460,2,"Amillepora11783","Amillepora11783-RA",9.98366648955196,TRUE,0
"Amillepora11789",1.85459976493258,"chr7:11079225-11079625","Promoter (1-2kb)",-1793,"chr7",11079225,11079625,401,"*",5.98073026231162,9.05078688213205,4.9623483660604,2.84955949572161,7,11075009,11077432,2424,2,"Amillepora11789","Amillepora11789-RA",20.6173553444436,TRUE,1793
"Amillepora11802",0.23174032963938,"chr7:11292515-11292915","Promoter (<=1kb)",601,"chr7",11292515,11292915,401,"*",68.7783980165836,88.0943256527519,23.1576257082819,74.0885468887619,7,11291632,11293516,1885,2,"Amillepora11802","Amillepora11802-RA",229.105545313067,TRUE,601
"Amillepora11804",0.156137877959449,"chr7:11298925-11299325","Promoter (<=1kb)",-831,"chr7",11298925,11299325,401,"*",26.9132861804023,66.372437135635,26.4658579523221,59.1283595362235,7,11296451,11298094,1644,2,"Amillepora11804","Amillepora11804-RA",181.338236200381,TRUE,831
"Amillepora11813",0.493010300454098,"chr7:11400745-11401145","Promoter (1-2kb)",-1130,"chr7",11400745,11401145,401,"*",2.99036513115581,3.62031475285282,0,12.1106278568169,7,11392038,11399615,7578,2,"Amillepora11813","Amillepora11813-RA",19.3392147206041,TRUE,1130
"Amillepora11830",6.83711978086235,"chr7:11624599-11624999","Promoter (<=1kb)",0,"chr7",11624599,11624999,401,"*",95.6916841969858,26.548974854254,36.390554684443,67.6770380233883,7,11624780,11655917,31138,1,"Amillepora11830","Amillepora11830-RA",179.288593788122,TRUE,0
"Amillepora11835",120.571507000576,"chr7:11694583-11694983","Promoter (2-3kb)",2471,"chr7",11694583,11694983,401,"*",17.9421907869348,31.3760611913911,33.0823224404027,27.0708152093553,7,11684809,11697454,12646,2,"Amillepora11835","Amillepora11835-RA",111.118037686271,TRUE,2471
"Amillepora11837",0.876782203939538,"chr7:11716094-11716494","Promoter (<=1kb)",294,"chr7",11716094,11716494,401,"*",5.98073026231162,3.62031475285282,9.92469673212081,19.9469164700513,7,11716036,11716788,753,2,"Amillepora11837","Amillepora11837-RA",41.7759513831898,TRUE,294
"Amillepora11838",0.417431027128157,"chr7:11765154-11765554","Promoter (<=1kb)",999,"chr7",11765154,11765554,401,"*",2.99036513115581,2.41354316856855,29.7740901963624,15.6725772264689,7,11764020,11766553,2534,2,"Amillepora11838","Amillepora11838-RA",58.7929991492956,TRUE,999
"Amillepora11842",6.29654066265316,"chr7:11790747-11791147","Promoter (1-2kb)",1385,"chr7",11790747,11791147,401,"*",26.9132861804023,21.7218885171169,61.202296514745,81.212445628066,7,11789362,11793844,4483,1,"Amillepora11842","Amillepora11842-RA",203.529331606953,TRUE,1385
"Amillepora11844",2.74755064073334,"chr7:11827616-11828016","Promoter (1-2kb)",1755,"chr7",11827616,11828016,401,"*",17.9421907869348,1.20677158428427,6.61646448808054,36.3318835704506,7,11825861,11838106,12246,1,"Amillepora11844","Amillepora11844-RA",58.1847582351206,TRUE,1755
"Amillepora11849",0.246740572442464,"chr7:11869390-11869790","Promoter (1-2kb)",1662,"chr7",11869390,11869790,401,"*",5.98073026231162,0,0,9.97345823502565,7,11863519,11871452,7934,2,"Amillepora11849","Amillepora11849-RA",13.6706859278735,TRUE,1662
"Amillepora11855",0.854748570640475,"chr7:11993500-11993900","Promoter (2-3kb)",-2976,"chr7",11993500,11993900,401,"*",2.99036513115581,0.603385792142137,0,8.54867848716484,7,11988429,11990524,2096,2,"Amillepora11855","Amillepora11855-RA",11.8124483309869,TRUE,2976
"Amillepora11897",0.688274975212605,"chr7:12359460-12359860","Promoter (2-3kb)",2191,"chr7",12359460,12359860,401,"*",2.99036513115581,10.2575584664163,4.9623483660604,34.9071038225898,7,12357269,12363081,5813,1,"Amillepora11897","Amillepora11897-RA",60.1896200504384,TRUE,2191
"Amillepora11906",42.7621123974647,"chr7:12457353-12457753","Promoter (<=1kb)",-306,"chr7",12457353,12457753,401,"*",2.99036513115581,1.20677158428427,8.27058061010067,16.3849671003993,7,12458059,12461872,3814,1,"Amillepora11906","Amillepora11906-RA",32.1052165063291,TRUE,306
"Amillepora11907",0.479533187659282,"chr7:12524314-12524714","Promoter (2-3kb)",2313,"chr7",12524314,12524714,401,"*",5.98073026231162,3.62031475285282,6.61646448808054,19.9469164700513,7,12508381,12527027,18647,2,"Amillepora11907","Amillepora11907-RA",37.7327375133491,TRUE,2313
"Amillepora11991",0.328046132808743,"chr7:13727184-13727584","Promoter (<=1kb)",0,"chr7",13727184,13727584,401,"*",20.9325559180907,35.5997617363861,31.4282063183826,36.3318835704506,7,13725925,13727523,1599,2,"Amillepora11991","Amillepora11991-RA",125.60130863847,TRUE,0
"Amillepora11993",0.450067914101497,"chr7:13740458-13740858","Promoter (<=1kb)",0,"chr7",13740458,13740858,401,"*",14.951825655779,2.41354316856855,26.4658579523221,14.9601873525385,7,13738228,13740738,2511,2,"Amillepora11993","Amillepora11993-RA",56.9209544890327,TRUE,0
"Amillepora12013",0.177052823769931,"chr7:13945774-13946174","Promoter (2-3kb)",2595,"chr7",13945774,13946174,401,"*",14.951825655779,10.8609442585585,14.8870450981812,9.26106836109524,7,13947101,13948769,1669,2,"Amillepora12013","Amillepora12013-RA",44.7500153453209,TRUE,2595
"Amillepora12030",209.168851272986,"chr7:14066101-14066501","Promoter (1-2kb)",-1531,"chr7",14066101,14066501,401,"*",80.7398585412068,27.1523606463961,43.0070191725235,40.606222814033,7,14053202,14064570,11369,2,"Amillepora12030","Amillepora12030-RA",151.231907896916,TRUE,1531
"Amillepora12068",7.87333195617174,"chr7:14607148-14607548","Promoter (<=1kb)",989,"chr7",14607148,14607548,401,"*",2.99036513115581,3.01692896071068,6.61646448808054,0,7,14592974,14608537,15564,2,"Amillepora12068","Amillepora12068-RA",12.033280825855,TRUE,989
"Amillepora12103",0.237442817203018,"chr7:14839972-14840372","Promoter (2-3kb)",2454,"chr7",14839972,14840372,401,"*",11.9614605246232,1.20677158428427,18.1952773422215,22.7964759657729,7,14841410,14842826,1417,2,"Amillepora12103","Amillepora12103-RA",54.3256307402812,TRUE,2454
"Amillepora12172",0.168890063503463,"chr7:15593080-15593480","Promoter (2-3kb)",-2671,"chr7",15593080,15593480,401,"*",14.951825655779,1.81015737642641,1.65411612202013,7.83628861323444,7,15596151,15599677,3527,1,"Amillepora12172","Amillepora12172-RA",17.2800549867686,TRUE,2671
"Amillepora12206",0.348628168255678,"chr7:16121557-16121957","Promoter (1-2kb)",1280,"chr7",16121557,16121957,401,"*",0,3.62031475285282,4.9623483660604,2.13716962179121,7,16120277,16132733,12457,1,"Amillepora12206","Amillepora12206-RA",12.4931264054566,TRUE,1280
"Amillepora12208",0.219654991426671,"chr7:16159820-16160220","Promoter (<=1kb)",154,"chr7",16159820,16160220,401,"*",2.99036513115581,0,4.9623483660604,3.56194936965202,7,16146312,16160374,14063,2,"Amillepora12208","Amillepora12208-RA",11.1642877241344,TRUE,154
"Amillepora12212",1.15127939084457,"chr7:16178113-16178513","Promoter (2-3kb)",2038,"chr7",16178113,16178513,401,"*",0,8.44740108998991,6.61646448808054,4.98672911751282,7,16171253,16180551,9299,2,"Amillepora12212","Amillepora12212-RA",23.0858074746376,TRUE,2038
"Amillepora12222",26.3498048985942,"chr7:16331600-16332000","Promoter (<=1kb)",-861,"chr7",16331600,16332000,401,"*",0,0,16.5411612202013,9.97345823502565,7,16314391,16330739,16349,2,"Amillepora12222","Amillepora12222-RA",32.3672016611473,TRUE,861
"Amillepora12243",0.233232733016923,"chr7:16550776-16551176","Promoter (<=1kb)",-225,"chr7",16550776,16551176,401,"*",2.99036513115581,0,1.65411612202013,9.26106836109524,7,16551401,16552972,1572,1,"Amillepora12243","Amillepora12243-RA",14.0645780325473,TRUE,225
"Amillepora12244",2.34153690607911,"chr7:16556413-16556813","Promoter (<=1kb)",552,"chr7",16556413,16556813,401,"*",38.8747467050255,28.9625180228226,59.5481803927248,68.3894278973187,7,16555861,16557751,1891,1,"Amillepora12244","Amillepora12244-RA",196.572930570522,TRUE,552
"Amillepora12259",1.92547545186726,"chr7:16829561-16829961","Promoter (1-2kb)",-1766,"chr7",16829561,16829961,401,"*",23.9229210492465,58.5284218377872,8.27058061010067,66.9646481494579,7,16801740,16827795,26056,2,"Amillepora12259","Amillepora12259-RA",159.601703030048,TRUE,1766
"Amillepora12273",1.16853986734232,"chr7:16930252-16930652","Promoter (2-3kb)",2492,"chr7",16930252,16930652,401,"*",0,2.41354316856855,8.27058061010067,15.6725772264689,7,16927760,16933168,5409,1,"Amillepora12273","Amillepora12273-RA",31.752332187366,TRUE,2492
"Amillepora12325",0.243382053363438,"chr7:17424716-17425116","Promoter (1-2kb)",-1169,"chr7",17424716,17425116,401,"*",0,0.603385792142137,16.5411612202013,0,7,17422040,17423547,1508,2,"Amillepora12325","Amillepora12325-RA",20.8534846048453,TRUE,1169
"Amillepora12407",12.0359509242202,"chr7:18319395-18319795","Promoter (2-3kb)",2578,"chr7",18319395,18319795,401,"*",2.99036513115581,1.20677158428427,11.5788128541409,9.97345823502565,7,18318985,18322373,3389,2,"Amillepora12407","Amillepora12407-RA",28.3369881756346,TRUE,2578
"Amillepora12441",4.63339657375384,"chr7:18599734-18600134","Promoter (<=1kb)",-178,"chr7",18599734,18600134,401,"*",2.99036513115581,13.274487427127,6.61646448808054,3.56194936965202,7,18600312,18607157,6846,1,"Amillepora12441","Amillepora12441-RA",27.209030283173,TRUE,178
"Amillepora12447",34.7868615621359,"chr7:18680433-18680833","Promoter (1-2kb)",1547,"chr7",18680433,18680833,401,"*",11.9614605246232,0.603385792142137,4.9623483660604,7.12389873930403,7,18671744,18682380,10637,2,"Amillepora12447","Amillepora12447-RA",18.4207235150793,TRUE,1547
"Amillepora12453",16.0923373597081,"chr7:18720811-18721211","Promoter (1-2kb)",-1941,"chr7",18720811,18721211,401,"*",2.99036513115581,4.82708633713709,9.92469673212081,12.1106278568169,7,18723152,18742900,19749,1,"Amillepora12453","Amillepora12453-RA",32.7436868414098,TRUE,1941
"Amillepora12468",63.7229721169206,"chr7:18891849-18892249","Promoter (<=1kb)",0,"chr7",18891849,18892249,401,"*",107.653144721609,15.0846448035534,34.7364385624228,49.8672911751282,7,18892198,18923165,30968,1,"Amillepora12468","Amillepora12468-RA",146.496753670825,TRUE,0
"Amillepora12522",0.244532424320968,"chr7:19552983-19553383","Promoter (1-2kb)",1610,"chr7",19552983,19553383,401,"*",8.97109539346742,6.03385792142137,0,7.12389873930403,7,19550675,19554993,4319,2,"Amillepora12522","Amillepora12522-RA",17.3328632031289,TRUE,1610
"Amillepora12623",0.528985831930395,"chr7:20829826-20830226","Promoter (1-2kb)",-1447,"chr7",20829826,20830226,401,"*",35.8843815738697,35.5997617363861,13.2329289761611,34.9071038225898,7,20831673,20833047,1375,1,"Amillepora12623","Amillepora12623-RA",105.426640349607,TRUE,1447
"Amillepora12639",3.67705254216503,"chr7:20938817-20939217","Promoter (<=1kb)",948,"chr7",20938817,20939217,401,"*",5.98073026231162,18.7049595564062,52.9317159046443,27.7832050832857,7,20937869,20940950,3082,1,"Amillepora12639","Amillepora12639-RA",119.820431327261,TRUE,948
"Amillepora12674",154.491131613281,"chr7:21313599-21313999","Promoter (<=1kb)",-937,"chr7",21313599,21313999,401,"*",50.8362072296487,12.0677158428427,31.4282063183826,22.7964759657729,7,21314936,21322260,7325,1,"Amillepora12674","Amillepora12674-RA",91.8490593247389,TRUE,937
"Amillepora12675",49.4534889030605,"chr7:21334380-21334780","Promoter (1-2kb)",-1261,"chr7",21334380,21334780,401,"*",0,0,4.9623483660604,0,7,21336041,21350864,14824,1,"Amillepora12675","Amillepora12675-RA",6.06482080476108,TRUE,1261
"Amillepora12682",97.2517147302896,"chr7:21476477-21476877","Promoter (<=1kb)",0,"chr7",21476477,21476877,401,"*",23.9229210492465,31.9794469835332,33.0823224404027,37.7566633183114,7,21476723,21488021,11299,1,"Amillepora12682","Amillepora12682-RA",126.294076892068,TRUE,0
"Amillepora12693",0.607688132458356,"chr7:21635461-21635861","Promoter (<=1kb)",0,"chr7",21635461,21635861,401,"*",14.951825655779,2.41354316856855,14.8870450981812,14.2477974786081,7,21635746,21644246,8501,1,"Amillepora12693","Amillepora12693-RA",41.9017679223085,TRUE,0
"Amillepora12715",0.232308303399629,"chr7:21918977-21919377","Promoter (<=1kb)",945,"chr7",21918977,21919377,401,"*",8.97109539346742,38.0133049049546,38.0446708064631,37.044273444381,7,21919390,21920322,933,2,"Amillepora12715","Amillepora12715-RA",134.06622819114,TRUE,945
"Amillepora12728",1.07922909297683,"chr7:22051087-22051487","Promoter (1-2kb)",-1083,"chr7",22051087,22051487,401,"*",0,0.603385792142137,9.92469673212081,14.9601873525385,7,22052570,22077968,25399,1,"Amillepora12728","Amillepora12728-RA",30.9937553330795,TRUE,1083
"Amillepora12736",411.160652101514,"chr7:22168177-22168577","Promoter (<=1kb)",-723,"chr7",22168177,22168577,401,"*",0,0,8.27058061010067,0,7,22169300,22173931,4632,1,"Amillepora12736","Amillepora12736-RA",10.1080346746018,TRUE,723
"Amillepora12757",1016.86543084605,"chr7:22435840-22436240","Promoter (<=1kb)",0,"chr7",22435840,22436240,401,"*",71.7687631477394,20.5151169328326,46.3152514165638,45.5929519315458,7,22407393,22436097,28705,2,"Amillepora12757","Amillepora12757-RA",152.059789686775,TRUE,0
"Amillepora12761",0.587523025570679,"chr7:22477703-22478103","Promoter (<=1kb)",315,"chr7",22477703,22478103,401,"*",20.9325559180907,66.372437135635,9.92469673212081,48.4425114272674,7,22477388,22478563,1176,1,"Amillepora12761","Amillepora12761-RA",146.583542901022,TRUE,315
"Amillepora12762",1.52603616167966,"chr7:22479323-22479723","Promoter (<=1kb)",-800,"chr7",22479323,22479723,401,"*",14.951825655779,9.65417267427418,9.92469673212081,28.4955949572161,7,22480523,22482118,1596,1,"Amillepora12762","Amillepora12762-RA",60.844690630882,TRUE,800
"Amillepora12767",8.80718261878884,"chr7:22538525-22538925","Promoter (1-2kb)",1989,"chr7",22538525,22538925,401,"*",0,7.84401529784777,4.9623483660604,7.12389873930403,7,22536536,22541829,5294,1,"Amillepora12767","Amillepora12767-RA",23.0305993509205,TRUE,1989
"Amillepora12774",5.03973449810054,"chr7:22624519-22624919","Promoter (<=1kb)",0,"chr7",22624519,22624919,401,"*",47.8458420984929,2.41354316856855,18.1952773422215,12.8230177307473,7,22624755,22635120,10366,1,"Amillepora12774","Amillepora12774-RA",52.5666506351997,TRUE,0
"Amillepora12793",4.17133836353626,"chr7:22914371-22914771","Promoter (<=1kb)",0,"chr7",22914371,22914771,401,"*",56.8169374919603,17.498187972122,29.7740901963624,35.6194936965202,7,22905834,22914408,8575,2,"Amillepora12793","Amillepora12793-RA",112.706627707594,TRUE,0
"Amillepora12813",8.11879011066926,"chr7:23079119-23079519","Promoter (<=1kb)",0,"chr7",23079119,23079519,401,"*",11.9614605246232,1.81015737642641,1.65411612202013,16.3849671003993,7,23076022,23079383,3362,2,"Amillepora12813","Amillepora12813-RA",26.9355344461841,TRUE,0
"Amillepora12849",5.78313879531242,"chr7:23574330-23574730","Promoter (1-2kb)",1986,"chr7",23574330,23574730,401,"*",17.9421907869348,16.8948021799798,11.5788128541409,20.6593063439817,7,23572344,23604809,32466,1,"Amillepora12849","Amillepora12849-RA",61.7277391963694,TRUE,1986
"Amillepora12910",45.7945869053393,"chr12:15052-15452","Promoter (1-2kb)",-1100,"chr12",15052,15452,401,"*",8.97109539346742,10.8609442585585,0,27.7832050832857,12,16552,20412,3861,1,"Amillepora12910","Amillepora12910-RA",47.6023878944319,TRUE,1100
"Amillepora12914",0.806391821905057,"chr12:37124-37524","Promoter (<=1kb)",-104,"chr12",37124,37524,401,"*",11.9614605246232,9.05078688213205,9.92469673212081,2.84955949572161,12,37628,39603,1976,1,"Amillepora12914","Amillepora12914-RA",28.2017297651345,TRUE,104
"Amillepora12937",0.952565161445909,"chr12:305953-306353","Promoter (<=1kb)",-569,"chr12",305953,306353,401,"*",11.9614605246232,21.1185027249748,9.92469673212081,20.6593063439817,12,306922,310474,3553,1,"Amillepora12937","Amillepora12937-RA",62.6484854350115,TRUE,569
"Amillepora12980",106.0441564976,"chr12:802552-802952","Promoter (<=1kb)",0,"chr12",802552,802952,401,"*",68.7783980165836,21.7218885171169,26.4658579523221,37.7566633183114,12,798815,802582,3768,2,"Amillepora12980","Amillepora12980-RA",118.76824192595,TRUE,0
"Amillepora12991",0.402798920385415,"chr12:892034-892434","Promoter (2-3kb)",2261,"chr12",892034,892434,401,"*",0,0.603385792142137,6.61646448808054,7.12389873930403,12,889737,894695,4959,2,"Amillepora12991","Amillepora12991-RA",17.4032232181401,TRUE,2261
"Amillepora13009",2.45423008409605,"chr12:1044263-1044663","Promoter (1-2kb)",-1271,"chr12",1044263,1044663,401,"*",0,0.603385792142137,4.9623483660604,2.13716962179121,12,1035429,1042992,7564,2,"Amillepora13009","Amillepora13009-RA",9.3060501272479,TRUE,1271
"Amillepora13033",51.1652785241951,"chr12:1275968-1276368","Promoter (<=1kb)",0,"chr12",1275968,1276368,401,"*",89.7109539346742,16.8948021799798,39.6987869284832,40.606222814033,12,1255055,1276148,21094,2,"Amillepora13033","Amillepora13033-RA",138.63196510506,TRUE,0
"Amillepora13041",24.1655403728406,"chr12:1393440-1393840","Promoter (<=1kb)",-806,"chr12",1393440,1393840,401,"*",32.8940164427139,44.6505486185181,14.8870450981812,17.8097468482601,12,1394646,1408543,13898,1,"Amillepora13041","Amillepora13041-RA",95.4191867764277,TRUE,806
"Amillepora13053",32.7290265093942,"chr12:1520538-1520938","Promoter (<=1kb)",0,"chr12",1520538,1520938,401,"*",50.8362072296487,63.3555081749243,38.0446708064631,22.0840860918425,12,1513498,1520880,7383,2,"Amillepora13053","Amillepora13053-RA",153.247845771686,TRUE,0
"Amillepora13077",17.7540418750548,"chr12:1783145-1783545","Promoter (1-2kb)",1589,"chr12",1783145,1783545,401,"*",8.97109539346742,8.44740108998991,9.92469673212081,3.56194936965202,12,1779141,1785134,5994,2,"Amillepora13077","Amillepora13077-RA",27.6724757238096,TRUE,1589
"Amillepora13080",312.542439674435,"chr12:1825833-1826233","Promoter (1-2kb)",1667,"chr12",1825833,1826233,401,"*",134.566430902011,22.9286601014012,29.7740901963624,42.7433924358242,12,1822282,1827900,5619,2,"Amillepora13080","Amillepora13080-RA",146.876942238274,TRUE,1667
"Amillepora13095",9.67961901524145,"chr12:2000529-2000929","Promoter (<=1kb)",0,"chr12",2000529,2000929,401,"*",152.508621688946,10.2575584664163,36.390554684443,42.7433924358242,12,2000536,2014499,13964,1,"Amillepora13095","Amillepora13095-RA",146.136310457268,TRUE,0
"Amillepora13104",21.5474534954495,"chr12:2126989-2127389","Promoter (2-3kb)",-2517,"chr12",2126989,2127389,401,"*",20.9325559180907,15.0846448035534,107.517547931309,40.606222814033,12,2112855,2124472,11618,2,"Amillepora13104","Amillepora13104-RA",202.130737086678,TRUE,2517
"Amillepora13107",20.1140642387378,"chr12:2190784-2191184","Promoter (2-3kb)",2897,"chr12",2190784,2191184,401,"*",14.951825655779,1.81015737642641,4.9623483660604,9.97345823502565,12,2187887,2197086,9200,1,"Amillepora13107","Amillepora13107-RA",23.9270829234544,TRUE,2897
"Amillepora13120",3.44244811176989,"chr12:2324806-2325206","Promoter (<=1kb)",0,"chr12",2324806,2325206,401,"*",83.7302236723626,9.05078688213205,21.5035095862617,42.7433924358242,12,2315531,2324828,9298,2,"Amillepora13120","Amillepora13120-RA",109.192150948509,TRUE,0
"Amillepora13143",52.3253683612971,"chr12:2613178-2613578","Promoter (1-2kb)",-1533,"chr12",2613178,2613578,401,"*",8.97109539346742,10.2575584664163,8.27058061010067,7.83628861323444,12,2615111,2628623,13513,1,"Amillepora13143","Amillepora13143-RA",32.7707426895046,TRUE,1533
"Amillepora13146",26.2813007132628,"chr12:2655733-2656133","Promoter (2-3kb)",-2036,"chr12",2655733,2656133,401,"*",2.99036513115581,3.62031475285282,3.30823224404027,6.41150886537363,12,2641587,2653697,12111,2,"Amillepora13146","Amillepora13146-RA",16.4389244121913,TRUE,2036
"Amillepora13147",1.90586958315227,"chr12:2680295-2680695","Promoter (1-2kb)",-1255,"chr12",2680295,2680695,401,"*",17.9421907869348,0.603385792142137,6.61646448808054,0.712389873930403,12,2669259,2679040,9782,2,"Amillepora13147","Amillepora13147-RA",14.1504418653942,TRUE,1255
"Amillepora13159",97.7617823480958,"chr12:2832796-2833196","Promoter (2-3kb)",2584,"chr12",2832796,2833196,401,"*",35.8843815738697,101.368813079879,43.0070191725235,56.9911899144323,12,2830212,2841996,11785,1,"Amillepora13159","Amillepora13159-RA",238.199906733855,TRUE,2584
"Amillepora13166",1.9974286818954,"chr12:2918984-2919384","Promoter (2-3kb)",-2755,"chr12",2918984,2919384,401,"*",0,6.03385792142137,1.65411612202013,6.41150886537363,12,2922139,2929495,7357,1,"Amillepora13166","Amillepora13166-RA",16.2072016918729,TRUE,2755
"Amillepora13168",0.574343785810268,"chr12:2940949-2941349","Promoter (2-3kb)",2296,"chr12",2940949,2941349,401,"*",29.9036513115581,0,9.92469673212081,12.1106278568169,12,2937409,2943645,6237,2,"Amillepora13168","Amillepora13168-RA",34.4823560679599,TRUE,2296
"Amillepora13177",4.58005054115901,"chr12:3065133-3065533","Promoter (2-3kb)",-2914,"chr12",3065133,3065533,401,"*",5.98073026231162,4.22370054499496,28.1199740743423,74.8009367626923,12,3044486,3062219,17734,2,"Amillepora13177","Amillepora13177-RA",131.482270638646,TRUE,2914
"Amillepora13185",21.3454981383729,"chr12:3151077-3151477","Promoter (<=1kb)",0,"chr12",3151077,3151477,401,"*",65.7880328854278,19.3083453485484,26.4658579523221,48.4425114272674,12,3145810,3151199,5390,2,"Amillepora13185","Amillepora13185-RA",128.477874429644,TRUE,0
"Amillepora13193",7.84433740626454,"chr12:3246875-3247275","Promoter (<=1kb)",-79,"chr12",3246875,3247275,401,"*",59.8073026231162,24.7388174778276,34.7364385624228,20.6593063439817,12,3237131,3246796,9666,2,"Amillepora13193","Amillepora13193-RA",108.953509920106,TRUE,79
"Amillepora13223",16.6344098357634,"chr12:3548902-3549302","Promoter (<=1kb)",-466,"chr12",3548902,3549302,401,"*",5.98073026231162,0.603385792142137,8.27058061010067,13.5354076046777,12,3549768,3555514,5747,1,"Amillepora13223","Amillepora13223-RA",28.7558259695255,TRUE,466
"Amillepora13268",0.722692906873037,"chr12:4072246-4072646","Promoter (2-3kb)",-2820,"chr12",4072246,4072646,401,"*",0,3.62031475285282,3.30823224404027,5.69911899144323,12,4067209,4069426,2218,2,"Amillepora13268","Amillepora13268-RA",14.8112095819447,TRUE,2820
"Amillepora13275",49.3017926360313,"chr12:4208975-4209375","Promoter (<=1kb)",0,"chr12",4208975,4209375,401,"*",56.8169374919603,27.1523606463961,36.390554684443,51.292070922989,12,4171312,4209038,37727,2,"Amillepora13275","Amillepora13275-RA",150.086336027741,TRUE,0
"Amillepora13278",0.554351316418366,"chr12:4273846-4274246","Promoter (1-2kb)",1540,"chr12",4273846,4274246,401,"*",0,6.03385792142137,1.65411612202013,4.27433924358242,12,4271582,4275786,4205,2,"Amillepora13278","Amillepora13278-RA",13.6033876250279,TRUE,1540
"Amillepora13310",3.37186943619555,"chr12:4618508-4618908","Promoter (2-3kb)",-2764,"chr12",4618508,4618908,401,"*",17.9421907869348,2.41354316856855,29.7740901963624,1.42477974786081,12,4621672,4631933,10262,1,"Amillepora13310","Amillepora13310-RA",45.2331227434862,TRUE,2764
"Amillepora13344",1.14425606592548,"chr12:5080318-5080718","Promoter (<=1kb)",472,"chr12",5080318,5080718,401,"*",5.98073026231162,15.6880305956955,14.8870450981812,17.0973569743297,12,5071584,5081190,9607,2,"Amillepora13344","Amillepora13344-RA",57.1173252116587,TRUE,472
"Amillepora13453",28.889145281954,"chr12:5708469-5708869","Promoter (<=1kb)",17,"chr12",5708469,5708869,401,"*",56.8169374919603,18.7049595564062,26.4658579523221,49.1549013011978,12,5691599,5708886,17288,2,"Amillepora13453","Amillepora13453-RA",126.429066772389,TRUE,17
"Amillepora13457",0.548824594788043,"chr12:5755262-5755662","Promoter (<=1kb)",-313,"chr12",5755262,5755662,401,"*",8.97109539346742,14.4812590114113,18.1952773422215,10.685848108956,12,5755975,5760443,4469,1,"Amillepora13457","Amillepora13457-RA",52.8340431776457,TRUE,313
"Amillepora13459",0.345491447871649,"chr12:5779910-5780310","Promoter (2-3kb)",-2017,"chr12",5779910,5780310,401,"*",2.99036513115581,0.603385792142137,8.27058061010067,7.12389873930403,12,5782327,5786074,3748,1,"Amillepora13459","Amillepora13459-RA",20.1846069610254,TRUE,2017
"Amillepora13498",2.43596849041947,"chr12:6324094-6324494","Promoter (<=1kb)",0,"chr12",6324094,6324494,401,"*",194.373733525127,29.5659038149647,31.4282063183826,47.730121553337,12,6324449,6328116,3668,1,"Amillepora13498","Amillepora13498-RA",177.181219300523,TRUE,0
"Amillepora13501",355.956883045411,"chr12:6348363-6348763","Promoter (<=1kb)",-239,"chr12",6348363,6348763,401,"*",221.28701970553,16.2914163878377,34.7364385624228,48.4425114272674,12,6347393,6348124,732,2,"Amillepora13501","Amillepora13501-RA",174.907226840211,TRUE,239
"Amillepora13508",0.63017966642343,"chr12:6492213-6492613","Promoter (<=1kb)",0,"chr12",6492213,6492613,401,"*",5.98073026231162,47.0640917870866,13.2329289761611,13.5354076046777,12,6492312,6493124,813,1,"Amillepora13508","Amillepora13508-RA",83.9016214587001,TRUE,0
"Amillepora13518",0.251807820266019,"chr12:6603280-6603680","Promoter (<=1kb)",858,"chr12",6603280,6603680,401,"*",2.99036513115581,21.7218885171169,0,7.83628861323444,12,6602422,6603279,858,1,"Amillepora13518","Amillepora13518-RA",33.2540442561659,TRUE,858
"Amillepora13566",0.420895355489372,"chr12:7293166-7293566","Promoter (<=1kb)",896,"chr12",7293166,7293566,401,"*",2.99036513115581,3.01692896071068,4.9623483660604,4.27433924358242,12,7292270,7293460,1191,1,"Amillepora13566","Amillepora13566-RA",15.2193020246248,TRUE,896
"Amillepora13601",0.253221525621201,"chr12:7748518-7748918","Promoter (<=1kb)",0,"chr12",7748518,7748918,401,"*",32.8940164427139,45.8573202028024,34.7364385624228,34.1947139486594,12,7748577,7750910,2334,1,"Amillepora13601","Amillepora13601-RA",140.915875019234,TRUE,0
"Amillepora13640",0.283405536488176,"chr12:8264039-8264439","Promoter (2-3kb)",-2398,"chr12",8264039,8264439,401,"*",2.99036513115581,0,6.61646448808054,0,12,8266837,8272237,5401,1,"Amillepora13640","Amillepora13640-RA",8.84620454764634,TRUE,2398
"Amillepora13645",11.5815425530156,"chr12:8325369-8325769","Promoter (1-2kb)",-1548,"chr12",8325369,8325769,401,"*",11.9614605246232,0,0,6.41150886537363,12,8327317,8330416,3100,1,"Amillepora13645","Amillepora13645-RA",10.8505494323948,TRUE,1548
"Amillepora13675",0.139127920653613,"chr12:8651694-8652094","Promoter (1-2kb)",-1913,"chr12",8651694,8652094,401,"*",8.97109539346742,3.62031475285282,19.8493934642416,0.712389873930403,12,8654007,8654621,615,1,"Amillepora13675","Amillepora13675-RA",31.2310431990711,TRUE,1913
"Amillepora13712",12.4969199640529,"chr12:8989696-8990096","Promoter (<=1kb)",0,"chr12",8989696,8990096,401,"*",194.373733525127,24.1354316856855,29.7740901963624,67.6770380233883,12,8989914,8999122,9209,1,"Amillepora13712","Amillepora13712-RA",193.725139688714,TRUE,0
"Amillepora13826",1.19106704631745,"chr12:10140373-10140773","Promoter (<=1kb)",405,"chr12",10140373,10140773,401,"*",0,19.3083453485484,0,0,12,10139968,10141743,1776,1,"Amillepora13826","Amillepora13826-RA",20.3972881805355,TRUE,405
"Amillepora13842",2.11690035127437,"chr12:10442921-10443321","Promoter (1-2kb)",1275,"chr12",10442921,10443321,401,"*",11.9614605246232,77.2333813941935,74.435225490906,46.3053418054762,12,10442403,10444596,2194,2,"Amillepora13842","Amillepora13842-RA",232.016543473728,TRUE,1275
"Amillepora13850",0.723379895010256,"chr12:10557489-10557889","Promoter (1-2kb)",1196,"chr12",10557489,10557889,401,"*",2.99036513115581,27.7557464385383,6.61646448808054,30.6327645790073,12,10557313,10559085,1773,2,"Amillepora13850","Amillepora13850-RA",75.4886412652789,TRUE,1196
"Amillepora13860",1.02381346542728,"chr12:10672670-10673070","Promoter (2-3kb)",-2104,"chr12",10672670,10673070,401,"*",5.98073026231162,0,4.9623483660604,2.84955949572161,12,10675174,10675884,711,1,"Amillepora13860","Amillepora13860-RA",11.0561265098176,TRUE,2104
"Amillepora13874",1.06267662998507,"chr12:10830343-10830743","Promoter (1-2kb)",1074,"chr12",10830343,10830743,401,"*",44.8554769673371,111.022985754153,46.3152514165638,35.6194936965202,12,10825268,10831817,6550,2,"Amillepora13874","Amillepora13874-RA",228.682954449407,TRUE,1074
"Amillepora13876",0.220001117284261,"chr12:10847488-10847888","Promoter (<=1kb)",886,"chr12",10847488,10847888,401,"*",14.951825655779,5.43047212927923,4.9623483660604,16.3849671003993,12,10841124,10848774,7651,2,"Amillepora13876","Amillepora13876-RA",35.5630166578401,TRUE,886
"Amillepora13903",8.41041984149362,"chr12:11184301-11184701","Promoter (<=1kb)",748,"chr12",11184301,11184701,401,"*",59.8073026231162,100.765427287737,44.6611352945436,99.022192476326,12,11182337,11185449,3113,2,"Amillepora13903","Amillepora13903-RA",296.870656191473,TRUE,748
"Amillepora13923",1.01444041816127,"chr12:11325573-11325973","Promoter (<=1kb)",238,"chr12",11325573,11325973,401,"*",80.7398585412068,92.921411989889,33.0823224404027,64.1150886537363,12,11325335,11327631,2297,1,"Amillepora13923","Amillepora13923-RA",237.222483887639,TRUE,238
"Amillepora13974",1.6812565029739,"chr12:12114436-12114836","Promoter (2-3kb)",-2876,"chr12",12114436,12114836,401,"*",0,7.84401529784777,0,4.27433924358242,12,12117712,12118885,1174,1,"Amillepora13974","Amillepora13974-RA",13.4940264570327,TRUE,2876
"Amillepora14017",0.692121890679809,"chr12:12662396-12662796","Promoter (2-3kb)",2273,"chr12",12662396,12662796,401,"*",0,0,4.9623483660604,4.27433924358242,12,12660123,12666135,6013,1,"Amillepora14017","Amillepora14017-RA",11.2724489384512,TRUE,2273
"Amillepora14052",11.9704457457899,"chr12:13075960-13076360","Promoter (2-3kb)",-2102,"chr12",13075960,13076360,401,"*",0,7.24062950570564,1.65411612202013,1.42477974786081,12,13078462,13087859,9398,1,"Amillepora14052","Amillepora14052-RA",11.4064660471846,TRUE,2102
"Amillepora14072",1.94973491554188,"chr12:13301556-13301956","Promoter (<=1kb)",169,"chr12",13301556,13301956,401,"*",29.9036513115581,66.9758229277772,16.5411612202013,22.0840860918425,12,13301387,13306746,5360,1,"Amillepora14072","Amillepora14072-RA",125.473009495817,TRUE,169
"Amillepora14097",3.59440540193423,"chr12:13773866-13774266","Promoter (2-3kb)",-2327,"chr12",13773866,13774266,401,"*",11.9614605246232,0,11.5788128541409,0,12,13776593,13782496,5904,1,"Amillepora14097","Amillepora14097-RA",17.190355776302,TRUE,2327
"Amillepora14103",4.17731088192245,"chr12:13879650-13880050","Promoter (<=1kb)",0,"chr12",13879650,13880050,401,"*",125.595335508544,14.4812590114113,33.0823224404027,29.2079848311465,12,13874252,13879736,5485,2,"Amillepora14103","Amillepora14103-RA",123.226189681884,TRUE,0
"Amillepora14147",2.13424275677335,"chr12:14487514-14487914","Promoter (1-2kb)",-1271,"chr12",14487514,14487914,401,"*",0,0,13.2329289761611,0.712389873930403,12,14489185,14494989,5805,1,"Amillepora14147","Amillepora14147-RA",17.0407935016446,TRUE,1271
"Amillepora14148",33.7487220003957,"chr12:14514291-14514691","Promoter (<=1kb)",-237,"chr12",14514291,14514691,401,"*",77.749493410051,22.325274309259,3.30823224404027,17.0973569743297,12,14500889,14514054,13166,2,"Amillepora14148","Amillepora14148-RA",68.2122878704326,TRUE,237
"Amillepora14152",0.426473363287746,"chr12:14537923-14538323","Promoter (<=1kb)",275,"chr12",14537923,14538323,401,"*",11.9614605246232,1.81015737642641,11.5788128541409,12.8230177307473,12,14536309,14538598,2290,2,"Amillepora14152","Amillepora14152-RA",34.7254859442978,TRUE,275
"Amillepora14187",0.92384562074268,"chr12:14982592-14982992","Promoter (2-3kb)",-2289,"chr12",14982592,14982992,401,"*",0,13.8778732192691,13.2329289761611,4.27433924358242,12,14985281,14987522,2242,1,"Amillepora14187","Amillepora14187-RA",36.0410344928129,TRUE,2289
"Amillepora14189",0.346026852228386,"chr12:14991875-14992275","Promoter (2-3kb)",-2412,"chr12",14991875,14992275,401,"*",8.97109539346742,1.20677158428427,0,4.27433924358242,12,14994687,14995583,897,1,"Amillepora14189","Amillepora14189-RA",8.76178906886829,TRUE,2412
"Amillepora14216",1.58543457160271,"chr12:15262174-15262574","Promoter (1-2kb)",1408,"chr12",15262174,15262574,401,"*",0,4.22370054499496,8.27058061010067,2.84955949572161,12,15260766,15268757,7992,1,"Amillepora14216","Amillepora14216-RA",18.0416935532207,TRUE,1408
"Amillepora14275",2.2990587177755,"chr12:16108906-16109306","Promoter (<=1kb)",0,"chr12",16108906,16109306,401,"*",0,13.274487427127,21.5035095862617,11.3982379828865,12,16109251,16111481,2231,1,"Amillepora14275","Amillepora14275-RA",54.1910341345899,TRUE,0
"Amillepora14284",4.41850752600501,"chr12:16290187-16290587","Promoter (1-2kb)",1730,"chr12",16290187,16290587,401,"*",8.97109539346742,27.7557464385383,18.1952773422215,13.5354076046777,12,16288457,16301285,12829,1,"Amillepora14284","Amillepora14284-RA",70.3289308908907,TRUE,1730
"Amillepora14305",2.56304626952006,"chr12:16526713-16527113","Promoter (<=1kb)",-805,"chr12",16526713,16527113,401,"*",8.97109539346742,0,4.9623483660604,13.5354076046777,12,16523832,16525908,2077,2,"Amillepora14305","Amillepora14305-RA",24.834973652008,TRUE,805
"Amillepora14340",1.15855539425103,"chr12:16974941-16975341","Promoter (<=1kb)",-103,"chr12",16974941,16975341,401,"*",50.8362072296487,13.274487427127,16.5411612202013,29.2079848311465,12,16965621,16974838,9218,2,"Amillepora14340","Amillepora14340-RA",82.7408696222742,TRUE,103
"Amillepora14346",1.34648219368795,"chr12:17028442-17028842","Promoter (<=1kb)",-637,"chr12",17028442,17028842,401,"*",2.99036513115581,25.9455890621119,3.30823224404027,0,12,17016907,17027805,10899,2,"Amillepora14346","Amillepora14346-RA",32.2118466704002,TRUE,637
"Amillepora14358",1.92125965127828,"chr12:17163049-17163449","Promoter (1-2kb)",-1712,"chr12",17163049,17163449,401,"*",2.99036513115581,7.84401529784777,1.65411612202013,2.13716962179121,12,17165161,17175499,10339,1,"Amillepora14358","Amillepora14358-RA",13.6715961330729,TRUE,1712
"Amillepora14379",6.31478868124576,"chr12:17397550-17397950","Promoter (<=1kb)",-664,"chr12",17397550,17397950,401,"*",5.98073026231162,1.81015737642641,18.1952773422215,7.83628861323444,12,17391573,17396886,5314,2,"Amillepora14379","Amillepora14379-RA",35.2167939120776,TRUE,664
"Amillepora14381",21.45294130576,"chr12:17407072-17407472","Promoter (2-3kb)",-2977,"chr12",17407072,17407472,401,"*",5.98073026231162,0,0,0,12,17410449,17424514,14066,1,"Amillepora14381","Amillepora14381-RA",1.51955361592978,TRUE,2977
"Amillepora14382",0.289299711528241,"chr12:17426683-17427083","Promoter (1-2kb)",1946,"chr12",17426683,17427083,401,"*",2.99036513115581,0,9.92469673212081,9.26106836109524,12,17424737,17426205,1469,1,"Amillepora14382","Amillepora14382-RA",24.1726127071491,TRUE,1946
"Amillepora14407",2.03532845292781,"chr12:17710682-17711082","Promoter (2-3kb)",2896,"chr12",17710682,17711082,401,"*",2.99036513115581,36.8065333206703,29.7740901963624,39.1814430661722,12,17697564,17713978,16415,2,"Amillepora14407","Amillepora14407-RA",123.76762345617,TRUE,2896
"Amillepora14421",1.23537471839075,"chr12:17862651-17863051","Promoter (<=1kb)",-711,"chr12",17862651,17863051,401,"*",44.8554769673371,36.8065333206703,41.3529030505034,20.6593063439817,12,17863762,17873270,9509,1,"Amillepora14421","Amillepora14421-RA",125.989358732797,TRUE,711
"Amillepora14447",1.73570326737093,"chr12:18175026-18175426","Promoter (<=1kb)",0,"chr12",18175026,18175426,401,"*",35.8843815738697,1.20677158428427,38.0446708064631,41.3186126879634,12,18175233,18176567,1335,1,"Amillepora14447","Amillepora14447-RA",107.229517002369,TRUE,0
"Amillepora14457",11.0410680166721,"chr12:18254332-18254732","Promoter (<=1kb)",-928,"chr12",18254332,18254732,401,"*",2.99036513115581,0,0,4.27433924358242,12,18251196,18253404,2209,2,"Amillepora14457","Amillepora14457-RA",5.96740494165505,TRUE,928
"Amillepora14504",1.15351868359727,"chr12:18783983-18784383","Promoter (<=1kb)",24,"chr12",18783983,18784383,401,"*",5.98073026231162,12.0677158428427,28.1199740743423,7.83628861323444,12,18782398,18784407,2010,2,"Amillepora14504","Amillepora14504-RA",58.1824948675092,TRUE,24
"Amillepora14509",1.22370107988925,"chr12:18879138-18879538","Promoter (<=1kb)",0,"chr12",18879138,18879538,401,"*",0,8.44740108998991,9.92469673212081,0,12,18879183,18879254,72,1,"Amillepora14509","Amillepora14509-RA",21.0534551885064,TRUE,0
"Amillepora14547",20.83157570502,"chr12:19369345-19369745","Promoter (1-2kb)",1450,"chr12",19369345,19369745,401,"*",5.98073026231162,4.22370054499496,8.27058061010067,0,12,19354859,19371195,16337,2,"Amillepora14547","Amillepora14547-RA",16.0894950800237,TRUE,1450
"Amillepora14616",176.55585530697,"chr12:20250673-20251073","Promoter (<=1kb)",-195,"chr12",20250673,20251073,401,"*",11.9614605246232,12.0677158428427,8.27058061010067,6.41150886537363,12,20251268,20254370,3103,1,"Amillepora14616","Amillepora14616-RA",33.7068892198312,TRUE,195
"Amillepora14624",0.7642273012663,"chr12:20316992-20317392","Promoter (1-2kb)",-1712,"chr12",20316992,20317392,401,"*",8.97109539346742,0,21.5035095862617,4.27433924358242,12,20319104,20349763,30660,1,"Amillepora14624","Amillepora14624-RA",33.7678487115495,TRUE,1712
"Amillepora14631",1.4112652841562,"chr12:20446120-20446520","Promoter (<=1kb)",-671,"chr12",20446120,20446520,401,"*",0,4.82708633713709,3.30823224404027,15.6725772264689,12,20442619,20445449,2831,2,"Amillepora14631","Amillepora14631-RA",28.2371724051719,TRUE,671
"Amillepora14659",1200.93308386882,"chr12:20713275-20713675","Promoter (<=1kb)",0,"chr12",20713275,20713675,401,"*",134.566430902011,29.5659038149647,43.0070191725235,42.7433924358242,12,20707738,20713305,5568,2,"Amillepora14659","Amillepora14659-RA",170.061365529696,TRUE,0
"Amillepora14660",0.739535627189278,"chr12:20723695-20724095","Promoter (<=1kb)",-755,"chr12",20723695,20724095,401,"*",5.98073026231162,3.01692896071068,3.30823224404027,4.27433924358242,12,20724850,20732340,7491,1,"Amillepora14660","Amillepora14660-RA",13.9574718976693,TRUE,755
"Amillepora14678",27.1267163965332,"chr12:20883926-20884326","Promoter (<=1kb)",17,"chr12",20883926,20884326,401,"*",47.8458420984929,24.7388174778276,49.623483660604,36.3318835704506,12,20871361,20884343,12983,2,"Amillepora14678","Amillepora14678-RA",143.203501592727,TRUE,17
"Amillepora14682",8.18660310455763,"chr12:20933348-20933748","Promoter (1-2kb)",1522,"chr12",20933348,20933748,401,"*",68.7783980165836,21.7218885171169,31.4282063183826,41.3186126879634,12,20908359,20935270,26912,2,"Amillepora14682","Amillepora14682-RA",129.17275284212,TRUE,1522
"Amillepora14695",48.1997524268786,"chr12:21071262-21071662","Promoter (<=1kb)",-196,"chr12",21071262,21071662,401,"*",53.8265723608045,33.7896043599596,23.1576257082819,43.4557823097546,12,21071858,21086709,14852,1,"Amillepora14695","Amillepora14695-RA",130.617953307373,TRUE,196
"Amillepora14783",1.09073834241044,"chr12:22460288-22460688","Promoter (<=1kb)",0,"chr12",22460288,22460688,401,"*",32.8940164427139,30.1692896071068,36.390554684443,39.8938329401026,12,22458563,22460337,1775,2,"Amillepora14783","Amillepora14783-RA",133.308189485723,TRUE,0
"Amillepora14808",15.5434726237756,"chr12:22803519-22803919","Promoter (<=1kb)",-736,"chr12",22803519,22803919,401,"*",0,1.20677158428427,11.5788128541409,7.12389873930403,12,22777463,22802783,25321,2,"Amillepora14808","Amillepora14808-RA",24.1054592785429,TRUE,736
"Amillepora14883",5.43950014321092,"chr13:175438-175838","Promoter (1-2kb)",-1151,"chr13",175438,175838,401,"*",11.9614605246232,0,11.5788128541409,20.6593063439817,13,176989,188918,11930,1,"Amillepora14883","Amillepora14883-RA",42.3605584224712,TRUE,1151
"Amillepora14901",12.8489559557935,"chr13:394773-395173","Promoter (<=1kb)",0,"chr13",394773,395173,401,"*",173.441177607037,33.7896043599596,33.0823224404027,37.044273444381,13,385162,394820,9659,2,"Amillepora14901","Amillepora14901-RA",165.327225034956,TRUE,0
"Amillepora14910",13.8838813987821,"chr13:443370-443770","Promoter (1-2kb)",1772,"chr13",443370,443770,401,"*",50.8362072296487,34.9963759442439,11.5788128541409,20.6593063439817,13,441598,460941,19344,1,"Amillepora14910","Amillepora14910-RA",89.2077417532352,TRUE,1772
"Amillepora14912",33.51785041871,"chr13:462550-462950","Promoter (1-2kb)",1098,"chr13",462550,462950,401,"*",47.8458420984929,34.9963759442439,28.1199740743423,8.54867848716484,13,461452,469085,7634,1,"Amillepora14912","Amillepora14912-RA",93.9090879156853,TRUE,1098
"Amillepora14945",0.36527749966337,"chr13:835110-835510","Promoter (1-2kb)",1068,"chr13",835110,835510,401,"*",38.8747467050255,67.5792087199193,18.1952773422215,2.84955949572161,13,832976,836578,3603,2,"Amillepora14945","Amillepora14945-RA",106.977035508668,TRUE,1068
"Amillepora15020",0.109489358246006,"chr13:1652104-1652504","Promoter (<=1kb)",-32,"chr13",1652104,1652504,401,"*",62.797667754272,18.7049595564062,23.1576257082819,37.7566633183114,13,1652536,1653906,1371,1,"Amillepora15020","Amillepora15020-RA",110.018398161971,TRUE,32
"Amillepora15028",0.897483349063026,"chr13:1729125-1729525","Promoter (1-2kb)",-1336,"chr13",1729125,1729525,401,"*",8.97109539346742,0,13.2329289761611,23.5088658397033,13,1730861,1731649,789,1,"Amillepora15028","Amillepora15028-RA",47.0941406385535,TRUE,1336
"Amillepora15064",40.5887977960219,"chr13:2150726-2151126","Promoter (<=1kb)",0,"chr13",2150726,2151126,401,"*",95.6916841969858,19.9117311406905,51.2775997826242,22.7964759657729,13,2145304,2150952,5649,2,"Amillepora15064","Amillepora15064-RA",135.791392986599,TRUE,0
"Amillepora15096",4.54327842850201,"chr13:2611314-2611714","Promoter (1-2kb)",-1655,"chr13",2611314,2611714,401,"*",0,0,33.0823224404027,7.12389873930403,13,2602124,2609659,7536,2,"Amillepora15096","Amillepora15096-RA",49.1115189212242,TRUE,1655
"Amillepora15115",3.2131358281849,"chr13:2805395-2805795","Promoter (2-3kb)",-2120,"chr13",2805395,2805795,401,"*",0,1.20677158428427,28.1199740743423,14.2477974786081,13,2807915,2823673,15759,1,"Amillepora15115","Amillepora15115-RA",53.0009088505636,TRUE,2120
"Amillepora15121",0.663765646608716,"chr13:2881754-2882154","Promoter (<=1kb)",-810,"chr13",2881754,2882154,401,"*",0,0,6.61646448808054,0,13,2876636,2880944,4309,2,"Amillepora15121","Amillepora15121-RA",8.08642773968145,TRUE,810
"Amillepora15142",96.2733726629898,"chr13:3079555-3079955","Promoter (<=1kb)",-165,"chr13",3079555,3079955,401,"*",92.70131906583,16.2914163878377,19.8493934642416,46.3053418054762,13,3059180,3079390,20211,2,"Amillepora15142","Amillepora15142-RA",121.438547616593,TRUE,165
"Amillepora15182",14.4835216621308,"chr13:3425197-3425597","Promoter (<=1kb)",-107,"chr13",3425197,3425597,401,"*",20.9325559180907,9.05078688213205,9.92469673212081,17.8097468482601,13,3417782,3425090,7309,2,"Amillepora15182","Amillepora15182-RA",48.7077586569448,TRUE,107
"Amillepora15196",3.38622295061941,"chr13:3611688-3612088","Promoter (2-3kb)",-2445,"chr13",3611688,3612088,401,"*",5.98073026231162,4.82708633713709,4.9623483660604,0,13,3600110,3609243,9134,2,"Amillepora15196","Amillepora15196-RA",12.6836964658247,TRUE,2445
"Amillepora15211",5.38987965171605,"chr13:3798329-3798729","Promoter (<=1kb)",0,"chr13",3798329,3798729,401,"*",65.7880328854278,14.4812590114113,18.1952773422215,40.606222814033,13,3798452,3812704,14253,1,"Amillepora15211","Amillepora15211-RA",103.72319946481,TRUE,0
"Amillepora15248",1.16291704699956,"chr13:4359384-4359784","Promoter (1-2kb)",-1710,"chr13",4359384,4359784,401,"*",26.9132861804023,0,9.92469673212081,4.27433924358242,13,4361494,4363496,2003,1,"Amillepora15248","Amillepora15248-RA",24.1752610148964,TRUE,1710
"Amillepora15253",1.37084916467608,"chr13:4469513-4469913","Promoter (1-2kb)",1831,"chr13",4469513,4469913,401,"*",2.99036513115581,0,6.61646448808054,14.2477974786081,13,4467682,4468649,968,1,"Amillepora15253","Amillepora15253-RA",26.2049649932802,TRUE,1831
"Amillepora15256",0.85126803803128,"chr13:4497684-4498084","Promoter (1-2kb)",1303,"chr13",4497684,4498084,401,"*",17.9421907869348,4.82708633713709,18.1952773422215,20.6593063439817,13,4496381,4497901,1521,1,"Amillepora15256","Amillepora15256-RA",57.0658618232163,TRUE,1303
"Amillepora15279",81.4369510894002,"chr13:4749929-4750329","Promoter (1-2kb)",-1742,"chr13",4749929,4750329,401,"*",0,0,1.65411612202013,4.98672911751282,13,4730025,4748187,18163,2,"Amillepora15279","Amillepora15279-RA",8.09717309089221,TRUE,1742
"Amillepora15295",51167.5704011765,"chr13:4928327-4928727","Promoter (<=1kb)",0,"chr13",4928327,4928727,401,"*",176.431542738193,23.5320458935433,33.0823224404027,54.854020292641,13,4922719,4928641,5923,2,"Amillepora15295","Amillepora15295-RA",176.949393054054,TRUE,0
"Amillepora15337",27.2424036490268,"chr13:5364092-5364492","Promoter (1-2kb)",1291,"chr13",5364092,5364492,401,"*",8.97109539346742,6.03385792142137,13.2329289761611,17.0973569743297,13,5361680,5365783,4104,2,"Amillepora15337","Amillepora15337-RA",45.6568509944356,TRUE,1291
"Amillepora15354",38.076686023402,"chr13:5556776-5557176","Promoter (<=1kb)",-675,"chr13",5556776,5557176,401,"*",140.547161164323,15.0846448035534,24.811741830302,52.0044607969194,13,5557851,5560675,2825,1,"Amillepora15354","Amillepora15354-RA",145.328471015762,TRUE,675
"Amillepora15395",0.348921124644131,"chr13:6113360-6113760","Promoter (<=1kb)",549,"chr13",6113360,6113760,401,"*",8.97109539346742,39.2200764892389,34.7364385624228,48.4425114272674,13,6112811,6114288,1478,1,"Amillepora15395","Amillepora15395-RA",145.18485318909,TRUE,549
"Amillepora15415",9.75680976003993,"chr13:6365592-6365992","Promoter (1-2kb)",-1285,"chr13",6365592,6365992,401,"*",32.8940164427139,34.3929901521018,26.4658579523221,55.5664101665715,13,6367277,6378716,11440,1,"Amillepora15415","Amillepora15415-RA",144.73509115589,TRUE,1285
"Amillepora15416",17.9728148585561,"chr13:6406770-6407170","Promoter (2-3kb)",2613,"chr13",6406770,6407170,401,"*",0,2.41354316856855,6.61646448808054,4.27433924358242,13,6379882,6409783,29902,2,"Amillepora15416","Amillepora15416-RA",15.8437168959386,TRUE,2613
"Amillepora15460",353.373852698702,"chr13:6805028-6805428","Promoter (1-2kb)",-1303,"chr13",6805028,6805428,401,"*",0,0,6.61646448808054,0,13,6795036,6803725,8690,2,"Amillepora15460","Amillepora15460-RA",8.08642773968145,TRUE,1303
"Amillepora15466",12.9589682007132,"chr13:6871272-6871672","Promoter (1-2kb)",1633,"chr13",6871272,6871672,401,"*",17.9421907869348,0,11.5788128541409,11.3982379828865,13,6869379,6873305,3927,2,"Amillepora15466","Amillepora15466-RA",32.596917748739,TRUE,1633
"Amillepora15483",0.180538790757642,"chr13:7069688-7070088","Promoter (1-2kb)",-1121,"chr13",7069688,7070088,401,"*",11.9614605246232,0.603385792142137,0,22.0840860918425,13,7071209,7071850,642,1,"Amillepora15483","Amillepora15483-RA",30.5826011782338,TRUE,1121
"Amillepora15497",1.34992959218616,"chr13:7211870-7212270","Promoter (<=1kb)",-373,"chr13",7211870,7212270,401,"*",26.9132861804023,2.41354316856855,28.1199740743423,29.2079848311465,13,7212643,7215881,3239,1,"Amillepora15497","Amillepora15497-RA",79.3404291014465,TRUE,373
"Amillepora15508",1613.93016295078,"chr13:7336460-7336860","Promoter (<=1kb)",0,"chr13",7336460,7336860,401,"*",113.633874983921,18.7049595564062,33.0823224404027,44.168172183685,13,7334628,7336804,2177,2,"Amillepora15508","Amillepora15508-RA",142.875687707432,TRUE,0
"Amillepora15602",2.40963155230923,"chr13:8560421-8560821","Promoter (<=1kb)",-348,"chr13",8560421,8560821,401,"*",0,9.65417267427418,4.9623483660604,1.42477974786081,13,8561169,8565903,4735,1,"Amillepora15602","Amillepora15602-RA",17.9993409395922,TRUE,348
"Amillepora15629",4.28257419243694,"chr13:8760138-8760538","Promoter (2-3kb)",-2179,"chr13",8760138,8760538,401,"*",0,1.81015737642641,11.5788128541409,0,13,8762717,8764754,2038,1,"Amillepora15629","Amillepora15629-RA",16.0634943113677,TRUE,2179
"Amillepora15643",0.115944380436083,"chr13:8914253-8914653","Promoter (<=1kb)",67,"chr13",8914253,8914653,401,"*",32.8940164427139,0,51.2775997826242,25.6460354614945,13,8913207,8914720,1514,2,"Amillepora15643","Amillepora15643-RA",102.273128672286,TRUE,67
"Amillepora15663",0.835796814959447,"chr13:9146458-9146858","Promoter (<=1kb)",657,"chr13",9146458,9146858,401,"*",8.97109539346742,0,0,0,13,9145801,9149283,3483,1,"Amillepora15663","Amillepora15663-RA",2.27933042389467,TRUE,657
"Amillepora15669",0.140228667617097,"chr13:9214114-9214514","Promoter (<=1kb)",130,"chr13",9214114,9214514,401,"*",8.97109539346742,14.4812590114113,6.61646448808054,7.83628861323444,13,9213984,9214056,73,1,"Amillepora15669","Amillepora15669-RA",35.2110425440764,TRUE,130
"Amillepora15680",8.5491518554148,"chr13:9387128-9387528","Promoter (<=1kb)",0,"chr13",9387128,9387528,401,"*",17.9421907869348,24.7388174778276,6.61646448808054,15.6725772264689,13,9386624,9387512,889,2,"Amillepora15680","Amillepora15680-RA",57.8737505589791,TRUE,0
"Amillepora15686",0.460571426453547,"chr13:9524992-9525392","Promoter (<=1kb)",0,"chr13",9524992,9525392,401,"*",5.98073026231162,19.3083453485484,0,1.42477974786081,13,9525212,9526762,1551,1,"Amillepora15686","Amillepora15686-RA",23.6527178410287,TRUE,0
"Amillepora15706",0.235042889086253,"chr13:9726979-9727379","Promoter (<=1kb)",821,"chr13",9726979,9727379,401,"*",0,20.5151169328326,6.61646448808054,27.7832050832857,13,9719287,9728200,8914,2,"Amillepora15706","Amillepora15706-RA",63.6081293004864,TRUE,821
"Amillepora15732",0.90721229896757,"chr13:10086591-10086991","Promoter (1-2kb)",-1985,"chr13",10086591,10086991,401,"*",2.99036513115581,7.24062950570564,11.5788128541409,1.42477974786081,13,10082568,10084606,2039,2,"Amillepora15732","Amillepora15732-RA",24.2958844646716,TRUE,1985
"Amillepora15736",3.25846914893315,"chr13:10168977-10169377","Promoter (<=1kb)",-322,"chr13",10168977,10169377,401,"*",29.9036513115581,42.8403912420917,23.1576257082819,27.0708152093553,13,10169699,10174667,4969,1,"Amillepora15736","Amillepora15736-RA",114.138393165801,TRUE,322
"Amillepora15760",0.278077593357628,"chr13:10462769-10463169","Promoter (2-3kb)",2083,"chr13",10462769,10463169,401,"*",5.98073026231162,0,3.30823224404027,2.13716962179121,13,10463822,10465252,1431,2,"Amillepora15760","Amillepora15760-RA",8.16658155261559,TRUE,2083
"Amillepora15773",0.596243320389815,"chr13:10626763-10627163","Promoter (2-3kb)",-2203,"chr13",10626763,10627163,401,"*",2.99036513115581,1.81015737642641,3.30823224404027,15.6725772264689,13,10629366,10631392,2027,1,"Amillepora15773","Amillepora15773-RA",25.8098729349281,TRUE,2203
"Amillepora15774",0.922903069933219,"chr13:10647174-10647574","Promoter (<=1kb)",916,"chr13",10647174,10647574,401,"*",0,0.603385792142137,0,5.69911899144323,13,10635400,10648490,13091,2,"Amillepora15774","Amillepora15774-RA",7.58091943389529,TRUE,916
"Amillepora15791",3.49648941076381,"chr13:10863494-10863894","Promoter (1-2kb)",1052,"chr13",10863494,10863894,401,"*",26.9132861804023,18.7049595564062,16.5411612202013,19.2345265961209,13,10860636,10864946,4311,2,"Amillepora15791","Amillepora15791-RA",70.248260147387,TRUE,1052
"Amillepora15827",67.3025690778464,"chr13:11313706-11314106","Promoter (<=1kb)",-14,"chr13",11313706,11314106,401,"*",164.470082213569,27.1523606463961,29.7740901963624,54.1416304187106,13,11309105,11313692,4588,2,"Amillepora15827","Amillepora15827-RA",172.823625463922,TRUE,14
"Amillepora15878",0.130615055882085,"chr13:11978109-11978509","Promoter (<=1kb)",-116,"chr13",11978109,11978509,401,"*",71.7687631477394,16.8948021799798,64.5105287587852,131.079736803194,13,11970599,11977993,7395,2,"Amillepora15878","Amillepora15878-RA",274.625537110851,TRUE,116
"Amillepora15885",13.755053100088,"chr13:12044433-12044833","Promoter (<=1kb)",0,"chr13",12044433,12044833,401,"*",83.7302236723626,16.2914163878377,18.1952773422215,42.7433924358242,13,12029597,12044500,14904,2,"Amillepora15885","Amillepora15885-RA",112.797920146369,TRUE,0
"Amillepora15886",106.392877029397,"chr13:12085525-12085925","Promoter (<=1kb)",-641,"chr13",12085525,12085925,401,"*",0,1.81015737642641,13.2329289761611,0.712389873930403,13,12056166,12084884,28719,2,"Amillepora15886","Amillepora15886-RA",18.9530392685698,TRUE,641
"Amillepora15996",0.343725171950759,"chr13:12298058-12298458","Promoter (2-3kb)",-2789,"chr13",12298058,12298458,401,"*",38.8747467050255,85.6807824841834,41.3529030505034,30.6327645790073,13,12301247,12312557,11311,1,"Amillepora15996","Amillepora15996-RA",188.251573135792,TRUE,2789
"Amillepora15998",0.438813702761249,"chr13:12353625-12354025","Promoter (2-3kb)",-2899,"chr13",12353625,12354025,401,"*",5.98073026231162,1.20677158428427,4.9623483660604,12.1106278568169,13,12356924,12360086,3163,1,"Amillepora15998","Amillepora15998-RA",23.6141513107632,TRUE,2899
"Amillepora16012",0.1989456158055,"chr13:12643955-12644355","Promoter (<=1kb)",702,"chr13",12643955,12644355,401,"*",5.98073026231162,4.22370054499496,4.9623483660604,8.54867848716484,13,12643253,12649643,6391,1,"Amillepora16012","Amillepora16012-RA",22.4615374775633,TRUE,702
"Amillepora16045",802.942139276426,"chr13:13262585-13262985","Promoter (<=1kb)",-938,"chr13",13262585,13262985,401,"*",8.97109539346742,4.22370054499496,16.5411612202013,12.8230177307473,13,13263923,13288799,24877,1,"Amillepora16045","Amillepora16045-RA",42.5801909636609,TRUE,938
"Amillepora16069",5.44992854196336,"chr13:13533907-13534307","Promoter (2-3kb)",-2201,"chr13",13533907,13534307,401,"*",14.951825655779,0,14.8870450981812,42.0310025618938,13,13536508,13544351,7844,1,"Amillepora16069","Amillepora16069-RA",73.2016897687276,TRUE,2201
"Amillepora16071",3.33652073464503,"chr13:13549200-13549600","Promoter (2-3kb)",2166,"chr13",13549200,13549600,401,"*",20.9325559180907,53.097949708508,16.5411612202013,42.0310025618938,13,13547034,13566066,19033,1,"Amillepora16071","Amillepora16071-RA",132.83539281605,TRUE,2166
"Amillepora16075",4.12978838058032,"chr13:13587574-13587974","Promoter (<=1kb)",0,"chr13",13587574,13587974,401,"*",0,25.3422032699697,18.1952773422215,46.3053418054762,13,13587918,13588988,1071,1,"Amillepora16075","Amillepora16075-RA",105.425088469387,TRUE,0
"Amillepora16088",5.99467214563086,"chr13:13824439-13824839","Promoter (<=1kb)",0,"chr13",13824439,13824839,401,"*",50.8362072296487,34.9963759442439,23.1576257082819,47.0177316794066,13,13822294,13824490,2197,2,"Amillepora16088","Amillepora16088-RA",135.4726971221,TRUE,0
"Amillepora16096",0.375997246412523,"chr13:13866692-13867092","Promoter (<=1kb)",480,"chr13",13866692,13867092,401,"*",14.951825655779,33.7896043599596,8.27058061010067,24.2212557136337,13,13859103,13867572,8470,2,"Amillepora16096","Amillepora16096-RA",79.1120657879408,TRUE,480
"Amillepora16138",0.498279417659533,"chr13:14491020-14491420","Promoter (1-2kb)",1525,"chr13",14491020,14491420,401,"*",35.8843815738697,18.1015737642641,0,29.9203747050769,13,14490893,14492945,2053,2,"Amillepora16138","Amillepora16138-RA",64.6931763006617,TRUE,1525
"Amillepora16155",1.11696975162769,"chr13:14773410-14773810","Promoter (2-3kb)",2155,"chr13",14773410,14773810,401,"*",0,6.03385792142137,0,0.712389873930403,13,14771255,14771327,73,1,"Amillepora16155","Amillepora16155-RA",7.24209057869903,TRUE,2155
"Amillepora16171",57.8954683230854,"chr13:14904663-14905063","Promoter (1-2kb)",-1522,"chr13",14904663,14905063,401,"*",2.99036513115581,0,0,4.27433924358242,13,14899432,14903141,3710,2,"Amillepora16171","Amillepora16171-RA",5.96740494165505,TRUE,1522
"Amillepora16180",5.55077436572936,"chr13:15025050-15025450","Promoter (2-3kb)",-2957,"chr13",15025050,15025450,401,"*",14.951825655779,1.20677158428427,9.92469673212081,9.97345823502565,13,15028407,15039345,10939,1,"Amillepora16180","Amillepora16180-RA",29.3544884725738,TRUE,2957
"Amillepora16185",14.1441178722369,"chr13:15075066-15075466","Promoter (2-3kb)",-2903,"chr13",15075066,15075466,401,"*",149.51825655779,11.4643300507006,33.0823224404027,54.1416304187106,13,15078369,15089524,11156,1,"Amillepora16185","Amillepora16185-RA",156.495158647253,TRUE,2903
"Amillepora16192",16.1498770365787,"chr13:15159005-15159405","Promoter (<=1kb)",-66,"chr13",15159005,15159405,401,"*",107.653144721609,7.84401529784777,33.0823224404027,39.1814430661722,13,15145854,15158939,13086,2,"Amillepora16192","Amillepora16192-RA",123.807093333979,TRUE,66
"Amillepora16211",24.667126338164,"chr13:15492886-15493286","Promoter (1-2kb)",-1843,"chr13",15492886,15493286,401,"*",5.98073026231162,12.6711016349849,9.92469673212081,8.54867848716484,13,15486035,15491043,5009,2,"Amillepora16211","Amillepora16211-RA",37.4501718613087,TRUE,1843
"Amillepora16212",0.950677326625695,"chr13:15501537-15501937","Promoter (<=1kb)",-418,"chr13",15501537,15501937,401,"*",0,0.603385792142137,14.8870450981812,15.6725772264689,13,15493536,15501119,7584,2,"Amillepora16212","Amillepora16212-RA",37.9265141601223,TRUE,418
"Amillepora16220",8.98976291016376,"chr13:15558933-15559333","Promoter (<=1kb)",391,"chr13",15558933,15559333,401,"*",26.9132861804023,83.870625107757,34.7364385624228,48.4425114272674,13,15558542,15600732,42191,1,"Amillepora16220","Amillepora16220-RA",196.912242954368,TRUE,391
"Amillepora16245",0.537143526765294,"chr13:15823585-15823985","Promoter (1-2kb)",1457,"chr13",15823585,15823985,401,"*",2.99036513115581,5.43047212927923,4.9623483660604,6.41150886537363,13,15822128,15825813,3686,1,"Amillepora16245","Amillepora16245-RA",20.3727771140368,TRUE,1457
"Amillepora16252",39.6334184200878,"chr13:15910162-15910562","Promoter (1-2kb)",1060,"chr13",15910162,15910562,401,"*",11.9614605246232,9.65417267427418,3.30823224404027,27.0708152093553,13,15909102,15919136,10035,1,"Amillepora16252","Amillepora16252-RA",50.2626100386723,TRUE,1060
"Amillepora16269",0.386437946123717,"chr13:16131768-16132168","Promoter (1-2kb)",1186,"chr13",16131768,16132168,401,"*",8.97109539346742,12.0677158428427,16.5411612202013,39.8938329401026,13,16132102,16133354,1253,2,"Amillepora16269","Amillepora16269-RA",83.8482341337077,TRUE,1186
"Amillepora16299",2.97608259679286,"chr13:16355943-16356343","Promoter (1-2kb)",1668,"chr13",16355943,16356343,401,"*",62.797667754272,63.3555081749243,94.2846189551477,56.9911899144323,13,16354275,16356325,2051,1,"Amillepora16299","Amillepora16299-RA",267.550551882641,TRUE,1668
"Amillepora16310",0.965420371956332,"chr13:16492048-16492448","Promoter (<=1kb)",0,"chr13",16492048,16492448,401,"*",8.97109539346742,3.62031475285282,8.27058061010067,0,13,16492236,16492544,309,1,"Amillepora16310","Amillepora16310-RA",16.2118566323469,TRUE,0
"Amillepora16311",1.41801168393653,"chr13:16494913-16495313","Promoter (1-2kb)",1349,"chr13",16494913,16495313,401,"*",17.9421907869348,0,0,4.27433924358242,13,16493564,16494329,766,1,"Amillepora16311","Amillepora16311-RA",9.76628898147949,TRUE,1349
"Amillepora16326",22.4132627768436,"chr13:16692616-16693016","Promoter (<=1kb)",0,"chr13",16692616,16693016,401,"*",164.470082213569,26.548974854254,39.6987869284832,44.8805620576154,13,16692997,16697522,4526,1,"Amillepora16326","Amillepora16326-RA",173.03265752814,TRUE,0
"Amillepora16418",1.14905603718255,"chr13:18256184-18256584","Promoter (1-2kb)",-1162,"chr13",18256184,18256584,401,"*",32.8940164427139,47.0640917870866,64.5105287587852,64.8274785276667,13,18257746,18259995,2250,1,"Amillepora16418","Amillepora16418-RA",215.900965317197,TRUE,1162
"Amillepora16421",1.05003002041329,"chr13:18315103-18315503","Promoter (<=1kb)",63,"chr13",18315103,18315503,401,"*",50.8362072296487,70.59613768063,44.6611352945436,34.9071038225898,13,18307300,18315566,8267,2,"Amillepora16421","Amillepora16421-RA",184.606140980139,TRUE,63
"Amillepora16422",0.298827981916224,"chr13:18308662-18309062","Promoter (<=1kb)",543,"chr13",18308662,18309062,401,"*",26.9132861804023,47.6674775792288,29.7740901963624,59.8407494101539,13,18308119,18309306,1188,1,"Amillepora16422","Amillepora16422-RA",166.48951516761,TRUE,543
"Amillepora16451",1.04562867449827,"chr13:18630374-18630774","Promoter (2-3kb)",-2190,"chr13",18630374,18630774,401,"*",29.9036513115581,0,31.4282063183826,39.8938329401026,13,18632964,18635236,2273,1,"Amillepora16451","Amillepora16451-RA",94.6128290909107,TRUE,2190
"Amillepora16455",2.81816227111829,"chr13:18657301-18657701","Promoter (2-3kb)",2693,"chr13",18657301,18657701,401,"*",2.99036513115581,2.41354316856855,11.5788128541409,5.69911899144323,13,18654608,18658592,3985,1,"Amillepora16455","Amillepora16455-RA",24.4041905532279,TRUE,2693
"Amillepora16486",2.4226254480935,"chr13:19142357-19142757","Promoter (<=1kb)",617,"chr13",19142357,19142757,401,"*",5.98073026231162,1.20677158428427,8.27058061010067,8.54867848716484,13,19141545,19143374,1830,2,"Amillepora16486","Amillepora16486-RA",23.3176750691954,TRUE,617
"Amillepora16493",0.903411078769,"chr13:19242144-19242544","Promoter (2-3kb)",2433,"chr13",19242144,19242544,401,"*",2.99036513115581,1.20677158428427,1.65411612202013,9.26106836109524,13,19236376,19244977,8602,2,"Amillepora16493","Amillepora16493-RA",15.3394085438307,TRUE,2433
"Amillepora16497",0.159280121394049,"chr13:19263823-19264223","Promoter (1-2kb)",1987,"chr13",19263823,19264223,401,"*",2.99036513115581,7.24062950570564,4.9623483660604,7.12389873930403,13,19261836,19263389,1554,1,"Amillepora16497","Amillepora16497-RA",23.1529609032437,TRUE,1987
"Amillepora16545",14.5189811867166,"chr13:19724961-19725361","Promoter (<=1kb)",-70,"chr13",19724961,19725361,401,"*",137.556796033167,19.9117311406905,19.8493934642416,44.168172183685,13,19725431,19730892,5462,1,"Amillepora16545","Amillepora16545-RA",134.055877203071,TRUE,70
"Amillepora16546",8846.26948049273,"chr13:19744576-19744976","Promoter (<=1kb)",-262,"chr13",19744576,19744976,401,"*",182.412273000504,6.03385792142137,24.811741830302,61.2655291580147,13,19736653,19744314,7662,2,"Amillepora16546","Amillepora16546-RA",157.687311782307,TRUE,262
"Amillepora16554",5.99394305836079,"chr13:19781570-19781970","Promoter (<=1kb)",0,"chr13",19781570,19781970,401,"*",56.8169374919603,9.05078688213205,33.0823224404027,50.5796810490586,13,19781949,19791477,9529,1,"Amillepora16554","Amillepora16554-RA",126.052726466366,TRUE,0
"Amillepora16609",2.89868866144143,"chr13:20342255-20342655","Promoter (2-3kb)",2767,"chr13",20342255,20342655,401,"*",2.99036513115581,9.05078688213205,0,7.83628861323444,13,20336143,20345422,9280,2,"Amillepora16609","Amillepora16609-RA",19.8683238876895,TRUE,2767
"Amillepora16647",0.10940899064487,"chr13:20767665-20768065","Promoter (2-3kb)",2126,"chr13",20767665,20768065,401,"*",14.951825655779,36.2031475285282,3.30823224404027,19.9469164700513,13,20767771,20770191,2421,2,"Amillepora16647","Amillepora16647-RA",70.3892778720566,TRUE,2126
"Amillepora16651",12.080029326591,"chr13:20812268-20812668","Promoter (2-3kb)",-2603,"chr13",20812268,20812668,401,"*",2.99036513115581,15.0846448035534,11.5788128541409,30.6327645790073,13,20815271,20827004,11734,1,"Amillepora16651","Amillepora16651-RA",68.1677417015635,TRUE,2603
"Amillepora16655",5.56490194446249,"chr13:20847523-20847923","Promoter (2-3kb)",2039,"chr13",20847523,20847923,401,"*",17.9421907869348,9.05078688213205,8.27058061010067,22.0840860918425,13,20845484,20889512,44029,1,"Amillepora16655","Amillepora16655-RA",51.1340030477496,TRUE,2039
"Amillepora16669",10.5175558142985,"chr13:21047408-21047808","Promoter (<=1kb)",-246,"chr13",21047408,21047808,401,"*",17.9421907869348,1.81015737642641,6.61646448808054,11.3982379828865,13,21048054,21052220,4167,1,"Amillepora16669","Amillepora16669-RA",28.4443427109031,TRUE,246
"Amillepora16702",7.19885798942808,"chr13:21490625-21491025","Promoter (<=1kb)",-914,"chr13",21490625,21491025,401,"*",5.98073026231162,6.6372437135635,8.27058061010067,12.8230177307473,13,21491939,21494850,2912,1,"Amillepora16702","Amillepora16702-RA",34.2620405036612,TRUE,914
"Amillepora16714",39.4187216537493,"chr13:21685984-21686384","Promoter (<=1kb)",0,"chr13",21685984,21686384,401,"*",86.7205888035184,25.3422032699697,28.1199740743423,61.9779190319451,13,21670051,21686251,16201,2,"Amillepora16714","Amillepora16714-RA",158.682894000088,TRUE,0
"Amillepora16754",1.05838756021386,"chr13:22179458-22179858","Promoter (<=1kb)",0,"chr13",22179458,22179858,401,"*",5.98073026231162,1.81015737642641,3.30823224404027,32.7699342007986,13,22179511,22181774,2264,1,"Amillepora16754","Amillepora16754-RA",47.4001622776537,TRUE,0
"Amillepora16769",33.3926103421896,"chr10:76175-76575","Promoter (1-2kb)",1793,"chr10",76175,76575,401,"*",2.99036513115581,10.2575584664163,9.92469673212081,3.56194936965202,10,56203,78368,22166,2,"Amillepora16769","Amillepora16769-RA",28.065167874805,TRUE,1793
"Amillepora16800",17.5655227853092,"chr10:430202-430602","Promoter (2-3kb)",2926,"chr10",430202,430602,401,"*",11.9614605246232,0,1.65411612202013,7.83628861323444,10,427276,433019,5744,1,"Amillepora16800","Amillepora16800-RA",14.6080324118785,TRUE,2926
"Amillepora16802",2.33237251970462,"chr10:467173-467573","Promoter (<=1kb)",0,"chr10",467173,467573,401,"*",80.7398585412068,43.4437770342338,24.811741830302,23.5088658397033,10,461162,467337,6176,2,"Amillepora16802","Amillepora16802-RA",125.373930980358,TRUE,0
"Amillepora16826",32.4739252994214,"chr10:697090-697490","Promoter (1-2kb)",-1944,"chr10",697090,697490,401,"*",0,10.2575584664163,6.61646448808054,12.1106278568169,10,699434,744377,44944,1,"Amillepora16826","Amillepora16826-RA",33.6774334643797,TRUE,1944
"Amillepora16831",7.08748342222645,"chr10:831182-831582","Promoter (<=1kb)",-938,"chr10",831182,831582,401,"*",0,4.22370054499496,0,0,10,817961,830244,12284,2,"Amillepora16831","Amillepora16831-RA",4.46190678949214,TRUE,938
"Amillepora16871",0.379729654033654,"chr10:1256812-1257212","Promoter (2-3kb)",-2851,"chr10",1256812,1257212,401,"*",14.951825655779,0,8.27058061010067,4.98672911751282,10,1251924,1253961,2038,2,"Amillepora16871","Amillepora16871-RA",19.9824848703981,TRUE,2851
"Amillepora16930",92.8878525317798,"chr10:2083866-2084266","Promoter (1-2kb)",1169,"chr10",2083866,2084266,401,"*",0,2.41354316856855,11.5788128541409,17.0973569743297,10,2082697,2084961,2265,1,"Amillepora16930","Amillepora16930-RA",37.5314221017701,TRUE,1169
"Amillepora16934",10.867014837462,"chr10:2145899-2146299","Promoter (<=1kb)",0,"chr10",2145899,2146299,401,"*",89.7109539346742,23.5320458935433,13.2329289761611,52.7168506708498,10,2130356,2145998,15643,2,"Amillepora16934","Amillepora16934-RA",128.052768337182,TRUE,0
"Amillepora16958",3.05562090675902,"chr10:2366779-2367179","Promoter (2-3kb)",2368,"chr10",2366779,2367179,401,"*",8.97109539346742,7.24062950570564,28.1199740743423,12.1106278568169,10,2364411,2371316,6906,1,"Amillepora16958","Amillepora16958-RA",59.0505777640305,TRUE,2368
"Amillepora16998",16.1816850913987,"chr10:2755239-2755639","Promoter (<=1kb)",0,"chr10",2755239,2755639,401,"*",95.6916841969858,20.5151169328326,23.1576257082819,44.168172183685,10,2748793,2755322,6530,2,"Amillepora16998","Amillepora16998-RA",128.099631017045,TRUE,0
"Amillepora17045",0.144346909967224,"chr10:3272461-3272861","Promoter (1-2kb)",1017,"chr10",3272461,3272861,401,"*",0,9.65417267427418,13.2329289761611,10.685848108956,10,3267959,3273878,5920,2,"Amillepora17045","Amillepora17045-RA",39.390569903856,TRUE,1017
"Amillepora17087",2.26354353456935,"chr10:3945290-3945690","Promoter (<=1kb)",538,"chr10",3945290,3945690,401,"*",8.97109539346742,15.6880305956955,14.8870450981812,9.26106836109524,10,3944752,3946731,1980,1,"Amillepora17087","Amillepora17087-RA",48.3297837745249,TRUE,538
"Amillepora17100",8.6265931011352,"chr10:4075384-4075784","Promoter (1-2kb)",-1243,"chr10",4075384,4075784,401,"*",65.7880328854278,7.24062950570564,23.1576257082819,37.044273444381,10,4077027,4079291,2265,1,"Amillepora17100","Amillepora17100-RA",97.7993470904616,TRUE,1243
"Amillepora17111",10.9149504877202,"chr10:4192488-4192888","Promoter (<=1kb)",0,"chr10",4192488,4192888,401,"*",62.797667754272,10.8609442585585,29.7740901963624,56.2788000405019,10,4183400,4192579,9180,2,"Amillepora17111","Amillepora17111-RA",132.384816157634,TRUE,0
"Amillepora17137",1.22777545168996,"chr10:4520039-4520439","Promoter (<=1kb)",-533,"chr10",4520039,4520439,401,"*",5.98073026231162,56.1148786692187,34.7364385624228,27.0708152093553,10,4520972,4522629,1658,1,"Amillepora17137","Amillepora17137-RA",136.234562870643,TRUE,533
"Amillepora17154",40.7543605275413,"chr10:4747668-4748068","Promoter (1-2kb)",1695,"chr10",4747668,4748068,401,"*",20.9325559180907,0,1.65411612202013,2.84955949572161,10,4745973,4750451,4479,1,"Amillepora17154","Amillepora17154-RA",10.8117966798014,TRUE,1695
"Amillepora17200",0.222719460956943,"chr10:5161359-5161759","Promoter (<=1kb)",994,"chr10",5161359,5161759,401,"*",29.9036513115581,120.073772636285,39.6987869284832,76.2257165105531,10,5160365,5164399,4035,1,"Amillepora17200","Amillepora17200-RA",275.831338774583,TRUE,994
"Amillepora17204",1.1329694812389,"chr10:5386130-5386530","Promoter (<=1kb)",-161,"chr10",5386130,5386530,401,"*",56.8169374919603,57.9250360456451,23.1576257082819,14.2477974786081,10,5379605,5385969,6365,2,"Amillepora17204","Amillepora17204-RA",121.288881427458,TRUE,161
"Amillepora17233",0.422338282681296,"chr10:5822852-5823252","Promoter (<=1kb)",423,"chr10",5822852,5823252,401,"*",215.306289443218,12.0677158428427,31.4282063183826,37.7566633183114,10,5822572,5823675,1104,2,"Amillepora17233","Amillepora17233-RA",151.863482230723,TRUE,423
"Amillepora17241",2.28716464433165,"chr10:5930520-5930920","Promoter (<=1kb)",0,"chr10",5930520,5930920,401,"*",35.8843815738697,40.4268480735231,4.9623483660604,2.13716962179121,10,5930585,5932429,1845,1,"Amillepora17241","Amillepora17241-RA",60.4927786951809,TRUE,0
"Amillepora17387",0.50195901457731,"chr10:7711333-7711733","Promoter (1-2kb)",-1749,"chr10",7711333,7711733,401,"*",14.951825655779,22.9286601014012,28.1199740743423,29.9203747050769,10,7670938,7709584,38647,2,"Amillepora17387","Amillepora17387-RA",98.8413785836876,TRUE,1749
"Amillepora17478",2.13245827517927,"chr10:8208132-8208532","Promoter (<=1kb)",0,"chr10",8208132,8208532,401,"*",32.8940164427139,70.59613768063,24.811741830302,49.8672911751282,10,8207464,8208195,732,2,"Amillepora17478","Amillepora17478-RA",174.014895381221,TRUE,0
"Amillepora17492",1.76493359503285,"chr10:8261063-8261463","Promoter (2-3kb)",2632,"chr10",8261063,8261463,401,"*",41.8651118361813,38.6166906970967,28.1199740743423,52.7168506708498,10,8258431,8259417,987,1,"Amillepora17492","Amillepora17492-RA",150.026183215071,TRUE,2632
"Amillepora17494",3.07185545157783,"chr10:8295802-8296202","Promoter (<=1kb)",140,"chr10",8295802,8296202,401,"*",17.9421907869348,9.05078688213205,1.65411612202013,17.0973569743297,10,8295227,8296342,1116,2,"Amillepora17494","Amillepora17494-RA",36.9720091520963,TRUE,140
"Amillepora17610",1.81211394964213,"chr10:8860959-8861359","Promoter (<=1kb)",-934,"chr10",8860959,8861359,401,"*",0,1.81015737642641,3.30823224404027,7.12389873930403,10,8858796,8860025,1230,2,"Amillepora17610","Amillepora17610-RA",14.6348398595829,TRUE,934
"Amillepora17702",0.203642139328936,"chr10:9285337-9285737","Promoter (2-3kb)",-2289,"chr10",9285337,9285737,401,"*",5.98073026231162,6.6372437135635,13.2329289761611,6.41150886537363,10,9282323,9283048,726,2,"Amillepora17702","Amillepora17702-RA",32.515419107887,TRUE,2289
"Amillepora17720",0.44425493136678,"chr10:9504770-9505170","Promoter (<=1kb)",638,"chr10",9504770,9505170,401,"*",47.8458420984929,47.0640917870866,92.6305028331275,68.3894278973187,10,9504132,9505141,1010,1,"Amillepora17720","Amillepora17720-RA",258.406857362076,TRUE,638
"Amillepora17726",2.14189322435573,"chr10:9589077-9589477","Promoter (2-3kb)",-2520,"chr10",9589077,9589477,401,"*",0,6.6372437135635,0,3.56194936965202,10,9581425,9586557,5133,2,"Amillepora17726","Amillepora17726-RA",11.3512579234675,TRUE,2520
"Amillepora17728",0.829765629693547,"chr10:9646623-9647023","Promoter (2-3kb)",2785,"chr10",9646623,9647023,401,"*",8.97109539346742,6.03385792142137,3.30823224404027,4.27433924358242,10,9643838,9645490,1653,1,"Amillepora17728","Amillepora17728-RA",17.9043249838429,TRUE,2785
"Amillepora17769",0.176238608475083,"chr10:10201067-10201467","Promoter (<=1kb)",0,"chr10",10201067,10201467,401,"*",68.7783980165836,21.7218885171169,11.5788128541409,49.1549013011978,10,10201346,10203672,2327,1,"Amillepora17769","Amillepora17769-RA",114.460787868174,TRUE,0
"Amillepora17812",16.5865441161119,"chr10:10711801-10712201","Promoter (1-2kb)",1313,"chr10",10711801,10712201,401,"*",56.8169374919603,66.9758229277772,33.0823224404027,56.2788000405019,10,10681525,10713514,31990,2,"Amillepora17812","Amillepora17812-RA",194.188095186226,TRUE,1313
"Amillepora17843",2.46682817317606,"chr10:11099354-11099754","Promoter (<=1kb)",-609,"chr10",11099354,11099754,401,"*",20.9325559180907,1.81015737642641,9.92469673212081,24.2212557136337,10,11100363,11107874,7512,1,"Amillepora17843","Amillepora17843-RA",48.8702177897792,TRUE,609
"Amillepora17845",2.01793382396371,"chr10:11166333-11166733","Promoter (<=1kb)",226,"chr10",11166333,11166733,401,"*",5.98073026231162,19.3083453485484,24.811741830302,33.482324074729,10,11166107,11167197,1091,1,"Amillepora17845","Amillepora17845-RA",93.0340328675103,TRUE,226
"Amillepora17857",4.7444209383686,"chr10:11246879-11247279","Promoter (1-2kb)",-1695,"chr10",11246879,11247279,401,"*",8.97109539346742,31.9794469835332,11.5788128541409,17.0973569743297,10,11248974,11254459,5486,1,"Amillepora17857","Amillepora17857-RA",71.0441000521097,TRUE,1695
"Amillepora17888",96.14399925565,"chr10:11633124-11633524","Promoter (<=1kb)",0,"chr10",11633124,11633524,401,"*",38.8747467050255,7.84401529784777,23.1576257082819,34.9071038225898,10,11629413,11633132,3720,2,"Amillepora17888","Amillepora17888-RA",88.9949570075742,TRUE,0
"Amillepora17921",30.5540631786655,"chr10:11877435-11877835","Promoter (<=1kb)",0,"chr10",11877435,11877835,401,"*",20.9325559180907,31.3760611913911,14.8870450981812,27.7832050832857,10,11877676,11917863,40188,1,"Amillepora17921","Amillepora17921-RA",90.5080762323936,TRUE,0
"Amillepora17927",11.2668362615947,"chr10:11938097-11938497","Promoter (<=1kb)",0,"chr10",11938097,11938497,401,"*",98.6820493281416,23.5320458935433,38.0446708064631,50.5796810490586,10,11935534,11938147,2614,2,"Amillepora17927","Amillepora17927-RA",158.052388718037,TRUE,0
"Amillepora17930",12.2959660982139,"chr10:12012796-12013196","Promoter (2-3kb)",-2194,"chr10",12012796,12013196,401,"*",5.98073026231162,18.7049595564062,6.61646448808054,19.2345265961209,10,12015390,12019115,3726,1,"Amillepora17930","Amillepora17930-RA",52.8001808821107,TRUE,2194
"Amillepora17953",639.97141936911,"chr10:12402220-12402620","Promoter (<=1kb)",-491,"chr10",12402220,12402620,401,"*",110.643509852765,15.6880305956955,41.3529030505034,49.8672911751282,10,12395701,12401729,6029,2,"Amillepora17953","Amillepora17953-RA",155.980373474114,TRUE,491
"Amillepora17980",0.288575921831584,"chr10:12933912-12934312","Promoter (2-3kb)",-2583,"chr10",12933912,12934312,401,"*",0,0.603385792142137,0,4.98672911751282,10,12936895,12937317,423,1,"Amillepora17980","Amillepora17980-RA",6.71298141161358,TRUE,2583
"Amillepora17996",8.60836847288414,"chr10:13207203-13207603","Promoter (<=1kb)",0,"chr10",13207203,13207603,401,"*",131.576065770856,33.7896043599596,44.6611352945436,56.9911899144323,10,13193781,13207251,13471,2,"Amillepora17996","Amillepora17996-RA",193.143862891778,TRUE,0
"Amillepora18006",0.370421805942906,"chr10:13351564-13351964","Promoter (1-2kb)",-1505,"chr10",13351564,13351964,401,"*",8.97109539346742,39.823462281381,9.92469673212081,8.54867848716484,10,13341005,13350059,9055,2,"Amillepora18006","Amillepora18006-RA",66.8936351731516,TRUE,1505
"Amillepora18013",4.28620681746954,"chr10:13476476-13476876","Promoter (<=1kb)",120,"chr10",13476476,13476876,401,"*",35.8843815738697,20.5151169328326,11.5788128541409,66.9646481494579,10,13469430,13476996,7567,2,"Amillepora18013","Amillepora18013-RA",126.526863026319,TRUE,120
"Amillepora18088",182.691653346075,"chr10:14715140-14715540","Promoter (<=1kb)",-638,"chr10",14715140,14715540,401,"*",2.99036513115581,83.2672393156148,4.9623483660604,25.6460354614945,10,14703900,14714502,10603,2,"Amillepora18088","Amillepora18088-RA",126.033671693426,TRUE,638
"Amillepora18136",98.535608625796,"chr10:15371455-15371855","Promoter (<=1kb)",618,"chr10",15371455,15371855,401,"*",23.9229210492465,46.4607059949445,47.9693675385839,42.7433924358242,10,15360774,15372473,11700,2,"Amillepora18136","Amillepora18136-RA",165.862071597725,TRUE,618
"Amillepora18142",0.44074154991231,"chr10:15436387-15436787","Promoter (1-2kb)",-1736,"chr10",15436387,15436787,401,"*",53.8265723608045,12.0677158428427,14.8870450981812,14.2477974786081,10,15430080,15434651,4572,2,"Amillepora18142","Amillepora18142-RA",61.9775105161198,TRUE,1736
"Amillepora18176",7.77140387730476,"chr10:15833569-15833969","Promoter (1-2kb)",-1688,"chr10",15833569,15833969,401,"*",2.99036513115581,3.62031475285282,11.5788128541409,8.54867848716484,10,15811232,15831881,20650,2,"Amillepora18176","Amillepora18176-RA",29.1507731536381,TRUE,1688
"Amillepora18240",29.4020164575711,"chr10:16397960-16398360","Promoter (1-2kb)",-1633,"chr10",16397960,16398360,401,"*",0,13.8778732192691,8.27058061010067,12.1106278568169,10,16399993,16408098,8106,1,"Amillepora18240","Amillepora18240-RA",39.5235319331505,TRUE,1633
"Amillepora18242",22.3947735306031,"chr10:16432802-16433202","Promoter (<=1kb)",410,"chr10",16432802,16433202,401,"*",8.97109539346742,13.274487427127,6.61646448808054,14.9601873525385,10,16432392,16456481,24090,1,"Amillepora18242","Amillepora18242-RA",42.6155922556099,TRUE,410
"Amillepora18258",0.94148624836664,"chr10:16664228-16664628","Promoter (2-3kb)",2198,"chr10",16664228,16664628,401,"*",5.98073026231162,0.603385792142137,0,0,10,16662030,16676910,14881,1,"Amillepora18258","Amillepora18258-RA",2.15696887157151,TRUE,2198
"Amillepora18269",9.52425289202661,"chr10:16797276-16797676","Promoter (2-3kb)",2829,"chr10",16797276,16797676,401,"*",20.9325559180907,1.81015737642641,16.5411612202013,17.8097468482601,10,16794447,16811508,17062,1,"Amillepora18269","Amillepora18269-RA",49.1452033289254,TRUE,2829
"Amillepora18321",8.76438479505339,"chr10:17410785-17411185","Promoter (<=1kb)",726,"chr10",17410785,17411185,401,"*",14.951825655779,14.4812590114113,31.4282063183826,28.4955949572161,10,17410059,17417040,6982,1,"Amillepora18321","Amillepora18321-RA",92.2249028299807,TRUE,726
"Amillepora18331",0.235229824178081,"chr10:17572774-17573174","Promoter (<=1kb)",-866,"chr10",17572774,17573174,401,"*",2.99036513115581,17.498187972122,0,0.712389873930403,10,17550680,17571908,21229,2,"Amillepora18331","Amillepora18331-RA",20.1127572438569,TRUE,866
"Amillepora18360",0.787304743932435,"chr10:18016590-18016990","Promoter (<=1kb)",430,"chr10",18016590,18016990,401,"*",5.98073026231162,0,3.30823224404027,9.97345823502565,10,18016160,18017890,1731,1,"Amillepora18360","Amillepora18360-RA",17.7138997977142,TRUE,430
"Amillepora18365",0.416563439809118,"chr10:18061544-18061944","Promoter (<=1kb)",712,"chr10",18061544,18061944,401,"*",0,31.9794469835332,1.65411612202013,2.13716962179121,10,18060832,18062592,1761,1,"Amillepora18365","Amillepora18365-RA",38.4084295507773,TRUE,712
"Amillepora18393",0.672419963085973,"chr10:18298184-18298584","Promoter (2-3kb)",2989,"chr10",18298184,18298584,401,"*",11.9614605246232,0,0,0.712389873930403,10,18295195,18303109,7915,1,"Amillepora18393","Amillepora18393-RA",3.90704525414124,TRUE,2989
"Amillepora18394",0.216680765833882,"chr10:18301434-18301834","Promoter (1-2kb)",-1311,"chr10",18301434,18301834,401,"*",11.9614605246232,0,9.92469673212081,0,10,18303145,18303990,846,1,"Amillepora18394","Amillepora18394-RA",15.1687488413817,TRUE,1311
"Amillepora18416",0.993121720810829,"chr10:18546371-18546771","Promoter (<=1kb)",0,"chr10",18546371,18546771,401,"*",1339.6835787578,9.05078688213205,14.8870450981812,9.26106836109524,10,18546526,18549588,3063,1,"Amillepora18416","Amillepora18416-RA",379.418895506841,TRUE,0
"Amillepora18550",25.2260255569655,"chr10:20131342-20131742","Promoter (<=1kb)",0,"chr10",20131342,20131742,401,"*",68.7783980165836,15.0846448035534,47.9693675385839,29.9203747050769,10,20131698,20142570,10873,1,"Amillepora18550","Amillepora18550-RA",128.490246022757,TRUE,0
"Amillepora18607",0.230150186460842,"chr10:20715812-20716212","Promoter (<=1kb)",-363,"chr10",20715812,20716212,401,"*",5.98073026231162,0,1.65411612202013,0.712389873930403,10,20714357,20715449,1093,2,"Amillepora18607","Amillepora18607-RA",4.40909857313183,TRUE,363
"Amillepora18635",3.96730259422854,"chr10:20972330-20972730","Promoter (<=1kb)",0,"chr10",20972330,20972730,401,"*",83.7302236723626,33.1862185678175,92.6305028331275,117.544329198517,10,20972584,20985268,12685,1,"Amillepora18635","Amillepora18635-RA",312.751351715332,TRUE,0
"Amillepora18636",3.02185392611747,"chr10:20977355-20977755","Promoter (2-3kb)",2315,"chr10",20977355,20977755,401,"*",0,57.321650253503,0,2.13716962179121,10,20977017,20980070,3054,2,"Amillepora18636","Amillepora18636-RA",63.1582633528098,TRUE,2315
"Amillepora18638",1.34875175813354,"chr10:21029993-21030393","Promoter (<=1kb)",0,"chr10",21029993,21030393,401,"*",47.8458420984929,34.9963759442439,3.30823224404027,28.4955949572161,10,21021918,21030065,8148,2,"Amillepora18638","Amillepora18638-RA",87.8872485157672,TRUE,0
"Amillepora18643",0.625707767447722,"chr10:21038632-21039032","Promoter (1-2kb)",-1725,"chr10",21038632,21039032,401,"*",5.98073026231162,1.20677158428427,0,1.42477974786081,10,21040757,21041640,884,1,"Amillepora18643","Amillepora18643-RA",4.53026017177663,TRUE,1725
"Amillepora18679",0.651476328497852,"chr6:32164-32564","Promoter (2-3kb)",2644,"chr6",32164,32564,401,"*",11.9614605246232,4.82708633713709,13.2329289761611,5.69911899144323,6,29520,35155,5636,1,"Amillepora18679","Amillepora18679-RA",31.2547889346099,TRUE,2644
"Amillepora18702",0.216078118251024,"chr6:400785-401185","Promoter (<=1kb)",0,"chr6",400785,401185,401,"*",0,4.22370054499496,0,0.712389873930403,6,394472,400939,6468,2,"Amillepora18702","Amillepora18702-RA",5.32984481177383,TRUE,0
"Amillepora18741",12.9461479923159,"chr6:816708-817108","Promoter (<=1kb)",807,"chr6",816708,817108,401,"*",0,1.20677158428427,1.65411612202013,8.54867848716484,6,806535,817915,11381,2,"Amillepora18741","Amillepora18741-RA",13.7116937135841,TRUE,807
"Amillepora18760",7.70232375320228,"chr6:1069650-1070050","Promoter (2-3kb)",-2025,"chr6",1069650,1070050,401,"*",23.9229210492465,0,0,4.98672911751282,6,1072075,1077549,5475,1,"Amillepora18760","Amillepora18760-RA",12.153780619691,TRUE,2025
"Amillepora18783",3.70639108013054,"chr6:1397387-1397787","Promoter (<=1kb)",660,"chr6",1397387,1397787,401,"*",8.97109539346742,10.2575584664163,29.7740901963624,12.8230177307473,6,1396727,1399048,2322,1,"Amillepora18783","Amillepora18783-RA",65.1271989994412,TRUE,660
"Amillepora18787",0.670060769078855,"chr6:1427510-1427910","Promoter (2-3kb)",-2985,"chr6",1427510,1427910,401,"*",5.98073026231162,16.2914163878377,14.8870450981812,0.712389873930403,6,1423083,1424525,1443,2,"Amillepora18787","Amillepora18787-RA",37.7921659548215,TRUE,2985
"Amillepora18815",12.0575931732591,"chr6:1739325-1739725","Promoter (<=1kb)",-64,"chr6",1739325,1739725,401,"*",80.7398585412068,42.8403912420917,18.1952773422215,38.4690531922418,6,1739789,1755487,15699,1,"Amillepora18815","Amillepora18815-RA",134.876786452951,TRUE,64
"Amillepora18826",33.0459146797333,"chr6:1883105-1883505","Promoter (<=1kb)",206,"chr6",1883105,1883505,401,"*",20.9325559180907,36.8065333206703,43.0070191725235,39.8938329401026,6,1882899,1898956,16058,1,"Amillepora18826","Amillepora18826-RA",145.367077805604,TRUE,206
"Amillepora18835",0.193490249338984,"chr6:1969997-1970397","Promoter (1-2kb)",-1036,"chr6",1969997,1970397,401,"*",2.99036513115581,1.20677158428427,0,4.27433924358242,6,1965454,1968961,3508,2,"Amillepora18835","Amillepora18835-RA",7.24223545293851,TRUE,1036
"Amillepora18873",0.59829971000841,"chr6:2221977-2222377","Promoter (2-3kb)",-2897,"chr6",2221977,2222377,401,"*",92.70131906583,4.22370054499496,31.4282063183826,45.5929519315458,6,2225274,2226317,1044,1,"Amillepora18873","Amillepora18873-RA",121.973553025919,TRUE,2897
"Amillepora18884",31.7830155810225,"chr6:2356651-2357051","Promoter (<=1kb)",0,"chr6",2356651,2357051,401,"*",62.797667754272,41.6336196578074,23.1576257082819,49.1549013011978,6,2349498,2356913,7416,2,"Amillepora18884","Amillepora18884-RA",148.127186232864,TRUE,0
"Amillepora18890",0.692249038062517,"chr6:2409183-2409583","Promoter (2-3kb)",-2025,"chr6",2409183,2409583,401,"*",17.9421907869348,223.856128884733,19.8493934642416,96.1726329806044,6,2406718,2407158,441,2,"Amillepora18890","Amillepora18890-RA",382.470636917946,TRUE,2025
"Amillepora18891",22.0643571712043,"chr6:2411158-2411558","Promoter (<=1kb)",884,"chr6",2411158,2411558,401,"*",14.951825655779,147.226133282681,9.92469673212081,95.460243106674,6,2409261,2412442,3182,2,"Amillepora18891","Amillepora18891-RA",287.761543011676,TRUE,884
"Amillepora18912",0.513168339076941,"chr6:2808438-2808838","Promoter (2-3kb)",-2629,"chr6",2808438,2808838,401,"*",2.99036513115581,4.22370054499496,1.65411612202013,0,6,2811467,2811914,448,1,"Amillepora18912","Amillepora18912-RA",7.24329053237739,TRUE,2629
"Amillepora18925",0.140819838801567,"chr6:3047348-3047748","Promoter (1-2kb)",1251,"chr6",3047348,3047748,401,"*",0,16.8948021799798,1.65411612202013,0.712389873930403,6,3046097,3053865,7769,1,"Amillepora18925","Amillepora18925-RA",20.7371721151706,TRUE,1251
"Amillepora18930",2.12479291420176,"chr6:3093013-3093413","Promoter (1-2kb)",-1583,"chr6",3093013,3093413,401,"*",29.9036513115581,142.399046945544,46.3152514165638,46.3053418054762,6,3094996,3098472,3477,1,"Amillepora18930","Amillepora18930-RA",271.048734037178,TRUE,1583
"Amillepora18950",0.836727758744568,"chr6:3267026-3267426","Promoter (<=1kb)",932,"chr6",3267026,3267426,401,"*",8.97109539346742,59.1318076299294,54.5858320266644,23.5088658397033,6,3266094,3268532,2439,1,"Amillepora18950","Amillepora18950-RA",160.101009064452,TRUE,932
"Amillepora19015",66.2467977591532,"chr6:3908033-3908433","Promoter (<=1kb)",0,"chr6",3908033,3908433,401,"*",74.7591282788952,23.5320458935433,28.1199740743423,46.3053418054762,6,3908107,3914821,6715,1,"Amillepora19015","Amillepora19015-RA",134.636904511106,TRUE,0
"Amillepora19018",4.46446968154612,"chr6:3922208-3922608","Promoter (1-2kb)",-1028,"chr6",3922208,3922608,401,"*",11.9614605246232,44.047162826376,4.9623483660604,42.0310025618938,6,3923636,3928925,5290,1,"Amillepora19018","Amillepora19018-RA",106.843585013087,TRUE,1028
"Amillepora19041",5.04280820362118,"chr6:4221804-4222204","Promoter (<=1kb)",-188,"chr6",4221804,4222204,401,"*",38.8747467050255,38.6166906970967,61.202296514745,32.7699342007986,6,4215571,4221616,6046,2,"Amillepora19041","Amillepora19041-RA",165.396280481626,TRUE,188
"Amillepora19053",0.324366116097947,"chr6:4341565-4341965","Promoter (<=1kb)",-548,"chr6",4341565,4341965,401,"*",0,0,0,9.97345823502565,6,4338933,4341017,2085,2,"Amillepora19053","Amillepora19053-RA",12.1511323119437,TRUE,548
"Amillepora19066",10.7443857315699,"chr6:4539685-4540085","Promoter (<=1kb)",420,"chr6",4539685,4540085,401,"*",2.99036513115581,6.03385792142137,4.9623483660604,2.13716962179121,6,4539265,4553471,14207,1,"Amillepora19066","Amillepora19066-RA",15.8025642359884,TRUE,420
"Amillepora19067",0.999439777270542,"chr6:4561516-4561916","Promoter (1-2kb)",1823,"chr6",4561516,4561916,401,"*",62.797667754272,71.8029092649142,86.014038345047,84.774394997718,6,4559693,4567874,8182,1,"Amillepora19067","Amillepora19067-RA",300.215913656009,TRUE,1823
"Amillepora19068",0.149667493931379,"chr6:4589987-4590387","Promoter (2-3kb)",-2987,"chr6",4589987,4590387,401,"*",0,4.82708633713709,4.9623483660604,0,6,4593374,4598042,4669,1,"Amillepora19068","Amillepora19068-RA",11.164142849895,TRUE,2987
"Amillepora19095",12.1034946297445,"chr6:4973497-4973897","Promoter (<=1kb)",355,"chr6",4973497,4973897,401,"*",50.8362072296487,41.6336196578074,16.5411612202013,38.4690531922418,6,4964688,4974252,9565,2,"Amillepora19095","Amillepora19095-RA",123.982580927098,TRUE,355
"Amillepora19099",12.5157998388868,"chr6:5015136-5015536","Promoter (<=1kb)",1,"chr6",5015136,5015536,401,"*",41.8651118361813,56.1148786692187,23.1576257082819,38.4690531922418,6,5007745,5015537,7793,2,"Amillepora19099","Amillepora19099-RA",145.087644378286,TRUE,1
"Amillepora19109",1.25998373968901,"chr6:5090949-5091349","Promoter (<=1kb)",871,"chr6",5090949,5091349,401,"*",35.8843815738697,201.530854575474,29.7740901963624,65.5398684015971,6,5090078,5092366,2289,1,"Amillepora19109","Amillepora19109-RA",338.2532399584,TRUE,871
"Amillepora19113",6.73501611026446,"chr6:5115780-5116180","Promoter (<=1kb)",60,"chr6",5115780,5116180,401,"*",20.9325559180907,3.62031475285282,8.27058061010067,6.41150886537363,6,5115720,5119642,3923,1,"Amillepora19113","Amillepora19113-RA",27.0624060647417,TRUE,60
"Amillepora19156",0.871624416777584,"chr6:5474270-5474670","Promoter (1-2kb)",1079,"chr6",5474270,5474670,401,"*",2.99036513115581,3.62031475285282,9.92469673212081,2.13716962179121,6,5473191,5476505,3315,1,"Amillepora19156","Amillepora19156-RA",19.3177240181826,TRUE,1079
"Amillepora19161",0.230779617945919,"chr6:5575324-5575724","Promoter (<=1kb)",414,"chr6",5575324,5575724,401,"*",5.98073026231162,3.01692896071068,0,1.42477974786081,6,5572370,5576138,3769,2,"Amillepora19161","Amillepora19161-RA",6.44250593870184,TRUE,414
"Amillepora19169",0.42949759291336,"chr6:5684500-5684900","Promoter (2-3kb)",2180,"chr6",5684500,5684900,401,"*",8.97109539346742,0,3.30823224404027,8.54867848716484,6,5682320,5688461,6142,1,"Amillepora19169","Amillepora19169-RA",16.7378005611157,TRUE,2180
"Amillepora19176",51.7551156417018,"chr6:5754969-5755369","Promoter (<=1kb)",98,"chr6",5754969,5755369,401,"*",62.797667754272,32.5828327756754,31.4282063183826,42.7433924358242,6,5740514,5755467,14954,2,"Amillepora19176","Amillepora19176-RA",140.862549872305,TRUE,98
"Amillepora19225",19.3970348473398,"chr6:6412784-6413184","Promoter (<=1kb)",222,"chr6",6412784,6413184,401,"*",20.9325559180907,2.41354316856855,6.61646448808054,7.83628861323444,6,6412562,6431922,19361,1,"Amillepora19225","Amillepora19225-RA",25.5018446631013,TRUE,222
"Amillepora19237",0.6088473491336,"chr6:6557064-6557464","Promoter (<=1kb)",816,"chr6",6557064,6557464,401,"*",2.99036513115581,0.603385792142137,8.27058061010067,4.98672911751282,6,6556248,6560385,4138,1,"Amillepora19237","Amillepora19237-RA",17.5807928941803,TRUE,816
"Amillepora19245",195.596466305301,"chr6:6623291-6623691","Promoter (<=1kb)",-232,"chr6",6623291,6623691,401,"*",101.672414459297,18.1015737642641,36.390554684443,44.168172183685,6,6616176,6623059,6884,2,"Amillepora19245","Amillepora19245-RA",143.242379089771,TRUE,232
"Amillepora19297",2.17860000332594,"chr6:7359675-7360075","Promoter (1-2kb)",1499,"chr6",7359675,7360075,401,"*",29.9036513115581,142.399046945544,23.1576257082819,52.0044607969194,6,7358176,7360075,1900,1,"Amillepora19297","Amillepora19297-RA",249.689741126546,TRUE,1499
"Amillepora19300",0.192893723807695,"chr6:7390897-7391297","Promoter (<=1kb)",621,"chr6",7390897,7391297,401,"*",8.97109539346742,23.5320458935433,18.1952773422215,22.0840860918425,6,7386816,7391918,5103,2,"Amillepora19300","Amillepora19300-RA",76.2822803687788,TRUE,621
"Amillepora19309",0.424321861297666,"chr6:7505826-7506226","Promoter (1-2kb)",1999,"chr6",7505826,7506226,401,"*",20.9325559180907,5.43047212927923,46.3152514165638,28.4955949572161,6,7503827,7504413,587,1,"Amillepora19309","Amillepora19309-RA",102.377690025568,TRUE,1999
"Amillepora19324",33.0059722824673,"chr6:7652206-7652606","Promoter (<=1kb)",0,"chr6",7652206,7652606,401,"*",47.8458420984929,3.62031475285282,36.390554684443,24.9336455875641,6,7652570,7662196,9627,1,"Amillepora19324","Amillepora19324-RA",90.8341038093959,TRUE,0
"Amillepora19355",4.8791559523696,"chr6:7958770-7959170","Promoter (<=1kb)",-162,"chr6",7958770,7959170,401,"*",11.9614605246232,0,9.92469673212081,2.13716962179121,6,7959332,7959770,439,1,"Amillepora19355","Amillepora19355-RA",17.7725629082268,TRUE,162
"Amillepora19370",6.91996418946909,"chr6:8170688-8171088","Promoter (2-3kb)",-2025,"chr6",8170688,8171088,401,"*",0,0,4.9623483660604,0.712389873930403,6,8161114,8168663,7550,2,"Amillepora19370","Amillepora19370-RA",6.93275882704278,TRUE,2025
"Amillepora19394",0.172085426904348,"chr6:8516185-8516585","Promoter (2-3kb)",2336,"chr6",8516185,8516585,401,"*",8.97109539346742,0,0,0,6,8517804,8518921,1118,2,"Amillepora19394","Amillepora19394-RA",2.27933042389467,TRUE,2336
"Amillepora19423",3.37180186941937,"chr6:8842541-8842941","Promoter (1-2kb)",-1073,"chr6",8842541,8842941,401,"*",0,0.603385792142137,3.30823224404027,11.3982379828865,6,8840750,8841468,719,2,"Amillepora19423","Amillepora19423-RA",18.5676374819896,TRUE,1073
"Amillepora19446",0.68982792701271,"chr6:9107698-9108098","Promoter (<=1kb)",0,"chr6",9107698,9108098,401,"*",116.624240115076,66.9758229277772,67.8187610028255,4.98672911751282,6,9106702,9107906,1205,2,"Amillepora19446","Amillepora19446-RA",189.34583937457,TRUE,0
"Amillepora19454",55.4626918663387,"chr6:9236285-9236685","Promoter (1-2kb)",-1076,"chr6",9236285,9236685,401,"*",5.98073026231162,0,0,19.2345265961209,6,9237761,9256693,18933,1,"Amillepora19454","Amillepora19454-RA",24.9538802175355,TRUE,1076
"Amillepora19499",0.422418953314932,"chr6:9698997-9699397","Promoter (<=1kb)",-930,"chr6",9698997,9699397,401,"*",0,0,3.30823224404027,7.12389873930403,6,9700327,9702719,2393,1,"Amillepora19499","Amillepora19499-RA",12.7225940926577,TRUE,930
"Amillepora19504",8.14902847578289,"chr6:9730351-9730751","Promoter (1-2kb)",-1225,"chr6",9730351,9730751,401,"*",2.99036513115581,1.20677158428427,3.30823224404027,6.41150886537363,6,9731976,9756855,24880,1,"Amillepora19504","Amillepora19504-RA",13.8892633896243,TRUE,1225
"Amillepora19522",3.49803668863958,"chr6:9922610-9923010","Promoter (2-3kb)",-2545,"chr6",9922610,9923010,401,"*",0,17.498187972122,0,24.2212557136337,6,9916086,9920065,3980,2,"Amillepora19522","Amillepora19522-RA",47.9949351711879,TRUE,2545
"Amillepora19538",3.76103318795565,"chr6:10074469-10074869","Promoter (1-2kb)",-1212,"chr6",10074469,10074869,401,"*",5.98073026231162,4.22370054499496,3.30823224404027,4.98672911751282,6,10068235,10073257,5023,2,"Amillepora19538","Amillepora19538-RA",16.1002404312345,TRUE,1212
"Amillepora19570",119.706161913713,"chr6:10351220-10351620","Promoter (<=1kb)",-158,"chr6",10351220,10351620,401,"*",62.797667754272,2.41354316856855,11.5788128541409,33.482324074729,6,10348197,10351062,2866,2,"Amillepora19570","Amillepora19570-RA",73.4493095815118,TRUE,158
"Amillepora19592",1.48497934387773,"chr6:10544317-10544717","Promoter (<=1kb)",773,"chr6",10544317,10544717,401,"*",104.662779590453,238.940773688286,162.103379957973,90.4735139891612,6,10543544,10545013,1470,1,"Amillepora19592","Amillepora19592-RA",587.354237964868,TRUE,773
"Amillepora19616",0.125655317794458,"chr6:10843167-10843567","Promoter (2-3kb)",2533,"chr6",10843167,10843567,401,"*",11.9614605246232,6.03385792142137,19.8493934642416,14.2477974786081,6,10840634,10850375,9742,1,"Amillepora19616","Amillepora19616-RA",51.0313034529551,TRUE,2533
"Amillepora19647",8.61703981888349,"chr6:11145965-11146365","Promoter (<=1kb)",0,"chr6",11145965,11146365,401,"*",95.6916841969858,25.3422032699697,29.7740901963624,55.5664101665715,6,11141711,11146222,4512,2,"Amillepora19647","Amillepora19647-RA",155.172389158368,TRUE,0
"Amillepora19698",28.6068151891411,"chr6:11896824-11897224","Promoter (2-3kb)",-2603,"chr6",11896824,11897224,401,"*",17.9421907869348,7.84401529784777,4.9623483660604,25.6460354614945,6,11877663,11894221,16559,2,"Amillepora19698","Amillepora19698-RA",50.1556487780339,TRUE,2603
"Amillepora19703",418.835426382073,"chr6:11941163-11941563","Promoter (<=1kb)",-132,"chr6",11941163,11941563,401,"*",74.7591282788952,18.1015737642641,21.5035095862617,52.7168506708498,6,11937148,11941031,3884,2,"Amillepora19703","Amillepora19703-RA",128.625181671184,TRUE,132
"Amillepora19724",6.96166579941904,"chr6:12152942-12153342","Promoter (2-3kb)",-2874,"chr6",12152942,12153342,401,"*",0,1.81015737642641,19.8493934642416,3.56194936965202,6,12156216,12159624,3409,1,"Amillepora19724","Amillepora19724-RA",30.511219097378,TRUE,2874
"Amillepora19766",12.5618590030839,"chr6:12583775-12584175","Promoter (<=1kb)",-622,"chr6",12583775,12584175,401,"*",0,1.81015737642641,4.9623483660604,25.6460354614945,6,12584797,12585923,1127,1,"Amillepora19766","Amillepora19766-RA",39.2228353738272,TRUE,622
"Amillepora19767",0.493031656042589,"chr6:12590895-12591295","Promoter (2-3kb)",2088,"chr6",12590895,12591295,401,"*",5.98073026231162,15.0846448035534,14.8870450981812,19.9469164700513,6,12588807,12595812,7006,1,"Amillepora19767","Amillepora19767-RA",59.9516620451438,TRUE,2088
"Amillepora19805",0.602077905962116,"chr6:13192470-13192870","Promoter (2-3kb)",2070,"chr6",13192470,13192870,401,"*",8.97109539346742,0,1.65411612202013,2.13716962179121,6,13187796,13194940,7145,2,"Amillepora19805","Amillepora19805-RA",6.9047514256601,TRUE,2070
"Amillepora19806",0.265209265396319,"chr6:13201261-13201661","Promoter (<=1kb)",-900,"chr6",13201261,13201661,401,"*",0,7.84401529784777,11.5788128541409,0.712389873930403,6,13202561,13203587,1027,1,"Amillepora19806","Amillepora19806-RA",23.3055848900667,TRUE,900
"Amillepora19808",58.8858145758789,"chr6:13221330-13221730","Promoter (<=1kb)",0,"chr6",13221330,13221730,401,"*",53.8265723608045,28.9625180228226,13.2329289761611,24.9336455875641,6,13221353,13235605,14253,1,"Amillepora19808","Amillepora19808-RA",90.8226010733934,TRUE,0
"Amillepora19840",2.13887068907325,"chr6:13583794-13584194","Promoter (<=1kb)",-488,"chr6",13583794,13584194,401,"*",155.498986820102,29.5659038149647,38.0446708064631,45.5929519315458,6,13584682,13590781,6100,1,"Amillepora19840","Amillepora19840-RA",172.786734469816,TRUE,488
"Amillepora19848",2.46839988456018,"chr6:13698005-13698405","Promoter (2-3kb)",-2662,"chr6",13698005,13698405,401,"*",8.97109539346742,11.4643300507006,16.5411612202013,14.2477974786081,6,13701067,13713375,12309,1,"Amillepora19848","Amillepora19848-RA",51.9650500759251,TRUE,2662
"Amillepora19864",35.7499870964533,"chr6:13925243-13925643","Promoter (<=1kb)",-429,"chr6",13925243,13925643,401,"*",122.604970377388,10.2575584664163,28.1199740743423,54.854020292641,6,13916157,13924814,8658,2,"Amillepora19864","Amillepora19864-RA",143.185454081806,TRUE,429
"Amillepora19871",67.3507503531856,"chr6:13973630-13974030","Promoter (<=1kb)",0,"chr6",13973630,13974030,401,"*",56.8169374919603,27.1523606463961,26.4658579523221,25.6460354614945,6,13969147,13973891,4745,2,"Amillepora19871","Amillepora19871-RA",106.710925616078,TRUE,0
"Amillepora19909",1.82917393595853,"chr6:14322223-14322623","Promoter (<=1kb)",-17,"chr6",14322223,14322623,401,"*",2.99036513115581,9.65417267427418,9.92469673212081,18.5221367221905,6,14319182,14322206,3025,2,"Amillepora19909","Amillepora19909-RA",45.6544510870788,TRUE,17
"Amillepora19926",0.439955340126095,"chr6:14524038-14524438","Promoter (2-3kb)",-2838,"chr6",14524038,14524438,401,"*",2.99036513115581,4.22370054499496,0,7.12389873930403,6,14527276,14528477,1202,1,"Amillepora19926","Amillepora19926-RA",13.901063820274,TRUE,2838
"Amillepora19929",0.494377966646107,"chr6:14536596-14536996","Promoter (1-2kb)",-1408,"chr6",14536596,14536996,401,"*",5.98073026231162,25.9455890621119,19.8493934642416,5.69911899144323,6,14531425,14535188,3764,2,"Amillepora19929","Amillepora19929-RA",60.1311970058222,TRUE,1408
"Amillepora19942",2.41639430164022,"chr6:14863683-14864083","Promoter (1-2kb)",-1318,"chr6",14863683,14864083,401,"*",2.99036513115581,1.20677158428427,8.27058061010067,7.83628861323444,6,14855904,14862365,6462,2,"Amillepora19942","Amillepora19942-RA",21.6899602389488,TRUE,1318
"Amillepora19950",26.5583818129567,"chr6:14929752-14930152","Promoter (<=1kb)",-831,"chr6",14929752,14930152,401,"*",35.8843815738697,13.274487427127,33.0823224404027,5.69911899144323,6,14930983,14942527,11545,1,"Amillepora19950","Amillepora19950-RA",70.5161001963576,TRUE,831
"Amillepora19956",1.53472692357296,"chr6:15026077-15026477","Promoter (<=1kb)",-105,"chr6",15026077,15026477,401,"*",11.9614605246232,2.41354316856855,4.9623483660604,8.54867848716484,6,15014409,15025972,11564,2,"Amillepora19956","Amillepora19956-RA",22.0688453265679,TRUE,105
"Amillepora19960",0.977518578220965,"chr6:15081977-15082377","Promoter (<=1kb)",0,"chr6",15081977,15082377,401,"*",5.98073026231162,0,1.65411612202013,2.84955949572161,6,15075217,15081979,6763,2,"Amillepora19960","Amillepora19960-RA",7.01291263997691,TRUE,0
"Amillepora19967",12.4482252377034,"chr6:15158626-15159026","Promoter (2-3kb)",2084,"chr6",15158626,15159026,401,"*",11.9614605246232,0,13.2329289761611,12.1106278568169,6,15156542,15167237,10696,1,"Amillepora19967","Amillepora19967-RA",33.9669090900113,TRUE,2084
"Amillepora19981",0.25829759342535,"chr6:15390566-15390966","Promoter (1-2kb)",-1683,"chr6",15390566,15390966,401,"*",0,7.24062950570564,23.1576257082819,13.5354076046777,6,15387987,15388883,897,2,"Amillepora19981","Amillepora19981-RA",52.4423025799381,TRUE,1683
"Amillepora19988",69.2990659579594,"chr6:15500590-15500990","Promoter (<=1kb)",-407,"chr6",15500590,15500990,401,"*",20.9325559180907,89.3010972370362,52.9317159046443,53.4292405447802,6,15498537,15500183,1647,2,"Amillepora19988","Amillepora19988-RA",229.442669079309,TRUE,407
"Amillepora19993",4.00614583727649,"chr6:15535202-15535602","Promoter (1-2kb)",-1579,"chr6",15535202,15535602,401,"*",113.633874983921,31.9794469835332,44.6611352945436,52.0044607969194,6,15537181,15541219,4039,1,"Amillepora19993","Amillepora19993-RA",180.597390121091,TRUE,1579
"Amillepora20008",0.270749476513895,"chr6:15701222-15701622","Promoter (<=1kb)",-434,"chr6",15701222,15701622,401,"*",0,19.3083453485484,6.61646448808054,5.69911899144323,6,15702056,15708027,5972,1,"Amillepora20008","Amillepora20008-RA",35.4272200984705,TRUE,434
"Amillepora20009",0.127797501449389,"chr6:15722250-15722650","Promoter (<=1kb)",957,"chr6",15722250,15722650,401,"*",5.98073026231162,6.6372437135635,14.8870450981812,5.69911899144323,6,15721293,15727052,5760,1,"Amillepora20009","Amillepora20009-RA",33.6690880205256,TRUE,957
"Amillepora20032",1.03836202650584,"chr6:15902345-15902745","Promoter (2-3kb)",-2255,"chr6",15902345,15902745,401,"*",5.98073026231162,0,0,2.13716962179121,6,15899176,15900090,915,2,"Amillepora20032","Amillepora20032-RA",4.12336768277486,TRUE,2255
"Amillepora20059",4.17462954800788,"chr6:16223397-16223797","Promoter (<=1kb)",856,"chr6",16223397,16223797,401,"*",2.99036513115581,14.4812590114113,0,37.7566633183114,6,16222541,16225290,2750,1,"Amillepora20059","Amillepora20059-RA",62.0584581242963,TRUE,856
"Amillepora20062",1.17475209258472,"chr6:16258666-16259066","Promoter (2-3kb)",-2886,"chr6",16258666,16259066,401,"*",2.99036513115581,24.7388174778276,1.65411612202013,30.6327645790073,6,16261952,16262687,736,1,"Amillepora20062","Amillepora20062-RA",66.2367441823091,TRUE,2886
"Amillepora20096",45.6984867086775,"chr6:16666103-16666503","Promoter (<=1kb)",731,"chr6",16666103,16666503,401,"*",0,3.01692896071068,1.65411612202013,9.26106836109524,6,16660232,16667234,7003,2,"Amillepora20096","Amillepora20096-RA",16.491877502791,TRUE,731
"Amillepora20105",4.30599778310211,"chr6:16732783-16733183","Promoter (2-3kb)",2915,"chr6",16732783,16733183,401,"*",0,0,4.9623483660604,0,6,16729868,16746551,16684,1,"Amillepora20105","Amillepora20105-RA",6.06482080476108,TRUE,2915
"Amillepora20108",12.5332941980648,"chr6:16765740-16766140","Promoter (<=1kb)",-131,"chr6",16765740,16766140,401,"*",0,3.01692896071068,9.92469673212081,12.1106278568169,6,16759115,16765609,6495,2,"Amillepora20108","Amillepora20108-RA",30.0716642665197,TRUE,131
"Amillepora20187",13.9544260888771,"chr6:17799936-17800336","Promoter (1-2kb)",-1733,"chr6",17799936,17800336,401,"*",11.9614605246232,4.82708633713709,26.4658579523221,24.2212557136337,6,17802069,17818052,15984,1,"Amillepora20187","Amillepora20187-RA",69.9940329932967,TRUE,1733
"Amillepora20200",43.1371702729813,"chr6:17942165-17942565","Promoter (<=1kb)",-174,"chr6",17942165,17942565,401,"*",170.450812475881,13.274487427127,29.7740901963624,36.3318835704506,6,17932779,17941991,9213,2,"Amillepora20200","Amillepora20200-RA",137.98417764305,TRUE,174
"Amillepora20206",3.43486934558152,"chr6:17980472-17980872","Promoter (2-3kb)",-2075,"chr6",17980472,17980872,401,"*",29.9036513115581,44.6505486185181,13.2329289761611,33.482324074729,6,17971549,17978397,6849,2,"Amillepora20206","Amillepora20206-RA",111.73243952374,TRUE,2075
"Amillepora20302",23.7639613676076,"chr6:19260005-19260405","Promoter (2-3kb)",-2771,"chr6",19260005,19260405,401,"*",2.99036513115581,1.81015737642641,19.8493934642416,11.3982379828865,6,19263176,19280663,17488,1,"Amillepora20302","Amillepora20302-RA",40.8183141504416,TRUE,2771
"Amillepora20320",42.8435160629561,"chr6:19522181-19522581","Promoter (<=1kb)",0,"chr6",19522181,19522581,401,"*",83.7302236723626,25.9455890621119,26.4658579523221,56.2788000405019,6,19522311,19527478,5168,1,"Amillepora20320","Amillepora20320-RA",149.595421334591,TRUE,0
"Amillepora20338",3.83410773792149,"chr6:19750458-19750858","Promoter (<=1kb)",-270,"chr6",19750458,19750858,401,"*",2.99036513115581,17.498187972122,11.5788128541409,17.0973569743297,6,19745479,19750188,4710,2,"Amillepora20338","Amillepora20338-RA",54.2265803007784,TRUE,270
"Amillepora20344",55.2066650958337,"chr6:19812679-19813079","Promoter (<=1kb)",85,"chr6",19812679,19813079,401,"*",41.8651118361813,62.1487365906401,47.9693675385839,52.0044607969194,6,19812658,19813164,507,2,"Amillepora20344","Amillepora20344-RA",198.276723381861,TRUE,85
"Amillepora20365",300.533673848495,"chr9:171609-172009","Promoter (<=1kb)",0,"chr9",171609,172009,401,"*",278.10395719749,10.8609442585585,51.2775997826242,71.2389873930403,9,168819,171841,3023,2,"Amillepora20365","Amillepora20365-RA",231.596334952987,TRUE,0
"Amillepora20400",35.6766095616978,"chr9:481275-481675","Promoter (<=1kb)",24,"chr9",481275,481675,401,"*",92.70131906583,41.0302338656653,33.0823224404027,40.606222814033,9,478270,481699,3430,2,"Amillepora20400","Amillepora20400-RA",156.801924399013,TRUE,24
"Amillepora20406",23.027674123081,"chr9:545004-545404","Promoter (<=1kb)",0,"chr9",545004,545404,401,"*",29.9036513115581,8.44740108998991,6.61646448808054,44.8805620576154,9,536221,545273,9053,2,"Amillepora20406","Amillepora20406-RA",79.2881048020613,TRUE,0
"Amillepora20464",13.7755223892498,"chr9:1070737-1071137","Promoter (<=1kb)",798,"chr9",1070737,1071137,401,"*",5.98073026231162,8.44740108998991,9.92469673212081,13.5354076046777,9,1069939,1074024,4086,1,"Amillepora20464","Amillepora20464-RA",39.0638312277884,TRUE,798
"Amillepora20470",28.3550387581949,"chr9:1106394-1106794","Promoter (1-2kb)",-1661,"chr9",1106394,1106794,401,"*",14.951825655779,4.22370054499496,13.2329289761611,10.685848108956,9,1098353,1104733,6381,2,"Amillepora20470","Amillepora20470-RA",37.4527166429048,TRUE,1661
"Amillepora20472",3.67068966848201,"chr9:1120658-1121058","Promoter (<=1kb)",-378,"chr9",1120658,1121058,401,"*",2.99036513115581,0.603385792142137,4.9623483660604,7.12389873930403,9,1112568,1120280,7713,2,"Amillepora20472","Amillepora20472-RA",16.1413930911846,TRUE,378
"Amillepora20489",116.448873546286,"chr9:1468439-1468839","Promoter (<=1kb)",112,"chr9",1468439,1468839,401,"*",20.9325559180907,8.44740108998991,11.5788128541409,12.1106278568169,9,1461425,1468951,7527,2,"Amillepora20489","Amillepora20489-RA",43.1484461579698,TRUE,112
"Amillepora20500",0.942497610811794,"chr9:1605024-1605424","Promoter (<=1kb)",0,"chr9",1605024,1605424,401,"*",32.8940164427139,0.603385792142137,28.1199740743423,36.3318835704506,9,1600187,1605063,4877,2,"Amillepora20500","Amillepora20500-RA",87.6271171732681,TRUE,0
"Amillepora20535",114.469297562572,"chr9:1942734-1943134","Promoter (<=1kb)",-107,"chr9",1942734,1943134,401,"*",143.537526295479,20.5151169328326,49.623483660604,59.1283595362235,9,1939368,1942627,3260,2,"Amillepora20535","Amillepora20535-RA",190.828469371125,TRUE,107
"Amillepora20545",1.90191971592547,"chr9:2118215-2118615","Promoter (2-3kb)",-2879,"chr9",2118215,2118615,401,"*",0,1.20677158428427,3.30823224404027,8.54867848716484,9,2110737,2115336,4600,2,"Amillepora20545","Amillepora20545-RA",15.7333006485045,TRUE,2879
"Amillepora20636",4.09545641711381,"chr9:3115670-3116070","Promoter (2-3kb)",-2576,"chr9",3115670,3116070,401,"*",38.8747467050255,16.8948021799798,24.811741830302,9.26106836109524,9,3118646,3134014,15369,1,"Amillepora20636","Amillepora20636-RA",69.3320239749795,TRUE,2576
"Amillepora20638",24.2985411152086,"chr9:3138302-3138702","Promoter (<=1kb)",-973,"chr9",3138302,3138702,401,"*",0,19.3083453485484,4.9623483660604,2.84955949572161,9,3139675,3160123,20449,1,"Amillepora20638","Amillepora20638-RA",29.9338610744234,TRUE,973
"Amillepora20677",33.9451262334529,"chr9:3502454-3502854","Promoter (<=1kb)",0,"chr9",3502454,3502854,401,"*",278.10395719749,21.7218885171169,31.4282063183826,53.4292405447802,9,3491381,3502569,11189,2,"Amillepora20677","Amillepora20677-RA",197.112075778451,TRUE,0
"Amillepora20678",41.7745788763727,"chr9:3509254-3509654","Promoter (<=1kb)",279,"chr9",3509254,3509654,401,"*",29.9036513115581,21.7218885171169,26.4658579523221,22.0840860918425,9,3508975,3518591,9617,1,"Amillepora20678","Amillepora20678-RA",89.7965069322095,TRUE,279
"Amillepora20694",0.264465436595864,"chr9:3633716-3634116","Promoter (1-2kb)",1320,"chr9",3633716,3634116,401,"*",2.99036513115581,0,24.811741830302,24.2212557136337,9,3630362,3635436,5075,2,"Amillepora20694","Amillepora20694-RA",60.5937735893479,TRUE,1320
"Amillepora20706",1.76737031807857,"chr9:3821041-3821441","Promoter (<=1kb)",0,"chr9",3821041,3821441,401,"*",65.7880328854278,27.1523606463961,28.1199740743423,44.168172183685,9,3821180,3833400,12221,1,"Amillepora20706","Amillepora20706-RA",133.578251554217,TRUE,0
"Amillepora20715",2.02022690332864,"chr9:3861261-3861661","Promoter (<=1kb)",0,"chr9",3861261,3861661,401,"*",74.7591282788952,15.0846448035534,26.4658579523221,47.730121553337,9,3858560,3861355,2796,2,"Amillepora20715","Amillepora20715-RA",125.427360041765,TRUE,0
"Amillepora20729",24.4392156433738,"chr9:3960705-3961105","Promoter (1-2kb)",-1227,"chr9",3960705,3961105,401,"*",0,4.82708633713709,8.27058061010067,5.69911899144323,9,3962332,3970924,8593,1,"Amillepora20729","Amillepora20729-RA",22.1508608979892,TRUE,1227
"Amillepora20773",0.751485370214443,"chr9:4319010-4319410","Promoter (<=1kb)",0,"chr9",4319010,4319410,401,"*",68.7783980165836,14.4812590114113,24.811741830302,39.1814430661722,9,4313093,4319260,6168,2,"Amillepora20773","Amillepora20773-RA",110.833527967893,TRUE,0
"Amillepora20782",0.365728422849087,"chr9:4371460-4371860","Promoter (<=1kb)",357,"chr9",4371460,4371860,401,"*",17.9421907869348,83.870625107757,41.3529030505034,11.3982379828865,9,4371103,4373208,2106,1,"Amillepora20782","Amillepora20782-RA",157.586563111507,TRUE,357
"Amillepora20796",0.237815500637738,"chr9:4505971-4506371","Promoter (<=1kb)",491,"chr9",4505971,4506371,401,"*",50.8362072296487,69.3893660963457,44.6611352945436,41.3186126879634,9,4505480,4510852,5373,1,"Amillepora20796","Amillepora20796-RA",191.14275266939,TRUE,491
"Amillepora20820",0.155547813402663,"chr9:4737892-4738292","Promoter (1-2kb)",-1658,"chr9",4737892,4738292,401,"*",5.98073026231162,19.9117311406905,9.92469673212081,30.6327645790073,9,4729807,4736234,6428,2,"Amillepora20820","Amillepora20820-RA",72.0052336197419,TRUE,1658
"Amillepora20854",1.51329498931861,"chr9:5153616-5154016","Promoter (<=1kb)",3,"chr9",5153616,5154016,401,"*",41.8651118361813,56.7182644613608,64.5105287587852,34.9071038225898,9,5153613,5157056,3444,1,"Amillepora20854","Amillepora20854-RA",191.925542895528,TRUE,3
"Amillepora20875",2.38536065182689,"chr9:5389614-5390014","Promoter (<=1kb)",-889,"chr9",5389614,5390014,401,"*",0,2.41354316856855,0,13.5354076046777,9,5380828,5388725,7898,2,"Amillepora20875","Amillepora20875-RA",19.0404834459192,TRUE,889
"Amillepora20945",45.7821728050469,"chr9:6060823-6061223","Promoter (<=1kb)",307,"chr9",6060823,6061223,401,"*",56.8169374919603,31.9794469835332,29.7740901963624,40.606222814033,9,6049961,6061530,11570,2,"Amillepora20945","Amillepora20945-RA",134.080159998968,TRUE,307
"Amillepora20955",0.332864098521533,"chr9:6163359-6163759","Promoter (<=1kb)",328,"chr9",6163359,6163759,401,"*",8.97109539346742,19.3083453485484,21.5035095862617,24.9336455875641,9,6163015,6164087,1073,2,"Amillepora20955","Amillepora20955-RA",79.3353395382541,TRUE,328
"Amillepora20981",5.16712325954333,"chr9:6486808-6487208","Promoter (2-3kb)",-2121,"chr9",6486808,6487208,401,"*",23.9229210492465,83.870625107757,31.4282063183826,56.2788000405019,9,6489329,6494729,5401,1,"Amillepora20981","Amillepora20981-RA",201.656570521661,TRUE,2121
"Amillepora21034",5.52243917841484,"chr9:7175585-7175985","Promoter (2-3kb)",-2388,"chr9",7175585,7175985,401,"*",14.951825655779,1.20677158428427,16.5411612202013,10.685848108956,9,7178373,7190037,11665,1,"Amillepora21034","Amillepora21034-RA",38.3088542345368,TRUE,2388
"Amillepora21043",17.2966983664611,"chr9:7331928-7332328","Promoter (<=1kb)",0,"chr9",7331928,7332328,401,"*",65.7880328854278,41.0302338656653,23.1576257082819,16.3849671003993,9,7328554,7332169,3616,2,"Amillepora21043","Amillepora21043-RA",108.32439876023,TRUE,0
"Amillepora21078",7.90426619388338,"chr9:7605800-7606200","Promoter (2-3kb)",-2290,"chr9",7605800,7606200,401,"*",8.97109539346742,1.81015737642641,3.30823224404027,6.41150886537363,9,7598059,7603510,5452,2,"Amillepora21078","Amillepora21078-RA",16.0462322611958,TRUE,2290
"Amillepora21079",0.121746732819052,"chr9:7623585-7623985","Promoter (1-2kb)",-1678,"chr9",7623585,7623985,401,"*",20.9325559180907,84.4740108998991,3.30823224404027,29.2079848311465,9,7618965,7621907,2943,2,"Amillepora21079","Amillepora21079-RA",134.185246228987,TRUE,1678
"Amillepora21095",0.125130713922068,"chr9:7817572-7817972","Promoter (<=1kb)",290,"chr9",7817572,7817972,401,"*",0,18.7049595564062,6.61646448808054,13.5354076046777,9,7816641,7818262,1622,2,"Amillepora21095","Amillepora21095-RA",44.3371230879274,TRUE,290
"Amillepora21102",12.0372261591985,"chr9:7941769-7942169","Promoter (<=1kb)",0,"chr9",7941769,7942169,401,"*",62.797667754272,16.2914163878377,39.6987869284832,63.4026987798059,9,7933019,7941783,8765,2,"Amillepora21102","Amillepora21102-RA",158.930575290749,TRUE,0
"Amillepora21119",0.493637355786015,"chr9:8078316-8078716","Promoter (<=1kb)",-227,"chr9",8078316,8078716,401,"*",2.99036513115581,0,4.9623483660604,2.13716962179121,9,8071441,8078089,6649,2,"Amillepora21119","Amillepora21119-RA",9.42841167957106,TRUE,227
"Amillepora21130",0.334953970320982,"chr9:8202363-8202763","Promoter (2-3kb)",-2427,"chr9",8202363,8202763,401,"*",35.8843815738697,31.9794469835332,28.1199740743423,44.168172183685,9,8205190,8210743,5554,1,"Amillepora21130","Amillepora21130-RA",131.079805519702,TRUE,2427
"Amillepora21142",55.0379645177512,"chr9:8348858-8349258","Promoter (<=1kb)",-144,"chr9",8348858,8349258,401,"*",32.8940164427139,31.3760611913911,33.0823224404027,39.8938329401026,9,8343528,8348714,5187,2,"Amillepora21142","Amillepora21142-RA",130.539806127166,TRUE,144
"Amillepora21160",0.204764551618878,"chr9:8545616-8546016","Promoter (2-3kb)",2678,"chr9",8545616,8546016,401,"*",23.9229210492465,0,16.5411612202013,3.56194936965202,9,8542938,8547817,4880,1,"Amillepora21160","Amillepora21160-RA",30.6339739243312,TRUE,2678
"Amillepora21192",0.489145901783586,"chr9:9037672-9038072","Promoter (<=1kb)",-574,"chr9",9037672,9038072,401,"*",2.99036513115581,0,4.9623483660604,0,9,9038646,9043078,4433,1,"Amillepora21192","Amillepora21192-RA",6.82459761272597,TRUE,574
"Amillepora21204",0.556510995672544,"chr9:9339908-9340308","Promoter (<=1kb)",763,"chr9",9339908,9340308,401,"*",5.98073026231162,3.62031475285282,14.8870450981812,7.83628861323444,9,9337215,9341071,3857,2,"Amillepora21204","Amillepora21204-RA",33.0858258091621,TRUE,763
"Amillepora21207",0.321595733211907,"chr9:9387888-9388288","Promoter (<=1kb)",-835,"chr9",9387888,9388288,401,"*",11.9614605246232,2.41354316856855,11.5788128541409,12.8230177307473,9,9389123,9404072,14950,1,"Amillepora21207","Amillepora21207-RA",35.3629011999395,TRUE,835
"Amillepora21220",1.96895108550365,"chr9:9550426-9550826","Promoter (2-3kb)",-2579,"chr9",9550426,9550826,401,"*",41.8651118361813,39.2200764892389,19.8493934642416,19.2345265961209,9,9553405,9565949,12545,1,"Amillepora21220","Amillepora21220-RA",99.7624767488712,TRUE,2579
"Amillepora21222",3.89640547541605,"chr9:9574599-9574999","Promoter (1-2kb)",-1049,"chr9",9574599,9574999,401,"*",11.9614605246232,327.63848513318,51.2775997826242,26.3584253354249,9,9576048,9591886,15839,1,"Amillepora21222","Amillepora21222-RA",443.939112852275,TRUE,1049
"Amillepora21241",11.5758588196084,"chr9:9714203-9714603","Promoter (<=1kb)",-110,"chr9",9714203,9714603,401,"*",59.8073026231162,38.6166906970967,26.4658579523221,25.6460354614945,9,9714713,9731159,16447,1,"Amillepora21241","Amillepora21241-RA",119.581592281235,TRUE,110
"Amillepora21273",20.6092778023655,"chr9:10649631-10650031","Promoter (1-2kb)",-1459,"chr9",10649631,10650031,401,"*",8.97109539346742,62.1487365906401,67.8187610028255,22.7964759657729,9,10651490,10677307,25818,1,"Amillepora21273","Amillepora21273-RA",178.593002799742,TRUE,1459
"Amillepora21284",0.257943457969667,"chr9:10752030-10752430","Promoter (<=1kb)",0,"chr9",10752030,10752430,401,"*",2.99036513115581,38.0133049049546,46.3152514165638,11.3982379828865,9,10751697,10752362,666,2,"Amillepora21284","Amillepora21284-RA",111.408940447671,TRUE,0
"Amillepora21357",27.8536092988154,"chr9:11529105-11529505","Promoter (2-3kb)",2660,"chr9",11529105,11529505,401,"*",2.99036513115581,48.2708633713709,14.8870450981812,17.8097468482601,9,11526445,11539594,13150,1,"Amillepora21357","Amillepora21357-RA",91.6459102306291,TRUE,2660
"Amillepora21367",12.7762716214624,"chr9:11684493-11684893","Promoter (2-3kb)",2835,"chr9",11684493,11684893,401,"*",2.99036513115581,15.6880305956955,4.9623483660604,9.97345823502565,9,11681658,11690697,9040,1,"Amillepora21367","Amillepora21367-RA",35.5485265713547,TRUE,2835
"Amillepora21431",2.61897219975287,"chr9:12745835-12746235","Promoter (<=1kb)",0,"chr9",12745835,12746235,401,"*",2.99036513115581,12.0677158428427,0,7.83628861323444,9,12745987,12751506,5520,1,"Amillepora21431","Amillepora21431-RA",23.0554001658982,TRUE,0
"Amillepora21453",0.240213250872497,"chr9:13220682-13221082","Promoter (2-3kb)",2089,"chr9",13220682,13221082,401,"*",29.9036513115581,81.4570819391884,41.3529030505034,22.7964759657729,9,13218110,13223171,5062,2,"Amillepora21453","Amillepora21453-RA",171.963017677306,TRUE,2089
"Amillepora21482",5.5616285054384,"chr9:13761913-13762313","Promoter (<=1kb)",0,"chr9",13761913,13762313,401,"*",80.7398585412068,6.03385792142137,19.8493934642416,40.606222814033,9,13748162,13762151,13990,2,"Amillepora21482","Amillepora21482-RA",100.61987686057,TRUE,0
"Amillepora21510",0.540409148426839,"chr9:14137918-14138318","Promoter (<=1kb)",0,"chr9",14137918,14138318,401,"*",0,0,6.61646448808054,2.13716962179121,9,14130470,14137957,7488,2,"Amillepora21510","Amillepora21510-RA",10.6902418065265,TRUE,0
"Amillepora21552",8.17077992823326,"chr9:14715088-14715488","Promoter (1-2kb)",1260,"chr9",14715088,14715488,401,"*",14.951825655779,7.84401529784777,3.30823224404027,11.3982379828865,9,14713828,14716290,2463,1,"Amillepora21552","Amillepora21552-RA",30.0155045895148,TRUE,1260
"Amillepora21557",339.056741802568,"chr9:14817139-14817539","Promoter (<=1kb)",0,"chr9",14817139,14817539,401,"*",107.653144721609,12.6711016349849,39.6987869284832,56.2788000405019,9,14817468,14826883,9416,1,"Amillepora21557","Amillepora21557-RA",157.823355653555,TRUE,0
"Amillepora21623",3.47310126769308,"chr9:15986536-15986936","Promoter (<=1kb)",250,"chr9",15986536,15986936,401,"*",35.8843815738697,56.1148786692187,29.7740901963624,47.0177316794066,9,15985553,15987186,1634,2,"Amillepora21623","Amillepora21623-RA",162.069774769418,TRUE,250
"Amillepora21647",0.582181129420561,"chr9:16433434-16433834","Promoter (2-3kb)",2297,"chr9",16433434,16433834,401,"*",2.99036513115581,0,0,7.83628861323444,9,16432982,16436131,3150,2,"Amillepora21647","Amillepora21647-RA",10.3070950530635,TRUE,2297
"Amillepora21678",0.180669672854528,"chr9:16865504-16865904","Promoter (1-2kb)",1547,"chr9",16865504,16865904,401,"*",11.9614605246232,20.5151169328326,18.1952773422215,49.8672911751282,9,16865002,16867451,2450,2,"Amillepora21678","Amillepora21678-RA",107.704563767521,TRUE,1547
"Amillepora21683",0.905694350980718,"chr9:16953324-16953724","Promoter (1-2kb)",1280,"chr9",16953324,16953724,401,"*",56.8169374919603,44.6505486185181,99.2469673212081,45.5929519315458,9,16947509,16955004,7496,2,"Amillepora21683","Amillepora21683-RA",238.448937790071,TRUE,1280
"Amillepora21695",0.466246976047734,"chr9:17077273-17077673","Promoter (<=1kb)",0,"chr9",17077273,17077673,401,"*",29.9036513115581,106.799285209158,14.8870450981812,37.7566633183114,9,17077444,17081713,4270,1,"Amillepora21695","Amillepora21695-RA",184.615445923449,TRUE,0
"Amillepora21713",1.35900157570528,"chr9:17429168-17429568","Promoter (<=1kb)",-531,"chr9",17429168,17429568,401,"*",17.9421907869348,50.6844065399395,56.2399481486846,61.9779190319451,9,17430099,17430822,724,1,"Amillepora21713","Amillepora21713-RA",202.346786047495,TRUE,531
"Amillepora21745",9.37657066765385,"chr9:17939419-17939819","Promoter (<=1kb)",0,"chr9",17939419,17939819,401,"*",116.624240115076,22.9286601014012,46.3152514165638,50.5796810490586,9,17937212,17939539,2328,2,"Amillepora21745","Amillepora21745-RA",172.081668984787,TRUE,0
"Amillepora21747",1.00633252230853,"chr9:17983780-17984180","Promoter (<=1kb)",829,"chr9",17983780,17984180,401,"*",23.9229210492465,21.1185027249748,13.2329289761611,23.5088658397033,9,17982297,17985009,2713,2,"Amillepora21747","Amillepora21747-RA",73.2025586258386,TRUE,829
"Amillepora21748",0.544247143814011,"chr9:18041936-18042336","Promoter (<=1kb)",0,"chr9",18041936,18042336,401,"*",5.98073026231162,0,9.92469673212081,13.5354076046777,9,18040554,18041954,1401,2,"Amillepora21748","Amillepora21748-RA",30.1400176488042,TRUE,0
"Amillepora21749",0.689742154397829,"chr9:18043338-18043738","Promoter (<=1kb)",630,"chr9",18043338,18043738,401,"*",2.99036513115581,0,0,8.54867848716484,9,18043460,18044368,909,2,"Amillepora21749","Amillepora21749-RA",11.1750330753452,TRUE,630
"Amillepora21769",3.78487240285646,"chr9:18213335-18213735","Promoter (2-3kb)",2124,"chr9",18213335,18213735,401,"*",5.98073026231162,1.81015737642641,1.65411612202013,13.5354076046777,9,18211821,18215859,4039,2,"Amillepora21769","Amillepora21769-RA",21.9442287411276,TRUE,2124
"Amillepora21775",0.144582417690702,"chr9:18240414-18240814","Promoter (2-3kb)",2342,"chr9",18240414,18240814,401,"*",23.9229210492465,0,74.435225490906,55.5664101665715,9,18238962,18243156,4195,2,"Amillepora21775","Amillepora21775-RA",164.749692273108,TRUE,2342
"Amillepora21777",0.656685892893343,"chr9:18294982-18295382","Promoter (2-3kb)",2742,"chr9",18294982,18295382,401,"*",0,12.6711016349849,6.61646448808054,13.5354076046777,9,18295958,18298124,2167,2,"Amillepora21777","Amillepora21777-RA",37.9629705315101,TRUE,2742
"Amillepora21802",0.538882651971081,"chr9:18440013-18440413","Promoter (<=1kb)",744,"chr9",18440013,18440413,401,"*",0,0,4.9623483660604,4.98672911751282,9,18439046,18441157,2112,2,"Amillepora21802","Amillepora21802-RA",12.1403869607329,TRUE,744
"Amillepora21853",0.981833329853438,"chr9:19157023-19157423","Promoter (1-2kb)",1950,"chr9",19157023,19157423,401,"*",5.98073026231162,0.603385792142137,14.8870450981812,4.27433924358242,9,19155073,19155699,627,1,"Amillepora21853","Amillepora21853-RA",25.5590594195449,TRUE,1950
"Amillepora21856",0.302208587131391,"chr9:19286293-19286693","Promoter (1-2kb)",-1250,"chr9",19286293,19286693,401,"*",5.98073026231162,3.01692896071068,6.61646448808054,29.2079848311465,9,19287943,19288015,73,1,"Amillepora21856","Amillepora21856-RA",48.3785165473693,TRUE,1250
"Amillepora21861",0.500013310161309,"chr9:19372544-19372944","Promoter (2-3kb)",2959,"chr9",19372544,19372944,401,"*",50.8362072296487,27.1523606463961,14.8870450981812,12.1106278568169,9,19356764,19375903,19140,2,"Amillepora21861","Amillepora21861-RA",74.5493010323532,TRUE,2959
"Amillepora21869",0.675973060229331,"chr9:19519327-19519727","Promoter (1-2kb)",-1288,"chr9",19519327,19519727,401,"*",2.99036513115581,8.44740108998991,0,5.69911899144323,9,19516674,19518039,1366,2,"Amillepora21869","Amillepora21869-RA",16.6270945652027,TRUE,1288
"Amillepora21880",0.768983394244705,"chr3:40004-40404","Promoter (2-3kb)",-2569,"chr3",40004,40404,401,"*",5.98073026231162,0,9.92469673212081,7.12389873930403,3,42973,51808,8836,1,"Amillepora21880","Amillepora21880-RA",22.3285754482689,TRUE,2569
"Amillepora21910",1.62383274032096,"chr3:461154-461554","Promoter (1-2kb)",1248,"chr3",461154,461554,401,"*",5.98073026231162,4.22370054499496,8.27058061010067,8.54867848716484,3,447713,462802,15090,2,"Amillepora21910","Amillepora21910-RA",26.5047513474041,TRUE,1248
"Amillepora21974",0.251280897229813,"chr3:1055011-1055411","Promoter (<=1kb)",-122,"chr3",1055011,1055411,401,"*",32.8940164427139,19.9117311406905,31.4282063183826,13.5354076046777,3,1055533,1055605,73,1,"Amillepora21974","Amillepora21974-RA",84.2936025106302,TRUE,122
"Amillepora21991",9.22629658879423,"chr3:1234319-1234719","Promoter (<=1kb)",0,"chr3",1234319,1234719,401,"*",101.672414459297,23.5320458935433,29.7740901963624,46.3053418054762,3,1234343,1250324,15982,1,"Amillepora21991","Amillepora21991-RA",143.49650271771,TRUE,0
"Amillepora22005",19.1611533423488,"chr3:1364549-1364949","Promoter (<=1kb)",-183,"chr3",1364549,1364949,401,"*",17.9421907869348,8.44740108998991,9.92469673212081,21.3716962179121,3,1360246,1364366,4121,2,"Amillepora22005","Amillepora22005-RA",51.6502567047466,TRUE,183
"Amillepora22011",23.7805385497989,"chr3:1415510-1415910","Promoter (<=1kb)",-260,"chr3",1415510,1415910,401,"*",53.8265723608045,22.325274309259,14.8870450981812,45.5929519315458,3,1413301,1415250,1950,2,"Amillepora22011","Amillepora22011-RA",111.002842842424,TRUE,260
"Amillepora22267",70.0339957356768,"chr3:4122536-4122936","Promoter (<=1kb)",-477,"chr3",4122536,4122936,401,"*",23.9229210492465,3.01692896071068,8.27058061010067,28.4955949572161,3,4123413,4174879,51467,1,"Amillepora22267","Amillepora22267-RA",54.0908463077973,TRUE,477
"Amillepora22319",0.761154959503127,"chr3:4641961-4642361","Promoter (1-2kb)",1903,"chr3",4641961,4642361,401,"*",5.98073026231162,0,6.61646448808054,4.98672911751282,3,4643083,4644264,1182,2,"Amillepora22319","Amillepora22319-RA",15.6815475115831,TRUE,1903
"Amillepora22323",2.17939570512779,"chr3:4680276-4680676","Promoter (2-3kb)",-2654,"chr3",4680276,4680676,401,"*",5.98073026231162,0.603385792142137,0,0.712389873930403,3,4676393,4677622,1230,2,"Amillepora22323","Amillepora22323-RA",3.02490689385321,TRUE,2654
"Amillepora22351",0.800186651223232,"chr3:4953523-4953923","Promoter (2-3kb)",2059,"chr3",4953523,4953923,401,"*",5.98073026231162,5.43047212927923,1.65411612202013,9.97345823502565,3,4951464,4969727,18264,1,"Amillepora22351","Amillepora22351-RA",21.4290301635695,TRUE,2059
"Amillepora22364",0.348476182688927,"chr3:5171318-5171718","Promoter (2-3kb)",2805,"chr3",5171318,5171718,401,"*",5.98073026231162,2.41354316856855,4.9623483660604,0.712389873930403,3,5165000,5174523,9524,2,"Amillepora22364","Amillepora22364-RA",11.0019734655395,TRUE,2805
"Amillepora22370",1.77364355735679,"chr3:5340662-5341062","Promoter (2-3kb)",-2896,"chr3",5340662,5341062,401,"*",5.98073026231162,11.4643300507006,6.61646448808054,21.3716962179121,3,5343958,5385580,41623,1,"Amillepora22370","Amillepora22370-RA",47.755011881255,TRUE,2896
"Amillepora22403",40.1039015318441,"chr3:5869956-5870356","Promoter (<=1kb)",0,"chr3",5869956,5870356,401,"*",32.8940164427139,7.84401529784777,23.1576257082819,23.5088658397033,3,5870263,5883749,13487,1,"Amillepora22403","Amillepora22403-RA",73.5883950351373,TRUE,0
"Amillepora22407",0.563189902157053,"chr3:5992559-5992959","Promoter (<=1kb)",126,"chr3",5992559,5992959,401,"*",8.97109539346742,19.3083453485484,6.61646448808054,15.6725772264689,3,5992433,5993191,759,1,"Amillepora22407","Amillepora22407-RA",49.8576828343089,TRUE,126
"Amillepora22415",0.130728676454705,"chr3:6067126-6067526","Promoter (<=1kb)",-401,"chr3",6067126,6067526,401,"*",0,15.6880305956955,3.30823224404027,21.3716962179121,3,6067927,6068682,756,1,"Amillepora22415","Amillepora22415-RA",46.6541511849765,TRUE,401
"Amillepora22511",16.4276773922533,"chr3:6925312-6925712","Promoter (2-3kb)",2439,"chr3",6925312,6925712,401,"*",8.97109539346742,0.603385792142137,6.61646448808054,6.41150886537363,3,6922873,6930992,8120,1,"Amillepora22511","Amillepora22511-RA",18.8146156197531,TRUE,2439
"Amillepora22517",24.4683936563666,"chr3:7035509-7035909","Promoter (<=1kb)",0,"chr3",7035509,7035909,401,"*",86.7205888035184,33.1862185678175,57.8940642707047,44.168172183685,3,7023891,7035622,11732,2,"Amillepora22517","Amillepora22517-RA",181.659766594955,TRUE,0
"Amillepora22531",223.789773053705,"chr3:7310922-7311322","Promoter (<=1kb)",0,"chr3",7310922,7311322,401,"*",65.7880328854278,11.4643300507006,34.7364385624228,44.8805620576154,3,7280591,7310989,30399,2,"Amillepora22531","Amillepora22531-RA",125.959820669495,TRUE,0
"Amillepora22606",1.65532361845468,"chr3:8127369-8127769","Promoter (<=1kb)",16,"chr3",8127369,8127769,401,"*",35.8843815738697,15.0846448035534,13.2329289761611,16.3849671003993,3,8127353,8129254,1902,1,"Amillepora22606","Amillepora22606-RA",61.1881330784639,TRUE,16
"Amillepora22614",0.325967084253878,"chr3:8211470-8211870","Promoter (<=1kb)",-121,"chr3",8211470,8211870,401,"*",44.8554769673371,33.7896043599596,31.4282063183826,29.2079848311465,3,8211991,8214147,2157,1,"Amillepora22614","Amillepora22614-RA",121.087897112447,TRUE,121
"Amillepora22643",217.184078883169,"chr3:8682731-8683131","Promoter (<=1kb)",0,"chr3",8682731,8683131,401,"*",86.7205888035184,19.3083453485484,41.3529030505034,48.4425114272674,3,8682826,8686353,3528,1,"Amillepora22643","Amillepora22643-RA",151.990774499682,TRUE,0
"Amillepora22647",3.44374294799867,"chr3:8710169-8710569","Promoter (<=1kb)",-441,"chr3",8710169,8710569,401,"*",0,0.603385792142137,4.9623483660604,2.13716962179121,3,8711010,8713838,2829,1,"Amillepora22647","Amillepora22647-RA",9.3060501272479,TRUE,441
"Amillepora22661",3.48031168753837,"chr3:8897854-8898254","Promoter (2-3kb)",2455,"chr3",8897854,8898254,401,"*",0,8.44740108998991,3.30823224404027,9.26106836109524,3,8887356,8900709,13354,2,"Amillepora22661","Amillepora22661-RA",24.250221738487,TRUE,2455
"Amillepora22695",0.192535176479726,"chr3:9334312-9334712","Promoter (<=1kb)",817,"chr3",9334312,9334712,401,"*",0,3.01692896071068,0,4.27433924358242,3,9330793,9335529,4737,2,"Amillepora22695","Amillepora22695-RA",8.39470441189883,TRUE,817
"Amillepora22744",0.241283385695575,"chr3:10095430-10095830","Promoter (1-2kb)",-1980,"chr3",10095430,10095830,401,"*",0,0,0,4.27433924358242,3,10097810,10116775,18966,1,"Amillepora22744","Amillepora22744-RA",5.20762813369016,TRUE,1980
"Amillepora22859",7.10092727007104,"chr3:11489062-11489462","Promoter (<=1kb)",-589,"chr3",11489062,11489462,401,"*",5.98073026231162,0,0,2.13716962179121,3,11467852,11488473,20622,2,"Amillepora22859","Amillepora22859-RA",4.12336768277486,TRUE,589
"Amillepora22865",0.136727538954306,"chr3:11558475-11558875","Promoter (2-3kb)",2631,"chr3",11558475,11558875,401,"*",0,6.03385792142137,11.5788128541409,7.83628861323444,3,11559286,11561506,2221,2,"Amillepora22865","Amillepora22865-RA",30.0727193459585,TRUE,2631
"Amillepora22867",0.22649039568454,"chr3:11596256-11596656","Promoter (1-2kb)",1277,"chr3",11596256,11596656,401,"*",14.951825655779,6.6372437135635,4.9623483660604,25.6460354614945,3,11594979,11597507,2529,1,"Amillepora22867","Amillepora22867-RA",48.1210414587855,TRUE,1277
"Amillepora22911",0.840418157309651,"chr3:12529419-12529819","Promoter (<=1kb)",0,"chr3",12529419,12529819,401,"*",14.951825655779,0.603385792142137,4.9623483660604,4.27433924358242,3,12529661,12533835,4175,1,"Amillepora22911","Amillepora22911-RA",15.7087482339174,TRUE,0
"Amillepora22928",3.02069711963362,"chr3:12768186-12768586","Promoter (1-2kb)",1177,"chr3",12768186,12768586,401,"*",38.8747467050255,136.968574816265,21.5035095862617,36.3318835704506,3,12767009,12769061,2053,1,"Amillepora22928","Amillepora22928-RA",225.116090824548,TRUE,1177
"Amillepora22930",2.95297644161204,"chr3:12779812-12780212","Promoter (<=1kb)",0,"chr3",12779812,12780212,401,"*",41.8651118361813,119.470386844143,51.2775997826242,49.1549013011978,3,12775040,12780125,5086,2,"Amillepora22930","Amillepora22930-RA",259.40263444854,TRUE,0
"Amillepora22979",0.591043158926183,"chr3:13349988-13350388","Promoter (<=1kb)",823,"chr3",13349988,13350388,401,"*",23.9229210492465,54.3047212927923,74.435225490906,48.4425114272674,3,13349165,13350077,913,1,"Amillepora22979","Amillepora22979-RA",213.437685058047,TRUE,823
"Amillepora23015",2.11325488897659,"chr3:14008439-14008839","Promoter (<=1kb)",152,"chr3",14008439,14008839,401,"*",8.97109539346742,3.01692896071068,13.2329289761611,0.712389873930403,3,14007820,14008991,1172,2,"Amillepora23015","Amillepora23015-RA",22.507200203748,TRUE,152
"Amillepora23044",0.327721443613762,"chr3:14310386-14310786","Promoter (<=1kb)",-765,"chr3",14310386,14310786,401,"*",17.9421907869348,71.8029092649142,29.7740901963624,23.5088658397033,3,14311551,14315270,3720,1,"Amillepora23044","Amillepora23044-RA",145.441955833018,TRUE,765
"Amillepora23073",8.98868634586033,"chr3:14680067-14680467","Promoter (<=1kb)",0,"chr3",14680067,14680467,401,"*",65.7880328854278,11.4643300507006,24.811741830302,37.044273444381,3,14662967,14680099,17133,2,"Amillepora23073","Amillepora23073-RA",104.282860814874,TRUE,0
"Amillepora23081",1.57084128668907,"chr3:14738712-14739112","Promoter (<=1kb)",475,"chr3",14738712,14739112,401,"*",26.9132861804023,0.603385792142137,13.2329289761611,16.3849671003993,3,14738237,14740319,2083,1,"Amillepora23081","Amillepora23081-RA",43.6108365191677,TRUE,475
"Amillepora23088",0.647436128996476,"chr3:14797021-14797421","Promoter (<=1kb)",-81,"chr3",14797021,14797421,401,"*",65.7880328854278,11.4643300507006,18.1952773422215,49.8672911751282,3,14797502,14805657,8156,1,"Amillepora23088","Amillepora23088-RA",111.819317476263,TRUE,81
"Amillepora23126",1027.90918627245,"chr3:15364133-15364533","Promoter (2-3kb)",2492,"chr3",15364133,15364533,401,"*",5.98073026231162,0,18.1952773422215,7.83628861323444,3,15361641,15366035,4395,1,"Amillepora23126","Amillepora23126-RA",33.3045481451524,TRUE,2492
"Amillepora23136",1.04376928925833,"chr3:15464599-15464999","Promoter (2-3kb)",2966,"chr3",15464599,15464999,401,"*",2.99036513115581,6.03385792142137,51.2775997826242,29.9203747050769,3,15461633,15463778,2146,1,"Amillepora23136","Amillepora23136-RA",106.257141282745,TRUE,2966
"Amillepora23140",0.458148265615324,"chr3:15528385-15528785","Promoter (2-3kb)",-2008,"chr3",15528385,15528785,401,"*",8.97109539346742,2.41354316856855,0,6.41150886537363,3,15530793,15530864,72,1,"Amillepora23140","Amillepora23140-RA",12.6404336469968,TRUE,2008
"Amillepora23142",3.41334716085247,"chr3:15545770-15546170","Promoter (<=1kb)",-455,"chr3",15545770,15546170,401,"*",0,0,0,6.41150886537363,3,15544229,15545315,1087,2,"Amillepora23142","Amillepora23142-RA",7.81144220053524,TRUE,455
"Amillepora23152",0.234868202912103,"chr3:15830305-15830705","Promoter (<=1kb)",170,"chr3",15830305,15830705,401,"*",0,8.44740108998991,0,0.712389873930403,3,15830135,15831397,1263,1,"Amillepora23152","Amillepora23152-RA",9.79175160126596,TRUE,170
"Amillepora23159",136.469570761006,"chr3:15904465-15904865","Promoter (<=1kb)",984,"chr3",15904465,15904865,401,"*",0,0.603385792142137,9.92469673212081,8.54867848716484,3,15894231,15905849,11619,2,"Amillepora23159","Amillepora23159-RA",23.1823131325442,TRUE,984
"Amillepora23175",12.053399812309,"chr3:16077342-16077742","Promoter (2-3kb)",2522,"chr3",16077342,16077742,401,"*",0,4.22370054499496,9.92469673212081,3.56194936965202,3,16078260,16080264,2005,2,"Amillepora23175","Amillepora23175-RA",20.9312385104228,TRUE,2522
"Amillepora23184",0.22461686225778,"chr3:16177686-16178086","Promoter (<=1kb)",105,"chr3",16177686,16178086,401,"*",2.99036513115581,4.82708633713709,0,0.712389873930403,3,16177581,16179109,1529,1,"Amillepora23184","Amillepora23184-RA",6.72703687538045,TRUE,105
"Amillepora23185",21.4324931609654,"chr3:16181319-16181719","Promoter (1-2kb)",-1303,"chr3",16181319,16181719,401,"*",14.951825655779,5.43047212927923,9.92469673212081,16.3849671003993,3,16183022,16190330,7309,1,"Amillepora23185","Amillepora23185-RA",41.6278374626012,TRUE,1303
"Amillepora23196",169.459132972149,"chr3:16332592-16332992","Promoter (<=1kb)",0,"chr3",16332592,16332992,401,"*",44.8554769673371,21.1185027249748,24.811741830302,31.3451544529377,3,16318344,16332660,14317,2,"Amillepora23196","Amillepora23196-RA",102.219563071134,TRUE,0
"Amillepora23213",93.7307279996038,"chr3:16508411-16508811","Promoter (<=1kb)",0,"chr3",16508411,16508811,401,"*",77.749493410051,17.498187972122,36.390554684443,34.1947139486594,3,16508435,16515312,6878,1,"Amillepora23213","Amillepora23213-RA",124.375617058467,TRUE,0
"Amillepora23220",6.99049422576884,"chr3:16606365-16606765","Promoter (<=1kb)",-848,"chr3",16606365,16606765,401,"*",8.97109539346742,0,11.5788128541409,2.84955949572161,3,16601827,16605517,3691,2,"Amillepora23220","Amillepora23220-RA",19.9023310574639,TRUE,848
"Amillepora23231",23.6819420518184,"chr3:16779572-16779972","Promoter (<=1kb)",0,"chr3",16779572,16779972,401,"*",17.9421907869348,1.81015737642641,11.5788128541409,8.54867848716484,3,16771363,16779688,8326,2,"Amillepora23231","Amillepora23231-RA",31.0374114265373,TRUE,0
"Amillepora23238",33.1163248363897,"chr3:16852033-16852433","Promoter (1-2kb)",-1297,"chr3",16852033,16852433,401,"*",2.99036513115581,6.6372437135635,11.5788128541409,15.6725772264689,3,16853730,16872730,19001,1,"Amillepora23238","Amillepora23238-RA",41.0172296546637,TRUE,1297
"Amillepora23242",1.76355392412081,"chr3:16918692-16919092","Promoter (<=1kb)",0,"chr3",16918692,16919092,401,"*",83.7302236723626,22.325274309259,24.811741830302,33.482324074729,3,16909843,16919080,9238,2,"Amillepora23242","Amillepora23242-RA",115.975306152806,TRUE,0
"Amillepora23280",0.69199784160134,"chr3:17290442-17290842","Promoter (<=1kb)",371,"chr3",17290442,17290842,401,"*",56.8169374919603,42.2370054499496,28.1199740743423,40.606222814033,3,17290071,17290805,735,1,"Amillepora23280","Amillepora23280-RA",142.894612409957,TRUE,371
"Amillepora23298",122.708663813042,"chr3:17546231-17546631","Promoter (<=1kb)",22,"chr3",17546231,17546631,401,"*",2.99036513115581,11.4643300507006,8.27058061010067,6.41150886537363,3,17532979,17546653,13675,2,"Amillepora23298","Amillepora23298-RA",30.7901435402949,TRUE,22
"Amillepora23305",128.110874809265,"chr3:17621589-17621989","Promoter (<=1kb)",0,"chr3",17621589,17621989,401,"*",65.7880328854278,31.9794469835332,23.1576257082819,65.5398684015971,3,17614852,17621813,6962,2,"Amillepora23305","Amillepora23305-RA",158.65089346304,TRUE,0
"Amillepora23330",3.97108742443013,"chr3:17839798-17840198","Promoter (2-3kb)",-2550,"chr3",17839798,17840198,401,"*",32.8940164427139,97.7484983270261,34.7364385624228,41.3186126879634,3,17842748,17849785,7038,1,"Amillepora23330","Amillepora23330-RA",204.41296722724,TRUE,2550
"Amillepora23334",1.09952954564639,"chr3:17879137-17879537","Promoter (<=1kb)",431,"chr3",17879137,17879537,401,"*",0,26.548974854254,21.5035095862617,28.4955949572161,3,17871459,17879968,8510,2,"Amillepora23334","Amillepora23334-RA",89.0446822934686,TRUE,431
"Amillepora23342",539.646346814697,"chr3:17957887-17958287","Promoter (<=1kb)",0,"chr3",17957887,17958287,401,"*",95.6916841969858,18.7049595564062,39.6987869284832,41.3186126879634,3,17940314,17958063,17750,2,"Amillepora23342","Amillepora23342-RA",142.931702510197,TRUE,0
"Amillepora23349",0.773496448764997,"chr3:18023707-18024107","Promoter (2-3kb)",-2836,"chr3",18023707,18024107,401,"*",8.97109539346742,10.2575584664163,8.27058061010067,4.27433924358242,3,18012545,18020871,8327,2,"Amillepora23349","Amillepora23349-RA",28.4310525780961,TRUE,2836
"Amillepora23355",4.36799124224608,"chr3:18123833-18124233","Promoter (2-3kb)",2943,"chr3",18123833,18124233,401,"*",5.98073026231162,7.84401529784777,16.5411612202013,9.97345823502565,3,18120890,18126826,5937,1,"Amillepora23355","Amillepora23355-RA",42.1731536004196,TRUE,2943
"Amillepora23382",2.17050914859281,"chr3:18617757-18618157","Promoter (1-2kb)",-1943,"chr3",18617757,18618157,401,"*",11.9614605246232,9.05078688213205,3.30823224404027,16.3849671003993,3,18620100,18626295,6196,1,"Amillepora23382","Amillepora23382-RA",36.6061244488053,TRUE,1943
"Amillepora23393",2.55626048281961,"chr3:18755362-18755762","Promoter (<=1kb)",0,"chr3",18755362,18755762,401,"*",89.7109539346742,20.5151169328326,24.811741830302,54.854020292641,3,18750231,18755436,5206,2,"Amillepora23393","Amillepora23393-RA",141.620754670261,TRUE,0
"Amillepora23402",114.881353926322,"chr3:18900752-18901152","Promoter (1-2kb)",1898,"chr3",18900752,18901152,401,"*",0,3.01692896071068,9.92469673212081,2.84955949572161,3,18891228,18903050,11823,2,"Amillepora23402","Amillepora23402-RA",18.7884699768576,TRUE,1898
"Amillepora23417",58.1385609752316,"chr3:19078258-19078658","Promoter (2-3kb)",-2134,"chr3",19078258,19078658,401,"*",5.98073026231162,12.0677158428427,0,4.98672911751282,3,19063912,19076124,12213,2,"Amillepora23417","Amillepora23417-RA",20.3434248847363,TRUE,2134
"Amillepora23450",38.9554448942603,"chr3:19450275-19450675","Promoter (<=1kb)",-657,"chr3",19450275,19450675,401,"*",44.8554769673371,19.3083453485484,28.1199740743423,28.4955949572161,3,19436576,19449618,13043,2,"Amillepora23450","Amillepora23450-RA",100.878779084923,TRUE,657
"Amillepora23489",19.5205644169002,"chr8:421029-421429","Promoter (2-3kb)",2448,"chr8",421029,421429,401,"*",26.9132861804023,24.7388174778276,24.811741830302,21.3716962179121,8,418581,431303,12723,1,"Amillepora23489","Amillepora23489-RA",89.3342614452513,TRUE,2448
"Amillepora23513",1.51802951954785,"chr8:638038-638438","Promoter (<=1kb)",-231,"chr8",638038,638438,401,"*",0,6.03385792142137,9.92469673212081,33.482324074729,8,638669,641839,3171,1,"Amillepora23513","Amillepora23513-RA",59.2968812131792,TRUE,231
"Amillepora23522",1.77698676456597,"chr8:729961-730361","Promoter (<=1kb)",0,"chr8",729961,730361,401,"*",164.470082213569,20.5151169328326,47.9693675385839,41.3186126879634,8,730299,736309,6011,1,"Amillepora23522","Amillepora23522-RA",172.426849534916,TRUE,0
"Amillepora23523",0.607221253966652,"chr8:744373-744773","Promoter (1-2kb)",-1367,"chr8",744373,744773,401,"*",11.9614605246232,0,0,0,8,738852,743006,4155,2,"Amillepora23523","Amillepora23523-RA",3.03910723185955,TRUE,1367
"Amillepora23543",0.182953023925014,"chr8:948840-949240","Promoter (<=1kb)",-419,"chr8",948840,949240,401,"*",2.99036513115581,0,1.65411612202013,6.41150886537363,8,947633,948421,789,2,"Amillepora23543","Amillepora23543-RA",10.5928259434205,TRUE,419
"Amillepora23590",6.22007990054512,"chr8:1545166-1545566","Promoter (<=1kb)",-286,"chr8",1545166,1545566,401,"*",2.99036513115581,4.82708633713709,0,1.42477974786081,8,1545852,1557665,11814,1,"Amillepora23590","Amillepora23590-RA",7.59497489766215,TRUE,286
"Amillepora23592",0.748380140205678,"chr8:1603458-1603858","Promoter (2-3kb)",-2467,"chr8",1603458,1603858,401,"*",14.951825655779,0,3.30823224404027,2.84955949572161,8,1606325,1619298,12974,1,"Amillepora23592","Amillepora23592-RA",11.3138499987919,TRUE,2467
"Amillepora23593",0.380584599152362,"chr8:1640631-1641031","Promoter (<=1kb)",-10,"chr8",1640631,1641031,401,"*",35.8843815738697,114.039914714864,49.623483660604,108.995650711352,8,1639338,1640621,1284,2,"Amillepora23593","Amillepora23593-RA",323.031530468577,TRUE,10
"Amillepora23608",0.188515840230691,"chr8:1810203-1810603","Promoter (<=1kb)",0,"chr8",1810203,1810603,401,"*",2.99036513115581,3.01692896071068,4.9623483660604,2.13716962179121,8,1810288,1829020,18733,1,"Amillepora23608","Amillepora23608-RA",12.6154879577797,TRUE,0
"Amillepora23626",0.676012135677055,"chr8:1926132-1926532","Promoter (1-2kb)",-1834,"chr8",1926132,1926532,401,"*",0,6.6372437135635,9.92469673212081,2.13716962179121,8,1922520,1924298,1779,2,"Amillepora23626","Amillepora23626-RA",21.7450234884263,TRUE,1834
"Amillepora23712",28.1584418888181,"chr8:2881646-2882046","Promoter (<=1kb)",-928,"chr8",2881646,2882046,401,"*",17.9421907869348,3.01692896071068,21.5035095862617,4.27433924358242,8,2877255,2880718,3464,2,"Amillepora23712","Amillepora23712-RA",39.2342554136528,TRUE,928
"Amillepora23793",0.413855343002596,"chr8:4193391-4193791","Promoter (<=1kb)",22,"chr8",4193391,4193791,401,"*",20.9325559180907,6.03385792142137,0,1.42477974786081,8,4151983,4193813,41831,2,"Amillepora23793","Amillepora23793-RA",13.428466256735,TRUE,22
"Amillepora23812",0.636197854302194,"chr8:4382246-4382646","Promoter (2-3kb)",2127,"chr8",4382246,4382646,401,"*",0,1.81015737642641,3.30823224404027,4.98672911751282,8,4380119,4384869,4751,1,"Amillepora23812","Amillepora23812-RA",12.0310257927378,TRUE,2127
"Amillepora23854",1.83006867961885,"chr8:5027917-5028317","Promoter (2-3kb)",-2098,"chr8",5027917,5028317,401,"*",14.951825655779,7.24062950570564,23.1576257082819,14.2477974786081,8,4977151,5025819,48669,2,"Amillepora23854","Amillepora23854-RA",57.1091246420443,TRUE,2098
"Amillepora23877",22.754205333173,"chr8:5408341-5408741","Promoter (<=1kb)",-268,"chr8",5408341,5408741,401,"*",0,1.81015737642641,0,14.2477974786081,8,5406613,5408073,1461,2,"Amillepora23877","Amillepora23877-RA",19.2710062125591,TRUE,268
"Amillepora23879",0.545860619430137,"chr8:5461224-5461624","Promoter (1-2kb)",1106,"chr8",5461224,5461624,401,"*",20.9325559180907,65.7690513434929,19.8493934642416,6.41150886537363,8,5460118,5467934,7817,1,"Amillepora23879","Amillepora23879-RA",106.867425940283,TRUE,1106
"Amillepora23904",0.195800065271515,"chr8:5661280-5661680","Promoter (<=1kb)",822,"chr8",5661280,5661680,401,"*",8.97109539346742,16.8948021799798,8.27058061010067,9.97345823502565,8,5660458,5661774,1317,1,"Amillepora23904","Amillepora23904-RA",42.3861245684087,TRUE,822
"Amillepora23945",0.210135102538211,"chr8:6347064-6347464","Promoter (<=1kb)",0,"chr8",6347064,6347464,401,"*",38.8747467050255,48.2708633713709,16.5411612202013,19.9469164700513,8,6347112,6349333,2222,1,"Amillepora23945","Amillepora23945-RA",105.388652927973,TRUE,0
"Amillepora23946",1.14634965423293,"chr8:6349198-6349598","Promoter (<=1kb)",-52,"chr8",6349198,6349598,401,"*",0,0.603385792142137,8.27058061010067,1.42477974786081,8,6349650,6350489,840,1,"Amillepora23946","Amillepora23946-RA",12.4813259748069,TRUE,52
"Amillepora23953",0.624878283881479,"chr8:6437131-6437531","Promoter (2-3kb)",2078,"chr8",6437131,6437531,401,"*",0,2.41354316856855,0,4.27433924358242,8,6438933,6439609,677,2,"Amillepora23953","Amillepora23953-RA",7.7572891562571,TRUE,2078
"Amillepora23961",1.256252719707,"chr8:6550003-6550403","Promoter (<=1kb)",0,"chr8",6550003,6550403,401,"*",62.797667754272,24.7388174778276,28.1199740743423,32.0575443268681,8,6548910,6550322,1413,2,"Amillepora23961","Amillepora23961-RA",115.513867344896,TRUE,0
"Amillepora23968",0.976693876278569,"chr8:6693765-6694165","Promoter (<=1kb)",196,"chr8",6693765,6694165,401,"*",38.8747467050255,39.823462281381,19.8493934642416,81.9248355019964,8,6689843,6694361,4519,2,"Amillepora23968","Amillepora23968-RA",176.018661157337,TRUE,196
"Amillepora23969",0.279603412662759,"chr8:6702395-6702795","Promoter (1-2kb)",1543,"chr8",6702395,6702795,401,"*",56.8169374919603,116.453457883432,62.8564126367651,64.1150886537363,8,6703848,6704338,491,2,"Amillepora23969","Amillepora23969-RA",292.392389222513,TRUE,1543
"Amillepora23972",1.22960876059351,"chr8:6753904-6754304","Promoter (1-2kb)",1853,"chr8",6753904,6754304,401,"*",32.8940164427139,227.476443637585,39.6987869284832,35.6194936965202,8,6753338,6756157,2820,2,"Amillepora23972","Amillepora23972-RA",340.57856381672,TRUE,1853
"Amillepora23976",0.463709979825334,"chr8:6783077-6783477","Promoter (<=1kb)",217,"chr8",6783077,6783477,401,"*",5.98073026231162,8.44740108998991,4.9623483660604,6.41150886537363,8,6782860,6783294,435,1,"Amillepora23976","Amillepora23976-RA",24.3196302002104,TRUE,217
"Amillepora24040",3.51230135800841,"chr8:7665543-7665943","Promoter (<=1kb)",445,"chr8",7665543,7665943,401,"*",17.9421907869348,14.4812590114113,14.8870450981812,24.9336455875641,8,7662427,7666388,3962,2,"Amillepora24040","Amillepora24040-RA",68.4289201773335,TRUE,445
"Amillepora24047",27.5886245642945,"chr8:7733558-7733958","Promoter (<=1kb)",0,"chr8",7733558,7733958,401,"*",68.7783980165836,15.6880305956955,11.5788128541409,30.6327645790073,8,7733950,7751607,17658,1,"Amillepora24047","Amillepora24047-RA",85.5202467324327,TRUE,0
"Amillepora24049",22.1988164146438,"chr8:7779401-7779801","Promoter (1-2kb)",1003,"chr8",7779401,7779801,401,"*",38.8747467050255,47.0640917870866,3.30823224404027,40.606222814033,8,7760618,7780804,20187,2,"Amillepora24049","Amillepora24049-RA",113.111169583496,TRUE,1003
"Amillepora24057",137.3828884953,"chr8:7872717-7873117","Promoter (<=1kb)",0,"chr8",7872717,7873117,401,"*",74.7591282788952,24.1354316856855,16.5411612202013,51.292070922989,8,7872941,7899368,26428,1,"Amillepora24057","Amillepora24057-RA",127.198637378277,TRUE,0
"Amillepora24066",0.475948537606289,"chr8:8007222-8007622","Promoter (1-2kb)",1341,"chr8",8007222,8007622,401,"*",5.98073026231162,2.41354316856855,0,0.712389873930403,8,8003444,8008963,5520,2,"Amillepora24066","Amillepora24066-RA",4.93715266077841,TRUE,1341
"Amillepora24083",0.379499395675508,"chr8:8303133-8303533","Promoter (2-3kb)",-2680,"chr8",8303133,8303533,401,"*",29.9036513115581,19.3083453485484,23.1576257082819,14.2477974786081,8,8269138,8300453,31316,2,"Amillepora24083","Amillepora24083-RA",73.6563137947034,TRUE,2680
"Amillepora24121",1.45968802769416,"chr8:8791323-8791723","Promoter (1-2kb)",1455,"chr8",8791323,8791723,401,"*",2.99036513115581,12.6711016349849,9.92469673212081,19.9469164700513,8,8789868,8792219,2352,1,"Amillepora24121","Amillepora24121-RA",50.5774034098509,TRUE,1455
"Amillepora24142",0.603150576896222,"chr8:9004461-9004861","Promoter (1-2kb)",1715,"chr8",9004461,9004861,401,"*",0,0.603385792142137,9.92469673212081,9.97345823502565,8,9002746,9003825,1080,1,"Amillepora24142","Amillepora24142-RA",24.9181891771076,TRUE,1715
"Amillepora24156",4.1135658444025,"chr8:9200747-9201147","Promoter (1-2kb)",1072,"chr8",9200747,9201147,401,"*",71.7687631477394,9.05078688213205,41.3529030505034,37.7566633183114,8,9199675,9207048,7374,1,"Amillepora24156","Amillepora24156-RA",124.336760779722,TRUE,1072
"Amillepora24169",0.152725786916914,"chr8:9439657-9440057","Promoter (<=1kb)",45,"chr8",9439657,9440057,401,"*",8.97109539346742,10.8609442585585,13.2329289761611,29.2079848311465,8,9440031,9440102,72,2,"Amillepora24169","Amillepora24169-RA",65.5111194183582,TRUE,45
"Amillepora24174",1.66188751645885,"chr8:9490204-9490604","Promoter (1-2kb)",1397,"chr8",9490204,9490604,401,"*",5.98073026231162,0,21.5035095862617,9.26106836109524,8,9486611,9492001,5391,2,"Amillepora24174","Amillepora24174-RA",39.0836380595564,TRUE,1397
"Amillepora24187",1.54195225702876,"chr8:9685928-9686328","Promoter (1-2kb)",1038,"chr8",9685928,9686328,401,"*",62.797667754272,72.4062950570564,31.4282063183826,14.9601873525385,8,9686095,9687366,1272,2,"Amillepora24187","Amillepora24187-RA",149.082373875673,TRUE,1038
"Amillepora24203",0.458196563379975,"chr8:9846952-9847352","Promoter (2-3kb)",2094,"chr8",9846952,9847352,401,"*",20.9325559180907,18.1015737642641,43.0070191725235,17.8097468482601,8,9844858,9855205,10348,1,"Amillepora24203","Amillepora24203-RA",98.701126189978,TRUE,2094
"Amillepora24216",3.16105956392173,"chr8:10063799-10064199","Promoter (<=1kb)",440,"chr8",10063799,10064199,401,"*",20.9325559180907,26.548974854254,28.1199740743423,43.4557823097546,8,10063359,10076369,13011,1,"Amillepora24216","Amillepora24216-RA",120.67624615682,TRUE,440
"Amillepora24237",75.7323254508015,"chr8:10267386-10267786","Promoter (<=1kb)",0,"chr8",10267386,10267786,401,"*",107.653144721609,24.1354316856855,29.7740901963624,56.2788000405019,8,10260693,10267688,6996,2,"Amillepora24237","Amillepora24237-RA",157.804603901226,TRUE,0
"Amillepora24284",1.79690856794822,"chr8:11116374-11116774","Promoter (<=1kb)",660,"chr8",11116374,11116774,401,"*",5.98073026231162,9.05078688213205,1.65411612202013,13.5354076046777,8,11115714,11118451,2738,1,"Amillepora24284","Amillepora24284-RA",29.5932118088284,TRUE,660
"Amillepora24374",123.977869241525,"chr8:12405573-12405973","Promoter (<=1kb)",0,"chr8",12405573,12405973,401,"*",104.662779590453,26.548974854254,49.623483660604,42.0310025618938,8,12381077,12405665,24589,2,"Amillepora24374","Amillepora24374-RA",166.495010889238,TRUE,0
"Amillepora24400",138.833083843147,"chr8:12708898-12709298","Promoter (1-2kb)",-1851,"chr8",12708898,12709298,401,"*",0,2.41354316856855,33.0823224404027,0.712389873930403,8,12711149,12716609,5461,1,"Amillepora24400","Amillepora24400-RA",43.8497377432559,TRUE,1851
"Amillepora24403",14.7604170807866,"chr8:12763361-12763761","Promoter (1-2kb)",1810,"chr8",12763361,12763761,401,"*",0,0.603385792142137,8.27058061010067,9.97345823502565,8,12761551,12799100,37550,1,"Amillepora24403","Amillepora24403-RA",22.8965822421873,TRUE,1810
"Amillepora24437",98.8822880335796,"chr8:13157886-13158286","Promoter (<=1kb)",17,"chr8",13157886,13158286,401,"*",59.8073026231162,14.4812590114113,13.2329289761611,32.7699342007986,8,13147942,13158303,10362,2,"Amillepora24437","Amillepora24437-RA",86.5915067990203,TRUE,17
"Amillepora24447",5.69471242579307,"chr8:13289177-13289577","Promoter (<=1kb)",-487,"chr8",13289177,13289577,401,"*",0,4.82708633713709,4.9623483660604,12.8230177307473,8,13277824,13288690,10867,2,"Amillepora24447","Amillepora24447-RA",26.7870272509655,TRUE,487
"Amillepora24555",145.442851510062,"chr8:14567623-14568023","Promoter (<=1kb)",0,"chr8",14567623,14568023,401,"*",53.8265723608045,34.3929901521018,34.7364385624228,37.7566633183114,8,14568001,14593401,25401,1,"Amillepora24555","Amillepora24555-RA",138.463112929204,TRUE,0
"Amillepora24572",21.6660690848549,"chr8:14866971-14867371","Promoter (<=1kb)",-38,"chr8",14866971,14867371,401,"*",56.8169374919603,13.274487427127,41.3529030505034,38.4690531922418,8,14856128,14866933,10806,2,"Amillepora24572","Amillepora24572-RA",125.867721551672,TRUE,38
"Amillepora24595",12.9127639718394,"chr8:15195624-15196024","Promoter (2-3kb)",-2297,"chr8",15195624,15196024,401,"*",0,0.603385792142137,11.5788128541409,27.7832050832857,8,15182450,15193327,10878,2,"Amillepora24595","Amillepora24595-RA",48.6382466690702,TRUE,2297
"Amillepora24632",24.5961842639607,"chr8:15701522-15701922","Promoter (<=1kb)",0,"chr8",15701522,15701922,401,"*",74.7591282788952,32.5828327756754,31.4282063183826,48.4425114272674,8,15701638,15713970,12333,1,"Amillepora24632","Amillepora24632-RA",150.845161282418,TRUE,0
"Amillepora24661",12.7425610211593,"chr8:15963424-15963824","Promoter (<=1kb)",-699,"chr8",15963424,15963824,401,"*",5.98073026231162,6.6372437135635,29.7740901963624,12.8230177307473,8,15964523,15972904,8382,1,"Amillepora24661","Amillepora24661-RA",60.5429306576259,TRUE,699
"Amillepora24668",5.02547239768784,"chr8:16050531-16050931","Promoter (<=1kb)",-712,"chr8",16050531,16050931,401,"*",53.8265723608045,16.2914163878377,33.0823224404027,37.044273444381,8,16045724,16049819,4096,2,"Amillepora24668","Amillepora24668-RA",116.45111030275,TRUE,712
"Amillepora24672",141.139323162666,"chr8:16110533-16110933","Promoter (<=1kb)",0,"chr8",16110533,16110933,401,"*",74.7591282788952,11.4643300507006,26.4658579523221,49.1549013011978,8,16100843,16110559,9717,2,"Amillepora24672","Amillepora24672-RA",123.338744552478,TRUE,0
"Amillepora24675",80.4637975883443,"chr8:16133485-16133885","Promoter (2-3kb)",2596,"chr8",16133485,16133885,401,"*",2.99036513115581,1.81015737642641,4.9623483660604,4.98672911751282,8,16130889,16137615,6727,1,"Amillepora24675","Amillepora24675-RA",14.812409535623,TRUE,2596
"Amillepora24677",5.60189981359371,"chr8:16145424-16145824","Promoter (1-2kb)",1346,"chr8",16145424,16145824,401,"*",2.99036513115581,1.20677158428427,4.9623483660604,2.13716962179121,8,16141457,16147170,5714,2,"Amillepora24677","Amillepora24677-RA",10.7032421908545,TRUE,1346
"Amillepora24765",0.619513404768197,"chr8:17008636-17009036","Promoter (1-2kb)",-1539,"chr8",17008636,17009036,401,"*",104.662779590453,13.274487427127,8.27058061010067,34.9071038225898,8,16998511,17007097,8587,2,"Amillepora24765","Amillepora24765-RA",93.252321669294,TRUE,1539
"Amillepora24786",2.56426016969494,"chr8:17236650-17237050","Promoter (<=1kb)",-772,"chr8",17236650,17237050,401,"*",14.951825655779,8.44740108998991,19.8493934642416,17.0973569743297,8,17233197,17235878,2682,2,"Amillepora24786","Amillepora24786-RA",57.8124933726137,TRUE,772
"Amillepora24826",73.6866026487731,"chr8:17510820-17511220","Promoter (<=1kb)",51,"chr8",17510820,17511220,401,"*",59.8073026231162,22.9286601014012,46.3152514165638,49.8672911751282,8,17510769,17526952,16184,1,"Amillepora24826","Amillepora24826-RA",156.777971611172,TRUE,51
"Amillepora24883",79.0377077781186,"chr14:307256-307656","Promoter (<=1kb)",-27,"chr14",307256,307656,401,"*",95.6916841969858,17.498187972122,14.8870450981812,32.0575443268681,14,306138,307229,1092,2,"Amillepora24883","Amillepora24883-RA",100.049573685446,TRUE,27
"Amillepora24886",220.217688544792,"chr14:328513-328913","Promoter (1-2kb)",-1566,"chr14",328513,328913,401,"*",119.614605246232,27.7557464385383,39.6987869284832,49.1549013011978,14,330479,336190,5712,1,"Amillepora24886","Amillepora24886-RA",168.118464053641,TRUE,1566
"Amillepora24892",152.923536762344,"chr14:399881-400281","Promoter (<=1kb)",-437,"chr14",399881,400281,401,"*",71.7687631477394,32.5828327756754,19.8493934642416,50.5796810490586,14,397991,399444,1454,2,"Amillepora24892","Amillepora24892-RA",138.537949996856,TRUE,437
"Amillepora24940",0.957195395165442,"chr14:671880-672280","Promoter (<=1kb)",0,"chr14",671880,672280,401,"*",80.7398585412068,3.62031475285282,14.8870450981812,35.6194936965202,14,672280,681675,9396,1,"Amillepora24940","Amillepora24940-RA",85.9298288772704,TRUE,0
"Amillepora24954",4.90300617339878,"chr14:816483-816883","Promoter (<=1kb)",0,"chr14",816483,816883,401,"*",62.797667754272,25.3422032699697,34.7364385624228,44.168172183685,14,812422,816483,4062,2,"Amillepora24954","Amillepora24954-RA",138.992656719008,TRUE,0
"Amillepora24978",4.42618083027021,"chr14:1033704-1034104","Promoter (<=1kb)",0,"chr14",1033704,1034104,401,"*",176.431542738193,23.5320458935433,23.1576257082819,44.168172183685,14,1027938,1033747,5810,2,"Amillepora24978","Amillepora24978-RA",151.800681110306,TRUE,0
"Amillepora24985",194.289648711415,"chr14:1096471-1096871","Promoter (1-2kb)",1654,"chr14",1096471,1096871,401,"*",101.672414459297,21.7218885171169,28.1199740743423,28.4955949572161,14,1085115,1098525,13411,2,"Amillepora24985","Amillepora24985-RA",117.864199458822,TRUE,1654
"Amillepora25017",12.8202732002415,"chr14:1310115-1310515","Promoter (<=1kb)",0,"chr14",1310115,1310515,401,"*",167.460447344725,25.9455890621119,43.0070191725235,42.0310025618938,14,1310503,1315870,5368,1,"Amillepora25017","Amillepora25017-RA",173.726480861178,TRUE,0
"Amillepora25055",59.6524094824001,"chr14:1702561-1702961","Promoter (2-3kb)",-2827,"chr14",1702561,1702961,401,"*",11.9614605246232,0,13.2329289761611,14.9601873525385,14,1705788,1729196,23409,1,"Amillepora25055","Amillepora25055-RA",37.4386611791381,TRUE,2827
"Amillepora25086",10.7731343570279,"chr14:2080774-2081174","Promoter (1-2kb)",-1054,"chr14",2080774,2081174,401,"*",8.97109539346742,19.9117311406905,8.27058061010067,7.12389873930403,14,2064562,2079720,15159,2,"Amillepora25086","Amillepora25086-RA",42.1014487574906,TRUE,1054
"Amillepora25090",160.73389376728,"chr14:2127695-2128095","Promoter (1-2kb)",1808,"chr14",2127695,2128095,401,"*",8.97109539346742,9.65417267427418,11.5788128541409,12.1106278568169,14,2125887,2130930,5044,1,"Amillepora25090","Amillepora25090-RA",41.3841694373937,TRUE,1808
"Amillepora25092",7.42981522840735,"chr14:2142519-2142919","Promoter (<=1kb)",-936,"chr14",2142519,2142919,401,"*",26.9132861804023,14.4812590114113,36.390554684443,39.8938329401026,14,2143855,2147164,3310,1,"Amillepora25092","Amillepora25092-RA",115.215839223109,TRUE,936
"Amillepora25095",32.8188562026886,"chr14:2155193-2155593","Promoter (<=1kb)",-528,"chr14",2155193,2155593,401,"*",122.604970377388,18.7049595564062,18.1952773422215,36.3318835704506,14,2156121,2178974,22854,1,"Amillepora25095","Amillepora25095-RA",117.413237471945,TRUE,528
"Amillepora25136",4.43995883561981,"chr14:2611780-2612180","Promoter (1-2kb)",-1217,"chr14",2611780,2612180,401,"*",2.99036513115581,0,4.9623483660604,7.83628861323444,14,2606196,2610563,4368,2,"Amillepora25136","Amillepora25136-RA",16.3719158578246,TRUE,1217
"Amillepora25218",269.648046431004,"chr14:3599289-3599689","Promoter (<=1kb)",0,"chr14",3599289,3599689,401,"*",86.7205888035184,21.1185027249748,51.2775997826242,34.9071038225898,14,3599450,3606331,6882,1,"Amillepora25218","Amillepora25218-RA",149.541839452777,TRUE,0
"Amillepora25225",43.9080252550405,"chr14:3694664-3695064","Promoter (<=1kb)",0,"chr14",3694664,3695064,401,"*",47.8458420984929,42.2370054499496,18.1952773422215,24.2212557136337,14,3674335,3694865,20531,2,"Amillepora25225","Amillepora25225-RA",108.523065864061,TRUE,0
"Amillepora25229",0.442273330364714,"chr14:3760785-3761185","Promoter (2-3kb)",2093,"chr14",3760785,3761185,401,"*",5.98073026231162,48.8742491635131,6.61646448808054,20.6593063439817,14,3761558,3763278,1721,2,"Amillepora25229","Amillepora25229-RA",86.4068197087608,TRUE,2093
"Amillepora25230",1.13597867765877,"chr14:3806083-3806483","Promoter (1-2kb)",-1200,"chr14",3806083,3806483,401,"*",2.99036513115581,2.41354316856855,1.65411612202013,9.26106836109524,14,3801144,3804883,3740,2,"Amillepora25230","Amillepora25230-RA",16.6142390551142,TRUE,1200
"Amillepora25247",0.138942684701749,"chr14:3998160-3998560","Promoter (2-3kb)",2554,"chr14",3998160,3998560,401,"*",2.99036513115581,6.03385792142137,11.5788128541409,12.8230177307473,14,3995606,4003556,7951,1,"Amillepora25247","Amillepora25247-RA",36.9080623098953,TRUE,2554
"Amillepora25255",6.4982717380837,"chr14:4137993-4138393","Promoter (2-3kb)",-2548,"chr14",4137993,4138393,401,"*",0,32.5828327756754,0,0,14,4133277,4135445,2169,2,"Amillepora25255","Amillepora25255-RA",34.4204238046536,TRUE,2548
"Amillepora25256",28.2698328701692,"chr14:4146625-4147025","Promoter (<=1kb)",88,"chr14",4146625,4147025,401,"*",8.97109539346742,76.0266098099092,3.30823224404027,20.6593063439817,14,4142729,4147113,4385,2,"Amillepora25256","Amillepora25256-RA",111.807069150763,TRUE,88
"Amillepora25258",39.6086368550171,"chr14:4162910-4163310","Promoter (2-3kb)",2081,"chr14",4162910,4163310,401,"*",8.97109539346742,112.229757338437,8.27058061010067,13.5354076046777,14,4158488,4165391,6904,2,"Amillepora25258","Amillepora25258-RA",147.437425071211,TRUE,2081
"Amillepora25296",16.2199516640178,"chr14:4511231-4511631","Promoter (1-2kb)",1596,"chr14",4511231,4511631,401,"*",26.9132861804023,26.548974854254,16.5411612202013,19.9469164700513,14,4512739,4513227,489,2,"Amillepora25296","Amillepora25296-RA",79.4025964930113,TRUE,1596
"Amillepora25297",14.5915951171739,"chr14:4519187-4519587","Promoter (1-2kb)",1857,"chr14",4519187,4519587,401,"*",5.98073026231162,3.01692896071068,13.2329289761611,1.42477974786081,14,4520956,4521444,489,2,"Amillepora25297","Amillepora25297-RA",22.6153614180648,TRUE,1857
"Amillepora25312",0.417407770316916,"chr14:4690033-4690433","Promoter (<=1kb)",-694,"chr14",4690033,4690433,401,"*",83.7302236723626,15.0846448035534,54.5858320266644,16.3849671003993,14,4691127,4692795,1669,1,"Amillepora25312","Amillepora25312-RA",123.884735378911,TRUE,694
"Amillepora25325",43.6251024971272,"chr14:4837629-4838029","Promoter (<=1kb)",90,"chr14",4837629,4838029,401,"*",14.951825655779,27.7557464385383,4.9623483660604,40.606222814033,14,4837539,4848168,10630,1,"Amillepora25325","Amillepora25325-RA",88.6572738741618,TRUE,90
"Amillepora25328",0.200818069523091,"chr14:4856695-4857095","Promoter (2-3kb)",-2224,"chr14",4856695,4857095,401,"*",23.9229210492465,3.62031475285282,4.9623483660604,7.12389873930403,14,4859319,4859804,486,1,"Amillepora25328","Amillepora25328-RA",24.6469070251475,TRUE,2224
"Amillepora25355",88.1078022163242,"chr14:5290863-5291263","Promoter (1-2kb)",-1009,"chr14",5290863,5291263,401,"*",2.99036513115581,3.62031475285282,6.61646448808054,6.41150886537363,14,5271278,5289854,18577,2,"Amillepora25355","Amillepora25355-RA",20.482138282032,TRUE,1009
"Amillepora25361",13.4973638138307,"chr14:5394763-5395163","Promoter (1-2kb)",-1447,"chr14",5394763,5395163,401,"*",8.97109539346742,6.03385792142137,16.5411612202013,15.6725772264689,14,5371652,5393316,21665,2,"Amillepora25361","Amillepora25361-RA",47.9641888197129,TRUE,1447
"Amillepora25373",11.4701281513093,"chr14:5524659-5525059","Promoter (<=1kb)",902,"chr14",5524659,5525059,401,"*",8.97109539346742,0.603385792142137,4.9623483660604,18.5221367221905,14,5523757,5531446,7690,1,"Amillepora25373","Amillepora25373-RA",31.5479550636215,TRUE,902
"Amillepora25399",1.9666285760359,"chr14:5909164-5909564","Promoter (2-3kb)",-2871,"chr14",5909164,5909564,401,"*",11.9614605246232,1.20677158428427,21.5035095862617,14.2477974786081,14,5901348,5906293,4946,2,"Amillepora25399","Amillepora25399-RA",47.9535883427416,TRUE,2871
"Amillepora25403",2.43096672450043,"chr14:5940826-5941226","Promoter (<=1kb)",0,"chr14",5940826,5941226,401,"*",77.749493410051,16.2914163878377,49.623483660604,55.5664101665715,14,5938668,5940843,2176,2,"Amillepora25403","Amillepora25403-RA",165.311782694997,TRUE,0
"Amillepora25404",11.9297087392472,"chr14:5948313-5948713","Promoter (<=1kb)",224,"chr14",5948313,5948713,401,"*",41.8651118361813,10.8609442585585,14.8870450981812,13.5354076046777,14,5946763,5948937,2175,2,"Amillepora25404","Amillepora25404-RA",56.7956347506952,TRUE,224
"Amillepora25409",4.83012402352708,"chr14:5997455-5997855","Promoter (2-3kb)",2288,"chr14",5997455,5997855,401,"*",0,6.6372437135635,0,17.8097468482601,14,5993188,6000143,6956,2,"Amillepora25409","Amillepora25409-RA",28.7100183691014,TRUE,2288
"Amillepora25413",1.63667449043115,"chr14:6028009-6028409","Promoter (<=1kb)",-160,"chr14",6028009,6028409,401,"*",23.9229210492465,4.82708633713709,21.5035095862617,19.9469164700513,14,6028569,6045722,17154,1,"Amillepora25413","Amillepora25413-RA",61.7606912867051,TRUE,160
"Amillepora25415",3.27458385282061,"chr14:6047297-6047697","Promoter (<=1kb)",0,"chr14",6047297,6047697,401,"*",26.9132861804023,47.0640917870866,36.390554684443,42.7433924358242,14,6047684,6049876,2193,1,"Amillepora25415","Amillepora25415-RA",153.108015116889,TRUE,0
"Amillepora25419",0.236928365807967,"chr14:6073170-6073570","Promoter (<=1kb)",46,"chr14",6073170,6073570,401,"*",41.8651118361813,31.3760611913911,23.1576257082819,32.7699342007986,14,6073124,6075322,2199,1,"Amillepora25419","Amillepora25419-RA",112.010114718722,TRUE,46
"Amillepora25464",1.61098695299115,"chr14:6568529-6568929","Promoter (1-2kb)",1334,"chr14",6568529,6568929,401,"*",2.99036513115581,8.44740108998991,13.2329289761611,4.27433924358242,14,6568077,6570263,2187,2,"Amillepora25464","Amillepora25464-RA",31.0640740000023,TRUE,1334
"Amillepora25465",0.270769928590168,"chr14:6576518-6576918","Promoter (2-3kb)",2262,"chr14",6576518,6576918,401,"*",0,34.9963759442439,13.2329289761611,17.0973569743297,14,6576979,6579180,2202,2,"Amillepora25465","Amillepora25465-RA",73.9734528413441,TRUE,2262
"Amillepora25470",0.471247563906614,"chr14:6603470-6603870","Promoter (<=1kb)",0,"chr14",6603470,6603870,401,"*",29.9036513115581,1.81015737642641,19.8493934642416,32.0575443268681,14,6601176,6603608,2433,2,"Amillepora25470","Amillepora25470-RA",72.8265080682946,TRUE,0
"Amillepora25513",0.123930472312463,"chr14:7137294-7137694","Promoter (<=1kb)",189,"chr14",7137294,7137694,401,"*",5.98073026231162,4.22370054499496,9.92469673212081,2.84955949572161,14,7137105,7137176,72,1,"Amillepora25513","Amillepora25513-RA",21.5828541040709,TRUE,189
"Amillepora25519",0.534386803552822,"chr14:7209432-7209832","Promoter (<=1kb)",943,"chr14",7209432,7209832,401,"*",38.8747467050255,24.1354316856855,41.3529030505034,25.6460354614945,14,7208991,7210775,1785,2,"Amillepora25519","Amillepora25519-RA",117.159650904363,TRUE,943
"Amillepora25526",0.708467912035487,"chr14:7329303-7329703","Promoter (<=1kb)",-106,"chr14",7329303,7329703,401,"*",0,98.9552699113104,19.8493934642416,4.98672911751282,14,7325713,7329197,3485,2,"Amillepora25526","Amillepora25526-RA",134.87095130026,TRUE,106
"Amillepora25540",0.673506225910529,"chr14:7552681-7553081","Promoter (<=1kb)",72,"chr14",7552681,7553081,401,"*",11.9614605246232,29.5659038149647,29.7740901963624,9.97345823502565,14,7552609,7558392,5784,1,"Amillepora25540","Amillepora25540-RA",82.8125118988147,TRUE,72
"Amillepora25554",0.580616743416431,"chr14:7699446-7699846","Promoter (2-3kb)",2034,"chr14",7699446,7699846,401,"*",2.99036513115581,3.62031475285282,14.8870450981812,12.8230177307473,14,7697412,7698878,1467,1,"Amillepora25554","Amillepora25554-RA",38.4016151571691,TRUE,2034
"Amillepora25576",11.2512151917592,"chr14:7984182-7984582","Promoter (1-2kb)",1602,"chr14",7984182,7984582,401,"*",17.9421907869348,24.7388174778276,14.8870450981812,29.2079848311465,14,7982580,7992089,9510,1,"Amillepora25576","Amillepora25576-RA",84.472607656933,TRUE,1602
"Amillepora25580",0.747905278686738,"chr14:8049977-8050377","Promoter (1-2kb)",1724,"chr14",8049977,8050377,401,"*",2.99036513115581,6.03385792142137,9.92469673212081,26.3584253354249,14,8020123,8052101,31979,2,"Amillepora25580","Amillepora25580-RA",51.377277798327,TRUE,1724
"Amillepora25590",56.926025862636,"chr14:8186300-8186700","Promoter (<=1kb)",0,"chr14",8186300,8186700,401,"*",86.7205888035184,27.1523606463961,26.4658579523221,59.1283595362235,14,8155322,8186516,31195,2,"Amillepora25590","Amillepora25590-RA",155.101780742966,TRUE,0
"Amillepora25594",628.265772782222,"chr14:8230977-8231377","Promoter (<=1kb)",118,"chr14",8230977,8231377,401,"*",44.8554769673371,28.3591322306804,11.5788128541409,35.6194936965202,14,8223086,8231495,8410,2,"Amillepora25594","Amillepora25594-RA",98.903318793162,TRUE,118
"Amillepora25612",0.262686729318873,"chr14:8378039-8378439","Promoter (1-2kb)",1054,"chr14",8378039,8378439,401,"*",2.99036513115581,11.4643300507006,13.2329289761611,17.8097468482601,14,8376985,8378112,1128,1,"Amillepora25612","Amillepora25612-RA",50.7419727015631,TRUE,1054
"Amillepora25639",0.42536342483576,"chr14:8825453-8825853","Promoter (1-2kb)",1266,"chr14",8825453,8825853,401,"*",26.9132861804023,20.5151169328326,38.0446708064631,27.0708152093553,14,8824187,8854661,30475,1,"Amillepora25639","Amillepora25639-RA",107.988714313376,TRUE,1266
"Amillepora25645",0.664974938871552,"chr14:8906226-8906626","Promoter (<=1kb)",727,"chr14",8906226,8906626,401,"*",20.9325559180907,30.772675399249,6.61646448808054,4.98672911751282,14,8905499,8907679,2181,1,"Amillepora25645","Amillepora25645-RA",51.988609589136,TRUE,727
"Amillepora25681",41.7140423071767,"chr14:9286460-9286860","Promoter (<=1kb)",-58,"chr14",9286460,9286860,401,"*",2.99036513115581,46.4607059949445,16.5411612202013,2.13716962179121,14,9283665,9286402,2738,2,"Amillepora25681","Amillepora25681-RA",72.660634908427,TRUE,58
"Amillepora25684",5.55713055306026,"chr14:9386747-9387147","Promoter (<=1kb)",0,"chr14",9386747,9387147,401,"*",0,2.41354316856855,3.30823224404027,7.12389873930403,14,9380347,9386857,6511,2,"Amillepora25684","Amillepora25684-RA",15.2722551152246,TRUE,0
"Amillepora25685",6.92251934180391,"chr14:9392240-9392640","Promoter (<=1kb)",728,"chr14",9392240,9392640,401,"*",17.9421907869348,13.8778732192691,8.27058061010067,20.6593063439817,14,9387117,9393368,6252,2,"Amillepora25685","Amillepora25685-RA",54.4974490483201,TRUE,728
"Amillepora25698",0.551881254865375,"chr14:9453920-9454320","Promoter (<=1kb)",-909,"chr14",9453920,9454320,401,"*",5.98073026231162,0,4.9623483660604,1.42477974786081,14,9447628,9453011,5384,2,"Amillepora25698","Amillepora25698-RA",9.32025046525426,TRUE,909
"Amillepora25725",13.6997447857183,"chr14:9882183-9882975","Promoter (<=1kb)",243,"chr14",9882183,9882975,793,"*",11.9614605246232,92.3180261977469,19.8493934642416,99.7345823502565,14,9881940,9884125,2186,1,"Amillepora25725","Amillepora25725-RA",246.334247683526,TRUE,243
"Amillepora25736",0.376667664370337,"chr14:9993868-9994268","Promoter (<=1kb)",-319,"chr14",9993868,9994268,401,"*",0,12.6711016349849,4.9623483660604,4.27433924358242,14,9994587,9997643,3057,1,"Amillepora25736","Amillepora25736-RA",24.6581693069277,TRUE,319
"Amillepora25759",7.0469828067254,"chr14:10247521-10247921","Promoter (<=1kb)",-111,"chr14",10247521,10247921,401,"*",161.479717082414,25.3422032699697,38.0446708064631,66.2522582755275,14,10246683,10247410,728,2,"Amillepora25759","Amillepora25759-RA",195.014583942423,TRUE,111
"Amillepora25766",0.255376904766704,"chr14:10321836-10322236","Promoter (1-2kb)",1087,"chr14",10321836,10322236,401,"*",35.8843815738697,43.4437770342338,33.0823224404027,22.7964759657729,14,10320749,10322161,1413,1,"Amillepora25766","Amillepora25766-RA",123.217375513205,TRUE,1087
"Amillepora25811",0.219387776327056,"chr14:10946909-10947309","Promoter (<=1kb)",142,"chr14",10946909,10947309,401,"*",20.9325559180907,161.10400650195,86.014038345047,27.0708152093553,14,10946767,10949691,2925,1,"Amillepora25811","Amillepora25811-RA",313.61351637466,TRUE,142
"Amillepora25826",8.73533578570775,"chr14:11212884-11213284","Promoter (2-3kb)",2803,"chr14",11212884,11213284,401,"*",14.951825655779,0,3.30823224404027,0,14,11210081,11214203,4123,1,"Amillepora25826","Amillepora25826-RA",7.84209790966517,TRUE,2803
"Amillepora25829",30.3623125555596,"chr14:11278043-11278443","Promoter (1-2kb)",-1520,"chr14",11278043,11278443,401,"*",23.9229210492465,0,8.27058061010067,6.41150886537363,14,11257082,11276523,19442,2,"Amillepora25829","Amillepora25829-RA",23.9976913388562,TRUE,1520
"Amillepora25839",0.260481742896931,"chr14:11418790-11419190","Promoter (<=1kb)",-666,"chr14",11418790,11419190,401,"*",23.9229210492465,439.264856679475,24.811741830302,5.69911899144323,14,11419856,11425093,5238,1,"Amillepora25839","Amillepora25839-RA",507.38412877296,TRUE,666
"Amillepora25875",0.39277664310985,"chr14:11972117-11972517","Promoter (1-2kb)",-1604,"chr14",11972117,11972517,401,"*",56.8169374919603,19.3083453485484,46.3152514165638,7.83628861323444,14,11968874,11970513,1640,2,"Amillepora25875","Amillepora25875-RA",100.985359954737,TRUE,1604
"Amillepora25876",0.397725560126041,"chr14:11996108-11996508","Promoter (2-3kb)",-2403,"chr14",11996108,11996508,401,"*",17.9421907869348,38.6166906970967,11.5788128541409,42.0310025618938,14,11979694,11993705,14012,2,"Amillepora25876","Amillepora25876-RA",110.712829067923,TRUE,2403
"Amillepora25880",0.10866636132872,"chr14:12039858-12040258","Promoter (<=1kb)",-929,"chr14",12039858,12040258,401,"*",2.99036513115581,6.03385792142137,1.65411612202013,4.27433924358242,14,12037782,12038929,1148,2,"Amillepora25880","Amillepora25880-RA",14.3631644329927,TRUE,929
"Amillepora25892",0.339858943299758,"chr14:12135409-12135809","Promoter (1-2kb)",1841,"chr14",12135409,12135809,401,"*",8.97109539346742,44.047162826376,43.0070191725235,17.8097468482601,14,12133568,12138989,5422,1,"Amillepora25892","Amillepora25892-RA",123.070874950713,TRUE,1841
"Amillepora25898",0.28299752096839,"chr14:12239021-12239421","Promoter (2-3kb)",2143,"chr14",12239021,12239421,401,"*",5.98073026231162,4.22370054499496,1.65411612202013,2.84955949572161,14,12236878,12239681,2804,1,"Amillepora25898","Amillepora25898-RA",11.474819429469,TRUE,2143
"Amillepora25902",0.212808733713791,"chr14:12285495-12285895","Promoter (<=1kb)",157,"chr14",12285495,12285895,401,"*",56.8169374919603,140.588889569118,14.8870450981812,39.8938329401026,14,12285338,12291848,6511,1,"Amillepora25902","Amillepora25902-RA",229.752505577915,TRUE,157
"Amillepora25903",0.627167198663007,"chr14:12290074-12290474","Promoter (<=1kb)",-248,"chr14",12290074,12290474,401,"*",20.9325559180907,72.4062950570564,46.3152514165638,32.7699342007986,14,12287898,12289826,1929,2,"Amillepora25903","Amillepora25903-RA",178.33841153549,TRUE,248
"Amillepora25905",2.37097117905143,"chr14:12319624-12320024","Promoter (<=1kb)",0,"chr14",12319624,12320024,401,"*",0,0,9.92469673212081,7.83628861323444,14,12319776,12345287,25512,1,"Amillepora25905","Amillepora25905-RA",21.6769598546208,TRUE,0
"Amillepora25910",0.24349148796949,"chr14:12378577-12378977","Promoter (<=1kb)",0,"chr14",12378577,12378977,401,"*",38.8747467050255,71.8029092649142,33.0823224404027,62.6903089058755,14,12378845,12380488,1644,1,"Amillepora25910","Amillepora25910-RA",202.540198584106,TRUE,0
"Amillepora25935",1.16949711115474,"chr14:12837065-12837465","Promoter (2-3kb)",2653,"chr14",12837065,12837465,401,"*",0,11.4643300507006,1.65411612202013,4.27433924358242,14,12837577,12840118,2542,2,"Amillepora25935","Amillepora25935-RA",19.3401249258035,TRUE,2653
"Amillepora25936",492.97061035222,"chr14:12860861-12861261","Promoter (<=1kb)",0,"chr14",12860861,12861261,401,"*",65.7880328854278,35.5997617363861,16.5411612202013,30.6327645790073,14,12860948,12869447,8500,1,"Amillepora25936","Amillepora25936-RA",111.859994165406,TRUE,0
"Amillepora25957",1.3606094055766,"chr14:13214873-13215273","Promoter (1-2kb)",1442,"chr14",13214873,13215273,401,"*",8.97109539346742,79.646924562762,0,24.9336455875641,14,13215051,13216715,1665,2,"Amillepora25957","Amillepora25957-RA",116.795974948463,TRUE,1442
"Amillepora25960",1.38524877718484,"chr14:13270704-13271104","Promoter (2-3kb)",-2658,"chr14",13270704,13271104,401,"*",5.98073026231162,0,0,1.42477974786081,14,13258599,13268046,9448,2,"Amillepora25960","Amillepora25960-RA",3.25542966049317,TRUE,2658
"Amillepora26013",0.161468479409615,"chr14:14316803-14317203","Promoter (1-2kb)",-1282,"chr14",14316803,14317203,401,"*",8.97109539346742,8.44740108998991,19.8493934642416,7.83628861323444,14,14310255,14315521,5267,2,"Amillepora26013","Amillepora26013-RA",45.0097454670219,TRUE,1282
"Amillepora26048",2.24666824390695,"chr14:14712333-14712733","Promoter (<=1kb)",-38,"chr14",14712333,14712733,401,"*",68.7783980165836,1.20677158428427,3.30823224404027,12.8230177307473,14,14712771,14726623,13853,1,"Amillepora26048","Amillepora26048-RA",38.4157953653872,TRUE,38
"Amillepora26068",41.1883298664424,"chr14:15046642-15047042","Promoter (1-2kb)",-1267,"chr14",15046642,15047042,401,"*",0,0,1.65411612202013,16.3849671003993,14,15048309,15057190,8882,1,"Amillepora26068","Amillepora26068-RA",21.9841814473993,TRUE,1267
"Amillepora26070",153.515584789857,"chr14:15081145-15081545","Promoter (1-2kb)",-1746,"chr14",15081145,15081545,401,"*",2.99036513115581,84.4740108998991,0,75.5133266366228,14,15060899,15079399,18501,2,"Amillepora26070","Amillepora26070-RA",181.999342959667,TRUE,1746
"Amillepora26072",0.391235624255286,"chr14:15100655-15101055","Promoter (<=1kb)",-279,"chr14",15100655,15101055,401,"*",17.9421907869348,15.0846448035534,24.811741830302,28.4955949572161,14,15096736,15100376,3641,2,"Amillepora26072","Amillepora26072-RA",85.5356671539058,TRUE,279
"Amillepora26073",0.68602095831441,"chr14:15102997-15103397","Promoter (1-2kb)",1073,"chr14",15102997,15103397,401,"*",2.99036513115581,1.20677158428427,1.65411612202013,4.27433924358242,14,15103971,15104470,500,2,"Amillepora26073","Amillepora26073-RA",9.26384238785887,TRUE,1073
"Amillepora26076",0.822318090714669,"chr14:15164916-15165316","Promoter (1-2kb)",-1959,"chr14",15164916,15165316,401,"*",2.99036513115581,3.01692896071068,6.61646448808054,0,14,15157801,15162957,5157,2,"Amillepora26076","Amillepora26076-RA",12.033280825855,TRUE,1959
"Amillepora26083",0.611099784276063,"chr14:15265632-15266032","Promoter (1-2kb)",1714,"chr14",15265632,15266032,401,"*",11.9614605246232,19.3083453485484,216.689211984638,162.424891256132,14,15262328,15267746,5419,2,"Amillepora26083","Amillepora26083-RA",486.156772967189,TRUE,1714
"Amillepora26086",0.24308233055676,"chr14:15324299-15324699","Promoter (<=1kb)",41,"chr14",15324299,15324699,401,"*",0,1.20677158428427,3.30823224404027,14.2477974786081,14,15321268,15324740,3473,2,"Amillepora26086","Amillepora26086-RA",22.6768048267581,TRUE,41
"Amillepora26111",2.35848641775303,"chr14:15646985-15647385","Promoter (<=1kb)",0,"chr14",15646985,15647385,401,"*",29.9036513115581,26.548974854254,23.1576257082819,36.3318835704506,14,15643652,15647372,3721,2,"Amillepora26111","Amillepora26111-RA",108.211375553137,TRUE,0
"Amillepora26118",6.42933141694781,"chr14:15762170-15762570","Promoter (2-3kb)",2947,"chr14",15762170,15762570,401,"*",5.98073026231162,21.1185027249748,8.27058061010067,3.56194936965202,14,15759223,15768687,9465,1,"Amillepora26118","Amillepora26118-RA",38.2768123494008,TRUE,2947
"Amillepora26129",7.6406343742326,"chr14:15875398-15875798","Promoter (<=1kb)",-201,"chr14",15875398,15875798,401,"*",0,2.41354316856855,4.9623483660604,7.83628861323444,14,15871066,15875197,4132,2,"Amillepora26129","Amillepora26129-RA",18.1618000724267,TRUE,201
"Amillepora26177",53.4637637349137,"chr14:16474184-16474584","Promoter (1-2kb)",1936,"chr14",16474184,16474584,401,"*",2.99036513115581,5.43047212927923,8.27058061010067,12.1106278568169,14,16472248,16477184,4937,1,"Amillepora26177","Amillepora26177-RA",31.3594951621311,TRUE,1936
"Amillepora26195",14.9106206950783,"chr14:16717003-16717403","Promoter (<=1kb)",0,"chr14",16717003,16717403,401,"*",104.662779590453,33.7896043599596,21.5035095862617,32.0575443268681,14,16717034,16731700,14667,1,"Amillepora26195","Amillepora26195-RA",127.625543751349,TRUE,0
"Amillepora26214",17.1235662459236,"chr14:17000789-17001189","Promoter (<=1kb)",0,"chr14",17000789,17001189,401,"*",59.8073026231162,36.8065333206703,29.7740901963624,26.3584253354249,14,16983595,17001005,17411,2,"Amillepora26214","Amillepora26214-RA",122.580498406433,TRUE,0
"Amillepora26227",6.83567813733826,"chr14:17107925-17108325","Promoter (2-3kb)",2599,"chr14",17107925,17108325,401,"*",5.98073026231162,13.274487427127,18.1952773422215,16.3849671003993,14,17105326,17120111,14786,1,"Amillepora26227","Amillepora26227-RA",57.7429400366509,TRUE,2599
"Amillepora26236",532.697186257774,"chr14:17202070-17202470","Promoter (<=1kb)",0,"chr14",17202070,17202470,401,"*",62.797667754272,26.548974854254,11.5788128541409,32.7699342007986,14,17194998,17202409,7412,2,"Amillepora26236","Amillepora26236-RA",98.0779817848994,TRUE,0
"Amillepora26245",24.2947403033327,"chr14:17297997-17298397","Promoter (2-3kb)",2409,"chr14",17297997,17298397,401,"*",5.98073026231162,3.01692896071068,4.9623483660604,7.12389873930403,14,17295588,17308523,12936,1,"Amillepora26245","Amillepora26245-RA",19.4508309217165,TRUE,2409
"Amillepora26248",4.3092594309499,"chr14:17335936-17336336","Promoter (2-3kb)",2417,"chr14",17335936,17336336,401,"*",20.9325559180907,84.4740108998991,24.811741830302,27.0708152093553,14,17332022,17338753,6732,2,"Amillepora26248","Amillepora26248-RA",157.862322316107,TRUE,2417
"Amillepora26258",47.3778443614896,"chr11:4401-4801","Promoter (<=1kb)",-618,"chr11",4401,4801,401,"*",11.9614605246232,0.603385792142137,14.8870450981812,1.42477974786081,11,5419,11637,6219,1,"Amillepora26258","Amillepora26258-RA",23.6068609463479,TRUE,618
"Amillepora26315",0.255402158649047,"chr11:558562-558962","Promoter (1-2kb)",-1220,"chr11",558562,558962,401,"*",0,1.81015737642641,92.6305028331275,105.4337013417,11,556830,557342,513,2,"Amillepora26315","Amillepora26315-RA",243.577061420156,TRUE,1220
"Amillepora26326",0.858197910624615,"chr11:707629-708029","Promoter (1-2kb)",1146,"chr11",707629,708029,401,"*",14.951825655779,5.43047212927923,9.92469673212081,2.84955949572161,11,706483,708036,1554,1,"Amillepora26326","Amillepora26326-RA",25.137015039249,TRUE,1146
"Amillepora26409",0.237285976757137,"chr11:1195345-1195745","Promoter (<=1kb)",788,"chr11",1195345,1195745,401,"*",17.9421907869348,1.81015737642641,6.61646448808054,9.97345823502565,11,1183689,1196533,12845,2,"Amillepora26409","Amillepora26409-RA",26.7084666663397,TRUE,788
"Amillepora26413",0.331502753355007,"chr11:1227228-1227628","Promoter (1-2kb)",1778,"chr11",1227228,1227628,401,"*",14.951825655779,18.1015737642641,16.5411612202013,14.9601873525385,11,1223684,1229406,5723,2,"Amillepora26413","Amillepora26413-RA",61.3641095261956,TRUE,1778
"Amillepora26478",142.772612329465,"chr11:1834860-1835260","Promoter (<=1kb)",-16,"chr11",1834860,1835260,401,"*",442.57403941106,27.7557464385383,67.8187610028255,59.1283595362235,11,1835276,1852620,17345,1,"Amillepora26478","Amillepora26478-RA",296.692809519439,TRUE,16
"Amillepora26493",0.289109889983646,"chr11:1970496-1970896","Promoter (<=1kb)",19,"chr11",1970496,1970896,401,"*",41.8651118361813,48.8742491635131,129.02105751757,74.8009367626923,11,1968017,1970915,2899,2,"Amillepora26493","Amillepora26493-RA",311.086344281854,TRUE,19
"Amillepora26513",72.3353428336188,"chr11:2298803-2299203","Promoter (<=1kb)",-124,"chr11",2298803,2299203,401,"*",125.595335508544,22.9286601014012,34.7364385624228,31.3451544529377,11,2299327,2311158,11832,1,"Amillepora26513","Amillepora26513-RA",136.775424262633,TRUE,124
"Amillepora26548",0.109267738652735,"chr11:2725295-2725695","Promoter (<=1kb)",0,"chr11",2725295,2725695,401,"*",134.566430902011,28.3591322306804,41.3529030505034,54.854020292641,11,2724684,2725434,751,2,"Amillepora26548","Amillepora26548-RA",181.519874462281,TRUE,0
"Amillepora26557",7.05284346592007,"chr11:2824228-2824628","Promoter (<=1kb)",-267,"chr11",2824228,2824628,401,"*",0,15.0846448035534,1.65411612202013,2.13716962179121,11,2803033,2823961,20929,2,"Amillepora26557","Amillepora26557-RA",20.5608023928088,TRUE,267
"Amillepora26569",12.4820306882498,"chr11:2974954-2975354","Promoter (<=1kb)",501,"chr11",2974954,2975354,401,"*",0,14.4812590114113,14.8870450981812,18.5221367221905,11,2974453,3006025,31573,1,"Amillepora26569","Amillepora26569-RA",56.0588171290089,TRUE,501
"Amillepora26612",1.4535539059704,"chr11:3542125-3542525","Promoter (1-2kb)",-1359,"chr11",3542125,3542525,401,"*",2.99036513115581,69.3893660963457,0,7.12389873930403,11,3537532,3540766,3235,2,"Amillepora26612","Amillepora26612-RA",82.7419114295812,TRUE,1359
"Amillepora26637",0.369166509275305,"chr11:4018249-4018649","Promoter (1-2kb)",-1922,"chr11",4018249,4018649,401,"*",14.951825655779,5.43047212927923,13.2329289761611,7.12389873930403,11,4013862,4016327,2466,2,"Amillepora26637","Amillepora26637-RA",34.3878570427799,TRUE,1922
"Amillepora26646",0.110337761071811,"chr11:4128788-4129188","Promoter (<=1kb)",-665,"chr11",4128788,4129188,401,"*",2.99036513115581,0.603385792142137,29.7740901963624,7.12389873930403,11,4126675,4128123,1449,2,"Amillepora26646","Amillepora26646-RA",46.4654971149901,TRUE,665
"Amillepora26661",6.84958102640915,"chr11:4239923-4240323","Promoter (2-3kb)",-2259,"chr11",4239923,4240323,401,"*",17.9421907869348,0,49.623483660604,21.3716962179121,11,4242582,4247291,4710,1,"Amillepora26661","Amillepora26661-RA",91.245009563851,TRUE,2259
"Amillepora26691",1.42510407044236,"chr11:4742416-4742816","Promoter (1-2kb)",-1451,"chr11",4742416,4742816,401,"*",5.98073026231162,3.01692896071068,0,4.27433924358242,11,4738861,4740965,2105,2,"Amillepora26691","Amillepora26691-RA",9.9142580278286,TRUE,1451
"Amillepora26725",0.179886699475032,"chr11:5227060-5227460","Promoter (<=1kb)",282,"chr11",5227060,5227460,401,"*",5.98073026231162,7.84401529784777,4.9623483660604,22.0840860918425,11,5225723,5227742,2020,2,"Amillepora26725","Amillepora26725-RA",42.7768514347659,TRUE,282
"Amillepora26754",0.419515180289217,"chr11:5560499-5560899","Promoter (1-2kb)",1769,"chr11",5560499,5560899,401,"*",2.99036513115581,8.44740108998991,0,0,11,5559855,5562668,2814,2,"Amillepora26754","Amillepora26754-RA",9.68359038694916,TRUE,1769
"Amillepora26764",5.35648441815104,"chr11:5651958-5652358","Promoter (2-3kb)",-2728,"chr11",5651958,5652358,401,"*",17.9421907869348,22.325274309259,13.2329289761611,14.2477974786081,11,5647596,5649230,1635,2,"Amillepora26764","Amillepora26764-RA",61.6746412315302,TRUE,2728
"Amillepora26816",20.65180815364,"chr11:6257988-6258388","Promoter (<=1kb)",0,"chr11",6257988,6258388,401,"*",248.200305885932,30.1692896071068,59.5481803927248,52.7168506708498,11,6240168,6258081,17914,2,"Amillepora26816","Amillepora26816-RA",231.937501149151,TRUE,0
"Amillepora26841",0.770989292443586,"chr11:6642453-6642853","Promoter (<=1kb)",0,"chr11",6642453,6642853,401,"*",86.7205888035184,32.5828327756754,31.4282063183826,47.730121553337,11,6642600,6655115,12516,1,"Amillepora26841","Amillepora26841-RA",153.016330491996,TRUE,0
"Amillepora26864",4.44966609741166,"chr11:6940394-6940794","Promoter (<=1kb)",-200,"chr11",6940394,6940794,401,"*",2.99036513115581,6.03385792142137,4.9623483660604,0,11,6931256,6940194,8939,2,"Amillepora26864","Amillepora26864-RA",13.1987501691433,TRUE,200
"Amillepora26893",194.231901556297,"chr11:7373551-7373951","Promoter (<=1kb)",-107,"chr11",7373551,7373951,401,"*",71.7687631477394,33.1862185678175,26.4658579523221,34.1947139486594,11,7357542,7373444,15903,2,"Amillepora26893","Amillepora26893-RA",127.2992184797,TRUE,107
"Amillepora26897",35.5607617769642,"chr11:7391052-7391452","Promoter (2-3kb)",2936,"chr11",7391052,7391452,401,"*",0,0,11.5788128541409,7.12389873930403,11,7388116,7452669,64554,1,"Amillepora26897","Amillepora26897-RA",22.8306287672594,TRUE,2936
"Amillepora26918",0.859343726798957,"chr11:7751377-7751777","Promoter (<=1kb)",82,"chr11",7751377,7751777,401,"*",32.8940164427139,33.1862185678175,34.7364385624228,23.5088658397033,11,7751295,7751924,630,1,"Amillepora26918","Amillepora26918-RA",114.511084316533,TRUE,82
"Amillepora26969",4.77725951403787,"chr11:8337951-8338351","Promoter (1-2kb)",-1469,"chr11",8337951,8338351,401,"*",23.9229210492465,3.62031475285282,24.811741830302,19.2345265961209,11,8339820,8372032,32213,1,"Amillepora26969","Amillepora26969-RA",63.6611366229807,TRUE,1469
"Amillepora26976",0.970556962686616,"chr11:8445994-8446394","Promoter (<=1kb)",735,"chr11",8445994,8446394,401,"*",8.97109539346742,0,4.9623483660604,11.3982379828865,11,8440839,8447129,6291,2,"Amillepora26976","Amillepora26976-RA",22.2311595851629,TRUE,735
"Amillepora26978",0.220244737358035,"chr11:8464275-8464675","Promoter (1-2kb)",1649,"chr11",8464275,8464675,401,"*",8.97109539346742,0.603385792142137,3.30823224404027,4.98672911751282,11,8459834,8466324,6491,2,"Amillepora26978","Amillepora26978-RA",13.035525705349,TRUE,1649
"Amillepora26985",0.657830035365727,"chr11:8577792-8578192","Promoter (1-2kb)",-1223,"chr11",8577792,8578192,401,"*",29.9036513115581,38.0133049049546,21.5035095862617,32.0575443268681,11,8579415,8581250,1836,1,"Amillepora26985","Amillepora26985-RA",113.093030341719,TRUE,1223
"Amillepora26998",0.218445636030822,"chr11:8818142-8818542","Promoter (2-3kb)",-2495,"chr11",8818142,8818542,401,"*",41.8651118361813,33.7896043599596,39.6987869284832,47.0177316794066,11,8821037,8822009,973,1,"Amillepora26998","Amillepora26998-RA",152.134605536126,TRUE,2495
"Amillepora27047",0.247943060277891,"chr11:9506624-9507024","Promoter (1-2kb)",1676,"chr11",9506624,9507024,401,"*",11.9614605246232,1.81015737642641,1.65411612202013,2.13716962179121,11,9504948,9507845,2898,1,"Amillepora27047","Amillepora27047-RA",9.57677400055019,TRUE,1676
"Amillepora27063",0.793043429965712,"chr11:9663664-9664064","Promoter (2-3kb)",-2062,"chr11",9663664,9664064,401,"*",0,3.01692896071068,11.5788128541409,7.83628861323444,11,9656245,9661602,5358,2,"Amillepora27063","Amillepora27063-RA",26.8856430677498,TRUE,2062
"Amillepora27074",180.982070138302,"chr11:9718316-9718716","Promoter (1-2kb)",-1466,"chr11",9718316,9718716,401,"*",0,0,13.2329289761611,4.98672911751282,11,9720182,9736804,16623,1,"Amillepora27074","Amillepora27074-RA",22.2484216353348,TRUE,1466
"Amillepora27141",0.364170886939034,"chr11:10477141-10477541","Promoter (2-3kb)",-2442,"chr11",10477141,10477541,401,"*",0,1.20677158428427,0,8.54867848716484,11,10470613,10474699,4087,2,"Amillepora27141","Amillepora27141-RA",11.6900867786638,TRUE,2442
"Amillepora27143",0.529511699541714,"chr11:10534911-10535311","Promoter (<=1kb)",-960,"chr11",10534911,10535311,401,"*",17.9421907869348,40.4268480735231,51.2775997826242,27.7832050832857,11,10536271,10540079,3809,1,"Amillepora27143","Amillepora27143-RA",143.784880827303,TRUE,960
"Amillepora27169",1.96649553771164,"chr11:10720783-10721183","Promoter (<=1kb)",0,"chr11",10720783,10721183,401,"*",2.99036513115581,3.62031475285282,6.61646448808054,1.42477974786081,11,10720831,10722327,1497,1,"Amillepora27169","Amillepora27169-RA",14.4065721260601,TRUE,0
"Amillepora27170",15.6497670954289,"chr11:10722547-10722947","Promoter (<=1kb)",167,"chr11",10722547,10722947,401,"*",0,3.62031475285282,9.92469673212081,23.5088658397033,11,10722380,10727086,4707,1,"Amillepora27170","Amillepora27170-RA",44.5960878786685,TRUE,167
"Amillepora27176",0.177160441193343,"chr11:10827856-10828256","Promoter (<=1kb)",0,"chr11",10827856,10828256,401,"*",0,5.43047212927923,9.92469673212081,0.712389873930403,11,10827815,10828096,282,2,"Amillepora27176","Amillepora27176-RA",18.7343169325795,TRUE,0
"Amillepora27185",0.231975753752881,"chr11:10953988-10954388","Promoter (2-3kb)",2510,"chr11",10953988,10954388,401,"*",0,0,0,4.27433924358242,11,10951478,10955481,4004,1,"Amillepora27185","Amillepora27185-RA",5.20762813369016,TRUE,2510
"Amillepora27200",3.68320339596496,"chr11:11154157-11154557","Promoter (2-3kb)",2533,"chr11",11154157,11154557,401,"*",17.9421907869348,0.603385792142137,9.92469673212081,16.3849671003993,11,11151624,11167114,15491,1,"Amillepora27200","Amillepora27200-RA",37.2882922254322,TRUE,2533
"Amillepora27207",173.469877957674,"chr11:11294185-11294585","Promoter (2-3kb)",-2326,"chr11",11294185,11294585,401,"*",5.98073026231162,13.274487427127,11.5788128541409,7.83628861323444,11,11296911,11310335,13425,1,"Amillepora27207","Amillepora27207-RA",39.241256029589,TRUE,2326
"Amillepora27208",234.94265627618,"chr11:11316097-11316497","Promoter (<=1kb)",-129,"chr11",11316097,11316497,401,"*",74.7591282788952,12.0677158428427,21.5035095862617,61.9779190319451,11,11316626,11326818,10193,1,"Amillepora27208","Amillepora27208-RA",133.534223404429,TRUE,129
"Amillepora27260",6.18557385612091,"chr11:12198623-12199023","Promoter (2-3kb)",-2931,"chr11",12198623,12199023,401,"*",5.98073026231162,1.81015737642641,8.27058061010067,14.9601873525385,11,12190714,12195692,4979,2,"Amillepora27260","Amillepora27260-RA",31.7665325253724,TRUE,2931
"Amillepora27276",0.143615844518191,"chr11:12441677-12442077","Promoter (2-3kb)",-3000,"chr11",12441677,12442077,401,"*",0,8.44740108998991,0,0,11,12435509,12438677,3169,2,"Amillepora27276","Amillepora27276-RA",8.92381357898427,TRUE,3000
"Amillepora27281",3.55838668277702,"chr11:12674323-12674723","Promoter (2-3kb)",-2742,"chr11",12674323,12674723,401,"*",14.951825655779,48.2708633713709,23.1576257082819,56.2788000405019,11,12666629,12671581,4953,2,"Amillepora27281","Amillepora27281-RA",151.661705340302,TRUE,2742
"Amillepora27325",83.3254187867917,"chr11:13341673-13342073","Promoter (1-2kb)",1365,"chr11",13341673,13342073,401,"*",2.99036513115581,0,13.2329289761611,3.56194936965202,11,13340308,13371922,31615,1,"Amillepora27325","Amillepora27325-RA",21.2723223987363,TRUE,1365
"Amillepora27330",335.89744352503,"chr11:13415107-13415507","Promoter (1-2kb)",1220,"chr11",13415107,13415507,401,"*",26.9132861804023,9.05078688213205,19.8493934642416,27.0708152093553,11,13413887,13426088,12202,1,"Amillepora27330","Amillepora27330-RA",73.6401481720587,TRUE,1220
"Amillepora27337",140.833619142897,"chr11:13469743-13470143","Promoter (<=1kb)",0,"chr11",13469743,13470143,401,"*",77.749493410051,24.1354316856855,49.623483660604,28.4955949572161,11,13469962,13480283,10322,1,"Amillepora27337","Amillepora27337-RA",140.616536171635,TRUE,0
"Amillepora27357",13.2745963240101,"chr11:13827815-13828215","Promoter (2-3kb)",2532,"chr11",13827815,13828215,401,"*",53.8265723608045,0,8.27058061010067,48.4425114272674,11,13823716,13830747,7032,2,"Amillepora27357","Amillepora27357-RA",82.8038027331249,TRUE,2532
"Amillepora27412",32.7200940392208,"chr11:14454334-14454734","Promoter (<=1kb)",0,"chr11",14454334,14454734,401,"*",158.489351951258,35.5997617363861,31.4282063183826,47.0177316794066,11,14445210,14454492,9283,2,"Amillepora27412","Amillepora27412-RA",173.57011213908,TRUE,0
"Amillepora27421",31.3084745775557,"chr11:14610286-14610686","Promoter (<=1kb)",0,"chr11",14610286,14610686,401,"*",83.7302236723626,16.2914163878377,9.92469673212081,53.4292405447802,11,14594784,14610552,15769,2,"Amillepora27421","Amillepora27421-RA",115.708955805993,TRUE,0
"Amillepora27428",1.96395687178465,"chr11:14681818-14682218","Promoter (1-2kb)",-1179,"chr11",14681818,14682218,401,"*",0,6.03385792142137,0,3.56194936965202,11,14683397,14687766,4370,1,"Amillepora27428","Amillepora27428-RA",10.7138426678258,TRUE,1179
"Amillepora27430",1.78637500146161,"chr11:14697237-14697637","Promoter (<=1kb)",-310,"chr11",14697237,14697637,401,"*",8.97109539346742,0.603385792142137,0,9.26106836109524,11,14697947,14702806,4860,1,"Amillepora27430","Amillepora27430-RA",14.1999399691984,TRUE,310
"Amillepora27439",2.90098060252808,"chr11:14798491-14798891","Promoter (<=1kb)",108,"chr11",14798491,14798891,401,"*",98.6820493281416,71.1995234727721,87.6681544670671,59.1283595362235,11,14798383,14802904,4522,1,"Amillepora27439","Amillepora27439-RA",279.471658228726,TRUE,108
"Amillepora27453",2.54989966103192,"chr11:14997812-14998212","Promoter (2-3kb)",-2701,"chr11",14997812,14998212,401,"*",5.98073026231162,9.05078688213205,14.8870450981812,6.41150886537363,11,15000913,15007350,6438,1,"Amillepora27453","Amillepora27453-RA",37.0866870653743,TRUE,2701
"Amillepora27472",325.569171297099,"chr11:15234483-15234883","Promoter (<=1kb)",-501,"chr11",15234483,15234883,401,"*",173.441177607037,16.2914163878377,36.390554684443,49.8672911751282,11,15235384,15241049,5666,1,"Amillepora27472","Amillepora27472-RA",166.508280892257,TRUE,501
"Amillepora27500",39.0130755510575,"chr11:15574113-15574513","Promoter (<=1kb)",0,"chr11",15574113,15574513,401,"*",74.7591282788952,22.325274309259,19.8493934642416,37.044273444381,11,15560246,15574169,13924,2,"Amillepora27500","Amillepora27500-RA",111.970845035559,TRUE,0
"Amillepora27524",0.138700301709111,"chr11:15860146-15860546","Promoter (<=1kb)",-780,"chr11",15860146,15860546,401,"*",5.98073026231162,28.9625180228226,29.7740901963624,13.5354076046777,11,15858793,15859366,574,2,"Amillepora27524","Amillepora27524-RA",84.9952331386518,TRUE,780
"Amillepora27550",0.139397684417847,"chr11:16308781-16309181","Promoter (<=1kb)",0,"chr11",16308781,16309181,401,"*",20.9325559180907,0.603385792142137,6.61646448808054,6.41150886537363,11,16309041,16310508,1468,1,"Amillepora27550","Amillepora27550-RA",21.8537228516127,TRUE,0
"Amillepora27571",0.851684285813424,"chr11:16547973-16548373","Promoter (2-3kb)",-2917,"chr11",16547973,16548373,401,"*",8.97109539346742,28.3591322306804,16.5411612202013,18.5221367221905,11,16542346,16545056,2711,2,"Amillepora27571","Amillepora27571-RA",75.0203053675837,TRUE,2917
"Amillepora27591",1.93052190643029,"Sc0000015:249972-250372","Promoter (2-3kb)",2317,"Sc0000015",249972,250372,401,"*",11.9614605246232,0,21.5035095862617,7.12389873930403,15,244237,252689,8453,2,"Amillepora27591","Amillepora27591-RA",37.9993776086411,TRUE,2317
"Amillepora27602",0.497249729442199,"Sc0000015:378074-378474","Promoter (<=1kb)",-448,"Sc0000015",378074,378474,401,"*",0,1.81015737642641,4.9623483660604,0,15,359337,377626,18290,2,"Amillepora27602","Amillepora27602-RA",7.97706657168629,TRUE,448
"Amillepora27607",6.26786476241824,"Sc0000015:434138-434538","Promoter (1-2kb)",1926,"Sc0000015",434138,434538,401,"*",2.99036513115581,6.6372437135635,24.811741830302,2.13716962179121,15,433511,436464,2954,2,"Amillepora27607","Amillepora27607-RA",40.6992627106745,TRUE,1926
"Amillepora27614",43.3787891818726,"Sc0000015:553843-554243","Promoter (1-2kb)",1541,"Sc0000015",553843,554243,401,"*",23.9229210492465,59.7351934220715,11.5788128541409,39.1814430661722,15,536893,555784,18892,2,"Amillepora27614","Amillepora27614-RA",131.070164542186,TRUE,1541
"Amillepora27648",2.11472850613231,"Sc0000015:993329-993729","Promoter (<=1kb)",0,"Sc0000015",993329,993729,401,"*",44.8554769673371,21.7218885171169,39.6987869284832,44.168172183685,15,989225,993693,4469,2,"Amillepora27648","Amillepora27648-RA",136.674325142129,TRUE,0
"Amillepora27650",0.27600903509715,"Sc0000015:1014068-1014468","Promoter (2-3kb)",2079,"Sc0000015",1014068,1014468,401,"*",2.99036513115581,1.81015737642641,9.92469673212081,7.12389873930403,15,1011989,1019460,7472,1,"Amillepora27650","Amillepora27650-RA",23.4810444072292,TRUE,2079
"Amillepora27676",1.17502154160719,"Sc0000015:1328943-1329343","Promoter (<=1kb)",421,"Sc0000015",1328943,1329343,401,"*",11.9614605246232,0,23.1576257082819,15.6725772264689,15,1328281,1329764,1484,2,"Amillepora27676","Amillepora27676-RA",50.4362408109419,TRUE,421
"Amillepora27725",12.5903248752676,"Sc0000015:1990873-1991273","Promoter (<=1kb)",-847,"Sc0000015",1990873,1991273,401,"*",74.7591282788952,16.2914163878377,39.6987869284832,49.1549013011978,15,1992120,2012083,19964,1,"Amillepora27725","Amillepora27725-RA",144.610922076975,TRUE,847
"Amillepora27744",0.302637653702627,"Sc0000015:2258703-2259103","Promoter (<=1kb)",-806,"Sc0000015",2258703,2259103,401,"*",5.98073026231162,4.82708633713709,19.8493934642416,17.0973569743297,15,2256919,2257897,979,2,"Amillepora27744","Amillepora27744-RA",51.7086714148686,TRUE,806
"Amillepora27759",2.02978912080348,"Sc0000015:2530434-2530834","Promoter (1-2kb)",-1586,"Sc0000015",2530434,2530834,401,"*",125.595335508544,13.274487427127,26.4658579523221,46.3053418054762,15,2532420,2534032,1613,1,"Amillepora27759","Amillepora27759-RA",134.695443965679,TRUE,1586
"Amillepora27785",1.18271060664199,"Sc0000028:136721-137121","Promoter (1-2kb)",-1398,"Sc0000028",136721,137121,401,"*",2.99036513115581,69.9927518884878,8.27058061010067,0,16,133192,135323,2132,2,"Amillepora27785","Amillepora27785-RA",84.8079811370077,TRUE,1398
"Amillepora27796",1.22753992150871,"Sc0000028:274801-275201","Promoter (2-3kb)",2260,"Sc0000028",274801,275201,401,"*",20.9325559180907,6.03385792142137,23.1576257082819,25.6460354614945,16,276238,277461,1224,2,"Amillepora27796","Amillepora27796-RA",71.2408561031976,TRUE,2260
"Amillepora27833",159.664315579134,"Sc0000028:1076043-1076443","Promoter (<=1kb)",-66,"Sc0000028",1076043,1076443,401,"*",86.7205888035184,36.8065333206703,11.5788128541409,129.654957055333,16,1065381,1075977,10597,2,"Amillepora27833","Amillepora27833-RA",233.031826624838,TRUE,66
"Amillepora27835",0.704962183301006,"Sc0000028:1096945-1097345","Promoter (2-3kb)",2336,"Sc0000028",1096945,1097345,401,"*",5.98073026231162,3.01692896071068,0,1.42477974786081,16,1095944,1099681,3738,2,"Amillepora27835","Amillepora27835-RA",6.44250593870184,TRUE,2336
"Amillepora27836",11.495837136341,"Sc0000028:1141982-1142382","Promoter (2-3kb)",2425,"Sc0000028",1141982,1142382,401,"*",2.99036513115581,21.1185027249748,23.1576257082819,32.0575443268681,16,1132571,1144807,12237,2,"Amillepora27836","Amillepora27836-RA",90.4290188469868,TRUE,2425
"Amillepora27837",0.44474608892392,"Sc0000028:1149934-1150334","Promoter (1-2kb)",1741,"Sc0000028",1149934,1150334,401,"*",20.9325559180907,35.5997617363861,28.1199740743423,56.2788000405019,16,1148193,1169033,20841,1,"Amillepora27837","Amillepora27837-RA",145.860359392517,TRUE,1741
"Amillepora27846",0.86768168596538,"Sc0000028:1226819-1227219","Promoter (<=1kb)",-98,"Sc0000028",1226819,1227219,401,"*",65.7880328854278,3.62031475285282,31.4282063183826,47.730121553337,16,1227317,1241152,13836,1,"Amillepora27846","Amillepora27846-RA",117.101960565438,TRUE,98
"Amillepora27848",1.0566171048545,"Sc0000028:1255913-1256313","Promoter (2-3kb)",-2323,"Sc0000028",1255913,1256313,401,"*",0,10.8609442585585,3.30823224404027,0,16,1258636,1279941,21306,1,"Amillepora27848","Amillepora27848-RA",15.516688471392,TRUE,2323
"Amillepora27854",66.3900219989194,"Sc0000028:1375186-1375586","Promoter (<=1kb)",0,"Sc0000028",1375186,1375586,401,"*",284.084687459802,25.3422032699697,46.3152514165638,80.5000557541356,16,1375487,1378145,2659,1,"Amillepora27854","Amillepora27854-RA",253.632228189219,TRUE,0
"Amillepora27870",1.13698078504729,"Sc0000028:1785516-1785916","Promoter (2-3kb)",2109,"Sc0000028",1785516,1785916,401,"*",23.9229210492465,56.1148786692187,26.4658579523221,51.292070922989,16,1787499,1788025,527,2,"Amillepora27870","Amillepora27870-RA",160.195081801408,TRUE,2109
"Amillepora27873",0.129954151996902,"Sc0000028:1946821-1947221","Promoter (<=1kb)",159,"Sc0000028",1946821,1947221,401,"*",8.97109539346742,7.84401529784777,52.9317159046443,49.8672911751282,16,1946662,1949340,2679,1,"Amillepora27873","Amillepora27873-RA",136.012812224407,TRUE,159
"Amillepora27925",409.303397222153,"Sc0000030:709979-710379","Promoter (<=1kb)",0,"Sc0000030",709979,710379,401,"*",68.7783980165836,25.9455890621119,49.623483660604,30.6327645790073,17,710343,729454,19112,1,"Amillepora27925","Amillepora27925-RA",142.853265581511,TRUE,0
"Amillepora27931",40.5446558722812,"Sc0000030:766387-766787","Promoter (<=1kb)",0,"Sc0000030",766387,766787,401,"*",185.40263813166,10.2575584664163,34.7364385624228,34.9071038225898,17,766777,770719,3943,1,"Amillepora27931","Amillepora27931-RA",142.924930164863,TRUE,0
"Amillepora28029",13.8663422846334,"Sc0000030:1550388-1550788","Promoter (<=1kb)",0,"Sc0000030",1550388,1550788,401,"*",86.7205888035184,21.7218885171169,38.0446708064631,66.9646481494579,17,1541466,1550672,9207,2,"Amillepora28029","Amillepora28029-RA",173.063610231732,TRUE,0
"Amillepora28052",0.264003536027392,"Sc0000038:49077-49477","Promoter (<=1kb)",72,"Sc0000038",49077,49477,401,"*",11.9614605246232,71.1995234727721,8.27058061010067,6.41150886537363,18,49005,51951,2947,1,"Amillepora28052","Amillepora28052-RA",96.1735842727211,TRUE,72
"Amillepora28069",1.50042888132258,"Sc0000038:298959-299359","Promoter (<=1kb)",194,"Sc0000038",298959,299359,401,"*",2.99036513115581,30.1692896071068,14.8870450981812,9.26106836109524,18,298765,299370,606,1,"Amillepora28069","Amillepora28069-RA",62.1081962939968,TRUE,194
"Amillepora28081",0.212670428478532,"Sc0000038:531721-532121","Promoter (<=1kb)",695,"Sc0000038",531721,532121,401,"*",20.9325559180907,21.7218885171169,9.92469673212081,30.6327645790073,18,531026,532309,1284,1,"Amillepora28081","Amillepora28081-RA",77.7163634264916,TRUE,695
"Amillepora28094",0.16631504188113,"Sc0000038:740157-740557","Promoter (2-3kb)",-2712,"Sc0000038",740157,740557,401,"*",23.9229210492465,101.972198872021,47.9693675385839,162.424891256132,18,735351,737445,2095,2,"Amillepora28094","Amillepora28094-RA",370.317862860089,TRUE,2712
"Amillepora28098",0.804360175278927,"Sc0000038:858646-859046","Promoter (1-2kb)",1080,"Sc0000038",858646,859046,401,"*",35.8843815738697,43.4437770342338,110.825780175349,81.212445628066,18,858141,860126,1986,2,"Amillepora28098","Amillepora28098-RA",289.403819281561,TRUE,1080
"Amillepora28103",7.71986203492289,"Sc0000038:891898-892298","Promoter (<=1kb)",0,"Sc0000038",891898,892298,401,"*",0,0,3.30823224404027,4.98672911751282,18,892094,897967,5874,1,"Amillepora28103","Amillepora28103-RA",10.1187800258126,TRUE,0
"Amillepora28104",1.57719094675101,"Sc0000038:897684-898084","Promoter (2-3kb)",-2158,"Sc0000038",897684,898084,401,"*",17.9421907869348,1.20677158428427,4.9623483660604,4.98672911751282,18,900242,937333,37092,1,"Amillepora28104","Amillepora28104-RA",17.9738783198057,TRUE,2158
"Amillepora28114",0.204917973673447,"Sc0000038:1068751-1069151","Promoter (<=1kb)",0,"Sc0000038",1068751,1069151,401,"*",8.97109539346742,44.047162826376,3.30823224404027,0,18,1068783,1069292,510,1,"Amillepora28114","Amillepora28114-RA",52.853857955582,TRUE,0
"Amillepora28126",0.283060113934354,"Sc0000038:1214766-1215166","Promoter (<=1kb)",-197,"Sc0000038",1214766,1215166,401,"*",0,6.6372437135635,49.623483660604,14.9601873525385,18,1215363,1216806,1444,1,"Amillepora28126","Amillepora28126-RA",85.8864743275855,TRUE,197
"Amillepora28158",0.802657173105787,"Sc0000038:1845121-1845521","Promoter (<=1kb)",470,"Sc0000038",1845121,1845521,401,"*",38.8747467050255,98.9552699113104,34.7364385624228,27.0708152093553,18,1845273,1845991,719,2,"Amillepora28158","Amillepora28158-RA",189.84859090882,TRUE,470
"Amillepora28173",0.196105055607086,"Sc0000050:12559-12959","Promoter (<=1kb)",0,"Sc0000050",12559,12959,401,"*",80.7398585412068,0,147.216334859792,27.7832050832857,19,11996,12712,717,2,"Amillepora28173","Amillepora28173-RA",234.28657389195,TRUE,0
"Amillepora28177",0.296413493671806,"Sc0000050:40451-40851","Promoter (<=1kb)",0,"Sc0000050",40451,40851,401,"*",11.9614605246232,0,8.27058061010067,12.8230177307473,19,40694,47718,7025,1,"Amillepora28177","Amillepora28177-RA",28.7700263075319,TRUE,0
"Amillepora28189",0.73341834337335,"Sc0000050:128020-128420","Promoter (2-3kb)",2220,"Sc0000050",128020,128420,401,"*",8.97109539346742,7.24062950570564,1.65411612202013,10.685848108956,19,125800,131409,5610,1,"Amillepora28189","Amillepora28189-RA",24.9689907607412,TRUE,2220
"Amillepora28199",0.192560721945486,"Sc0000050:221247-221647","Promoter (<=1kb)",374,"Sc0000050",221247,221647,401,"*",68.7783980165836,142.399046945544,46.3152514165638,113.982379828865,19,220813,222021,1209,2,"Amillepora28199","Amillepora28199-RA",363.379944657483,TRUE,374
"Amillepora28201",0.256905266199101,"Sc0000050:230791-231191","Promoter (1-2kb)",-1099,"Sc0000050",230791,231191,401,"*",29.9036513115581,7.84401529784777,1.65411612202013,0,19,232290,238097,5808,1,"Amillepora28201","Amillepora28201-RA",17.9057733379118,TRUE,1099
"Amillepora28202",0.2652602913835,"Sc0000050:247970-248370","Promoter (<=1kb)",0,"Sc0000050",247970,248370,401,"*",20.9325559180907,0.603385792142137,4.9623483660604,0,19,248327,249626,1300,1,"Amillepora28202","Amillepora28202-RA",12.0206737161571,TRUE,0
"Amillepora28211",4.44880912710011,"Sc0000050:296690-297090","Promoter (2-3kb)",-2335,"Sc0000050",296690,297090,401,"*",11.9614605246232,5.43047212927923,14.8870450981812,1.42477974786081,19,299425,308048,8624,1,"Amillepora28211","Amillepora28211-RA",28.7061829914818,TRUE,2335
"Amillepora28213",2.15053728728622,"Sc0000050:316624-317024","Promoter (<=1kb)",-102,"Sc0000050",316624,317024,401,"*",20.9325559180907,6.03385792142137,11.5788128541409,2.13716962179121,19,315590,316522,933,2,"Amillepora28213","Amillepora28213-RA",28.4476528234592,TRUE,102
"Amillepora28216",2.29361564812572,"Sc0000050:345807-346207","Promoter (<=1kb)",-719,"Sc0000050",345807,346207,401,"*",29.9036513115581,149.036290659108,28.1199740743423,13.5354076046777,19,341881,345088,3208,2,"Amillepora28216","Amillepora28216-RA",215.897476540156,TRUE,719
"Amillepora28217",1.31335605691137,"Sc0000050:352488-352888","Promoter (<=1kb)",344,"Sc0000050",352488,352888,401,"*",44.8554769673371,84.4740108998991,29.7740901963624,17.0973569743297,19,352144,353319,1176,1,"Amillepora28217","Amillepora28217-RA",157.854225272643,TRUE,344
"Amillepora28225",0.301165520853355,"Sc0000050:396923-397323","Promoter (<=1kb)",-31,"Sc0000050",396923,397323,401,"*",5.98073026231162,6.03385792142137,1.65411612202013,4.98672911751282,19,397354,398217,864,1,"Amillepora28225","Amillepora28225-RA",15.9908792632393,TRUE,31
"Amillepora28244",0.192525838307852,"Sc0000050:551815-552215","Promoter (1-2kb)",1411,"Sc0000050",551815,552215,401,"*",2.99036513115581,9.65417267427418,0,3.56194936965202,19,543719,553626,9908,2,"Amillepora28244","Amillepora28244-RA",15.2981110096411,TRUE,1411
"Amillepora28300",0.180799182213348,"Sc0000050:899972-900372","Promoter (2-3kb)",-2701,"Sc0000050",899972,900372,401,"*",23.9229210492465,70.59613768063,31.4282063183826,33.482324074729,19,903073,903660,588,1,"Amillepora28300","Amillepora28300-RA",159.859418184529,TRUE,2701
"Amillepora28302",1.00631990994062,"Sc0000050:944415-944815","Promoter (<=1kb)",-276,"Sc0000050",944415,944815,401,"*",32.8940164427139,132.74487427127,26.4658579523221,50.5796810490586,19,936554,944139,7586,2,"Amillepora28302","Amillepora28302-RA",242.558211669521,TRUE,276
"Amillepora28303",735.662902008139,"Sc0000050:954753-955153","Promoter (<=1kb)",243,"Sc0000050",954753,955153,401,"*",38.8747467050255,176.792037097646,28.1199740743423,54.1416304187106,19,946772,955396,8625,2,"Amillepora28303","Amillepora28303-RA",296.970375993626,TRUE,243
"Amillepora28304",1.08164636288451,"Sc0000050:967393-967793","Promoter (<=1kb)",560,"Sc0000050",967393,967793,401,"*",35.8843815738697,147.226133282681,31.4282063183826,41.3186126879634,19,966833,976502,9670,1,"Amillepora28304","Amillepora28304-RA",253.397581127986,TRUE,560
"Amillepora28315",1.39658673131972,"Sc0000050:1059694-1060094","Promoter (1-2kb)",-1158,"Sc0000050",1059694,1060094,401,"*",38.8747467050255,6.03385792142137,13.2329289761611,19.9469164700513,19,1061252,1066678,5427,1,"Amillepora28315","Amillepora28315-RA",56.7263711632113,TRUE,1158
"Amillepora28322",0.37041916166252,"Sc0000050:1099466-1099866","Promoter (1-2kb)",1377,"Sc0000050",1099466,1099866,401,"*",0,0,47.9693675385839,0,19,1098089,1104860,6772,1,"Amillepora28322","Amillepora28322-RA",58.6266011126905,TRUE,1377
"Amillepora28333",0.490472484890296,"Sc0000050:1283157-1283557","Promoter (<=1kb)",0,"Sc0000050",1283157,1283557,401,"*",35.8843815738697,152.656605411961,52.9317159046443,38.4690531922418,19,1279278,1283454,4177,2,"Amillepora28333","Amillepora28333-RA",281.943456493601,TRUE,0
"Amillepora28340",0.957936859303954,"Sc0000050:1341382-1341782","Promoter (<=1kb)",90,"Sc0000050",1341382,1341782,401,"*",14.951825655779,17.498187972122,9.92469673212081,2.13716962179121,19,1340811,1341872,1062,2,"Amillepora28340","Amillepora28340-RA",37.017382129802,TRUE,90
"Amillepora28363",1.35471055974677,"Sc0000050:1579012-1579412","Promoter (<=1kb)",152,"Sc0000050",1579012,1579412,401,"*",32.8940164427139,0.603385792142137,11.5788128541409,23.5088658397033,19,1578860,1579336,477,1,"Amillepora28363","Amillepora28363-RA",51.7881634229939,TRUE,152
"Amillepora28371",3.80824104289275,"Sc0000055:87197-87597","Promoter (<=1kb)",-247,"Sc0000055",87197,87597,401,"*",74.7591282788952,30.772675399249,46.3152514165638,27.7832050832857,20,76350,86950,10601,2,"Amillepora28371","Amillepora28371-RA",141.957175283607,TRUE,247
"Amillepora28376",0.51647599326662,"Sc0000055:120749-121149","Promoter (2-3kb)",2177,"Sc0000055",120749,121149,401,"*",0,27.1523606463961,8.27058061010067,7.83628861323444,20,118572,121801,3230,1,"Amillepora28376","Amillepora28376-RA",48.3390394235784,TRUE,2177
"Amillepora28416",3.38689569766846,"Sc0000055:700879-701279","Promoter (2-3kb)",2177,"Sc0000055",700879,701279,401,"*",0,1.81015737642641,1.65411612202013,7.83628861323444,20,692410,703456,11047,2,"Amillepora28416","Amillepora28416-RA",13.4811709469442,TRUE,2177
"Amillepora28423",2.88674603920796,"Sc0000055:758567-758967","Promoter (2-3kb)",2895,"Sc0000055",758567,758967,401,"*",2.99036513115581,1.20677158428427,9.92469673212081,2.13716962179121,20,750643,761862,11220,2,"Amillepora28423","Amillepora28423-RA",16.7680629956156,TRUE,2895
"Amillepora28425",305.123383221968,"Sc0000055:776430-776830","Promoter (<=1kb)",265,"Sc0000055",776430,776830,401,"*",5.98073026231162,0,1.65411612202013,1.42477974786081,20,763790,777095,13306,2,"Amillepora28425","Amillepora28425-RA",5.27703659541353,TRUE,265
"Amillepora28436",4.20841334182249,"Sc0000055:862643-863043","Promoter (<=1kb)",584,"Sc0000055",862643,863043,401,"*",11.9614605246232,9.05078688213205,13.2329289761611,9.26106836109524,20,861663,863627,1965,2,"Amillepora28436","Amillepora28436-RA",40.0563858355105,TRUE,584
"Amillepora28448",22.1926116003976,"Sc0000055:1022337-1022737","Promoter (<=1kb)",271,"Sc0000055",1022337,1022737,401,"*",5.98073026231162,0,3.30823224404027,3.56194936965202,20,1022066,1022521,456,1,"Amillepora28448","Amillepora28448-RA",9.90245759717898,TRUE,271
"Amillepora28449",26.636442044343,"Sc0000055:1025052-1025452","Promoter (<=1kb)",344,"Sc0000055",1025052,1025452,401,"*",0,0,6.61646448808054,0,20,1024708,1025755,1048,1,"Amillepora28449","Amillepora28449-RA",8.08642773968145,TRUE,344
"Amillepora28450",0.270482521766879,"Sc0000055:1028725-1029125","Promoter (2-3kb)",-2121,"Sc0000055",1028725,1029125,401,"*",17.9421907869348,42.2370054499496,23.1576257082819,6.41150886537363,20,1031246,1032169,924,1,"Amillepora28450","Amillepora28450-RA",85.2916680321311,TRUE,2121
"Amillepora28453",553.744509045375,"Sc0000055:1112868-1113268","Promoter (1-2kb)",1959,"Sc0000055",1112868,1113268,401,"*",5.98073026231162,5.43047212927923,26.4658579523221,20.6593063439817,20,1110909,1111955,1047,1,"Amillepora28453","Amillepora28453-RA",64.7722045216002,TRUE,1959
"Amillepora28488",0.353223356369569,"Sc0000059:120090-120490","Promoter (1-2kb)",-1852,"Sc0000059",120090,120490,401,"*",5.98073026231162,1.81015737642641,6.61646448808054,2.84955949572161,21,111740,118238,6499,2,"Amillepora28488","Amillepora28488-RA",14.9899792116632,TRUE,1852
"Amillepora28518",0.71787472341795,"Sc0000059:680673-681073","Promoter (<=1kb)",0,"Sc0000059",680673,681073,401,"*",32.8940164427139,13.8778732192691,38.0446708064631,15.6725772264689,21,656490,680847,24358,2,"Amillepora28518","Amillepora28518-RA",88.6096917607393,TRUE,0
"Amillepora28531",6.30926368420468,"Sc0000059:805593-805993","Promoter (1-2kb)",-1698,"Sc0000059",805593,805993,401,"*",14.951825655779,2.41354316856855,16.5411612202013,33.482324074729,21,798358,803895,5538,2,"Amillepora28531","Amillepora28531-RA",67.3577014588346,TRUE,1698
"Amillepora28563",0.491530872065137,"Sc0000059:1259271-1259671","Promoter (1-2kb)",1335,"Sc0000059",1259271,1259671,401,"*",35.8843815738697,19.3083453485484,14.8870450981812,0,21,1257936,1259414,1479,1,"Amillepora28563","Amillepora28563-RA",47.7090722903974,TRUE,1335
"Amillepora28584",0.558152255814023,"Sc0000059:1483562-1483962","Promoter (<=1kb)",-11,"Sc0000059",1483562,1483962,401,"*",11.9614605246232,1.20677158428427,0,21.3716962179121,21,1483973,1492690,8718,1,"Amillepora28584","Amillepora28584-RA",30.3520784115938,TRUE,11
"Amillepora28639",0.26915732771629,"Sc0000061:466426-466826","Promoter (<=1kb)",0,"Sc0000061",466426,466826,401,"*",26.9132861804023,50.0810207477973,26.4658579523221,30.6327645790073,22,466636,469005,2370,1,"Amillepora28639","Amillepora28639-RA",129.410503406786,TRUE,0
"Amillepora28661",2.06288031932584,"Sc0000061:791828-792228","Promoter (1-2kb)",1246,"Sc0000061",791828,792228,401,"*",14.951825655779,27.7557464385383,31.4282063183826,14.2477974786081,22,790582,795248,4667,1,"Amillepora28661","Amillepora28661-RA",88.889278008465,TRUE,1246
"Amillepora28674",17.7595260435432,"Sc0000061:896806-897206","Promoter (<=1kb)",407,"Sc0000061",896806,897206,401,"*",5.98073026231162,4.82708633713709,18.1952773422215,14.2477974786081,22,896399,897289,891,1,"Amillepora28674","Amillepora28674-RA",46.2153123908216,TRUE,407
"Amillepora28731",3.63591396538551,"Sc0000061:1057794-1058194","Promoter (<=1kb)",0,"Sc0000061",1057794,1058194,401,"*",152.508621688946,15.6880305956955,46.3152514165638,64.1150886537363,22,1049297,1057843,8547,2,"Amillepora28731","Amillepora28731-RA",190.040830036017,TRUE,0
"Amillepora28734",114.91942376694,"Sc0000061:1082705-1083105","Promoter (<=1kb)",0,"Sc0000061",1082705,1083105,401,"*",137.556796033167,25.3422032699697,21.5035095862617,40.606222814033,22,1082943,1098123,15181,1,"Amillepora28734","Amillepora28734-RA",137.474531327359,TRUE,0
"Amillepora28736",0.180975760205711,"Sc0000061:1102302-1102702","Promoter (2-3kb)",2016,"Sc0000061",1102302,1102702,401,"*",47.8458420984929,44.047162826376,72.7811093688859,52.7168506708498,22,1099223,1104718,5496,2,"Amillepora28736","Amillepora28736-RA",211.865861374626,TRUE,2016
"Amillepora28752",1.52638979971372,"Sc0000061:1272879-1273279","Promoter (1-2kb)",1571,"Sc0000061",1272879,1273279,401,"*",0,0,18.1952773422215,13.5354076046777,22,1268160,1274850,6691,2,"Amillepora28752","Amillepora28752-RA",38.7284987074762,TRUE,1571
"Amillepora28753",0.654871393639187,"Sc0000061:1276398-1276798","Promoter (1-2kb)",1074,"Sc0000061",1276398,1276798,401,"*",0,3.62031475285282,8.27058061010067,16.3849671003993,22,1275324,1282578,7255,1,"Amillepora28753","Amillepora28753-RA",33.8951007209312,TRUE,1074
"Amillepora28793",0.335500156568416,"Sc0000066:102455-102855","Promoter (2-3kb)",2304,"Sc0000066",102455,102855,401,"*",83.7302236723626,35.5997617363861,59.5481803927248,22.7964759657729,23,100151,101267,1117,1,"Amillepora28793","Amillepora28793-RA",159.433117076026,TRUE,2304
"Amillepora28804",32.1460323089602,"Sc0000066:187485-187885","Promoter (<=1kb)",0,"Sc0000066",187485,187885,401,"*",74.7591282788952,15.0846448035534,18.1952773422215,40.606222814033,23,187539,191913,4375,1,"Amillepora28804","Amillepora28804-RA",106.639945144346,TRUE,0
"Amillepora28933",3.6380240085492,"Sc0000066:1437222-1437622","Promoter (<=1kb)",115,"Sc0000066",1437222,1437622,401,"*",20.9325559180907,0,4.9623483660604,7.12389873930403,23,1426278,1437737,11460,2,"Amillepora28933","Amillepora28933-RA",20.0626386833323,TRUE,115
"Amillepora28937",0.892288833323974,"xfSc0000023:125058-125458","Promoter (1-2kb)",1437,"xfSc0000023",125058,125458,401,"*",0,0,14.8870450981812,2.13716962179121,160,123621,135407,11787,1,"Amillepora28937","Amillepora28937-RA",20.7982764811283,TRUE,1437
"Amillepora29015",0.404256259905356,"Sc0000070:49462-49862","Promoter (1-2kb)",1816,"Sc0000070",49462,49862,401,"*",0,0.603385792142137,4.9623483660604,1.42477974786081,24,47646,51719,4074,1,"Amillepora29015","Amillepora29015-RA",8.43811210496621,TRUE,1816
"Amillepora29052",41.6176841245949,"Sc0000070:485190-485590","Promoter (2-3kb)",2736,"Sc0000070",485190,485590,401,"*",2.99036513115581,0,0,5.69911899144323,24,449471,488326,38856,2,"Amillepora29052","Amillepora29052-RA",7.70328098621844,TRUE,2736
"Amillepora29136",1.00020895356351,"Sc0000072:261537-261937","Promoter (2-3kb)",2901,"Sc0000072",261537,261937,401,"*",0,1.81015737642641,0,7.12389873930403,25,258636,259188,553,1,"Amillepora29136","Amillepora29136-RA",10.5916259897421,TRUE,2901
"Amillepora29142",4.60187326607075,"Sc0000072:322822-323222","Promoter (1-2kb)",-1429,"Sc0000072",322822,323222,401,"*",2.99036513115581,0.603385792142137,4.9623483660604,9.97345823502565,25,324651,331094,6444,1,"Amillepora29142","Amillepora29142-RA",19.6131451803114,TRUE,1429
"Amillepora29191",140.807021944929,"Sc0000072:919025-919425","Promoter (2-3kb)",-2354,"Sc0000072",919025,919425,401,"*",17.9421907869348,8.44740108998991,9.92469673212081,42.7433924358242,25,921779,924074,2296,1,"Amillepora29191","Amillepora29191-RA",77.6883973731974,TRUE,2354
"Amillepora29210",17.0940656551909,"Sc0000072:1110077-1110477","Promoter (2-3kb)",-2590,"Sc0000072",1110077,1110477,401,"*",185.40263813166,12.6711016349849,34.7364385624228,61.9779190319451,25,1113067,1121501,8435,1,"Amillepora29210","Amillepora29210-RA",178.456236034135,TRUE,2590
"Amillepora29219",0.206843689727976,"Sc0000077:34275-34675","Promoter (<=1kb)",-756,"Sc0000077",34275,34675,401,"*",173.441177607037,8.44740108998991,90.9763867111074,94.0354633588132,26,35431,36696,1266,1,"Amillepora29219","Amillepora29219-RA",278.747068802751,TRUE,756
"Amillepora29234",0.256515196285944,"Sc0000077:146492-146892","Promoter (1-2kb)",1016,"Sc0000077",146492,146892,401,"*",0,0,1.65411612202013,12.8230177307473,26,145476,177509,32034,1,"Amillepora29234","Amillepora29234-RA",17.6444913359909,TRUE,1016
"Amillepora29252",1.1906720784816,"Sc0000077:263706-264106","Promoter (1-2kb)",-1163,"Sc0000077",263706,264106,401,"*",26.9132861804023,1.20677158428427,0,4.98672911751282,26,265269,273584,8316,1,"Amillepora29252","Amillepora29252-RA",14.1883879389393,TRUE,1163
"Amillepora29256",4.54244433619955,"Sc0000077:306348-306748","Promoter (1-2kb)",1018,"Sc0000077",306348,306748,401,"*",23.9229210492465,0,56.2399481486846,56.9911899144323,26,305307,307766,2460,2,"Amillepora29256","Amillepora29256-RA",144.247892033547,TRUE,1018
"Amillepora29259",0.80753853241137,"Sc0000077:339464-339864","Promoter (<=1kb)",0,"Sc0000077",339464,339864,401,"*",0,46.4607059949445,3.30823224404027,1.42477974786081,26,335481,339696,4216,2,"Amillepora29259","Amillepora29259-RA",54.8600645988176,TRUE,0
"Amillepora29272",0.548492007529372,"Sc0000077:409811-410211","Promoter (<=1kb)",1,"Sc0000077",409811,410211,401,"*",11.9614605246232,28.3591322306804,16.5411612202013,0.712389873930403,26,409445,410212,768,2,"Amillepora29272","Amillepora29272-RA",54.0816316185063,TRUE,1
"Amillepora29273",0.799276091883255,"Sc0000077:411113-411513","Promoter (<=1kb)",0,"Sc0000077",411113,411513,401,"*",29.9036513115581,3.62031475285282,6.61646448808054,7.12389873930403,26,410339,411235,897,2,"Amillepora29273","Amillepora29273-RA",28.1880675759977,TRUE,0
"Amillepora29278",0.288479751363063,"Sc0000077:439043-439443","Promoter (1-2kb)",-1317,"Sc0000077",439043,439443,401,"*",361.834180869853,2.41354316856855,1.65411612202013,4.27433924358242,26,436810,437726,917,2,"Amillepora29278","Amillepora29278-RA",101.711889854929,TRUE,1317
"Amillepora29295",1.71367829147415,"Sc0000077:541679-542079","Promoter (2-3kb)",2605,"Sc0000077",541679,542079,401,"*",20.9325559180907,42.2370054499496,33.0823224404027,26.3584253354249,26,539074,542964,3891,1,"Amillepora29295","Amillepora29295-RA",122.483351073506,TRUE,2605
"Amillepora29314",0.353457252460441,"Sc0000077:624532-624932","Promoter (2-3kb)",2189,"Sc0000077",624532,624932,401,"*",5.98073026231162,2.41354316856855,1.65411612202013,12.1106278568169,26,622343,627766,5424,1,"Amillepora29314","Amillepora29314-RA",20.8457679522059,TRUE,2189
"Amillepora29336",0.327637705148753,"Sc0000077:726108-726508","Promoter (<=1kb)",909,"Sc0000077",726108,726508,401,"*",0,4.22370054499496,4.9623483660604,0.712389873930403,26,725199,726446,1248,1,"Amillepora29336","Amillepora29336-RA",11.3946656165349,TRUE,909
"Amillepora29353",0.166769036053782,"Sc0000077:835637-836037","Promoter (2-3kb)",2908,"Sc0000077",835637,836037,401,"*",0,0,6.61646448808054,0.712389873930403,26,835853,838945,3093,2,"Amillepora29353","Amillepora29353-RA",8.95436576196315,TRUE,2908
"Amillepora29356",0.464964343148895,"Sc0000077:864572-864972","Promoter (<=1kb)",-261,"Sc0000077",864572,864972,401,"*",8.97109539346742,0,8.27058061010067,1.42477974786081,26,865233,869493,4261,1,"Amillepora29356","Amillepora29356-RA",14.1232411430599,TRUE,261
"Amillepora29369",0.111623170769951,"Sc0000077:937346-937746","Promoter (<=1kb)",378,"Sc0000077",937346,937746,401,"*",5.98073026231162,4.82708633713709,9.92469673212081,2.84955949572161,26,936968,941013,4046,1,"Amillepora29369","Amillepora29369-RA",22.2202693597126,TRUE,378
"Amillepora29383",0.473820020784185,"Sc0000077:1051910-1052310","Promoter (2-3kb)",-2348,"Sc0000077",1051910,1052310,401,"*",17.9421907869348,30.1692896071068,18.1952773422215,44.168172183685,26,1054658,1069666,15009,1,"Amillepora29383","Amillepora29383-RA",112.479257295465,TRUE,2348
"Amillepora29384",0.180084917659711,"Sc0000077:1088900-1089300","Promoter (<=1kb)",382,"Sc0000077",1088900,1089300,401,"*",47.8458420984929,39.823462281381,29.7740901963624,81.9248355019964,26,1088518,1096723,8206,1,"Amillepora29384","Amillepora29384-RA",190.427633190754,TRUE,382
"Amillepora29433",0.745219386195051,"Sc0000080:540120-540520","Promoter (2-3kb)",2535,"Sc0000080",540120,540520,401,"*",5.98073026231162,19.9117311406905,4.9623483660604,9.97345823502565,27,537585,552482,14898,1,"Amillepora29433","Amillepora29433-RA",40.7702101688118,TRUE,2535
"Amillepora29435",0.320255622598126,"Sc0000080:562349-562749","Promoter (<=1kb)",-980,"Sc0000080",562349,562749,401,"*",5.98073026231162,9.05078688213205,8.27058061010067,1.42477974786081,27,563729,584376,20648,1,"Amillepora29435","Amillepora29435-RA",22.924693169721,TRUE,980
"Amillepora29443",0.288741561925371,"Sc0000080:693792-694192","Promoter (2-3kb)",2108,"Sc0000080",693792,694192,401,"*",29.9036513115581,4.22370054499496,0,0,27,691684,715522,23839,1,"Amillepora29443","Amillepora29443-RA",12.059674869141,TRUE,2108
"Amillepora29444",0.145157214877603,"Sc0000080:725470-725870","Promoter (<=1kb)",0,"Sc0000080",725470,725870,401,"*",11.9614605246232,0,0,0,27,725826,727079,1254,1,"Amillepora29444","Amillepora29444-RA",3.03910723185955,TRUE,0
"Amillepora29448",0.251045591529597,"Sc0000080:753982-754382","Promoter (1-2kb)",1425,"Sc0000080",753982,754382,401,"*",8.97109539346742,5.43047212927923,3.30823224404027,0,27,752557,770606,18050,1,"Amillepora29448","Amillepora29448-RA",12.059281594511,TRUE,1425
"Amillepora29449",0.342049729627326,"Sc0000080:764439-764839","Promoter (<=1kb)",320,"Sc0000080",764439,764839,401,"*",32.8940164427139,25.3422032699697,6.61646448808054,29.2079848311465,27,764320,765159,840,2,"Amillepora29449","Amillepora29449-RA",78.8008722777974,TRUE,320
"Amillepora29461",0.597324591495116,"Sc0000080:872962-873362","Promoter (<=1kb)",540,"Sc0000080",872962,873362,401,"*",0,9.05078688213205,0,0,27,872422,882255,9834,1,"Amillepora29461","Amillepora29461-RA",9.561228834626,TRUE,540
"Amillepora29462",0.599830044745683,"Sc0000080:884698-885098","Promoter (<=1kb)",0,"Sc0000080",884698,885098,401,"*",8.97109539346742,1.20677158428427,13.2329289761611,11.3982379828865,27,885072,889885,4814,1,"Amillepora29462","Amillepora29462-RA",33.6140247710482,TRUE,0
"Amillepora29479",2.31719310400449,"xfSc0000033:105710-106110","Promoter (1-2kb)",-1476,"xfSc0000033",105710,106110,401,"*",8.97109539346742,1.20677158428427,0,5.69911899144323,161,101426,104234,2809,2,"Amillepora29479","Amillepora29479-RA",10.4976651134317,TRUE,1476
"Amillepora29556",4.25282202901264,"xfSc0000033:964920-965320","Promoter (1-2kb)",-1133,"xfSc0000033",964920,965320,401,"*",5.98073026231162,9.05078688213205,9.92469673212081,7.12389873930403,161,954705,963787,9083,2,"Amillepora29556","Amillepora29556-RA",31.8898042828949,TRUE,1133
"Amillepora29573",0.737201477549825,"Sc0000086:197621-198021","Promoter (1-2kb)",1505,"Sc0000086",197621,198021,401,"*",2.99036513115581,3.62031475285282,0,7.83628861323444,28,196116,201046,4931,1,"Amillepora29573","Amillepora29573-RA",14.1315865869139,TRUE,1505
"Amillepora29576",7.21116091820711,"Sc0000086:227954-228354","Promoter (<=1kb)",0,"Sc0000086",227954,228354,401,"*",71.7687631477394,28.3591322306804,24.811741830302,51.292070922989,28,225167,228222,3056,2,"Amillepora29576","Amillepora29576-RA",141.008802034406,TRUE,0
"Amillepora29587",47.3745263473223,"Sc0000086:329256-329656","Promoter (<=1kb)",0,"Sc0000086",329256,329656,401,"*",113.633874983921,88.6977114448941,23.1576257082819,19.2345265961209,28,324226,329648,5423,2,"Amillepora29587","Amillepora29587-RA",174.308384972492,TRUE,0
"Amillepora29592",3.39198818575866,"Sc0000086:386821-387221","Promoter (<=1kb)",0,"Sc0000086",386821,387221,401,"*",98.6820493281416,10.2575584664163,21.5035095862617,17.8097468482601,28,387074,393221,6148,1,"Amillepora29592","Amillepora29592-RA",83.8880347197578,TRUE,0
"Amillepora29647",7.50677495953256,"Sc0000086:1044241-1044641","Promoter (<=1kb)",960,"Sc0000086",1044241,1044641,401,"*",2.99036513115581,14.4812590114113,4.9623483660604,11.3982379828865,28,1043313,1045601,2289,2,"Amillepora29647","Amillepora29647-RA",36.0095721046347,TRUE,960
"Amillepora29648",10.8852671563324,"Sc0000086:1073714-1074114","Promoter (2-3kb)",-2606,"Sc0000086",1073714,1074114,401,"*",0,6.03385792142137,6.61646448808054,5.69911899144323,28,1065491,1071108,5618,2,"Amillepora29648","Amillepora29648-RA",21.4040844743523,TRUE,2606
"Amillepora29652",26.7125951847765,"Sc0000089:40148-40548","Promoter (<=1kb)",0,"Sc0000089",40148,40548,401,"*",35.8843815738697,64.5622797592086,34.7364385624228,56.2788000405019,29,38293,40330,2038,2,"Amillepora29652","Amillepora29652-RA",188.341603442826,TRUE,0
"Amillepora29662",0.150971240882292,"Sc0000089:315517-315917","Promoter (<=1kb)",0,"Sc0000089",315517,315917,401,"*",5.98073026231162,1.81015737642641,0,3.56194936965202,29,313063,315680,2618,2,"Amillepora29662","Amillepora29662-RA",7.77148949426345,TRUE,0
"Amillepora29671",0.267345524331363,"Sc0000089:597818-598218","Promoter (1-2kb)",-1317,"Sc0000089",597818,598218,401,"*",2.99036513115581,25.9455890621119,11.5788128541409,28.4955949572161,29,594620,596501,1882,2,"Amillepora29671","Amillepora29671-RA",77.0374022362696,TRUE,1317
"Amillepora29682",0.329811688502659,"Sc0000089:905434-905834","Promoter (<=1kb)",441,"Sc0000089",905434,905834,401,"*",11.9614605246232,34.9963759442439,14.8870450981812,4.98672911751282,29,904993,921843,16851,1,"Amillepora29682","Amillepora29682-RA",64.2792206293352,TRUE,441
"Amillepora29691",0.256368682522277,"Sc0000089:1082709-1083109","Promoter (<=1kb)",605,"Sc0000089",1082709,1083109,401,"*",38.8747467050255,15.0846448035534,31.4282063183826,19.2345265961209,29,1081021,1083714,2694,2,"Amillepora29691","Amillepora29691-RA",87.6573382596796,TRUE,605
"Amillepora29704",0.794257339706148,"xfSc0000036:143775-144175","Promoter (2-3kb)",-2941,"xfSc0000036",143775,144175,401,"*",38.8747467050255,17.498187972122,11.5788128541409,5.69911899144323,162,147116,149071,1956,1,"Amillepora29704","Amillepora29704-RA",49.4568936398499,TRUE,2941
"Amillepora29741",1.02389745109743,"xfSc0000036:567941-568341","Promoter (<=1kb)",0,"xfSc0000036",567941,568341,401,"*",2.99036513115581,2.41354316856855,4.9623483660604,2.13716962179121,162,568195,568266,72,2,"Amillepora29741","Amillepora29741-RA",11.978072702138,TRUE,0
"Amillepora29767",0.432706524961314,"xfSc0000036:874409-874809","Promoter (1-2kb)",-1701,"xfSc0000036",874409,874809,401,"*",0,4.82708633713709,0,2.84955949572161,162,869501,872708,3208,2,"Amillepora29767","Amillepora29767-RA",8.57107413426063,TRUE,1701
"Amillepora29829",0.179659660149573,"Sc0000091:883783-884183","Promoter (<=1kb)",0,"Sc0000091",883783,884183,401,"*",20.9325559180907,10.8609442585585,13.2329289761611,29.2079848311465,30,871993,883963,11971,2,"Amillepora29829","Amillepora29829-RA",68.5502266502178,TRUE,0
"Amillepora29854",0.155221873717532,"Sc0000094:47628-48028","Promoter (<=1kb)",-320,"Sc0000094",47628,48028,401,"*",0,18.1015737642641,4.9623483660604,3.56194936965202,31,48348,58250,9903,1,"Amillepora29854","Amillepora29854-RA",29.5269685854216,TRUE,320
"Amillepora29912",0.299642303841724,"Sc0000094:642181-642581","Promoter (1-2kb)",1056,"Sc0000094",642181,642581,401,"*",5.98073026231162,33.1862185678175,0,0.712389873930403,31,639708,643637,3930,2,"Amillepora29912","Amillepora29912-RA",37.4453306985068,TRUE,1056
"Amillepora29916",0.304472904668123,"Sc0000094:742618-743018","Promoter (<=1kb)",-228,"Sc0000094",742618,743018,401,"*",0,0,6.61646448808054,3.56194936965202,31,743246,744347,1102,1,"Amillepora29916","Amillepora29916-RA",12.4261178510899,TRUE,228
"Amillepora29917",0.233369798418064,"Sc0000094:758563-758963","Promoter (<=1kb)",-878,"Sc0000094",758563,758963,401,"*",29.9036513115581,26.548974854254,43.0070191725235,89.7611241152308,31,759841,760672,832,1,"Amillepora29917","Amillepora29917-RA",197.566010443308,TRUE,878
"Amillepora29924",0.660677453487314,"Sc0000094:963690-964090","Promoter (<=1kb)",-344,"Sc0000094",963690,964090,401,"*",0,12.0677158428427,0,2.13716962179121,31,964434,966662,2229,1,"Amillepora29924","Amillepora29924-RA",15.3521191796797,TRUE,344
"Amillepora29939",0.26446450311737,"Sc0000095:86908-87308","Promoter (<=1kb)",244,"Sc0000095",86908,87308,401,"*",68.7783980165836,34.9963759442439,119.09636078545,82.6372253759268,32,84538,87552,3015,2,"Amillepora29939","Amillepora29939-RA",300.681461309356,TRUE,244
"Amillepora29960",1.9564089955827,"Sc0000095:652869-653269","Promoter (<=1kb)",194,"Sc0000095",652869,653269,401,"*",8.97109539346742,42.2370054499496,4.9623483660604,9.26106836109524,32,648133,653463,5331,2,"Amillepora29960","Amillepora29960-RA",64.2464134132392,TRUE,194
"Amillepora29971",0.319680828344283,"Sc0000095:923976-924376","Promoter (<=1kb)",894,"Sc0000095",923976,924376,401,"*",20.9325559180907,0.603385792142137,21.5035095862617,7.12389873930403,32,923082,924020,939,1,"Amillepora29971","Amillepora29971-RA",40.9161232881776,TRUE,894
"Amillepora29976",0.296853141986831,"Sc0000095:939553-939953","Promoter (1-2kb)",1615,"Sc0000095",939553,939953,401,"*",26.9132861804023,2.41354316856855,14.8870450981812,24.2212557136337,32,937938,940692,2755,1,"Amillepora29976","Amillepora29976-RA",57.0920074661118,TRUE,1615
"Amillepora29980",0.423044646206296,"Sc0000095:1008586-1008986","Promoter (1-2kb)",1069,"Sc0000095",1008586,1008986,401,"*",8.97109539346742,0,0,1.42477974786081,32,1007812,1010055,2244,2,"Amillepora29980","Amillepora29980-RA",4.01520646845806,TRUE,1069
"Amillepora29993",10.9065450424556,"xfSc0000041:129588-129988","Promoter (2-3kb)",2746,"xfSc0000041",129588,129988,401,"*",11.9614605246232,4.82708633713709,3.30823224404027,7.83628861323444,163,126842,134253,7412,1,"Amillepora29993","Amillepora29993-RA",21.7289613919328,TRUE,2746
"Amillepora30005",3.58315663495216,"xfSc0000041:278787-279187","Promoter (<=1kb)",414,"xfSc0000041",278787,279187,401,"*",2.99036513115581,0,3.30823224404027,4.27433924358242,163,278373,305014,26642,1,"Amillepora30005","Amillepora30005-RA",10.0106188114958,TRUE,414
"Amillepora30021",3.65528297986345,"xfSc0000041:453107-453507","Promoter (2-3kb)",2975,"xfSc0000041",453107,453507,401,"*",5.98073026231162,6.03385792142137,6.61646448808054,6.41150886537363,163,450132,452284,2153,1,"Amillepora30021","Amillepora30021-RA",23.7915761125638,TRUE,2975
"Amillepora30102",0.348819185139147,"Sc0000098:40781-41181","Promoter (1-2kb)",1897,"Sc0000098",40781,41181,401,"*",41.8651118361813,89.9044830291783,61.202296514745,75.5133266366228,33,38884,41090,2207,1,"Amillepora30102","Amillepora30102-RA",272.41263535604,TRUE,1897
"Amillepora30108",5.12001061304026,"Sc0000098:186000-186400","Promoter (<=1kb)",417,"Sc0000098",186000,186400,401,"*",2.99036513115581,1.20677158428427,19.8493934642416,2.84955949572161,33,185583,191139,5557,1,"Amillepora30108","Amillepora30108-RA",29.7656426274195,TRUE,417
"Amillepora30112",3.81133132088334,"Sc0000098:286117-286517","Promoter (1-2kb)",1999,"Sc0000098",286117,286517,401,"*",5.98073026231162,4.22370054499496,9.92469673212081,2.84955949572161,33,286154,288516,2363,2,"Amillepora30112","Amillepora30112-RA",21.5828541040709,TRUE,1999
"Amillepora30115",1.28218828697237,"Sc0000098:451976-452376","Promoter (<=1kb)",0,"Sc0000098",451976,452376,401,"*",11.9614605246232,2.41354316856855,31.4282063183826,9.97345823502565,33,450088,452180,2093,2,"Amillepora30115","Amillepora30115-RA",56.1504323298572,TRUE,0
"Amillepora30121",1.32272575418257,"Sc0000098:591150-591550","Promoter (<=1kb)",517,"Sc0000098",591150,591550,401,"*",0,3.01692896071068,13.2329289761611,7.12389873930403,33,590633,594041,3409,1,"Amillepora30121","Amillepora30121-RA",28.0393119803885,TRUE,517
"Amillepora30123",1.15648096225715,"Sc0000098:657017-657417","Promoter (2-3kb)",-2708,"Sc0000098",657017,657417,401,"*",11.9614605246232,3.62031475285282,3.30823224404027,4.27433924358242,33,600653,654309,53657,2,"Amillepora30123","Amillepora30123-RA",16.1144407692408,TRUE,2708
"Amillepora30156",0.280820090653866,"Sc0000102:174455-174855","Promoter (1-2kb)",1014,"Sc0000102",174455,174855,401,"*",0,6.03385792142137,4.9623483660604,5.69911899144323,34,172723,175869,3147,2,"Amillepora30156","Amillepora30156-RA",19.382477539432,TRUE,1014
"Amillepora30165",0.379586030986219,"Sc0000102:301433-301833","Promoter (1-2kb)",-1193,"Sc0000102",301433,301833,401,"*",2.99036513115581,10.8609442585585,26.4658579523221,20.6593063439817,34,303026,320493,17468,1,"Amillepora30165","Amillepora30165-RA",69.749165014411,TRUE,1193
"Amillepora30212",0.894672391503984,"Sc0000102:813968-814368","Promoter (<=1kb)",540,"Sc0000102",813968,814368,401,"*",2.99036513115581,21.7218885171169,483.001907629879,17.8097468482601,34,813428,819572,6145,1,"Amillepora30212","Amillepora30212-RA",635.714401564855,TRUE,540
"Amillepora30239",0.145446378422921,"Sc0000104:18820-19220","Promoter (<=1kb)",0,"Sc0000104",18820,19220,401,"*",122.604970377388,117.660229467717,186.915121788275,46.3053418054762,35,16550,18869,2320,2,"Amillepora30239","Amillepora30239-RA",440.30437907101,TRUE,0
"Amillepora30263",0.447055855798358,"Sc0000104:215284-215684","Promoter (2-3kb)",2575,"Sc0000104",215284,215684,401,"*",44.8554769673371,38.6166906970967,29.7740901963624,64.1150886537363,35,214164,218259,4096,2,"Amillepora30263","Amillepora30263-RA",166.694575314463,TRUE,2575
"Amillepora30316",0.144739389194009,"Sc0000104:665318-665718","Promoter (2-3kb)",2745,"Sc0000104",665318,665718,401,"*",0,0.603385792142137,4.9623483660604,7.12389873930403,35,668011,668463,453,2,"Amillepora30316","Amillepora30316-RA",15.3816162832197,TRUE,2745
"Amillepora30361",109.42719570679,"xfSc0000046:148503-148903","Promoter (<=1kb)",-6,"xfSc0000046",148503,148903,401,"*",263.152131541711,16.8948021799798,61.202296514745,82.6372253759268,164,146101,148497,2397,2,"Amillepora30361","Amillepora30361-RA",260.188253435609,TRUE,6
"Amillepora30379",0.109969267940422,"xfSc0000046:407587-407987","Promoter (1-2kb)",-1809,"xfSc0000046",407587,407987,401,"*",0,0.603385792142137,0,4.98672911751282,164,409796,414171,4376,1,"Amillepora30379","Amillepora30379-RA",6.71298141161358,TRUE,1809
"Amillepora30381",0.321574374554228,"xfSc0000046:465850-466250","Promoter (<=1kb)",-369,"xfSc0000046",465850,466250,401,"*",0,10.8609442585585,0,4.98672911751282,164,466619,472525,5907,1,"Amillepora30381","Amillepora30381-RA",17.5490407575231,TRUE,369
"Amillepora30410",10.7219445211479,"xfSc0000046:861064-861464","Promoter (2-3kb)",-2014,"xfSc0000046",861064,861464,401,"*",89.7109539346742,3.01692896071068,43.0070191725235,36.3318835704506,164,856246,859050,2805,2,"Amillepora30410","Amillepora30410-RA",122.806999961451,TRUE,2014
"Amillepora30412",23.6772298458095,"xfSc0000046:871112-871512","Promoter (<=1kb)",-823,"xfSc0000046",871112,871512,401,"*",5.98073026231162,0,9.92469673212081,2.13716962179121,164,872335,881048,8714,1,"Amillepora30412","Amillepora30412-RA",16.253009292297,TRUE,823
"Amillepora30429",41.1858338490506,"xfSc0000047:183973-184373","Promoter (2-3kb)",-2498,"xfSc0000047",183973,184373,401,"*",0,10.2575584664163,23.1576257082819,17.0973569743297,165,153227,181475,28249,2,"Amillepora30429","Amillepora30429-RA",59.9690689695552,TRUE,2498
"Amillepora30431",0.432132628020634,"xfSc0000047:191022-191422","Promoter (2-3kb)",-2273,"xfSc0000047",191022,191422,401,"*",5.98073026231162,2.41354316856855,1.65411612202013,7.83628861323444,165,187209,188749,1541,2,"Amillepora30431","Amillepora30431-RA",15.6381398185157,TRUE,2273
"Amillepora30433",104.354185193225,"xfSc0000047:217060-217460","Promoter (1-2kb)",-1368,"xfSc0000047",217060,217460,401,"*",0,4.82708633713709,0,1.42477974786081,165,200277,215692,15416,2,"Amillepora30433","Amillepora30433-RA",6.83519808969726,TRUE,1368
"Amillepora30475",5.4823955608943,"xfSc0000047:967094-967494","Promoter (2-3kb)",2108,"xfSc0000047",967094,967494,401,"*",502.381342034176,13.8778732192691,31.4282063183826,13.5354076046777,165,956901,969602,12702,2,"Amillepora30475","Amillepora30475-RA",197.2044088047,TRUE,2108
"Amillepora30481",0.463002458066266,"Sc0000107:51838-52238","Promoter (2-3kb)",-2443,"Sc0000107",51838,52238,401,"*",2.99036513115581,4.82708633713709,0,0,36,54681,58418,3738,1,"Amillepora30481","Amillepora30481-RA",5.85909885309876,TRUE,2443
"Amillepora30489",11.0756628750187,"Sc0000107:219293-219693","Promoter (<=1kb)",0,"Sc0000107",219293,219693,401,"*",65.7880328854278,19.3083453485484,38.0446708064631,34.1947139486594,36,213321,219330,6010,2,"Amillepora30489","Amillepora30489-RA",125.270362528453,TRUE,0
"Amillepora30628",0.807846791371257,"Sc0000115:488722-489122","Promoter (2-3kb)",2324,"Sc0000115",488722,489122,401,"*",8.97109539346742,0.603385792142137,13.2329289761611,12.8230177307473,38,487948,491446,3499,2,"Amillepora30628","Amillepora30628-RA",34.7124855599699,TRUE,2324
"Amillepora30631",4.40253798030094,"Sc0000115:514839-515239","Promoter (1-2kb)",1033,"Sc0000115",514839,515239,401,"*",41.8651118361813,67.5792087199193,38.0446708064631,14.2477974786081,38,510410,516272,5863,2,"Amillepora30631","Amillepora30631-RA",145.883103892185,TRUE,1033
"Amillepora30643",0.195153620691642,"Sc0000115:710942-711342","Promoter (1-2kb)",1501,"Sc0000115",710942,711342,401,"*",11.9614605246232,5.43047212927923,0,5.69911899144323,38,709441,710499,1059,1,"Amillepora30643","Amillepora30643-RA",15.7193487108887,TRUE,1501
"Amillepora30667",1.20927123417557,"Sc0000118:248497-248897","Promoter (2-3kb)",2477,"Sc0000118",248497,248897,401,"*",29.9036513115581,16.2914163878377,110.825780175349,101.871751972048,39,251302,251374,73,2,"Amillepora30667","Amillepora30667-RA",284.370781807923,TRUE,2477
"Amillepora30689",0.321222769831549,"Sc0000118:534864-535264","Promoter (<=1kb)",677,"Sc0000118",534864,535264,401,"*",0,34.3929901521018,19.8493934642416,1.42477974786081,39,529852,535941,6090,2,"Amillepora30689","Amillepora30689-RA",62.3278288351866,TRUE,677
"Amillepora30723",62.0212640908536,"Sc0000120:336481-336881","Promoter (<=1kb)",0,"Sc0000120",336481,336881,401,"*",328.940164427139,18.1015737642641,84.3599222230269,92.6106836109524,40,336519,354416,17898,1,"Amillepora30723","Amillepora30723-RA",318.631803122949,TRUE,0
"Amillepora30734",7.21535109036983,"Sc0000120:502359-502759","Promoter (1-2kb)",1602,"Sc0000120",502359,502759,401,"*",0,10.8609442585585,6.61646448808054,0,40,489860,504361,14502,2,"Amillepora30734","Amillepora30734-RA",19.5599023412327,TRUE,1602
"Amillepora30751",287.412066341175,"Sc0000120:701079-701479","Promoter (1-2kb)",-1585,"Sc0000120",701079,701479,401,"*",5.98073026231162,16.8948021799798,4.9623483660604,16.3849671003993,40,703064,716245,13182,1,"Amillepora30751","Amillepora30751-RA",45.3945760911383,TRUE,1585
"Amillepora30757",293.104317465979,"Sc0000120:788312-788712","Promoter (<=1kb)",119,"Sc0000120",788312,788712,401,"*",44.8554769673371,43.4437770342338,31.4282063183826,21.3716962179121,40,759894,788831,28938,2,"Amillepora30757","Amillepora30757-RA",121.739222957616,TRUE,119
"Amillepora30790",42.3662028357265,"Sc0000120:896327-896727","Promoter (<=1kb)",-675,"Sc0000120",896327,896727,401,"*",98.6820493281416,73.6130666413407,51.2775997826242,12.1106278568169,40,880592,895652,15061,2,"Amillepora30790","Amillepora30790-RA",180.262057212453,TRUE,675
"Amillepora30798",0.113336875945277,"Sc0000121:108400-108800","Promoter (1-2kb)",-1848,"Sc0000121",108400,108800,401,"*",14.951825655779,0,13.2329289761611,7.12389873930403,41,110648,111541,894,1,"Amillepora30798","Amillepora30798-RA",28.6511197420043,TRUE,1848
"Amillepora30827",0.459583018569963,"Sc0000121:478529-478929","Promoter (<=1kb)",-20,"Sc0000121",478529,478929,401,"*",8.97109539346742,9.05078688213205,26.4658579523221,19.2345265961209,41,475939,478509,2571,2,"Amillepora30827","Amillepora30827-RA",67.6205968188521,TRUE,20
"Amillepora30922",54.9495384501198,"Sc0000122:553402-553802","Promoter (<=1kb)",0,"Sc0000122",553402,553802,401,"*",26.9132861804023,76.6299956020513,29.7740901963624,45.5929519315458,42,553506,562198,8693,1,"Amillepora30922","Amillepora30922-RA",179.726686992779,TRUE,0
"Amillepora30923",24.1068858881755,"Sc0000122:562219-562619","Promoter (<=1kb)",640,"Sc0000122",562219,562619,401,"*",29.9036513115581,44.6505486185181,0,21.3716962179121,42,562262,563259,998,2,"Amillepora30923","Amillepora30923-RA",80.804637665588,TRUE,640
"Amillepora30956",0.133780600531825,"Sc0000126:119368-119768","Promoter (1-2kb)",1843,"Sc0000126",119368,119768,401,"*",0,0,1.65411612202013,7.12389873930403,43,117525,118088,564,1,"Amillepora30956","Amillepora30956-RA",10.7009871577373,TRUE,1843
"Amillepora30969",0.942479900253788,"Sc0000126:276704-277104","Promoter (<=1kb)",0,"Sc0000126",276704,277104,401,"*",5.98073026231162,1.20677158428427,0,1.42477974786081,43,274622,276912,2291,2,"Amillepora30969","Amillepora30969-RA",4.53026017177663,TRUE,0
"Amillepora30972",18.8007051049424,"Sc0000126:302001-302401","Promoter (<=1kb)",408,"Sc0000126",302001,302401,401,"*",32.8940164427139,2.41354316856855,9.92469673212081,18.5221367221905,43,302008,302809,802,2,"Amillepora30972","Amillepora30972-RA",45.6032360990269,TRUE,408
"Amillepora30978",0.354467711628795,"Sc0000126:452298-452698","Promoter (<=1kb)",470,"Sc0000126",452298,452698,401,"*",23.9229210492465,4.22370054499496,33.0823224404027,34.1947139486594,43,451828,454514,2687,1,"Amillepora30978","Amillepora30978-RA",92.6332850211399,TRUE,470
"Amillepora30991",3.31470115533272,"Sc0000126:558342-558742","Promoter (<=1kb)",488,"Sc0000126",558342,558742,401,"*",41.8651118361813,54.3047212927923,23.1576257082819,34.1947139486594,43,557854,562686,4833,1,"Amillepora30991","Amillepora30991-RA",137.967770477671,TRUE,488
"Amillepora31026",10.9205277573942,"Sc0000127:172049-172449","Promoter (<=1kb)",-247,"Sc0000127",172049,172449,401,"*",0,0,0,7.12389873930403,44,148612,171802,23191,2,"Amillepora31026","Amillepora31026-RA",8.67938022281693,TRUE,247
"Amillepora31040",55.2435243103488,"Sc0000127:289104-289504","Promoter (<=1kb)",0,"Sc0000127",289104,289504,401,"*",89.7109539346742,28.3591322306804,43.0070191725235,45.5929519315458,44,289344,292187,2844,1,"Amillepora31040","Amillepora31040-RA",160.861634988066,TRUE,0
"Amillepora31045",0.252170014325262,"Sc0000127:307361-307761","Promoter (<=1kb)",116,"Sc0000127",307361,307761,401,"*",23.9229210492465,3.01692896071068,14.8870450981812,6.41150886537363,44,307245,308366,1122,1,"Amillepora31045","Amillepora31045-RA",35.2711953567463,TRUE,116
"Amillepora31071",0.447277262654973,"Sc0000127:626896-627296","Promoter (<=1kb)",67,"Sc0000127",626896,627296,401,"*",26.9132861804023,46.4607059949445,79.3975738569665,37.044273444381,44,615929,627363,11435,2,"Amillepora31071","Amillepora31071-RA",198.088875990923,TRUE,67
"Amillepora31075",18.4049442944729,"Sc0000127:679513-679913","Promoter (2-3kb)",-2696,"Sc0000127",679513,679913,401,"*",0,3.62031475285282,0,9.26106836109524,44,682609,686631,4023,1,"Amillepora31075","Amillepora31075-RA",15.1076858235124,TRUE,2696
"Amillepora31076",3.0143629367613,"Sc0000127:698219-698619","Promoter (<=1kb)",-113,"Sc0000127",698219,698619,401,"*",2.99036513115581,10.8609442585585,1.65411612202013,2.84955949572161,44,698732,706390,7659,1,"Amillepora31076","Amillepora31076-RA",17.7266104335633,TRUE,113
"Amillepora31090",0.237073837853758,"xfSc0000062:185437-185837","Promoter (1-2kb)",1245,"xfSc0000062",185437,185837,401,"*",11.9614605246232,4.82708633713709,18.1952773422215,52.0044607969194,166,184192,186702,2511,1,"Amillepora31090","Amillepora31090-RA",93.735581187681,TRUE,1245
"Amillepora31106",0.85175177271344,"xfSc0000062:585871-586271","Promoter (<=1kb)",-77,"xfSc0000062",585871,586271,401,"*",5.98073026231162,1.81015737642641,0,0,166,586348,587284,937,1,"Amillepora31106","Amillepora31106-RA",3.43179938285498,TRUE,77
"Amillepora31117",0.539002746691208,"xfSc0000062:797805-798205","Promoter (2-3kb)",-2473,"xfSc0000062",797805,798205,401,"*",0,21.7218885171169,8.27058061010067,0,166,792179,795332,3154,2,"Amillepora31117","Amillepora31117-RA",33.0549838777042,TRUE,2473
"Amillepora31133",0.238409314860301,"Sc0000132:222307-222707","Promoter (<=1kb)",0,"Sc0000132",222307,222707,401,"*",0,4.82708633713709,1.65411612202013,2.13716962179121,45,217318,222327,5010,2,"Amillepora31133","Amillepora31133-RA",9.7247430468993,TRUE,0
"Amillepora31148",0.337412610365471,"Sc0000132:532394-532794","Promoter (2-3kb)",-2269,"Sc0000132",532394,532794,401,"*",5.98073026231162,0,0,7.83628861323444,45,535063,539733,4671,1,"Amillepora31148","Amillepora31148-RA",11.0668718610284,TRUE,2269
"Amillepora31167",0.101246941548478,"Sc0000132:757395-757795","Promoter (<=1kb)",486,"Sc0000132",757395,757795,401,"*",11.9614605246232,0.603385792142137,8.27058061010067,7.83628861323444,45,754313,758281,3969,2,"Amillepora31167","Amillepora31167-RA",23.3318754072017,TRUE,486
"Amillepora31168",0.224135868089445,"xfSc0000066:60852-61252","Promoter (<=1kb)",-445,"xfSc0000066",60852,61252,401,"*",11.9614605246232,21.7218885171169,1.65411612202013,14.9601873525385,167,61697,65879,4183,1,"Amillepora31168","Amillepora31168-RA",46.2343618377979,TRUE,445
"Amillepora31217",0.841635614681306,"Sc0000134:314933-315333","Promoter (2-3kb)",2061,"Sc0000134",314933,315333,401,"*",2.99036513115581,12.0677158428427,3.30823224404027,0.712389873930403,46,293519,317394,23876,2,"Amillepora31217","Amillepora31217-RA",18.4192338129219,TRUE,2061
"Amillepora31219",0.792837054836334,"Sc0000134:301097-301497","Promoter (1-2kb)",-1276,"Sc0000134",301097,301497,401,"*",0,10.8609442585585,13.2329289761611,8.54867848716484,46,302773,310670,7898,1,"Amillepora31219","Amillepora31219-RA",38.0615863482945,TRUE,1276
"Amillepora31247",0.68810684788158,"Sc0000136:103341-103741","Promoter (<=1kb)",643,"Sc0000136",103341,103741,401,"*",0,20.5151169328326,0,6.41150886537363,47,102698,107574,4877,1,"Amillepora31247","Amillepora31247-RA",29.4835608923541,TRUE,643
"Amillepora31304",8.14654652828283,"Sc0000137:216394-216794","Promoter (<=1kb)",-116,"Sc0000137",216394,216794,401,"*",113.633874983921,31.3760611913911,33.0823224404027,12.1106278568169,48,215451,216278,828,2,"Amillepora31304","Amillepora31304-RA",117.204197073232,TRUE,116
"Amillepora31308",0.266164517794134,"Sc0000137:237526-237926","Promoter (1-2kb)",1450,"Sc0000137",237526,237926,401,"*",0,21.1185027249748,0,5.69911899144323,48,236076,243970,7895,1,"Amillepora31308","Amillepora31308-RA",29.2530381257142,TRUE,1450
"Amillepora31310",0.418374262686352,"Sc0000137:261264-261664","Promoter (2-3kb)",-2242,"Sc0000137",261264,261664,401,"*",8.97109539346742,7.84401529784777,13.2329289761611,2.13716962179121,48,256020,259022,3003,2,"Amillepora31310","Amillepora31310-RA",29.3423982934452,TRUE,2242
"Amillepora31341",6.9237672650957,"Sc0000137:580267-580667","Promoter (1-2kb)",1556,"Sc0000137",580267,580667,401,"*",41.8651118361813,59.7351934220715,16.5411612202013,39.1814430661722,48,568712,582223,13512,2,"Amillepora31341","Amillepora31341-RA",141.693646194737,TRUE,1556
"Amillepora31343",0.26664977512667,"Sc0000137:600092-600492","Promoter (<=1kb)",117,"Sc0000137",600092,600492,401,"*",14.951825655779,23.5320458935433,46.3152514165638,80.5000557541356,48,599975,602539,2565,1,"Amillepora31343","Amillepora31343-RA",183.340069705454,TRUE,117
"Amillepora31345",0.584985669632823,"Sc0000137:628378-628778","Promoter (<=1kb)",0,"Sc0000137",628378,628778,401,"*",0,18.1015737642641,31.4282063183826,0,48,623744,628732,4989,2,"Amillepora31345","Amillepora31345-RA",57.532989432739,TRUE,0
"Amillepora31351",7.28354904976532,"Sc0000137:706984-707384","Promoter (2-3kb)",2018,"Sc0000137",706984,707384,401,"*",5.98073026231162,79.0435387706199,8.27058061010067,14.2477974786081,48,700731,709402,8672,2,"Amillepora31351","Amillepora31351-RA",112.487747225233,TRUE,2018
"Amillepora31386",0.299127707232778,"xpSc0000522:494023-494423","Promoter (<=1kb)",538,"xpSc0000522",494023,494423,401,"*",35.8843815738697,25.3422032699697,64.5105287587852,30.6327645790073,407,493266,494961,1696,2,"Amillepora31386","Amillepora31386-RA",152.052767852538,TRUE,538
"Amillepora31421",2.90518333988909,"Sc0000138:127227-127627","Promoter (<=1kb)",397,"Sc0000138",127227,127627,401,"*",5.98073026231162,0,1.65411612202013,0,49,121294,128024,6731,2,"Amillepora31421","Amillepora31421-RA",3.54116055085014,TRUE,397
"Amillepora31440",0.735869120497063,"Sc0000138:227294-227694","Promoter (1-2kb)",1358,"Sc0000138",227294,227694,401,"*",0,0,3.30823224404027,15.6725772264689,49,225167,229052,3886,2,"Amillepora31440","Amillepora31440-RA",23.137850360038,TRUE,1358
"Amillepora31450",0.433402432273294,"Sc0000138:378391-378791","Promoter (2-3kb)",2342,"Sc0000138",378391,378791,401,"*",5.98073026231162,2.41354316856855,18.1952773422215,9.97345823502565,49,376049,380958,4910,1,"Amillepora31450","Amillepora31450-RA",38.4580232345645,TRUE,2342
"Amillepora31475",9.8138045964886,"Sc0000138:532837-533237","Promoter (2-3kb)",2851,"Sc0000138",532837,533237,401,"*",5.98073026231162,0,4.9623483660604,0.712389873930403,49,526573,536088,9516,2,"Amillepora31475","Amillepora31475-RA",8.45231244297256,TRUE,2851
"Amillepora31514",377.05789600704,"Sc0000139:515259-515659","Promoter (<=1kb)",0,"Sc0000139",515259,515659,401,"*",95.6916841969858,7.84401529784777,1.65411612202013,7.83628861323444,50,506211,515339,9129,2,"Amillepora31514","Amillepora31514-RA",44.168181358238,TRUE,0
"Amillepora31569",1.05839834183098,"Sc0000141:541471-541871","Promoter (<=1kb)",-156,"Sc0000141",541471,541871,401,"*",0,0.603385792142137,14.8870450981812,0,51,542027,551040,9014,1,"Amillepora31569","Amillepora31569-RA",18.831877669925,TRUE,156
"Amillepora31654",1.76760384856025,"xpSc0000528:354507-354907","Promoter (<=1kb)",-91,"xpSc0000528",354507,354907,401,"*",161.479717082414,26.548974854254,34.7364385624228,44.168172183685,408,354998,356317,1320,1,"Amillepora31654","Amillepora31654-RA",165.340121893133,TRUE,91
"Amillepora31661",200.3881048959,"xpSc0000528:402644-403044","Promoter (<=1kb)",-646,"xpSc0000528",402644,403044,401,"*",98.6820493281416,21.7218885171169,41.3529030505034,52.7168506708498,408,403690,412463,8774,1,"Amillepora31661","Amillepora31661-RA",162.787170887798,TRUE,646
"Amillepora31676",0.817714007692652,"xpSc0000528:595133-595533","Promoter (2-3kb)",2278,"xpSc0000528",595133,595533,401,"*",8.97109539346742,29.5659038149647,3.30823224404027,9.26106836109524,408,592855,615386,22532,1,"Amillepora31676","Amillepora31676-RA",48.8390861098424,TRUE,2278
"Amillepora31699",0.0986472272317603,"Sc0000146:179157-179557","Promoter (<=1kb)",-40,"Sc0000146",179157,179557,401,"*",5.98073026231162,10.2575584664163,19.8493934642416,0,53,173901,179117,5217,2,"Amillepora31699","Amillepora31699-RA",36.6148961808836,TRUE,40
"Amillepora31704",2.18345196369582,"Sc0000146:324728-325128","Promoter (1-2kb)",-1491,"Sc0000146",324728,325128,401,"*",11.9614605246232,0.603385792142137,9.92469673212081,24.9336455875641,53,326619,347632,21014,1,"Amillepora31704","Amillepora31704-RA",46.1839948768827,TRUE,1491
"Amillepora31726",0.464335530164001,"Sc0000146:652766-653166","Promoter (2-3kb)",2698,"Sc0000146",652766,653166,401,"*",32.8940164427139,1.20677158428427,114.134012419389,111.132820333143,53,654509,655864,1356,2,"Amillepora31726","Amillepora31726-RA",284.521585384346,TRUE,2698
"Amillepora31823",0.832986109451377,"xfSc0000077:5918-6318","Promoter (<=1kb)",0,"xfSc0000077",5918,6318,401,"*",59.8073026231162,33.7896043599596,26.4658579523221,45.5929519315458,168,974,5984,5011,2,"Amillepora31823","Amillepora31823-RA",138.784534859989,TRUE,0
"Amillepora31847",5.68472601571626,"xfSc0000077:215118-215518","Promoter (<=1kb)",0,"xfSc0000077",215118,215518,401,"*",32.8940164427139,32.5828327756754,52.9317159046443,32.0575443268681,168,207648,215392,7745,2,"Amillepora31847","Amillepora31847-RA",146.526601612395,TRUE,0
"Amillepora31855",22.3720022524357,"xfSc0000077:277999-278399","Promoter (<=1kb)",-584,"xfSc0000077",277999,278399,401,"*",5.98073026231162,0.603385792142137,0,9.97345823502565,168,278983,290537,11555,1,"Amillepora31855","Amillepora31855-RA",14.3081011835152,TRUE,584
"Amillepora31858",2.46656073597393,"xfSc0000077:310779-311179","Promoter (<=1kb)",-116,"xfSc0000077",310779,311179,401,"*",0,0.603385792142137,9.92469673212081,4.27433924358242,168,311295,315164,3870,1,"Amillepora31858","Amillepora31858-RA",17.9746849988541,TRUE,116
"Amillepora31883",1.24629330402571,"xfSc0000077:520268-520668","Promoter (2-3kb)",2246,"xfSc0000077",520268,520668,401,"*",107.653144721609,27.1523606463961,19.8493934642416,47.730121553337,168,516905,522914,6010,2,"Amillepora31883","Amillepora31883-RA",138.446782302532,TRUE,2246
"Amillepora31935",9.99007005513829,"Sc0000149:449029-449429","Promoter (<=1kb)",-183,"Sc0000149",449029,449429,401,"*",2.99036513115581,3.62031475285282,3.30823224404027,12.8230177307473,55,449612,459818,10207,1,"Amillepora31935","Amillepora31935-RA",24.2503666127265,TRUE,183
"Amillepora31980",0.253099689795208,"Sc0000150:346667-347067","Promoter (<=1kb)",639,"Sc0000150",346667,347067,401,"*",17.9421907869348,31.3760611913911,9.92469673212081,37.7566633183114,56,346421,347706,1286,2,"Amillepora31980","Amillepora31980-RA",95.8346109316114,TRUE,639
"Amillepora31989",82.5846414235668,"Sc0000150:447478-447878","Promoter (<=1kb)",0,"Sc0000150",447478,447878,401,"*",11.9614605246232,6.03385792142137,0,8.54867848716484,56,415841,447685,31845,2,"Amillepora31989","Amillepora31989-RA",19.8285160556572,TRUE,0
"Amillepora32003",0.633103886385368,"Sc0000150:582807-583207","Promoter (2-3kb)",2920,"Sc0000150",582807,583207,401,"*",38.8747467050255,56.7182644613608,21.5035095862617,7.12389873930403,56,572381,586127,13747,2,"Amillepora32003","Amillepora32003-RA",104.754402910648,TRUE,2920
"Amillepora32017",0.153534588489322,"xfSc0000078:189318-189718","Promoter (1-2kb)",1935,"xfSc0000078",189318,189718,401,"*",5.98073026231162,0,0,0,169,187383,188783,1401,1,"Amillepora32017","Amillepora32017-RA",1.51955361592978,TRUE,1935
"Amillepora32028",0.18273621958895,"xfSc0000078:355115-355515","Promoter (<=1kb)",843,"xfSc0000078",355115,355515,401,"*",0,0,6.61646448808054,0,169,353994,356358,2365,2,"Amillepora32028","Amillepora32028-RA",8.08642773968145,TRUE,843
"Amillepora32055",1.86759394937743,"Sc0000151:201738-202138","Promoter (<=1kb)",812,"Sc0000151",201738,202138,401,"*",50.8362072296487,63.3555081749243,43.0070191725235,21.3716962179121,57,200926,204932,4007,1,"Amillepora32055","Amillepora32055-RA",158.444728554165,TRUE,812
"Amillepora32088",2.81464949089422,"xfSc0000080:232771-233171","Promoter (<=1kb)",0,"xfSc0000080",232771,233171,401,"*",41.8651118361813,36.2031475285282,41.3529030505034,32.0575443268681,170,232848,238021,5174,1,"Amillepora32088","Amillepora32088-RA",138.479175025698,TRUE,0
"Amillepora32101",14.0621669560545,"xfSc0000080:509777-510177","Promoter (1-2kb)",1011,"xfSc0000080",509777,510177,401,"*",8.97109539346742,0.603385792142137,1.65411612202013,4.98672911751282,170,506305,511188,4884,2,"Amillepora32101","Amillepora32101-RA",11.0139187704286,TRUE,1011
"Amillepora32108",3.85093026428836,"xfSc0000081:52378-52778","Promoter (2-3kb)",-2136,"xfSc0000081",52378,52778,401,"*",0,12.6711016349849,19.8493934642416,12.8230177307473,171,46939,50242,3304,2,"Amillepora32108","Amillepora32108-RA",53.2678879885913,TRUE,2136
"Amillepora32141",14.2752244004645,"xfSc0000081:441372-441772","Promoter (1-2kb)",-1864,"xfSc0000081",441372,441772,401,"*",0,8.44740108998991,16.5411612202013,24.2212557136337,171,421256,439508,18253,2,"Amillepora32141","Amillepora32141-RA",58.6497756857654,TRUE,1864
"Amillepora32200",221.364875563834,"xfSc0000084:497527-497927","Promoter (<=1kb)",0,"xfSc0000084",497527,497927,401,"*",86.7205888035184,23.5320458935433,34.7364385624228,47.0177316794066,172,494640,497830,3191,2,"Amillepora32200","Amillepora32200-RA",146.630377504929,TRUE,0
"Amillepora32214",2.60293065188751,"Sc0000152:56935-57335","Promoter (<=1kb)",0,"Sc0000152",56935,57335,401,"*",146.527891426635,5.43047212927923,44.6611352945436,39.1814430661722,58,54292,57105,2814,2,"Amillepora32214","Amillepora32214-RA",145.285779359398,TRUE,0
"Amillepora32220",0.368473372790412,"Sc0000152:87127-87527","Promoter (<=1kb)",865,"Sc0000152",87127,87527,401,"*",5.98073026231162,1.20677158428427,3.30823224404027,0,58,85198,88392,3195,2,"Amillepora32220","Amillepora32220-RA",6.83759799705397,TRUE,865
"Amillepora32255",2.59893941575957,"Sc0000152:482350-482750","Promoter (<=1kb)",0,"Sc0000152",482350,482750,401,"*",56.8169374919603,101.368813079879,41.3529030505034,40.606222814033,58,482718,484958,2241,1,"Amillepora32255","Amillepora32255-RA",221.53416294221,TRUE,0
"Amillepora32256",5.02784907270991,"Sc0000152:496027-496427","Promoter (1-2kb)",-1051,"Sc0000152",496027,496427,401,"*",2.99036513115581,0,8.27058061010067,6.41150886537363,58,493293,494976,1684,2,"Amillepora32256","Amillepora32256-RA",18.6792536831019,TRUE,1051
"Amillepora32267",72.4999756304512,"xpSc0000532:69206-69606","Promoter (<=1kb)",-897,"xpSc0000532",69206,69606,401,"*",158.489351951258,19.3083453485484,34.7364385624228,45.5929519315458,409,58645,68309,9665,2,"Amillepora32267","Amillepora32267-RA",158.667238062031,TRUE,897
"Amillepora32277",16.0835004796628,"xpSc0000532:143794-144194","Promoter (1-2kb)",-1533,"xpSc0000532",143794,144194,401,"*",0,4.22370054499496,0,2.13716962179121,409,135798,142261,6464,2,"Amillepora32277","Amillepora32277-RA",7.06572085633722,TRUE,1533
"Amillepora32292",0.292117791722733,"xpSc0000532:369590-369990","Promoter (<=1kb)",0,"xpSc0000532",369590,369990,401,"*",5.98073026231162,0,0,0,409,364806,369720,4915,2,"Amillepora32292","Amillepora32292-RA",1.51955361592978,TRUE,0
"Amillepora32332",0.345394623540085,"Sc0000155:360555-360955","Promoter (1-2kb)",-1814,"Sc0000155",360555,360955,401,"*",14.951825655779,3.01692896071068,33.0823224404027,25.6460354614945,59,362769,372117,9349,1,"Amillepora32332","Amillepora32332-RA",78.6638678185813,TRUE,1814
"Amillepora32344",2.89884652599802,"Sc0000155:440802-441202","Promoter (2-3kb)",-2610,"Sc0000155",440802,441202,401,"*",0,0,13.2329289761611,16.3849671003993,59,443812,448765,4954,1,"Amillepora32344","Amillepora32344-RA",36.1354299918419,TRUE,2610
"Amillepora32354",0.241200591959779,"Sc0000155:512895-513295","Promoter (2-3kb)",2588,"Sc0000155",512895,513295,401,"*",2.99036513115581,79.646924562762,9.92469673212081,37.044273444381,59,510307,512046,1740,1,"Amillepora32354","Amillepora32354-RA",142.161009320844,TRUE,2588
"Amillepora32430",0.213725837729251,"xfSc0000091:172622-173022","Promoter (1-2kb)",1604,"xfSc0000091",172622,173022,401,"*",0,7.24062950570564,49.623483660604,46.3053418054762,173,171018,193844,22827,1,"Amillepora32430","Amillepora32430-RA",124.713162563622,TRUE,1604
"Amillepora32452",0.214961154270796,"xfSc0000091:491120-491520","Promoter (1-2kb)",1551,"xfSc0000091",491120,491520,401,"*",11.9614605246232,1.81015737642641,6.61646448808054,47.0177316794066,173,489569,521541,31973,1,"Amillepora32452","Amillepora32452-RA",70.321690209058,TRUE,1551
"Amillepora32463",0.798744459426388,"Sc0000159:136684-137084","Promoter (<=1kb)",-703,"Sc0000159",136684,137084,401,"*",0,1.81015737642641,3.30823224404027,8.54867848716484,61,129889,135981,6093,2,"Amillepora32463","Amillepora32463-RA",16.3707159041463,TRUE,703
"Amillepora32473",0.462445514911802,"Sc0000159:299721-300121","Promoter (1-2kb)",1631,"Sc0000159",299721,300121,401,"*",8.97109539346742,4.22370054499496,4.9623483660604,5.69911899144323,61,298090,307199,9110,1,"Amillepora32473","Amillepora32473-RA",19.7495621964014,TRUE,1631
"Amillepora32519",0.651632997752419,"Sc0000160:245865-246265","Promoter (1-2kb)",1312,"Sc0000160",245865,246265,401,"*",5.98073026231162,65.7690513434929,69.4728771248457,39.1814430661722,62,242947,247577,4631,2,"Amillepora32519","Amillepora32519-RA",203.641898973027,TRUE,1312
"Amillepora32526",0.368332179785219,"Sc0000160:363014-363414","Promoter (<=1kb)",328,"Sc0000160",363014,363414,401,"*",2.99036513115581,0,8.27058061010067,1.42477974786081,62,321709,363742,42034,2,"Amillepora32526","Amillepora32526-RA",12.6036875271301,TRUE,328
"Amillepora32528",33.114269284966,"Sc0000160:343810-344210","Promoter (<=1kb)",0,"Sc0000160",343810,344210,401,"*",23.9229210492465,39.823462281381,23.1576257082819,31.3451544529377,62,344060,348951,4892,1,"Amillepora32528","Amillepora32528-RA",114.639391405353,TRUE,0
"Amillepora32532",0.821235038131179,"Sc0000160:385300-385700","Promoter (<=1kb)",-208,"Sc0000160",385300,385700,401,"*",23.9229210492465,9.65417267427418,16.5411612202013,12.1106278568169,62,385908,398310,12403,1,"Amillepora32532","Amillepora32532-RA",51.2478742819793,TRUE,208
"Amillepora32535",0.700238455069826,"Sc0000160:418263-418663","Promoter (2-3kb)",-2948,"Sc0000160",418263,418663,401,"*",0,0,9.92469673212081,0,62,421611,422207,597,1,"Amillepora32535","Amillepora32535-RA",12.1296416095222,TRUE,2948
"Amillepora32542",4.1023428666902,"Sc0000160:476042-476442","Promoter (1-2kb)",1853,"Sc0000160",476042,476442,401,"*",14.951825655779,85.0773966920412,31.4282063183826,54.1416304187106,62,476161,478295,2135,2,"Amillepora32542","Amillepora32542-RA",198.048256542204,TRUE,1853
"Amillepora32554",0.511454533319733,"xfSc0000094:98276-98676","Promoter (<=1kb)",-493,"xfSc0000094",98276,98676,401,"*",14.951825655779,0,0,1.42477974786081,174,99169,100419,1251,1,"Amillepora32554","Amillepora32554-RA",5.53476008438783,TRUE,493
"Amillepora32577",0.49719361847379,"xfSc0000094:330558-330958","Promoter (2-3kb)",-2296,"xfSc0000094",330558,330958,401,"*",0,0,3.30823224404027,5.69911899144323,174,322351,328262,5912,2,"Amillepora32577","Amillepora32577-RA",10.9867180480943,TRUE,2296
"Amillepora32640",5.80703777380898,"xfSc0000098:504986-505386","Promoter (<=1kb)",825,"xfSc0000098",504986,505386,401,"*",11.9614605246232,62.7521223827822,21.5035095862617,22.7964759657729,175,469061,506211,37151,2,"Amillepora32640","Amillepora32640-RA",123.385200685579,TRUE,825
"Amillepora32675",0.262769258790603,"Sc0000161:406717-407117","Promoter (<=1kb)",607,"Sc0000161",406717,407117,401,"*",11.9614605246232,62.7521223827822,66.1646448808054,33.482324074729,63,406291,407724,1434,2,"Amillepora32675","Amillepora32675-RA",190.987658262654,TRUE,607
"Amillepora32685",0.587087715677805,"Sc0000161:481039-481439","Promoter (<=1kb)",884,"Sc0000161",481039,481439,401,"*",0,0,8.27058061010067,2.84955949572161,63,480155,490142,9988,1,"Amillepora32685","Amillepora32685-RA",13.5797867637286,TRUE,884
"Amillepora32689",3.18629567956895,"Sc0000161:516695-517095","Promoter (1-2kb)",-1915,"Sc0000161",516695,517095,401,"*",14.951825655779,179.205580266215,51.2775997826242,46.3053418054762,63,502900,514780,11881,2,"Amillepora32689","Amillepora32689-RA",312.197001396261,TRUE,1915
"Amillepora32690",0.122490520676183,"Sc0000161:522757-523157","Promoter (<=1kb)",732,"Sc0000161",522757,523157,401,"*",32.8940164427139,53.097949708508,24.811741830302,65.5398684015971,63,522025,524894,2870,1,"Amillepora32690","Amillepora32690-RA",174.624489457808,TRUE,732
"Amillepora32718",0.226937459405876,"xpSc0000534:265676-266076","Promoter (<=1kb)",539,"xpSc0000534",265676,266076,401,"*",14.951825655779,47.0640917870866,76.0893416129262,24.9336455875641,410,263170,266615,3446,2,"Amillepora32718","Amillepora32718-RA",176.889023766076,TRUE,539
"Amillepora32752",13.4311347932754,"xpSc0000535:505278-505678","Promoter (<=1kb)",-188,"xpSc0000535",505278,505678,401,"*",95.6916841969858,23.5320458935433,33.0823224404027,39.1814430661722,411,494297,505090,10794,2,"Amillepora32752","Amillepora32752-RA",137.340782748804,TRUE,188
"Amillepora32777",0.233960829424295,"Sc0000165:466534-466934","Promoter (<=1kb)",-866,"Sc0000165",466534,466934,401,"*",0,0.603385792142137,0,10.685848108956,64,464292,465668,1377,2,"Amillepora32777","Amillepora32777-RA",13.6564855898671,TRUE,866
"Amillepora32855",0.173823650287396,"xpSc0000536:6651-7051","Promoter (2-3kb)",2184,"xpSc0000536",6651,7051,401,"*",11.9614605246232,22.325274309259,28.1199740743423,24.2212557136337,412,6560,9235,2676,2,"Amillepora32855","Amillepora32855-RA",90.5006823418274,TRUE,2184
"Amillepora32886",0.983916305626137,"xfSc0000102:35314-35714","Promoter (2-3kb)",2033,"xfSc0000102",35314,35714,401,"*",2.99036513115581,3.01692896071068,14.8870450981812,14.9601873525385,176,33281,40876,7596,1,"Amillepora32886","Amillepora32886-RA",40.3680139683724,TRUE,2033
"Amillepora32889",874.547804990827,"xfSc0000102:69349-69749","Promoter (<=1kb)",-39,"xfSc0000102",69349,69749,401,"*",41.8651118361813,59.1318076299294,23.1576257082819,22.0840860918425,176,69788,82019,12232,1,"Amillepora32889","Amillepora32889-RA",128.312146144016,TRUE,39
"Amillepora32909",0.790587392549429,"xfSc0000102:316090-316490","Promoter (1-2kb)",-1962,"xfSc0000102",316090,316490,401,"*",29.9036513115581,1.20677158428427,9.92469673212081,4.27433924358242,176,310770,314128,3359,2,"Amillepora32909","Amillepora32909-RA",26.2098683341447,TRUE,1962
"Amillepora32957",0.943525464953447,"xpSc0000538:19445-19845","Promoter (1-2kb)",1980,"xpSc0000538",19445,19845,401,"*",8.97109539346742,0.603385792142137,23.1576257082819,3.56194936965202,413,17465,30021,12557,1,"Amillepora32957","Amillepora32957-RA",35.55893287983,TRUE,1980
"Amillepora33079",232.461763902416,"xpSc0000539:464601-465001","Promoter (<=1kb)",-673,"xpSc0000539",464601,465001,401,"*",8.97109539346742,22.9286601014012,11.5788128541409,17.0973569743297,414,465674,478089,12416,1,"Amillepora33079","Amillepora33079-RA",61.4828712174837,TRUE,673
"Amillepora33107",3.90402311145651,"Sc0000171:354768-355168","Promoter (2-3kb)",2160,"Sc0000171",354768,355168,401,"*",26.9132861804023,7.84401529784777,39.6987869284832,39.8938329401026,67,352608,362431,9824,1,"Amillepora33107","Amillepora33107-RA",112.24748528089,TRUE,2160
"Amillepora33123",0.410253948918149,"xfSc0000105:179067-179467","Promoter (2-3kb)",2879,"xfSc0000105",179067,179467,401,"*",14.951825655779,24.1354316856855,44.6611352945436,21.3716962179121,178,181403,182346,944,2,"Amillepora33123","Amillepora33123-RA",109.917022176794,TRUE,2879
"Amillepora33125",0.212714756226402,"xfSc0000105:279285-279685","Promoter (1-2kb)",-1278,"xfSc0000105",279285,279685,401,"*",29.9036513115581,0.603385792142137,11.5788128541409,12.8230177307473,178,280963,283866,2904,1,"Amillepora33125","Amillepora33125-RA",38.0093162808037,TRUE,1278
"Amillepora33173",0.129098462261608,"xpSc0000542:170742-171142","Promoter (2-3kb)",-2051,"xpSc0000542",170742,171142,401,"*",5.98073026231162,19.3083453485484,4.9623483660604,0.712389873930403,415,173193,191398,18206,1,"Amillepora33173","Amillepora33173-RA",28.8496006235081,TRUE,2051
"Amillepora33174",0.515067695020871,"xpSc0000542:192676-193076","Promoter (<=1kb)",220,"xpSc0000542",192676,193076,401,"*",17.9421907869348,3.62031475285282,46.3152514165638,52.0044607969194,415,192456,196185,3730,1,"Amillepora33174","Amillepora33174-RA",128.347622185973,TRUE,220
"Amillepora33189",5.93842283839704,"xfSc0000107:80739-81139","Promoter (<=1kb)",-725,"xfSc0000107",80739,81139,401,"*",0,7.84401529784777,1.65411612202013,12.8230177307473,179,73336,80014,6679,2,"Amillepora33189","Amillepora33189-RA",25.9308896593334,TRUE,725
"Amillepora33195",4.27796086475916,"xfSc0000107:163043-163443","Promoter (<=1kb)",-401,"xfSc0000107",163043,163443,401,"*",0,11.4643300507006,0,2.13716962179121,179,159903,162642,2740,2,"Amillepora33195","Amillepora33195-RA",14.714703924038,TRUE,401
"Amillepora33203",1.62219619903076,"xfSc0000107:306148-306548","Promoter (<=1kb)",661,"xfSc0000107",306148,306548,401,"*",59.8073026231162,54.9081070849344,13.2329289761611,51.292070922989,179,303577,307209,3633,2,"Amillepora33203","Amillepora33203-RA",151.86471750634,TRUE,661
"Amillepora33274",0.219600463529948,"xpSc0000546:169743-170143","Promoter (1-2kb)",-1365,"xpSc0000546",169743,170143,401,"*",23.9229210492465,15.0846448035534,29.7740901963624,4.98672911751282,416,171508,181262,9755,1,"Amillepora33274","Amillepora33274-RA",64.4780868393008,TRUE,1365
"Amillepora33276",0.32864296261784,"xpSc0000546:209219-209619","Promoter (<=1kb)",983,"xpSc0000546",209219,209619,401,"*",0,0,4.9623483660604,25.6460354614945,416,208236,213076,4841,1,"Amillepora33276","Amillepora33276-RA",37.310589606902,TRUE,983
"Amillepora33314",7.87583058649041,"Sc0000174:213698-214098","Promoter (2-3kb)",2415,"Sc0000174",213698,214098,401,"*",5.98073026231162,1.81015737642641,13.2329289761611,9.26106836109524,69,212506,216513,4008,2,"Amillepora33314","Amillepora33314-RA",30.8878491518799,TRUE,2415
"Amillepora33322",7.48905320260149,"Sc0000174:288664-289064","Promoter (<=1kb)",0,"Sc0000174",288664,289064,401,"*",0,0,1.65411612202013,9.26106836109524,69,288776,293122,4347,1,"Amillepora33322","Amillepora33322-RA",13.3048012245824,TRUE,0
"Amillepora33370",55.2760511024548,"xpSc0000548:28318-28718","Promoter (1-2kb)",1432,"xpSc0000548",28318,28718,401,"*",2.99036513115581,4.82708633713709,1.65411612202013,3.56194936965202,417,26886,31161,4276,1,"Amillepora33370","Amillepora33370-RA",12.2203958994276,TRUE,1432
"Amillepora33374",1.16001594104271,"xpSc0000548:104017-104417","Promoter (1-2kb)",1574,"xpSc0000548",104017,104417,401,"*",8.97109539346742,10.8609442585585,11.5788128541409,13.5354076046777,417,104103,105991,1889,2,"Amillepora33374","Amillepora33374-RA",44.3948759932406,TRUE,1574
"Amillepora33396",4.92727998104868,"xpSc0000548:365328-365728","Promoter (1-2kb)",1717,"xpSc0000548",365328,365728,401,"*",0,0,0,4.27433924358242,417,351342,367445,16104,2,"Amillepora33396","Amillepora33396-RA",5.20762813369016,TRUE,1717
"Amillepora33406",0.652946175199058,"xfSc0000114:39246-39646","Promoter (<=1kb)",0,"xfSc0000114",39246,39646,401,"*",0,0,9.92469673212081,2.84955949572161,182,39632,49341,9710,1,"Amillepora33406","Amillepora33406-RA",15.601393698649,TRUE,0
"Amillepora33449",0.315029207944835,"Sc0000176:67104-67504","Promoter (2-3kb)",-2002,"Sc0000176",67104,67504,401,"*",20.9325559180907,26.548974854254,8.27058061010067,6.41150886537363,71,61428,65102,3675,2,"Amillepora33449","Amillepora33449-RA",51.2841857791276,TRUE,2002
"Amillepora33483",0.45043706185926,"xfSc0000115:148424-148824","Promoter (<=1kb)",199,"xfSc0000115",148424,148824,401,"*",5.98073026231162,4.82708633713709,8.27058061010067,0,183,148225,152238,4014,1,"Amillepora33483","Amillepora33483-RA",16.7269103356655,TRUE,199
"Amillepora33489",3.1020414926231,"xfSc0000115:193296-193696","Promoter (<=1kb)",-491,"xfSc0000115",193296,193696,401,"*",8.97109539346742,0.603385792142137,0,0,183,194187,197156,2970,1,"Amillepora33489","Amillepora33489-RA",2.9167456795364,TRUE,491
"Amillepora33495",5.29692001493119,"xfSc0000115:242127-242527","Promoter (1-2kb)",-1466,"xfSc0000115",242127,242527,401,"*",5.98073026231162,3.62031475285282,0,22.0840860918425,183,243993,246571,2579,1,"Amillepora33495","Amillepora33495-RA",32.2501238405127,TRUE,1466
"Amillepora33511",19.8826122867494,"xpSc0000549:106407-106807","Promoter (<=1kb)",0,"xpSc0000549",106407,106807,401,"*",83.7302236723626,16.8948021799798,21.5035095862617,42.0310025618938,418,101177,106654,5478,2,"Amillepora33511","Amillepora33511-RA",116.61061124957,TRUE,0
"Amillepora33539",0.264956697770461,"xpSc0000550:72-472","Promoter (1-2kb)",-1514,"xpSc0000550",72,472,401,"*",14.951825655779,0.603385792142137,1.65411612202013,21.3716962179121,419,1986,2587,602,1,"Amillepora33539","Amillepora33539-RA",32.4960468988373,TRUE,1514
"Amillepora33551",1.40504713009999,"xpSc0000550:103648-104048","Promoter (2-3kb)",-2885,"xpSc0000550",103648,104048,401,"*",11.9614605246232,0.603385792142137,19.8493934642416,17.0973569743297,419,106933,112421,5489,1,"Amillepora33551","Amillepora33551-RA",48.7663182413063,TRUE,2885
"Amillepora33555",0.538137779027713,"xpSc0000550:159343-159743","Promoter (<=1kb)",-256,"xpSc0000550",159343,159743,401,"*",17.9421907869348,3.62031475285282,16.5411612202013,14.9601873525385,419,155536,159087,3552,2,"Amillepora33555","Amillepora33555-RA",46.8259201987589,TRUE,256
"Amillepora33597",1.86010902272797,"xfSc0000116:366407-366807","Promoter (<=1kb)",-718,"xfSc0000116",366407,366807,401,"*",74.7591282788952,27.7557464385383,21.5035095862617,49.1549013011978,184,364796,365689,894,2,"Amillepora33597","Amillepora33597-RA",134.484135650043,TRUE,718
"Amillepora33614",0.343856602263964,"xpSc0000551:287978-288378","Promoter (<=1kb)",-631,"xpSc0000551",287978,288378,401,"*",0,7.84401529784777,1.65411612202013,3.56194936965202,420,289009,292886,3878,1,"Amillepora33614","Amillepora33614-RA",14.6476953696714,TRUE,631
"Amillepora33628",8.46159081631558,"xpSc0000552:117052-117452","Promoter (<=1kb)",0,"xpSc0000552",117052,117452,401,"*",14.951825655779,162.310778086235,61.202296514745,57.7035797883627,421,109117,117270,8154,2,"Amillepora33628","Amillepora33628-RA",320.366024204322,TRUE,0
"Amillepora33680",0.264113054568743,"xfSc0000118:177991-178391","Promoter (1-2kb)",-1233,"xfSc0000118",177991,178391,401,"*",65.7880328854278,3.01692896071068,21.5035095862617,27.7832050832857,185,179624,181153,1530,1,"Amillepora33680","Amillepora33680-RA",80.0326390763869,TRUE,1233
"Amillepora33703",16.6637840710332,"Sc0000180:15559-15959","Promoter (<=1kb)",0,"Sc0000180",15559,15959,401,"*",50.8362072296487,36.2031475285282,52.9317159046443,39.1814430661722,73,15918,45267,29350,1,"Amillepora33703","Amillepora33703-RA",163.589134216852,TRUE,0
"Amillepora33730",3.46291093984521,"Sc0000180:321250-321650","Promoter (2-3kb)",2001,"Sc0000180",321250,321650,401,"*",0,0,13.2329289761611,2.84955949572161,73,308207,323651,15445,2,"Amillepora33730","Amillepora33730-RA",19.6446075684897,TRUE,2001
"Amillepora33752",1.86763794105585,"xfSc0000120:142598-142998","Promoter (1-2kb)",-1192,"xfSc0000120",142598,142998,401,"*",2.99036513115581,42.8403912420917,24.811741830302,25.6460354614945,186,137891,141406,3516,2,"Amillepora33752","Amillepora33752-RA",107.586132784474,TRUE,1192
"Amillepora33754",199.948910946439,"xfSc0000120:154104-154504","Promoter (<=1kb)",-172,"xfSc0000120",154104,154504,401,"*",68.7783980165836,12.6711016349849,23.1576257082819,40.606222814033,186,154676,172012,17337,1,"Amillepora33754","Amillepora33754-RA",108.635551310611,TRUE,172
"Amillepora33773",3.39899244177027,"xfSc0000120:297770-298170","Promoter (<=1kb)",268,"xfSc0000120",297770,298170,401,"*",0,12.0677158428427,6.61646448808054,2.84955949572161,186,297502,299907,2406,1,"Amillepora33773","Amillepora33773-RA",24.3064849416429,TRUE,268
"Amillepora33815",0.42390117212681,"Sc0000184:114179-114579","Promoter (1-2kb)",1081,"Sc0000184",114179,114579,401,"*",0,1.20677158428427,0,4.98672911751282,76,113098,119193,6096,1,"Amillepora33815","Amillepora33815-RA",7.35039666725531,TRUE,1081
"Amillepora33822",1.2759447394437,"Sc0000184:239835-240235","Promoter (2-3kb)",-2520,"Sc0000184",239835,240235,401,"*",0,3.62031475285282,6.61646448808054,5.69911899144323,76,232621,237315,4695,2,"Amillepora33822","Amillepora33822-RA",18.8544234517854,TRUE,2520
"Amillepora33825",0.37483038610349,"Sc0000184:278157-278557","Promoter (<=1kb)",482,"Sc0000184",278157,278557,401,"*",8.97109539346742,45.2539344106602,34.7364385624228,9.26106836109524,76,277675,278025,351,1,"Amillepora33825","Amillepora33825-RA",103.822414520014,TRUE,482
"Amillepora33864",0.45836900236608,"Sc0000186:52963-53363","Promoter (<=1kb)",527,"Sc0000186",52963,53363,401,"*",8.97109539346742,5.43047212927923,8.27058061010067,9.26106836109524,78,51032,53890,2859,2,"Amillepora33864","Amillepora33864-RA",29.4072966889341,TRUE,527
"Amillepora33880",80.0494751832961,"Sc0000188:60577-60977","Promoter (<=1kb)",0,"Sc0000188",60577,60977,401,"*",119.614605246232,33.1862185678175,34.7364385624228,58.4159696622931,79,32104,60664,28561,2,"Amillepora33880","Amillepora33880-RA",179.073574839317,TRUE,0
"Amillepora33881",9.84321011441808,"Sc0000188:63487-63887","Promoter (2-3kb)",2691,"Sc0000188",63487,63887,401,"*",2.99036513115581,3.01692896071068,9.92469673212081,7.83628861323444,79,60796,72395,11600,1,"Amillepora33881","Amillepora33881-RA",25.6238129407944,TRUE,2691
"Amillepora33927",0.689703325686065,"xfSc0000124:136136-136536","Promoter (<=1kb)",631,"xfSc0000124",136136,136536,401,"*",2.99036513115581,9.65417267427418,0,0.712389873930403,188,135505,232470,96966,1,"Amillepora33927","Amillepora33927-RA",11.8263589205143,TRUE,631
"Amillepora33938",0.7735569388562,"xfSc0000124:313154-313554","Promoter (1-2kb)",1088,"xfSc0000124",313154,313554,401,"*",17.9421907869348,42.2370054499496,4.9623483660604,22.0840860918425,188,273303,314642,41340,2,"Amillepora33938","Amillepora33938-RA",82.1486282382043,TRUE,1088
"Amillepora33995",0.811469989276611,"xpSc0000553:67243-67643","Promoter (1-2kb)",1938,"xpSc0000553",67243,67643,401,"*",14.951825655779,12.0677158428427,4.9623483660604,26.3584253354249,422,64242,69581,5340,2,"Amillepora33995","Amillepora33995-RA",54.7257167818428,TRUE,1938
"Amillepora34041",0.156152808505142,"xpSc0000555:2910-3310","Promoter (<=1kb)",0,"xpSc0000555",2910,3310,401,"*",2.99036513115581,0,3.30823224404027,4.27433924358242,424,3089,9023,5935,1,"Amillepora34041","Amillepora34041-RA",10.0106188114958,TRUE,0
"Amillepora34049",0.911513935648029,"xpSc0000555:126516-126916","Promoter (2-3kb)",-2268,"xpSc0000555",126516,126916,401,"*",17.9421907869348,3.62031475285282,33.0823224404027,30.6327645790073,424,122993,124248,1256,2,"Amillepora34049","Amillepora34049-RA",86.1366260381598,TRUE,2268
"Amillepora34061",48.6530287436721,"xpSc0000555:225543-225943","Promoter (<=1kb)",0,"xpSc0000555",225543,225943,401,"*",101.672414459297,20.5151169328326,18.1952773422215,45.5929519315458,424,214908,225715,10808,2,"Amillepora34061","Amillepora34061-RA",125.290239872777,TRUE,0
"Amillepora34097",0.108324727582733,"xfSc0000129:182795-183195","Promoter (1-2kb)",1407,"xfSc0000129",182795,183195,401,"*",2.99036513115581,12.0677158428427,0,9.97345823502565,190,180961,184602,3642,2,"Amillepora34097","Amillepora34097-RA",25.6592142327432,TRUE,1407
"Amillepora34109",0.211245678678982,"Sc0000193:118986-119386","Promoter (2-3kb)",2805,"Sc0000193",118986,119386,401,"*",2.99036513115581,98.3518841191682,6.61646448808054,0,82,117350,122191,4842,2,"Amillepora34109","Amillepora34109-RA",112.744891217249,TRUE,2805
"Amillepora34110",7.30954692478888,"Sc0000193:126931-127331","Promoter (<=1kb)",-402,"Sc0000193",126931,127331,401,"*",80.7398585412068,7.24062950570564,18.1952773422215,42.7433924358242,82,127733,139239,11507,1,"Amillepora34110","Amillepora34110-RA",102.476914503778,TRUE,402
"Amillepora34127",147.679104027822,"xfSc0000130:99785-100185","Promoter (<=1kb)",0,"xfSc0000130",99785,100185,401,"*",68.7783980165836,39.823462281381,28.1199740743423,45.5929519315458,191,92213,100174,7962,2,"Amillepora34127","Amillepora34127-RA",149.459624775221,TRUE,0
"Amillepora34190",0.339122710311973,"Sc0000196:209858-210258","Promoter (<=1kb)",-41,"Sc0000196",209858,210258,401,"*",8.97109539346742,25.9455890621119,3.30823224404027,0,84,210299,260200,49902,1,"Amillepora34190","Amillepora34190-RA",33.73140028633,TRUE,41
"Amillepora34260",1.45820083411304,"Sc0000197:208613-209013","Promoter (<=1kb)",279,"Sc0000197",208613,209013,401,"*",8.97109539346742,0,8.27058061010067,3.56194936965202,85,208334,210847,2514,1,"Amillepora34260","Amillepora34260-RA",16.7270552099049,TRUE,279
"Amillepora34261",0.817817633555983,"Sc0000197:216439-216839","Promoter (<=1kb)",538,"Sc0000197",216439,216839,401,"*",14.951825655779,1.81015737642641,1.65411612202013,7.83628861323444,85,215901,216460,560,1,"Amillepora34261","Amillepora34261-RA",17.2800549867686,TRUE,538
"Amillepora34300",0.869547048061666,"xfSc0000134:133899-134299","Promoter (<=1kb)",-553,"xfSc0000134",133899,134299,401,"*",2.99036513115581,8.44740108998991,6.61646448808054,5.69911899144323,195,126073,133346,7274,2,"Amillepora34300","Amillepora34300-RA",24.7135223048842,TRUE,553
"Amillepora34349",0.281318167776012,"xpSc0000559:209329-209729","Promoter (2-3kb)",2566,"xpSc0000559",209329,209729,401,"*",11.9614605246232,1.81015737642641,0,0,425,206763,208319,1557,1,"Amillepora34349","Amillepora34349-RA",4.95135299878475,TRUE,2566
"Amillepora34357",0.136538918690178,"Sc0000200:28647-29047","Promoter (1-2kb)",-1098,"Sc0000200",28647,29047,401,"*",5.98073026231162,3.01692896071068,9.92469673212081,2.13716962179121,87,30145,34488,4344,1,"Amillepora34357","Amillepora34357-RA",19.4400855705057,TRUE,1098
"Amillepora34368",0.500044410532466,"Sc0000200:234324-234724","Promoter (1-2kb)",-1608,"Sc0000200",234324,234724,401,"*",8.97109539346742,7.24062950570564,4.9623483660604,4.98672911751282,87,226863,232716,5854,2,"Amillepora34368","Amillepora34368-RA",22.0687004523284,TRUE,1608
"Amillepora34375",7.17451211240563,"Sc0000201:79190-79590","Promoter (<=1kb)",754,"Sc0000201",79190,79590,401,"*",35.8843815738697,0,1.65411612202013,16.3849671003993,88,77831,80344,2514,2,"Amillepora34375","Amillepora34375-RA",31.101503142978,TRUE,754
"Amillepora34430",0.335891912520276,"xfSc0000137:288541-288941","Promoter (<=1kb)",-943,"xfSc0000137",288541,288941,401,"*",8.97109539346742,88.0943256527519,13.2329289761611,12.8230177307473,197,283614,287598,3985,2,"Amillepora34430","Amillepora34430-RA",127.137697628021,TRUE,943
"Amillepora34478",0.780344368599598,"Sc0000205:10193-10593","Promoter (<=1kb)",626,"Sc0000205",10193,10593,401,"*",29.9036513115581,35.5997617363861,39.6987869284832,9.26106836109524,91,9567,23249,13683,1,"Amillepora34478","Amillepora34478-RA",105.007028890262,TRUE,626
"Amillepora34521",0.162245150628616,"Sc0000207:347-747","Promoter (<=1kb)",-90,"Sc0000207",347,747,401,"*",0,8.44740108998991,4.9623483660604,25.6460354614945,92,837,3668,2832,1,"Amillepora34521","Amillepora34521-RA",46.2344031858863,TRUE,90
"Amillepora34564",1.05553699142429,"xpSc0000563:2505-2905","Promoter (<=1kb)",-12,"xpSc0000563",2505,2905,401,"*",0,17.498187972122,8.27058061010067,13.5354076046777,427,2917,53525,50609,1,"Amillepora34564","Amillepora34564-RA",45.0838995115643,TRUE,12
"Amillepora34570",1.52735400795346,"xpSc0000563:105263-105663","Promoter (<=1kb)",378,"xpSc0000563",105263,105663,401,"*",0,0.603385792142137,13.2329289761611,0,427,104885,106075,1191,1,"Amillepora34570","Amillepora34570-RA",16.8102707350047,TRUE,378
"Amillepora34571",1.14755632453302,"xpSc0000563:173054-173454","Promoter (1-2kb)",-1704,"xpSc0000563",173054,173454,401,"*",2.99036513115581,5.43047212927923,0,1.42477974786081,427,175158,197968,22811,1,"Amillepora34571","Amillepora34571-RA",8.23239015330388,TRUE,1704
"Amillepora34578",2.1079878265514,"xpSc0000563:243422-243822","Promoter (<=1kb)",868,"xpSc0000563",243422,243822,401,"*",0,0.603385792142137,9.92469673212081,0.712389873930403,427,242554,249036,6483,1,"Amillepora34578","Amillepora34578-RA",13.6349948874456,TRUE,868
"Amillepora34581",0.227509679487364,"Sc0000209:87637-88037","Promoter (2-3kb)",-2796,"Sc0000209",87637,88037,401,"*",2.99036513115581,1.81015737642641,0,6.41150886537363,93,82642,84841,2200,2,"Amillepora34581","Amillepora34581-RA",10.4834647754253,TRUE,2796
"Amillepora34588",0.266134182132235,"Sc0000209:207567-207967","Promoter (<=1kb)",0,"Sc0000209",207567,207967,401,"*",0,76.0266098099092,0,2.13716962179121,93,205097,207790,2694,2,"Amillepora34588","Amillepora34588-RA",82.9181362777035,TRUE,0
"Amillepora34626",0.843779889584288,"xfSc0000145:37282-37682","Promoter (<=1kb)",528,"xfSc0000145",37282,37682,401,"*",20.9325559180907,66.372437135635,74.435225490906,38.4690531922418,202,36754,40132,3379,1,"Amillepora34626","Amillepora34626-RA",213.275081050973,TRUE,528
"Amillepora34643",0.234515188511097,"xfSc0000145:197228-197628","Promoter (1-2kb)",1593,"xfSc0000145",197228,197628,401,"*",0,1.81015737642641,8.27058061010067,7.83628861323444,202,195635,199542,3908,1,"Amillepora34643","Amillepora34643-RA",21.5675986866256,TRUE,1593
"Amillepora34669",2.23858314832899,"Sc0000211:46868-47268","Promoter (2-3kb)",2986,"Sc0000211",46868,47268,401,"*",2.99036513115581,7.84401529784777,14.8870450981812,21.3716962179121,94,44120,50254,6135,2,"Amillepora34669","Amillepora34669-RA",53.2787782140415,TRUE,2986
"Amillepora34692",7.56962192407523,"xfSc0000146:75885-76285","Promoter (<=1kb)",-619,"xfSc0000146",75885,76285,401,"*",8.97109539346742,27.7557464385383,23.1576257082819,14.9601873525385,203,76904,77592,689,1,"Amillepora34692","Amillepora34692-RA",78.1296277402151,TRUE,619
"Amillepora34696",0.490041891260282,"xfSc0000146:226322-226722","Promoter (<=1kb)",-262,"xfSc0000146",226322,226722,401,"*",5.98073026231162,4.82708633713709,9.92469673212081,8.54867848716484,203,226984,228153,1170,1,"Amillepora34696","Amillepora34696-RA",29.1637735379662,TRUE,262
"Amillepora34719",1.01403650393754,"xfSc0000147:186681-187081","Promoter (<=1kb)",-352,"xfSc0000147",186681,187081,401,"*",2.99036513115581,13.274487427127,1.65411612202013,4.98672911751282,204,187433,194356,6924,1,"Amillepora34719","Amillepora34719-RA",22.8800855229752,TRUE,352
"Amillepora34727",1.11644205686053,"xpSc0000565:23674-24074","Promoter (2-3kb)",2432,"xpSc0000565",23674,24074,401,"*",0,11.4643300507006,0,3.56194936965202,429,25458,26506,1049,2,"Amillepora34727","Amillepora34727-RA",16.4505799686014,TRUE,2432
"Amillepora34764",1.43151024057212,"xpSc0000565:180746-181146","Promoter (1-2kb)",1747,"xpSc0000565",180746,181146,401,"*",8.97109539346742,0,4.9623483660604,9.97345823502565,429,178999,179648,650,1,"Amillepora34764","Amillepora34764-RA",20.4952835405995,TRUE,1747
"Amillepora34789",3169.045421921,"Sc0000212:240599-240999","Promoter (<=1kb)",-117,"Sc0000212",240599,240999,401,"*",77.749493410051,19.3083453485484,6.61646448808054,58.4159696622931,95,234416,240482,6067,2,"Amillepora34789","Amillepora34789-RA",119.408830754403,TRUE,117
"Amillepora34837",0.116146518639602,"xpSc0000566:5757-6157","Promoter (1-2kb)",1619,"xpSc0000566",5757,6157,401,"*",11.9614605246232,11.4643300507006,36.390554684443,14.9601873525385,430,4138,10236,6099,1,"Amillepora34837","Amillepora34837-RA",77.8520481252161,TRUE,1619
"Amillepora34838",0.151284816716113,"xpSc0000566:38482-38882","Promoter (2-3kb)",2009,"xpSc0000566",38482,38882,401,"*",0,18.1015737642641,9.92469673212081,9.97345823502565,430,5479,40891,35413,2,"Amillepora34838","Amillepora34838-RA",43.4032315907179,TRUE,2009
"Amillepora34856",2.38950725912783,"Sc0000214:23710-24110","Promoter (<=1kb)",331,"Sc0000214",23710,24110,401,"*",26.9132861804023,0.603385792142137,66.1646448808054,20.6593063439817,97,23035,24441,1407,2,"Amillepora34856","Amillepora34856-RA",113.509886570309,TRUE,331
"Amillepora34880",13.1490492188816,"xpSc0000567:113123-113523","Promoter (2-3kb)",-2546,"xpSc0000567",113123,113523,401,"*",0,0,3.30823224404027,14.9601873525385,431,101601,110577,8977,2,"Amillepora34880","Amillepora34880-RA",22.2699123377563,TRUE,2546
"Amillepora34887",1.00686335834871,"xpSc0000567:177162-177562","Promoter (<=1kb)",0,"xpSc0000567",177162,177562,401,"*",17.9421907869348,0,8.27058061010067,12.8230177307473,431,175969,177267,1299,2,"Amillepora34887","Amillepora34887-RA",30.2895799234617,TRUE,0
"Amillepora34904",0.544414505377081,"xfSc0000151:185985-186385","Promoter (<=1kb)",144,"xfSc0000151",185985,186385,401,"*",2.99036513115581,3.01692896071068,6.61646448808054,3.56194936965202,208,185841,186731,891,1,"Amillepora34904","Amillepora34904-RA",16.3729709372635,TRUE,144
"Amillepora34918",1.54005864434725,"xfSc0000152:183970-184370","Promoter (1-2kb)",-1768,"xfSc0000152",183970,184370,401,"*",0,7.84401529784777,0,16.3849671003993,209,186138,191913,5776,1,"Amillepora34918","Amillepora34918-RA",28.2489728358215,TRUE,1768
"Amillepora34937",0.183838228222011,"xfSc0000154:102570-102970","Promoter (1-2kb)",-1576,"xfSc0000154",102570,102970,401,"*",0,4.82708633713709,1.65411612202013,4.27433924358242,211,91133,100994,9862,2,"Amillepora34937","Amillepora34937-RA",12.3285571137444,TRUE,1576
"Amillepora34983",0.306575319800723,"Sc0000215:145937-146337","Promoter (<=1kb)",-160,"Sc0000215",145937,146337,401,"*",2.99036513115581,0.603385792142137,1.65411612202013,8.54867848716484,98,146497,147672,1176,1,"Amillepora34983","Amillepora34983-RA",13.8340552659073,TRUE,160
"Amillepora35029",0.460073368437179,"Sc0000217:24538-24938","Promoter (<=1kb)",-829,"Sc0000217",24538,24938,401,"*",32.8940164427139,10.8609442585585,18.1952773422215,10.685848108956,100,19096,23709,4614,2,"Amillepora35029","Amillepora35029-RA",55.0877661075144,TRUE,829
"Amillepora35233",48.8461266751845,"Sc0000223:10106-10506","Promoter (1-2kb)",-1444,"Sc0000223",10106,10506,401,"*",23.9229210492465,1.81015737642641,4.9623483660604,0,104,11950,13919,1970,1,"Amillepora35233","Amillepora35233-RA",14.0552810354054,TRUE,1444
"Amillepora35242",0.454947038798632,"Sc0000223:121756-122156","Promoter (<=1kb)",174,"Sc0000223",121756,122156,401,"*",8.97109539346742,15.0846448035534,4.9623483660604,7.83628861323444,104,121683,122330,648,2,"Amillepora35242","Amillepora35242-RA",33.8268508647977,TRUE,174
"Amillepora35249",0.341905149106054,"Sc0000223:200615-201015","Promoter (<=1kb)",-768,"Sc0000223",200615,201015,401,"*",11.9614605246232,0,0,9.97345823502565,104,195903,199847,3945,2,"Amillepora35249","Amillepora35249-RA",15.1902395438033,TRUE,768
"Amillepora35265",5.28316718620249,"xfSc0000155:151276-151676","Promoter (<=1kb)",572,"xfSc0000155",151276,151676,401,"*",2.99036513115581,0,8.27058061010067,20.6593063439817,212,109120,152248,43129,2,"Amillepora35265","Amillepora35265-RA",36.0380141287358,TRUE,572
"Amillepora35272",0.284980006825431,"xfSc0000156:990-1390","Promoter (<=1kb)",941,"xfSc0000156",990,1390,401,"*",0,7.84401529784777,6.61646448808054,7.12389873930403,213,2,2331,2330,2,"Amillepora35272","Amillepora35272-RA",25.0522062858409,TRUE,941
"Amillepora35345",1.08232999905514,"xpSc0000571:77039-77439","Promoter (1-2kb)",1284,"xpSc0000571",77039,77439,401,"*",20.9325559180907,34.3929901521018,46.3152514165638,35.6194936965202,435,75755,78059,2305,1,"Amillepora35345","Amillepora35345-RA",141.653002519188,TRUE,1284
"Amillepora35354",4.96188155092239,"xpSc0000571:148200-148600","Promoter (<=1kb)",234,"xpSc0000571",148200,148600,401,"*",8.97109539346742,13.8778732192691,4.9623483660604,18.5221367221905,435,136955,148834,11880,2,"Amillepora35354","Amillepora35354-RA",45.5710906877396,TRUE,234
"Amillepora35358",0.85686802406204,"xpSc0000571:207216-207616","Promoter (<=1kb)",233,"xpSc0000571",207216,207616,401,"*",2.99036513115581,3.01692896071068,0,5.69911899144323,435,206983,209622,2640,1,"Amillepora35358","Amillepora35358-RA",10.8903572644271,TRUE,233
"Amillepora35442",54.5558051482124,"xfSc0000163:156603-157003","Promoter (<=1kb)",-69,"xfSc0000163",156603,157003,401,"*",71.7687631477394,10.8609442585585,24.811741830302,39.1814430661722,218,136762,156534,19773,2,"Amillepora35442","Amillepora35442-RA",107.768813242007,TRUE,69
"Amillepora35444",0.269018406479427,"xfSc0000164:83-483","Promoter (1-2kb)",1774,"xfSc0000164",83,483,401,"*",8.97109539346742,3.62031475285282,0,7.83628861323444,219,399,2257,1859,2,"Amillepora35444","Amillepora35444-RA",15.6511402028437,TRUE,1774
"Amillepora35445",2.58370276837998,"xfSc0000164:4067-4467","Promoter (<=1kb)",89,"xfSc0000164",4067,4467,401,"*",5.98073026231162,1.81015737642641,0,13.5354076046777,219,3246,4556,1311,2,"Amillepora35445","Amillepora35445-RA",19.9226218062072,TRUE,89
"Amillepora35515",0.597945946308562,"Sc0000226:150998-151398","Promoter (<=1kb)",52,"Sc0000226",150998,151398,401,"*",2.99036513115581,9.05078688213205,9.92469673212081,17.8097468482601,106,148324,151450,3127,2,"Amillepora35515","Amillepora35515-RA",44.1490978091554,TRUE,52
"Amillepora35554",0.288434258572286,"xpSc0000574:166180-166580","Promoter (<=1kb)",-693,"xpSc0000574",166180,166580,401,"*",5.98073026231162,2.41354316856855,16.5411612202013,22.7964759657729,438,164337,165487,1151,2,"Amillepora35554","Amillepora35554-RA",52.0593007007145,TRUE,693
"Amillepora35566",2.42272307680905,"xfSc0000167:49010-49410","Promoter (<=1kb)",507,"xfSc0000167",49010,49410,401,"*",8.97109539346742,59.1318076299294,24.811741830302,51.292070922989,221,48503,56369,7867,1,"Amillepora35566","Amillepora35566-RA",157.561667104872,TRUE,507
"Amillepora35673",0.581091337184596,"xfSc0000173:11822-12222","Promoter (2-3kb)",2898,"xfSc0000173",11822,12222,401,"*",0,3.01692896071068,4.9623483660604,1.42477974786081,226,8924,19955,11032,1,"Amillepora35673","Amillepora35673-RA",10.9877731275331,TRUE,2898
"Amillepora35684",1.64241349301101,"xfSc0000174:62831-63231","Promoter (<=1kb)",-206,"xfSc0000174",62831,63231,401,"*",8.97109539346742,1.81015737642641,0,0.712389873930403,227,63437,113965,50529,1,"Amillepora35684","Amillepora35684-RA",5.05951421310156,TRUE,206
"Amillepora35749",19.1878472166363,"xfSc0000180:27400-27800","Promoter (1-2kb)",1633,"xfSc0000180",27400,27800,401,"*",35.8843815738697,29.5659038149647,47.9693675385839,32.7699342007986,230,25767,29648,3882,1,"Amillepora35749","Amillepora35749-RA",138.902419359672,TRUE,1633
"Amillepora35765",0.281844183912384,"Sc0000228:63381-63781","Promoter (<=1kb)",0,"Sc0000228",63381,63781,401,"*",2.99036513115581,1.81015737642641,6.61646448808054,2.13716962179121,108,62854,63630,777,2,"Amillepora35765","Amillepora35765-RA",13.3622643814166,TRUE,0
"Amillepora35794",0.311614234773466,"xpSc0000580:25836-26236","Promoter (2-3kb)",-2462,"xpSc0000580",25836,26236,401,"*",32.8940164427139,2.41354316856855,14.8870450981812,22.0840860918425,444,28698,33204,4507,1,"Amillepora35794","Amillepora35794-RA",56.0077470151965,TRUE,2462
"Amillepora35856",0.787006767841731,"Sc0000230:142942-143342","Promoter (1-2kb)",-1575,"Sc0000230",142942,143342,401,"*",53.8265723608045,7.24062950570564,86.014038345047,34.1947139486594,110,144917,150843,5927,1,"Amillepora35856","Amillepora35856-RA",168.109551296449,TRUE,1575
"Amillepora35857",0.76463523106689,"Sc0000230:164160-164560","Promoter (2-3kb)",-2665,"Sc0000230",164160,164560,401,"*",56.8169374919603,10.2575584664163,94.2846189551477,73.3761570148315,110,167225,174589,7365,1,"Amillepora35857","Amillepora35857-RA",229.901030282717,TRUE,2665
"Amillepora35887",0.190251005782767,"Sc0000233:74996-75396","Promoter (1-2kb)",-1953,"Sc0000233",74996,75396,401,"*",5.98073026231162,0,3.30823224404027,4.27433924358242,113,57121,73043,15923,2,"Amillepora35887","Amillepora35887-RA",10.7703956194607,TRUE,1953
"Amillepora35897",34.9098683175095,"xfSc0000183:25641-26041","Promoter (1-2kb)",-1649,"xfSc0000183",25641,26041,401,"*",11.9614605246232,7.24062950570564,9.92469673212081,37.7566633183114,233,18711,23992,5282,2,"Amillepora35897","Amillepora35897-RA",68.8184470900123,TRUE,1649
"Amillepora35920",0.216762424041359,"xfSc0000184:105275-105675","Promoter (<=1kb)",785,"xfSc0000184",105275,105675,401,"*",14.951825655779,1.81015737642641,21.5035095862617,14.2477974786081,234,93596,106460,12865,2,"Amillepora35920","Amillepora35920-RA",49.3507804063482,TRUE,785
"Amillepora35952",0.220972814138266,"xpSc0000582:165318-165718","Promoter (<=1kb)",0,"xpSc0000582",165318,165718,401,"*",0,0,34.7364385624228,13.5354076046777,445,153663,165538,11876,2,"Amillepora35952","Amillepora35952-RA",58.9445680566798,TRUE,0
"Amillepora35997",1.50555613529409,"xfSc0000187:52829-53229","Promoter (2-3kb)",-2445,"xfSc0000187",52829,53229,401,"*",0,1.20677158428427,0,14.2477974786081,237,47616,50384,2769,2,"Amillepora35997","Amillepora35997-RA",18.6335909569174,TRUE,2445
"Amillepora36058",13.1606512041732,"xfSc0000189:102073-102473","Promoter (<=1kb)",-458,"xfSc0000189",102073,102473,401,"*",5.98073026231162,9.05078688213205,11.5788128541409,13.5354076046777,239,69779,101615,31837,2,"Amillepora36058","Amillepora36058-RA",41.7228534183505,TRUE,458
"Amillepora36134",0.367798923299173,"xpSc0000586:91727-92127","Promoter (<=1kb)",224,"xpSc0000586",91727,92127,401,"*",0,8.44740108998991,3.30823224404027,4.98672911751282,449,91503,102337,10835,1,"Amillepora36134","Amillepora36134-RA",19.0425936047968,TRUE,224
"Amillepora36147",2.8967670122355,"xpSc0000587:148997-149397","Promoter (<=1kb)",0,"xpSc0000587",148997,149397,401,"*",2.99036513115581,8.44740108998991,4.9623483660604,17.0973569743297,450,92157,149038,56882,2,"Amillepora36147","Amillepora36147-RA",36.5789237264709,TRUE,0
"Amillepora36183",0.87535474442814,"xfSc0000195:140456-140856","Promoter (2-3kb)",-2065,"xfSc0000195",140456,140856,401,"*",8.97109539346742,18.1015737642641,0,0,244,142921,151034,8114,1,"Amillepora36183","Amillepora36183-RA",21.4017880931467,TRUE,2065
"Amillepora36193",0.176581664366634,"xpSc0000588:4951-5351","Promoter (<=1kb)",134,"xpSc0000588",4951,5351,401,"*",0,16.2914163878377,0,0,451,3386,5485,2100,2,"Amillepora36193","Amillepora36193-RA",17.2102119023268,TRUE,134
"Amillepora36194",0.198269670951607,"xpSc0000588:7672-8072","Promoter (<=1kb)",724,"xpSc0000588",7672,8072,401,"*",5.98073026231162,28.9625180228226,3.30823224404027,7.83628861323444,451,6175,8796,2622,2,"Amillepora36194","Amillepora36194-RA",45.7060180016724,TRUE,724
"Amillepora36256",0.863269101352212,"xpSc0000590:122892-123292","Promoter (<=1kb)",44,"xpSc0000590",122892,123292,401,"*",5.98073026231162,8.44740108998991,0,5.69911899144323,453,121093,123336,2244,2,"Amillepora36256","Amillepora36256-RA",17.3868713731676,TRUE,44
"Amillepora36271",0.375917184987111,"xpSc0000591:134676-135076","Promoter (1-2kb)",-1595,"xpSc0000591",134676,135076,401,"*",2.99036513115581,18.1015737642641,8.27058061010067,7.83628861323444,454,124074,133081,9008,2,"Amillepora36271","Amillepora36271-RA",39.5375873969173,TRUE,1595
"Amillepora36281",12.0085859693031,"Sc0000241:72205-72605","Promoter (<=1kb)",0,"Sc0000241",72205,72605,401,"*",20.9325559180907,28.3591322306804,11.5788128541409,49.8672911751282,121,72247,73378,1132,1,"Amillepora36281","Amillepora36281-RA",110.183864775077,TRUE,0
"Amillepora36283",7.1551290478335,"Sc0000241:116300-116700","Promoter (<=1kb)",711,"Sc0000241",116300,116700,401,"*",2.99036513115581,0.603385792142137,1.65411612202013,14.9601873525385,121,73857,117411,43555,2,"Amillepora36283","Amillepora36283-RA",21.6454974664426,TRUE,711
"Amillepora36324",0.5162109135349,"xfSc0000199:37019-37419","Promoter (<=1kb)",176,"xfSc0000199",37019,37419,401,"*",2.99036513115581,21.1185027249748,0,2.13716962179121,247,34065,37595,3531,2,"Amillepora36324","Amillepora36324-RA",25.6731248222707,TRUE,176
"Amillepora36406",0.904381112783246,"xfSc0000204:93980-94380","Promoter (<=1kb)",0,"xfSc0000204",93980,94380,401,"*",0,22.9286601014012,0,0,252,94020,100940,6921,1,"Amillepora36406","Amillepora36406-RA",24.2217797143859,TRUE,0
"Amillepora36446",0.819998232741738,"xfSc0000207:102578-102978","Promoter (<=1kb)",883,"xfSc0000207",102578,102978,401,"*",0,7.24062950570564,6.61646448808054,4.98672911751282,255,84243,103861,19619,2,"Amillepora36446","Amillepora36446-RA",21.8109769633541,TRUE,883
"Amillepora36535",25.7520149800153,"xfSc0000211:73316-73716","Promoter (2-3kb)",-2384,"xfSc0000211",73316,73716,401,"*",0,0,1.65411612202013,17.0973569743297,259,60018,70932,10915,2,"Amillepora36535","Amillepora36535-RA",22.852119469681,TRUE,2384
"Amillepora36538",1.79463268923056,"xfSc0000211:104834-105234","Promoter (<=1kb)",-838,"xfSc0000211",104834,105234,401,"*",2.99036513115581,22.325274309259,21.5035095862617,3.56194936965202,259,96713,103996,7284,2,"Amillepora36538","Amillepora36538-RA",54.9647215320821,TRUE,838
"Amillepora36561",2.44073550853947,"xfSc0000213:120911-121311","Promoter (1-2kb)",1606,"xfSc0000213",120911,121311,401,"*",14.951825655779,0,39.6987869284832,10.685848108956,261,111595,122917,11323,2,"Amillepora36561","Amillepora36561-RA",65.3365208121384,TRUE,1606
"Amillepora36584",12.6100891275765,"xpSc0000598:27663-28063","Promoter (1-2kb)",1734,"xpSc0000598",27663,28063,401,"*",5.98073026231162,1.81015737642641,6.61646448808054,2.13716962179121,461,23533,29797,6265,2,"Amillepora36584","Amillepora36584-RA",14.1220411893815,TRUE,1734
"Amillepora36588",2.93278498538897,"xpSc0000598:72200-72600","Promoter (<=1kb)",717,"xpSc0000598",72200,72600,401,"*",0,3.62031475285282,1.65411612202013,8.54867848716484,461,70304,73317,3014,2,"Amillepora36588","Amillepora36588-RA",16.2613547361511,TRUE,717
"Amillepora36626",0.353690372659819,"xpSc0000601:28765-29165","Promoter (2-3kb)",-2237,"xpSc0000601",28765,29165,401,"*",0,0,3.30823224404027,16.3849671003993,464,31402,32322,921,1,"Amillepora36626","Amillepora36626-RA",24.0057883823197,TRUE,2237
"Amillepora36677",0.512605466704283,"xfSc0000214:51495-51895","Promoter (<=1kb)",-923,"xfSc0000214",51495,51895,401,"*",0,31.9794469835332,4.9623483660604,2.13716962179121,262,52818,58834,6017,1,"Amillepora36677","Amillepora36677-RA",42.451643420618,TRUE,923
"Amillepora36765",0.193338723012797,"Sc0000255:43111-43511","Promoter (<=1kb)",-191,"Sc0000255",43111,43511,401,"*",5.98073026231162,11.4643300507006,0,2.13716962179121,134,43702,49758,6057,1,"Amillepora36765","Amillepora36765-RA",16.2342575399678,TRUE,191
"Amillepora36787",0.668405376138091,"xpSc0000604:74261-74661","Promoter (<=1kb)",0,"xpSc0000604",74261,74661,401,"*",11.9614605246232,1.20677158428427,0,0.712389873930403,466,69697,74541,4845,2,"Amillepora36787","Amillepora36787-RA",5.18187576542471,TRUE,0
"Amillepora36798",1.72700139694779,"xpSc0000605:57904-58304","Promoter (<=1kb)",-212,"xpSc0000605",57904,58304,401,"*",20.9325559180907,7.84401529784777,8.27058061010067,23.5088658397033,467,54772,57692,2921,2,"Amillepora36798","Amillepora36798-RA",52.3548253889944,TRUE,212
"Amillepora36800",51.0682402336557,"xpSc0000605:95122-95522","Promoter (<=1kb)",-970,"xpSc0000605",95122,95522,401,"*",2.99036513115581,4.22370054499496,1.65411612202013,7.83628861323444,467,91657,94152,2496,2,"Amillepora36800","Amillepora36800-RA",16.790608777476,TRUE,970
"Amillepora36802",0.626424363292261,"xpSc0000605:105401-105801","Promoter (<=1kb)",-416,"xpSc0000605",105401,105801,401,"*",0,4.22370054499496,0,4.27433924358242,467,102271,104985,2715,2,"Amillepora36802","Amillepora36802-RA",9.6695349231823,TRUE,416
"Amillepora36829",4.90856946644685,"xfSc0000222:86922-87322","Promoter (1-2kb)",-1012,"xfSc0000222",86922,87322,401,"*",5.98073026231162,4.22370054499496,0,2.84955949572161,270,74931,85910,10980,2,"Amillepora36829","Amillepora36829-RA",9.45321249454869,TRUE,1012
"Amillepora36831",0.0902683265183533,"xpSc0000611:15771-16171","Promoter (<=1kb)",-949,"xpSc0000611",15771,16171,401,"*",23.9229210492465,19.9117311406905,36.390554684443,20.6593063439817,472,8719,14822,6104,2,"Amillepora36831","Amillepora36831-RA",96.7584731143135,TRUE,949
"Amillepora36853",0.617111332795048,"xfSc0000224:15479-15879","Promoter (<=1kb)",453,"xfSc0000224",15479,15879,401,"*",17.9421907869348,0,0,0,272,911,16332,15422,2,"Amillepora36853","Amillepora36853-RA",4.55866084778932,TRUE,453
"Amillepora36857",0.173579180344329,"xfSc0000224:88425-88825","Promoter (1-2kb)",1806,"xfSc0000224",88425,88825,401,"*",14.951825655779,0,4.9623483660604,2.84955949572161,272,60269,90631,30363,2,"Amillepora36857","Amillepora36857-RA",13.3354569337123,TRUE,1806
"Amillepora36890",2.40469312924054,"Sc0000257:11476-11876","Promoter (2-3kb)",2930,"Sc0000257",11476,11876,401,"*",0,9.65417267427418,0,0,136,12598,14806,2209,2,"Amillepora36890","Amillepora36890-RA",10.1986440902677,TRUE,2930
"Amillepora36901",0.324125560205376,"xpSc0000616:66481-66881","Promoter (<=1kb)",-85,"xpSc0000616",66481,66881,401,"*",41.8651118361813,267.903291711109,28.1199740743423,85.4867848716484,477,16783,66396,49614,2,"Amillepora36901","Amillepora36901-RA",432.169129383888,TRUE,85
"Amillepora36934",0.134078159717004,"xpSc0000618:650-1050","Promoter (<=1kb)",30,"xpSc0000618",650,1050,401,"*",864.215522904028,69.3893660963457,0,322.712612890473,479,620,3959,3340,1,"Amillepora36934","Amillepora36934-RA",686.05417599426,TRUE,30
"Amillepora36935",0.540461356087548,"xpSc0000618:9039-9439","Promoter (<=1kb)",328,"xpSc0000618",9039,9439,401,"*",795.437124887445,5.43047212927923,0,213.716962179121,479,8696,9767,1072,2,"Amillepora36935","Amillepora36935-RA",468.218774903944,TRUE,328
"Amillepora36939",0.393162719941461,"Sc0000258:41197-41597","Promoter (<=1kb)",0,"Sc0000258",41197,41597,401,"*",47.8458420984929,50.0810207477973,34.7364385624228,36.3318835704506,137,15474,41562,26089,2,"Amillepora36939","Amillepora36939-RA",151.780479915396,TRUE,0
"Amillepora36943",1.90815384749648,"Sc0000258:50661-51061","Promoter (1-2kb)",-1464,"Sc0000258",50661,51061,401,"*",11.9614605246232,5.43047212927923,9.92469673212081,12.1106278568169,137,52525,64187,11663,1,"Amillepora36943","Amillepora36943-RA",35.6604325209462,TRUE,1464
"Amillepora36944",5.84018745716443,"Sc0000258:69451-69851","Promoter (1-2kb)",1543,"Sc0000258",69451,69851,401,"*",5.98073026231162,103.782356248447,0,40.606222814033,137,65716,71394,5679,2,"Amillepora36944","Amillepora36944-RA",160.627444856364,TRUE,1543
"Amillepora36949",0.503660543283911,"xfSc0000226:23063-23463","Promoter (<=1kb)",594,"xfSc0000226",23063,23463,401,"*",23.9229210492465,34.3929901521018,28.1199740743423,8.54867848716484,274,22469,23910,1442,1,"Amillepora36949","Amillepora36949-RA",87.1934581963245,TRUE,594
"Amillepora36970",3.00141269057403,"xfSc0000227:42515-42915","Promoter (1-2kb)",1717,"xfSc0000227",42515,42915,401,"*",11.9614605246232,8.44740108998991,36.390554684443,19.2345265961209,275,42650,44632,1983,2,"Amillepora36970","Amillepora36970-RA",79.8725999806976,TRUE,1717
"Amillepora36982",0.774512927255126,"xfSc0000229:36681-37081","Promoter (1-2kb)",1615,"xfSc0000229",36681,37081,401,"*",11.9614605246232,0.603385792142137,0,24.9336455875641,277,34402,38696,4295,2,"Amillepora36982","Amillepora36982-RA",34.0543532673605,TRUE,1615
"Amillepora36990",0.933387781092293,"xfSc0000230:7926-8326","Promoter (2-3kb)",2962,"xfSc0000230",7926,8326,401,"*",5.98073026231162,4.22370054499496,9.92469673212081,14.2477974786081,278,4056,11288,7233,2,"Amillepora36990","Amillepora36990-RA",35.469862460578,TRUE,2962
"Amillepora36994",0.96767727992287,"xfSc0000230:61254-61654","Promoter (1-2kb)",1760,"xfSc0000230",61254,61654,401,"*",11.9614605246232,0,3.30823224404027,5.69911899144323,278,59401,63414,4014,2,"Amillepora36994","Amillepora36994-RA",14.0258252799538,TRUE,1760
"Amillepora37007",1.08764546123781,"Sc0000260:92748-93148","Promoter (1-2kb)",-1032,"Sc0000260",92748,93148,401,"*",2.99036513115581,2.41354316856855,3.30823224404027,7.83628861323444,139,94180,98207,4028,1,"Amillepora37007","Amillepora37007-RA",16.8999699454712,TRUE,1032
"Amillepora37016",0.125621678965746,"xfSc0000232:1190-1590","Promoter (2-3kb)",-2611,"xfSc0000232",1190,1590,401,"*",113.633874983921,146.622747490539,71.1269932468658,24.2212557136337,280,4201,23498,19298,1,"Amillepora37016","Amillepora37016-RA",300.20241678276,TRUE,2611
"Amillepora37017",3.8520303036269,"xfSc0000232:26579-26979","Promoter (<=1kb)",-217,"xfSc0000232",26579,26979,401,"*",95.6916841969858,18.7049595564062,16.5411612202013,5.69911899144323,280,27196,67023,39828,1,"Amillepora37017","Amillepora37017-RA",71.2323043072273,TRUE,217
"Amillepora37018",0.570446238982072,"xfSc0000232:69118-69518","Promoter (2-3kb)",-2162,"xfSc0000232",69118,69518,401,"*",77.749493410051,33.1862185678175,34.7364385624228,10.685848108956,280,71680,92250,20571,1,"Amillepora37018","Amillepora37018-RA",110.284852034935,TRUE,2162
"Amillepora37041",0.448452923210669,"xpSc0000624:8942-9342","Promoter (<=1kb)",8,"xpSc0000624",8942,9342,401,"*",11.9614605246232,1.20677158428427,1.65411612202013,0.712389873930403,483,8934,9392,459,1,"Amillepora37041","Amillepora37041-RA",7.20348270034506,TRUE,8
"Amillepora37045",0.21897958726026,"xpSc0000624:39821-40221","Promoter (1-2kb)",1710,"xpSc0000624",39821,40221,401,"*",2.99036513115581,4.22370054499496,1.65411612202013,1.42477974786081,483,38111,56372,18262,1,"Amillepora37045","Amillepora37045-RA",8.97916657694078,TRUE,1710
"Amillepora37100",0.15059376718902,"xfSc0000240:67081-67481","Promoter (<=1kb)",90,"xfSc0000240",67081,67481,401,"*",14.951825655779,44.047162826376,8.27058061010067,32.0575443268681,287,66991,69725,2735,1,"Amillepora37100","Amillepora37100-RA",99.495443378949,TRUE,90
"Amillepora37107",0.4863954578608,"xpSc0000627:36440-36840","Promoter (1-2kb)",-1521,"xpSc0000627",36440,36840,401,"*",5.98073026231162,13.8778732192691,19.8493934642416,12.1106278568169,485,38361,41145,2785,1,"Amillepora37107","Amillepora37107-RA",55.1943340935228,TRUE,1521
"Amillepora37121",2.14966948502342,"xfSc0000241:44973-45373","Promoter (<=1kb)",-223,"xfSc0000241",44973,45373,401,"*",29.9036513115581,19.3083453485484,23.1576257082819,10.685848108956,288,45596,46504,909,1,"Amillepora37121","Amillepora37121-RA",69.3166236832948,TRUE,223
"Amillepora37124",1.170590034318,"xfSc0000241:57640-58040","Promoter (<=1kb)",-765,"xfSc0000241",57640,58040,401,"*",308.007608509048,14.4812590114113,6.61646448808054,0.712389873930403,288,55637,56875,1239,2,"Amillepora37124","Amillepora37124-RA",102.509343117748,TRUE,765
"Amillepora37135",2.22324151162489,"xpSc0000628:28296-28696","Promoter (2-3kb)",2464,"xpSc0000628",28296,28696,401,"*",11.9614605246232,103.782356248447,1.65411612202013,1.42477974786081,486,25452,31160,5709,2,"Amillepora37135","Amillepora37135-RA",116.432014181721,TRUE,2464
"Amillepora37138",0.392096354228811,"xfSc0000243:11031-11431","Promoter (<=1kb)",-882,"xfSc0000243",11031,11431,401,"*",29.9036513115581,0.603385792142137,62.8564126367651,11.3982379828865,290,6846,10149,3304,2,"Amillepora37138","Amillepora37138-RA",98.9432552187716,TRUE,882
"Amillepora37139",2.22484641673028,"xfSc0000243:30188-30588","Promoter (<=1kb)",0,"xfSc0000243",30188,30588,401,"*",343.891990082918,13.274487427127,23.1576257082819,6.41150886537363,290,21112,30269,9158,2,"Amillepora37139","Amillepora37139-RA",137.511407829501,TRUE,0
"Amillepora37175",2.71342118101402,"xfSc0000245:70105-70505","Promoter (1-2kb)",1801,"xfSc0000245",70105,70505,401,"*",2.99036513115581,21.1185027249748,14.8870450981812,12.8230177307473,292,67579,72306,4728,2,"Amillepora37175","Amillepora37175-RA",56.8866575707794,TRUE,1801
"Amillepora37178",0.217567039754552,"xpSc0000630:14798-15198","Promoter (1-2kb)",-1404,"xpSc0000630",14798,15198,401,"*",0,50.0810207477973,8.27058061010067,10.685848108956,488,16602,39737,23136,1,"Amillepora37178","Amillepora37178-RA",76.032571227091,TRUE,1404
"Amillepora37227",14.2976831253025,"xfSc0000250:67947-68347","Promoter (2-3kb)",2871,"xfSc0000250",67947,68347,401,"*",2.99036513115581,28.3591322306804,8.27058061010067,17.0973569743297,297,20675,71218,50544,2,"Amillepora37227","Amillepora37227-RA",61.6568410324888,TRUE,2871
"Amillepora37264",0.837651241229588,"xpSc0000637:44704-45104","Promoter (2-3kb)",2215,"xpSc0000637",44704,45104,401,"*",0,53.7013355006502,13.2329289761611,26.3584253354249,495,42489,43820,1332,1,"Amillepora37264","Amillepora37264-RA",105.0165200559,TRUE,2215
"Amillepora37306",0.338302098141808,"xpSc0000643:843-1243","Promoter (<=1kb)",39,"xpSc0000643",843,1243,401,"*",5.98073026231162,2.41354316856855,1.65411612202013,0,499,804,6945,6142,1,"Amillepora37306","Amillepora37306-RA",6.09082157341708,TRUE,39
"Amillepora37320",1.18672142863284,"xfSc0000261:53957-54357","Promoter (1-2kb)",-1624,"xfSc0000261",53957,54357,401,"*",8.97109539346742,29.5659038149647,0,51.292070922989,304,55981,64952,8972,1,"Amillepora37320","Amillepora37320-RA",96.0042155546215,TRUE,1624
"Amillepora37322",1.01451914056474,"xpSc0000645:32981-33381","Promoter (<=1kb)",42,"xpSc0000645",32981,33381,401,"*",23.9229210492465,25.9455890621119,9.92469673212081,17.0973569743297,501,31789,33423,1635,2,"Amillepora37322","Amillepora37322-RA",66.4472246005965,TRUE,42
"Amillepora37334",0.322995971901258,"xfSc0000263:51750-52150","Promoter (<=1kb)",-15,"xfSc0000263",51750,52150,401,"*",11.9614605246232,14.4812590114113,21.5035095862617,14.2477974786081,305,52165,53457,1293,1,"Amillepora37334","Amillepora37334-RA",61.9767239668597,TRUE,15
"Amillepora37341",0.275247162905779,"xpSc0000650:1240-1640","Promoter (1-2kb)",-1960,"xpSc0000650",1240,1640,401,"*",23.9229210492465,0,18.1952773422215,22.7964759657729,505,3600,5045,1446,1,"Amillepora37341","Amillepora37341-RA",56.0899074608573,TRUE,1960
"Amillepora37363",0.335705468418192,"xfSc0000264:49728-50128","Promoter (<=1kb)",0,"xfSc0000264",49728,50128,401,"*",14.951825655779,0,6.61646448808054,7.83628861323444,306,50109,52295,2187,1,"Amillepora37363","Amillepora37363-RA",21.4326300246045,TRUE,0
"Amillepora37380",0.688638259414791,"Sc0000269:44349-44749","Promoter (<=1kb)",30,"Sc0000269",44349,44749,401,"*",29.9036513115581,143.605818529828,109.171664053329,50.5796810490586,148,44319,45176,858,1,"Amillepora37380","Amillepora37380-RA",354.352256209125,TRUE,30
"Amillepora37381",0.325660812306551,"Sc0000269:45251-45651","Promoter (<=1kb)",0,"Sc0000269",45251,45651,401,"*",44.8554769673371,163.517549670519,104.209315687268,71.2389873930403,148,45292,49082,3791,1,"Amillepora37381","Amillepora37381-RA",398.291225526535,TRUE,0
"Amillepora37391",0.143869728666716,"Sc0000270:60365-60765","Promoter (<=1kb)",371,"Sc0000270",60365,60765,401,"*",23.9229210492465,7.24062950570564,11.5788128541409,50.5796810490586,149,59994,60268,275,1,"Amillepora37391","Amillepora37391-RA",89.5020456578626,TRUE,371
"Amillepora37398",0.256272096558478,"Sc0000271:52885-53285","Promoter (1-2kb)",1970,"Sc0000271",52885,53285,401,"*",59.8073026231162,215.408727794743,29.7740901963624,71.9513772669707,150,52367,55255,2889,2,"Amillepora37398","Amillepora37398-RA",366.803447502414,TRUE,1970
"Amillepora37442",0.795890011145725,"xpSc0000660:27444-27844","Promoter (<=1kb)",-572,"xpSc0000660",27444,27844,401,"*",41.8651118361813,3.01692896071068,6.61646448808054,4.98672911751282,513,1445,26872,25428,2,"Amillepora37442","Amillepora37442-RA",27.9859454853704,TRUE,572
"Amillepora37539",10.0864044364631,"xfSc0000281:41127-41527","Promoter (2-3kb)",2131,"xfSc0000281",41127,41527,401,"*",32.8940164427139,40.4268480735231,16.5411612202013,34.9071038225898,319,40870,43658,2789,2,"Amillepora37539","Amillepora37539-RA",113.809399456616,TRUE,2131
"Amillepora37652",0.773845821894456,"Sc0000273:32042-32442","Promoter (<=1kb)",696,"Sc0000273",32042,32442,401,"*",5.98073026231162,154.466762788387,44.6611352945436,22.0840860918425,152,30909,33138,2230,2,"Amillepora37652","Amillepora37652-RA",246.187324993796,TRUE,696
"Amillepora37657",385.891590415038,"xpSc0000676:41212-41612","Promoter (<=1kb)",-69,"xpSc0000676",41212,41612,401,"*",62.797667754272,0.603385792142137,19.8493934642416,7.12389873930403,528,6095,41143,35049,2,"Amillepora37657","Amillepora37657-RA",49.5313916647657,TRUE,69
"Amillepora37692",2.09936590954527,"Sc0000275:35222-35622","Promoter (<=1kb)",0,"Sc0000275",35222,35622,401,"*",5.98073026231162,0,0,0.712389873930403,154,33615,35469,1855,2,"Amillepora37692","Amillepora37692-RA",2.38749163821147,TRUE,0
"Amillepora37749",5.97687288048806,"xpSc0000687:35652-36052","Promoter (<=1kb)",30,"xpSc0000687",35652,36052,401,"*",11.9614605246232,16.2914163878377,4.9623483660604,9.26106836109524,538,14906,36082,21177,2,"Amillepora37749","Amillepora37749-RA",37.5973342286095,TRUE,30
"Amillepora37804",7.68984760787368,"xpSc0000701:7077-7477","Promoter (1-2kb)",1211,"xpSc0000701",7077,7477,401,"*",14.951825655779,68.7859803042036,13.2329289761611,12.1106278568169,549,5866,8951,3086,1,"Amillepora37804","Amillepora37804-RA",107.392025041134,TRUE,1211
"Amillepora37853",0.149539746191443,"xfSc0000330:8359-8759","Promoter (1-2kb)",1196,"xfSc0000330",8359,8759,401,"*",8.97109539346742,7.84401529784777,26.4658579523221,17.8097468482601,348,7163,7234,72,1,"Amillepora37853","Amillepora37853-RA",64.6098902630053,TRUE,1196
"Amillepora37923",0.154891931156928,"xpSc0000714:27840-28240","Promoter (<=1kb)",287,"xpSc0000714",27840,28240,401,"*",5.98073026231162,7.84401529784777,14.8870450981812,14.9601873525385,561,25951,28527,2577,2,"Amillepora37923","Amillepora37923-RA",46.2271128214712,TRUE,287
"Amillepora37941",1072.94344429991,"xfSc0000338:9080-9480","Promoter (<=1kb)",31,"xfSc0000338",9080,9480,401,"*",5.98073026231162,126.107630557707,26.4658579523221,27.0708152093553,355,6132,9511,3380,2,"Amillepora37941","Amillepora37941-RA",200.066697850483,TRUE,31
"Amillepora37998",1.22259924103231,"xpSc0000738:14951-15351","Promoter (2-3kb)",-2985,"xpSc0000738",14951,15351,401,"*",5.98073026231162,12.6711016349849,16.5411612202013,2.84955949572161,577,7413,11966,4554,2,"Amillepora37998","Amillepora37998-RA",38.5930954227366,TRUE,2985
"Amillepora38028",0.142750798104685,"xpSc0000740:9033-9433","Promoter (2-3kb)",2314,"xpSc0000740",9033,9433,401,"*",5.98073026231162,0.603385792142137,4.9623483660604,6.41150886537363,578,6719,9788,3070,1,"Amillepora38028","Amillepora38028-RA",16.0332318768678,TRUE,2314
"Amillepora38046",3.03915622853801,"xfSc0000369:3108-3508","Promoter (<=1kb)",0,"xfSc0000369",3108,3508,401,"*",5.98073026231162,1.20677158428427,1.65411612202013,1.42477974786081,371,3446,5408,1963,1,"Amillepora38046","Amillepora38046-RA",6.55186710669699,TRUE,0
"Amillepora38094",0.169153377162804,"xpSc0000770:9012-9412","Promoter (<=1kb)",-67,"xpSc0000770",9012,9412,401,"*",0,1.20677158428427,1.65411612202013,134.641686172846,593,467,8945,8479,2,"Amillepora38094","Amillepora38094-RA",167.336723657444,TRUE,67
"Amillepora38113",0.449719238379565,"xpSc0000780:233-633","Promoter (1-2kb)",-1337,"xpSc0000780",233,633,401,"*",2.99036513115581,1.81015737642641,0,15.6725772264689,598,1970,2745,776,1,"Amillepora38113","Amillepora38113-RA",21.7666590650874,TRUE,1337
"Amillepora38114",0.368265119504819,"xpSc0000781:1135-1535","Promoter (<=1kb)",560,"xpSc0000781",1135,1535,401,"*",0,5.43047212927923,0,12.8230177307473,599,575,1825,1251,1,"Amillepora38114","Amillepora38114-RA",21.3596217018461,TRUE,560
"Amillepora38209",0.234875235249684,"xpSc0000856:2282-2682","Promoter (2-3kb)",2898,"xpSc0000856",2282,2682,401,"*",5.98073026231162,0.603385792142137,1.65411612202013,1.42477974786081,623,4290,5580,1291,2,"Amillepora38209","Amillepora38209-RA",5.91445185105526,TRUE,2898
