"gene","peak_id","annotation","distanceToTSS","seqnames","start","end","width","strand","X1","X2","X3","X4","geneChr","geneStart","geneEnd","geneLength","geneStrand","geneId","transcriptId","mean_normalized_CPM","Promoter","abs.distanceToTSS","baseMean","standard.deviation","coefficient.of.variation","variability.quintile","expression.variation"
"Amillepora00137","chr1:1536062-1536462","Promoter (<=1kb)",0,"chr1",1536062,1536462,401,"*",71.7687631477394,21.7218885171169,13.2329289761611,41.3186126879634,1,1524069,1536279,12211,2,"Amillepora00137","Amillepora00137-RA",107.694853365961,TRUE,0,69.4607964756777,32.7145782629703,0.47097902590889,1,"Low variability"
"Amillepora00143","chr1:1634691-1635091","Promoter (<=1kb)",0,"chr1",1634691,1635091,401,"*",47.8458420984929,25.3422032699697,23.1576257082819,17.0973569743297,1,1608466,1635049,26584,2,"Amillepora00143","Amillepora00143-RA",88.0608792880368,TRUE,0,38.6825030443765,12.2014204610615,0.315424791592831,1,"Low variability"
"Amillepora00238","chr1:2558105-2558505","Promoter (<=1kb)",0,"chr1",2558105,2558505,401,"*",0,4.22370054499496,0,0.712389873930403,1,2556473,2558413,1941,2,"Amillepora00238","Amillepora00238-RA",5.32984481177383,TRUE,0,0.193632535886727,0.702640580495859,3.62873200662359,5,"High variability"
"Amillepora00355","chr1:3995009-3995409","Promoter (<=1kb)",-927,"chr1",3995009,3995409,401,"*",20.9325559180907,52.4945639163659,41.3529030505034,54.1416304187106,1,3962653,3994082,31430,2,"Amillepora00355","Amillepora00355-RA",177.277027963003,TRUE,927,8.64718032583759,5.90992161662281,0.683450719648356,1,"Low variability"
"Amillepora00371","chr1:4140721-4141121","Promoter (1-2kb)",-1439,"chr1",4140721,4141121,401,"*",8.97109539346742,45.8573202028024,23.1576257082819,53.4292405447802,1,4138465,4139282,818,2,"Amillepora00371","Amillepora00371-RA",144.120738612678,TRUE,1439,0.873746118919687,2.35763375999085,2.6983052730533,5,"High variability"
"Amillepora00568","chr1:6109078-6109478","Promoter (<=1kb)",0,"chr1",6109078,6109478,401,"*",8.97109539346742,0,1.65411612202013,0,1,6109388,6113558,4171,1,"Amillepora00568","Amillepora00568-RA",4.30093735881503,TRUE,0,0.275390018753694,0.769809298870685,2.7953420474516,5,"High variability"
"Amillepora00617","chr1:6830326-6830726","Promoter (2-3kb)",-2117,"chr1",6830326,6830726,401,"*",17.9421907869348,33.1862185678175,0,9.97345823502565,1,6826860,6828209,1350,2,"Amillepora00617","Amillepora00617-RA",51.7676322200284,TRUE,2117,0.503903630565013,1.96237180745854,3.89433948959286,5,"High variability"
"Amillepora00627","chr1:6899626-6900026","Promoter (2-3kb)",-2313,"chr1",6899626,6900026,401,"*",2.99036513115581,5.43047212927923,0,1.42477974786081,1,6895753,6897313,1561,2,"Amillepora00627","Amillepora00627-RA",8.23239015330388,TRUE,2313,0.225739471302486,0.56936802324921,2.52223512336604,5,"High variability"
"Amillepora00650","chr1:7118511-7118911","Promoter (1-2kb)",-1683,"chr1",7118511,7118911,401,"*",2.99036513115581,4.82708633713709,8.27058061010067,8.54867848716484,1,7115088,7116828,1741,2,"Amillepora00650","Amillepora00650-RA",26.3823897950809,TRUE,1683,61.4319281477214,20.3247158071484,0.330849387606309,1,"Low variability"
"Amillepora00652","chr1:7176922-7177322","Promoter (<=1kb)",0,"chr1",7176922,7177322,401,"*",11.9614605246232,12.0677158428427,16.5411612202013,32.7699342007986,1,7164911,7177151,12241,2,"Amillepora00652","Amillepora00652-RA",75.9286307188557,TRUE,0,1.27363603920777,3.29007215148854,2.58321219736767,5,"High variability"
"Amillepora00676","chr1:7530316-7530716","Promoter (1-2kb)",-1713,"chr1",7530316,7530716,401,"*",0,0,9.92469673212081,4.27433924358242,1,7523576,7528603,5028,2,"Amillepora00676","Amillepora00676-RA",17.3372697432123,TRUE,1713,0.632485445207316,3.83223176702484,6.0590038807434,5,"High variability"
"Amillepora00704","chr1:7852657-7853057","Promoter (1-2kb)",-1645,"chr1",7852657,7853057,401,"*",14.951825655779,18.1015737642641,26.4658579523221,22.7964759657729,1,7830280,7851012,20733,2,"Amillepora00704","Amillepora00704-RA",83.0410693808164,TRUE,1645,0.381620490593204,1.65469675577974,4.33597460452826,5,"High variability"
"Amillepora00729","chr1:8380943-8381343","Promoter (<=1kb)",0,"chr1",8380943,8381343,401,"*",56.8169374919603,48.2708633713709,33.0823224404027,67.6770380233883,1,8381061,8394467,13407,1,"Amillepora00729","Amillepora00729-RA",188.31523061784,TRUE,0,3.15496391932911,2.32870456632607,0.738108145091327,1,"Low variability"
"Amillepora00731","chr1:8444761-8445161","Promoter (2-3kb)",2945,"chr1",8444761,8445161,401,"*",5.98073026231162,12.6711016349849,6.61646448808054,20.6593063439817,1,8399129,8448106,48978,2,"Amillepora00731","Amillepora00731-RA",48.1619043702568,TRUE,2945,22.3731680260642,15.7175499872541,0.702517853928579,1,"Low variability"
"Amillepora00956","chr1:10479867-10480267","Promoter (<=1kb)",-80,"chr1",10479867,10480267,401,"*",107.653144721609,15.6880305956955,24.811741830302,42.7433924358242,1,10480347,10485377,5031,1,"Amillepora00956","Amillepora00956-RA",126.325147094128,TRUE,80,27.9555085236423,12.6986105055502,0.454243588336477,1,"Low variability"
"Amillepora00958","chr1:10500748-10501148","Promoter (<=1kb)",-593,"chr1",10500748,10501148,401,"*",50.8362072296487,31.3760611913911,31.4282063183826,50.5796810490586,1,10501741,10563990,62250,1,"Amillepora00958","Amillepora00958-RA",146.09593037426,TRUE,593,155.686518560262,67.1333742977757,0.431208655178387,1,"Low variability"
"Amillepora00980","chr1:10844558-10844958","Promoter (<=1kb)",0,"chr1",10844558,10844958,401,"*",110.643509852765,13.274487427127,19.8493934642416,39.8938329401026,1,10841775,10844871,3097,2,"Amillepora00980","Amillepora00980-RA",114.998689985638,TRUE,0,43.3706839486559,21.6150471082151,0.498379207803223,1,"Low variability"
"Amillepora01012","chr1:11147490-11147890","Promoter (<=1kb)",0,"chr1",11147490,11147890,401,"*",143.537526295479,29.5659038149647,29.7740901963624,47.0177316794066,1,11115271,11147638,32368,2,"Amillepora01012","Amillepora01012-RA",161.375468607918,TRUE,0,99.814212832651,43.8898304793095,0.439715239280556,1,"Low variability"
"Amillepora01168","chr1:12941001-12941401","Promoter (1-2kb)",-1413,"chr1",12941001,12941401,401,"*",2.99036513115581,8.44740108998991,6.61646448808054,26.3584253354249,1,12942814,12946797,3984,1,"Amillepora01168","Amillepora01168-RA",49.8837249510532,TRUE,1413,0.139137943415231,0.343085487533034,2.465793866948,5,"High variability"
"Amillepora01176","chr1:13039769-13040169","Promoter (2-3kb)",-2392,"chr1",13039769,13040169,401,"*",0,0,4.9623483660604,4.27433924358242,1,13036175,13037377,1203,2,"Amillepora01176","Amillepora01176-RA",11.2724489384512,TRUE,2392,7.63635882989431,5.64364042130047,0.739048615579341,1,"Low variability"
"Amillepora01468","chr1:16488905-16489305","Promoter (2-3kb)",-2779,"chr1",16488905,16489305,401,"*",5.98073026231162,0.603385792142137,8.27058061010067,0.712389873930403,1,16492084,16511668,19585,1,"Amillepora01468","Amillepora01468-RA",13.132941568455,TRUE,2779,26.0034470061556,15.9869145782485,0.614799821518433,1,"Low variability"
"Amillepora01600","chr1:18178934-18179334","Promoter (<=1kb)",126,"chr1",18178934,18179334,401,"*",14.951825655779,53.7013355006502,43.0070191725235,69.8142076451795,1,18162862,18179460,16599,2,"Amillepora01600","Amillepora01600-RA",198.148548283474,TRUE,126,339.425197433521,157.931490374062,0.465291002460104,1,"Low variability"
"Amillepora01701","chr1:19007548-19007948","Promoter (<=1kb)",427,"chr1",19007548,19007948,401,"*",0,0.603385792142137,8.27058061010067,9.97345823502565,1,19007121,19008415,1295,1,"Amillepora01701","Amillepora01701-RA",22.8965822421873,TRUE,427,0.216070947808726,0.738072993778466,3.4158826129269,5,"High variability"
"Amillepora02000","chr1:23349318-23349718","Promoter (1-2kb)",-1593,"chr1",23349318,23349718,401,"*",0,5.43047212927923,23.1576257082819,10.685848108956,1,23310618,23347725,37108,2,"Amillepora02000","Amillepora02000-RA",47.058304723886,TRUE,1593,53.7177706030184,26.120607035582,0.486256349479148,1,"Low variability"
"Amillepora02023","chr1:23613121-23613521","Promoter (<=1kb)",0,"chr1",23613121,23613521,401,"*",191.383368393972,37.4099191128125,64.5105287587852,52.7168506708498,1,23610344,23613324,2981,2,"Amillepora02023","Amillepora02023-RA",231.21554567028,TRUE,0,152.094113038834,97.0948616508911,0.638386718005974,1,"Low variability"
"Amillepora02120","chr1:25102634-25103034","Promoter (1-2kb)",1031,"chr1",25102634,25103034,401,"*",0,0,6.61646448808054,6.41150886537363,1,25101603,25108660,7058,1,"Amillepora02120","Amillepora02120-RA",15.8978699402167,TRUE,1031,1.93135630786798,5.82860842248911,3.01788354574683,5,"High variability"
"Amillepora02197","chr1:25682871-25683271","Promoter (<=1kb)",-673,"chr1",25682871,25683271,401,"*",5.98073026231162,1.20677158428427,0,12.1106278568169,1,25683944,25706153,22210,1,"Amillepora02197","Amillepora02197-RA",17.5493305060021,TRUE,673,1.00280869881762,2.76436190096641,2.75661938735252,5,"High variability"
"Amillepora02357","chr1:28211888-28212288","Promoter (<=1kb)",404,"chr1",28211888,28212288,401,"*",41.8651118361813,208.168098289037,72.7811093688859,55.5664101665715,1,28211484,28213404,1921,1,"Amillepora02357","Amillepora02357-RA",387.195009382374,TRUE,404,0.187715151689963,0.680445872335865,3.62488518486623,5,"High variability"
"Amillepora02537","chr1:30412214-30412614","Promoter (1-2kb)",1356,"chr1",30412214,30412614,401,"*",5.98073026231162,0.603385792142137,11.5788128541409,7.12389873930403,1,30358932,30413970,55039,2,"Amillepora02537","Amillepora02537-RA",24.9875976388309,TRUE,1356,52.9479272518376,38.7375319210426,0.731615644495283,1,"Low variability"
"Amillepora02625","chr1:31456218-31456618","Promoter (2-3kb)",-2895,"chr1",31456218,31456618,401,"*",8.97109539346742,5.43047212927923,3.30823224404027,29.2079848311465,1,31448057,31453323,5267,2,"Amillepora02625","Amillepora02625-RA",47.6447405080604,TRUE,2895,9.0242550120778,7.05682926337366,0.78198469058432,1,"Low variability"
"Amillepora02643","chr1:31671204-31671604","Promoter (1-2kb)",-1028,"chr1",31671204,31671604,401,"*",5.98073026231162,0.603385792142137,4.9623483660604,27.0708152093553,1,31672632,31674541,1910,1,"Amillepora02643","Amillepora02643-RA",41.2034345230369,TRUE,1028,0.150355032471487,0.46472797486287,3.0908707691643,5,"High variability"
"Amillepora02661","chr1:31907657-31908057","Promoter (<=1kb)",0,"chr1",31907657,31908057,401,"*",158.489351951258,24.1354316856855,26.4658579523221,56.2788000405019,1,31907904,31913968,6065,1,"Amillepora02661","Amillepora02661-RA",166.677595766788,TRUE,0,1041.40331574432,635.592848296924,0.610323434434857,1,"Low variability"
"Amillepora02714","chr1:32458712-32459112","Promoter (2-3kb)",-2561,"chr1",32458712,32459112,401,"*",2.99036513115581,0,0,7.12389873930403,1,32461673,32470606,8934,1,"Amillepora02714","Amillepora02714-RA",9.43915703078182,TRUE,2561,0.136943521674685,0.352822376801297,2.57640794165817,5,"High variability"
"Amillepora02716","chr1:32518662-32519062","Promoter (1-2kb)",1052,"chr1",32518662,32519062,401,"*",2.99036513115581,3.62031475285282,26.4658579523221,13.5354076046777,1,32517610,32533539,15930,1,"Amillepora02716","Amillepora02716-RA",53.4208017238932,TRUE,1052,10.4597372889772,7.88004280604257,0.753369094111644,1,"Low variability"
"Amillepora02850","chr1:34182162-34182562","Promoter (2-3kb)",2169,"chr1",34182162,34182562,401,"*",14.951825655779,0,1.65411612202013,2.13716962179121,1,34161982,34184731,22750,2,"Amillepora02850","Amillepora02850-RA",8.42430504158988,TRUE,2169,27.2038922648461,11.9626761816393,0.439741345288958,1,"Low variability"
"Amillepora02871","chr1:34374045-34374445","Promoter (<=1kb)",496,"chr1",34374045,34374445,401,"*",0,4.82708633713709,3.30823224404027,4.98672911751282,1,34373549,34376419,2871,1,"Amillepora02871","Amillepora02871-RA",15.2181020709464,TRUE,496,0.132924489490393,0.443278491060197,3.33481432021775,5,"High variability"
"Amillepora02903","chr1:34722648-34723048","Promoter (1-2kb)",-1625,"chr1",34722648,34723048,401,"*",0,0,1.65411612202013,15.6725772264689,1,34679811,34721023,41213,2,"Amillepora02903","Amillepora02903-RA",21.1162434251176,TRUE,1625,58.4623323958305,40.503363295262,0.692811279252872,1,"Low variability"
"Amillepora02991","chr1:35941731-35942131","Promoter (2-3kb)",-2160,"chr1",35941731,35942131,401,"*",5.98073026231162,5.43047212927923,29.7740901963624,1.42477974786081,1,35938877,35939571,695,2,"Amillepora02991","Amillepora02991-RA",45.3810917898353,TRUE,2160,0.683744540200778,2.21578153949823,3.24065701328683,5,"High variability"
"Amillepora03084","chr1:37202376-37202776","Promoter (1-2kb)",1286,"chr1",37202376,37202776,401,"*",2.99036513115581,0,6.61646448808054,3.56194936965202,1,37201090,37205011,3922,1,"Amillepora03084","Amillepora03084-RA",13.1858946590548,TRUE,1286,0.181578878826159,0.582323924163865,3.20700253205866,5,"High variability"
"Amillepora03158","chr1:38126661-38127061","Promoter (<=1kb)",-773,"chr1",38126661,38127061,401,"*",35.8843815738697,0.603385792142137,4.9623483660604,19.9469164700513,1,38127834,38132207,4374,1,"Amillepora03158","Amillepora03158-RA",40.1218223798689,TRUE,773,0.214424029840219,0.593435649052501,2.76757996524321,5,"High variability"
"Amillepora03166","chr1:38385593-38385993","Promoter (<=1kb)",0,"chr1",38385593,38385993,401,"*",53.8265723608045,15.0846448035534,28.1199740743423,13.5354076046777,1,38375008,38385835,10828,2,"Amillepora03166","Amillepora03166-RA",80.4695042514097,TRUE,0,78.8679745049644,52.5640138121178,0.666481092509978,1,"Low variability"
"Amillepora03226","chr1:39342342-39342742","Promoter (1-2kb)",1302,"chr1",39342342,39342742,401,"*",20.9325559180907,4.22370054499496,13.2329289761611,25.6460354614945,1,39325522,39344044,18523,2,"Amillepora03226","Amillepora03226-RA",57.1989687267503,TRUE,1302,2.86386747863906,2.12150080123556,0.740781763492674,1,"Low variability"
"Amillepora03252","chr2:299508-299908","Promoter (2-3kb)",2619,"chr2",299508,299908,401,"*",2.99036513115581,11.4643300507006,6.61646448808054,7.83628861323444,2,296889,303020,6132,1,"Amillepora03252","Amillepora03252-RA",30.5044126499379,TRUE,2619,5.25907950015891,4.00016335874834,0.760620439114387,1,"Low variability"
"Amillepora03290","chr2:731736-732136","Promoter (<=1kb)",-91,"chr2",731736,732136,401,"*",182.412273000504,25.3422032699697,52.9317159046443,65.5398684015971,2,727591,731645,4055,2,"Amillepora03290","Amillepora03290-RA",217.659545990178,TRUE,91,711.160135652546,289.579306686109,0.407192827843756,1,"Low variability"
"Amillepora03376","chr2:1681246-1681646","Promoter (<=1kb)",-697,"chr2",1681246,1681646,401,"*",8.97109539346742,1.20677158428427,6.61646448808054,2.84955949572161,2,1682343,1686317,3975,1,"Amillepora03376","Amillepora03376-RA",15.1123407639864,TRUE,697,0.23534358829533,0.627727505711567,2.66728110274174,5,"High variability"
"Amillepora03511","chr2:3513194-3513594","Promoter (<=1kb)",0,"chr2",3513194,3513594,401,"*",143.537526295479,15.0846448035534,64.5105287587852,46.3053418054762,2,3511001,3513345,2345,2,"Amillepora03511","Amillepora03511-RA",187.663310083562,TRUE,0,160.322794372864,84.7925297454782,0.528886301396889,1,"Low variability"
"Amillepora03590","chr2:4394495-4394895","Promoter (1-2kb)",1685,"chr2",4394495,4394895,401,"*",5.98073026231162,59.1318076299294,16.5411612202013,30.6327645790073,2,4392810,4399814,7005,1,"Amillepora03590","Amillepora03590-RA",121.523652976136,TRUE,1685,0.331201801506363,0.866806141464377,2.61715406595614,5,"High variability"
"Amillepora03610","chr2:4592100-4592500","Promoter (<=1kb)",134,"chr2",4592100,4592500,401,"*",71.7687631477394,41.0302338656653,24.811741830302,38.4690531922418,2,4590337,4592634,2298,2,"Amillepora03610","Amillepora03610-RA",138.771638001812,TRUE,134,28.1403135261935,12.1751396802297,0.432658281113209,1,"Low variability"
"Amillepora03616","chr2:4642577-4642977","Promoter (1-2kb)",-1606,"chr2",4642577,4642977,401,"*",2.99036513115581,2.41354316856855,8.27058061010067,4.27433924358242,2,4644583,4674061,29479,1,"Amillepora03616","Amillepora03616-RA",18.6251006388238,TRUE,1606,10.6124352471605,8.21200530851502,0.773809697516153,1,"Low variability"
"Amillepora03631","chr2:4827748-4828148","Promoter (1-2kb)",1845,"chr2",4827748,4828148,401,"*",17.9421907869348,0.603385792142137,9.92469673212081,14.2477974786081,2,4825903,4826487,585,1,"Amillepora03631","Amillepora03631-RA",34.6844781585871,TRUE,1845,0.173091098223817,0.477263798115113,2.75729834181294,5,"High variability"
"Amillepora03687","chr2:5467183-5467583","Promoter (<=1kb)",102,"chr2",5467183,5467583,401,"*",41.8651118361813,42.2370054499496,43.0070191725235,24.2212557136337,2,5458413,5467685,9273,2,"Amillepora03687","Amillepora03687-RA",137.327616271937,TRUE,102,89.0177595116013,53.6617064413602,0.602820232005128,1,"Low variability"
"Amillepora03717","chr2:5828070-5828470","Promoter (<=1kb)",0,"chr2",5828070,5828470,401,"*",89.7109539346742,10.2575584664163,21.5035095862617,58.4159696622931,2,5828381,5843786,15406,1,"Amillepora03717","Amillepora03717-RA",131.08117156592,TRUE,0,111.736080203113,42.6258438845095,0.381486837617935,1,"Low variability"
"Amillepora03741","chr2:6071970-6072370","Promoter (<=1kb)",0,"chr2",6071970,6072370,401,"*",227.267749967841,15.6880305956955,57.8940642707047,55.5664101665715,2,6053564,6072017,18454,2,"Amillepora03741","Amillepora03741-RA",212.771242512201,TRUE,0,158.412691675777,101.147359409173,0.638505402181985,1,"Low variability"
"Amillepora03814","chr2:7184077-7184477","Promoter (2-3kb)",2332,"chr2",7184077,7184477,401,"*",2.99036513115581,3.62031475285282,8.27058061010067,8.54867848716484,2,7181745,7181816,72,1,"Amillepora03814","Amillepora03814-RA",25.1075592837974,TRUE,2332,0.16099695884843,0.491187133240011,3.05090938830986,5,"High variability"
"Amillepora03816","chr2:7307740-7308140","Promoter (<=1kb)",652,"chr2",7307740,7308140,401,"*",0,1.20677158428427,4.9623483660604,12.1106278568169,2,7265375,7308792,43418,2,"Amillepora03816","Amillepora03816-RA",22.0945976948334,TRUE,652,100.034513605252,44.2823205392159,0.442670423869499,1,"Low variability"
"Amillepora03820","chr2:7365375-7365775","Promoter (<=1kb)",0,"chr2",7365375,7365775,401,"*",98.6820493281416,23.5320458935433,28.1199740743423,56.2788000405019,2,7365542,7389199,23658,1,"Amillepora03820","Amillepora03820-RA",152.866251286769,TRUE,0,54.8472337597867,35.6878011308474,0.650676409445708,1,"Low variability"
"Amillepora04013","chr2:10060470-10060870","Promoter (<=1kb)",-196,"chr2",10060470,10060870,401,"*",23.9229210492465,3.62031475285282,1.65411612202013,12.1106278568169,2,10061066,10066573,5508,1,"Amillepora04013","Amillepora04013-RA",26.6792593112787,TRUE,196,0.254218283271418,0.659501386845828,2.59423271355234,5,"High variability"
"Amillepora04107","chr2:11714663-11715063","Promoter (<=1kb)",0,"chr2",11714663,11715063,401,"*",89.7109539346742,23.5320458935433,43.0070191725235,42.7433924358242,2,11714941,11752010,37070,1,"Amillepora04107","Amillepora04107-RA",152.290560853805,TRUE,0,209.832874393472,147.375814202939,0.702348545855519,1,"Low variability"
"Amillepora04112","chr2:11813936-11814336","Promoter (<=1kb)",0,"chr2",11813936,11814336,401,"*",20.9325559180907,6.03385792142137,1.65411612202013,27.0708152093553,2,11812951,11814092,1142,2,"Amillepora04112","Amillepora04112-RA",46.6958419937963,TRUE,0,0.151166979196815,0.414223457229446,2.74017156015361,5,"High variability"
"Amillepora04113","chr2:11815843-11816243","Promoter (1-2kb)",1586,"chr2",11815843,11816243,401,"*",8.97109539346742,72.4062950570564,4.9623483660604,36.3318835704506,2,11814257,11817594,3338,1,"Amillepora04113","Amillepora04113-RA",129.09882104203,TRUE,1586,13.0442290446278,10.2405068478762,0.785060336861662,1,"Low variability"
"Amillepora04134","chr2:12427075-12427475","Promoter (2-3kb)",2208,"chr2",12427075,12427475,401,"*",8.97109539346742,0,18.1952773422215,8.54867848716484,2,12424867,12443328,18462,1,"Amillepora04134","Amillepora04134-RA",34.932262975399,TRUE,2208,5.7895682035231,4.50161419281845,0.777538848247629,1,"Low variability"
"Amillepora04160","chr2:12849518-12849918","Promoter (1-2kb)",-1892,"chr2",12849518,12849918,401,"*",2.99036513115581,12.0677158428427,18.1952773422215,28.4955949572161,2,12851810,12861136,9327,1,"Amillepora04160","Amillepora04160-RA",70.4632790961912,TRUE,1892,69.7197135198462,29.2346950485137,0.41931748672765,1,"Low variability"
"Amillepora04258","chr2:14029738-14030138","Promoter (<=1kb)",0,"chr2",14029738,14030138,401,"*",11.9614605246232,4.22370054499496,14.8870450981812,23.5088658397033,2,14026360,14030068,3709,2,"Amillepora04258","Amillepora04258-RA",54.3374311709308,TRUE,0,0.152134895869324,0.406737378880051,2.67353112220497,5,"High variability"
"Amillepora04308","chr2:14642378-14642778","Promoter (1-2kb)",-1649,"chr2",14642378,14642778,401,"*",2.99036513115581,13.8778732192691,4.9623483660604,8.54867848716484,2,14644427,14694873,50447,1,"Amillepora04308","Amillepora04308-RA",31.9004047598661,TRUE,1649,34.7487548332412,14.3622973707592,0.413318331539753,1,"Low variability"
"Amillepora04310","chr2:14704136-14704536","Promoter (<=1kb)",0,"chr2",14704136,14704536,401,"*",74.7591282788952,21.7218885171169,26.4658579523221,50.5796810490586,2,14675872,14704326,28455,2,"Amillepora04310","Amillepora04310-RA",135.910679942951,TRUE,0,24.0694843466306,9.55348797944708,0.39691286451612,1,"Low variability"
"Amillepora04321","chr2:14833910-14834310","Promoter (<=1kb)",0,"chr2",14833910,14834310,401,"*",95.6916841969858,25.3422032699697,21.5035095862617,42.7433924358242,2,14830569,14834173,3605,2,"Amillepora04321","Amillepora04321-RA",129.441470082696,TRUE,0,17.3185673275035,9.1357216728839,0.527510243781859,1,"Low variability"
"Amillepora04348","chr2:15135335-15135735","Promoter (<=1kb)",0,"chr2",15135335,15135735,401,"*",83.7302236723626,6.03385792142137,52.9317159046443,54.1416304187106,2,15128591,15135344,6754,2,"Amillepora04348","Amillepora04348-RA",158.302614790294,TRUE,0,5.19190990375368,3.50621842767429,0.675323434472416,1,"Low variability"
"Amillepora04425","chr2:16384632-16385032","Promoter (1-2kb)",-1354,"chr2",16384632,16385032,401,"*",11.9614605246232,0.603385792142137,28.1199740743423,27.0708152093553,2,16376906,16383278,6373,2,"Amillepora04425","Amillepora04425-RA",71.0254852278518,TRUE,1354,8.85394483377187,6.1246210554536,0.691739238321463,1,"Low variability"
"Amillepora04426","chr2:16386441-16386841","Promoter (2-3kb)",-2178,"chr2",16386441,16386841,401,"*",8.97109539346742,0,0,9.26106836109524,2,16389019,16394974,5956,1,"Amillepora04426","Amillepora04426-RA",13.5625247135567,TRUE,2178,6.06162776751023,4.22773086754383,0.697458014529378,1,"Low variability"
"Amillepora04486","chr2:17218967-17219367","Promoter (<=1kb)",0,"chr2",17218967,17219367,401,"*",83.7302236723626,22.9286601014012,26.4658579523221,40.606222814033,2,17184637,17219016,34380,2,"Amillepora04486","Amillepora04486-RA",127.313708566185,TRUE,0,166.614681818734,48.236445487318,0.289508973403653,1,"Low variability"
"Amillepora04691","chr2:19665130-19665530","Promoter (<=1kb)",0,"chr2",19665130,19665530,401,"*",95.6916841969858,18.1015737642641,26.4658579523221,42.0310025618938,2,19665253,19672533,7281,1,"Amillepora04691","Amillepora04691-RA",126.989369797474,TRUE,0,12.7335598611554,7.99586281132796,0.627936170129447,1,"Low variability"
"Amillepora04734","chr2:20316279-20316679","Promoter (1-2kb)",-1799,"chr2",20316279,20316679,401,"*",8.97109539346742,4.82708633713709,13.2329289761611,11.3982379828865,2,20312248,20314480,2233,2,"Amillepora04734","Amillepora04734-RA",37.4385163048986,TRUE,1799,0.417388588535965,1.36962498875644,3.28141455318782,5,"High variability"
"Amillepora04811","chr2:21126014-21126414","Promoter (<=1kb)",0,"chr2",21126014,21126414,401,"*",131.576065770856,13.274487427127,34.7364385624228,44.168172183685,2,21117416,21126038,8623,2,"Amillepora04811","Amillepora04811-RA",143.719218189366,TRUE,0,38.5886999017836,15.0446844044851,0.389872798067233,1,"Low variability"
"Amillepora04834","chr2:21395192-21395592","Promoter (<=1kb)",-216,"chr2",21395192,21395592,401,"*",5.98073026231162,2.41354316856855,6.61646448808054,21.3716962179121,2,21395808,21410148,14341,1,"Amillepora04834","Amillepora04834-RA",38.193783046629,TRUE,216,13.3189996832357,9.09713205528444,0.683019165976464,1,"Low variability"
"Amillepora04859","chr2:21683287-21683687","Promoter (2-3kb)",-2059,"chr2",21683287,21683687,401,"*",8.97109539346742,0.603385792142137,9.92469673212081,4.98672911751282,2,21685746,21687925,2180,1,"Amillepora04859","Amillepora04859-RA",21.1219534450304,TRUE,2059,0.425676776180481,1.2960812238974,3.04475436862425,5,"High variability"
"Amillepora04881","chr2:21945019-21945419","Promoter (1-2kb)",1031,"chr2",21945019,21945419,401,"*",8.97109539346742,82.6638535234727,26.4658579523221,80.5000557541356,2,21943988,21956997,13010,1,"Amillepora04881","Amillepora04881-RA",220.027927923369,TRUE,1031,70.4656729811165,175.697691109221,2.49337987811888,5,"High variability"
"Amillepora04888","chr2:22080376-22080776","Promoter (<=1kb)",0,"chr2",22080376,22080776,401,"*",62.797667754272,19.9117311406905,24.811741830302,34.1947139486594,2,22051273,22080627,29355,2,"Amillepora04888","Amillepora04888-RA",108.975145496767,TRUE,0,60.8529961242441,31.1951534912094,0.512631348956393,1,"Low variability"
"Amillepora04915","chr2:22467448-22467848","Promoter (<=1kb)",0,"chr2",22467448,22467848,401,"*",80.7398585412068,17.498187972122,26.4658579523221,42.0310025618938,2,22464311,22467508,3198,2,"Amillepora04915","Amillepora04915-RA",122.553070502008,TRUE,0,15.5405506431507,11.0935217257978,0.713843542647389,1,"Low variability"
"Amillepora04970","chr2:23148741-23149141","Promoter (<=1kb)",-817,"chr2",23148741,23149141,401,"*",2.99036513115581,6.6372437135635,0,0,2,23149958,23156437,6480,1,"Amillepora04970","Amillepora04970-RA",7.77134462002396,TRUE,817,0.323950279074944,1.5406881425196,4.75594016130844,5,"High variability"
"Amillepora05036","chr2:24088937-24089337","Promoter (<=1kb)",0,"chr2",24088937,24089337,401,"*",101.672414459297,22.9286601014012,36.390554684443,34.9071038225898,2,24089303,24097756,8454,1,"Amillepora05036","Amillepora05036-RA",137.058506845243,TRUE,0,43.0820148703256,32.0530761144008,0.744001324238866,1,"Low variability"
"Amillepora05078","chr2:24608122-24608522","Promoter (<=1kb)",-67,"chr2",24608122,24608522,401,"*",20.9325559180907,15.6880305956955,18.1952773422215,15.6725772264689,2,24608589,24609892,1304,1,"Amillepora05078","Amillepora05078-RA",63.2235470767606,TRUE,67,6.25268740123387,4.95271972807119,0.79209456834414,1,"Low variability"
"Amillepora05224","chr2:26133290-26133690","Promoter (<=1kb)",292,"chr2",26133290,26133690,401,"*",128.5857006397,27.1523606463961,31.4282063183826,66.2522582755275,2,26125899,26133982,8084,2,"Amillepora05224","Amillepora05224-RA",180.482857082053,TRUE,292,337.212966707154,199.589934391595,0.591880959799878,1,"Low variability"
"Amillepora05370","chr2:27909136-27909536","Promoter (<=1kb)",0,"chr2",27909136,27909536,401,"*",113.633874983921,26.548974854254,23.1576257082819,43.4557823097546,2,27885150,27909297,24148,2,"Amillepora05370","Amillepora05370-RA",138.164506398971,TRUE,0,7.68594038926823,4.9662502848415,0.646147385136607,1,"Low variability"
"Amillepora05514","chr2:29768560-29768960","Promoter (1-2kb)",-1997,"chr2",29768560,29768960,401,"*",35.8843815738697,0.603385792142137,33.0823224404027,44.8805620576154,2,29755999,29766563,10565,2,"Amillepora05514","Amillepora05514-RA",104.866971053374,TRUE,1997,0.100689695337305,0.402326269062016,3.99570450297068,5,"High variability"
"Amillepora05531","chr2:29944506-29944906","Promoter (1-2kb)",1609,"chr2",29944506,29944906,401,"*",8.97109539346742,0,13.2329289761611,10.685848108956,2,29942897,29948961,6065,1,"Amillepora05531","Amillepora05531-RA",31.4712562374829,TRUE,1609,0.494361309845753,1.3170874302473,2.66422028588412,5,"High variability"
"Amillepora05603","chr2:30849389-30849789","Promoter (1-2kb)",1295,"chr2",30849389,30849789,401,"*",0,0.603385792142137,1.65411612202013,8.54867848716484,2,30848094,30849404,1311,1,"Amillepora05603","Amillepora05603-RA",13.0742784579424,TRUE,1295,0.166669087219896,0.576753588114332,3.46047127115652,5,"High variability"
"Amillepora05606","chr2:30946211-30946611","Promoter (<=1kb)",0,"chr2",30946211,30946611,401,"*",20.9325559180907,4.22370054499496,3.30823224404027,7.12389873930403,2,30941950,30946366,4417,2,"Amillepora05606","Amillepora05606-RA",22.502938537904,TRUE,0,1.23868752199038,3.88735879156268,3.13828848886464,5,"High variability"
"Amillepora05705","chr2:32274987-32275387","Promoter (<=1kb)",0,"chr2",32274987,32275387,401,"*",113.633874983921,19.3083453485484,28.1199740743423,42.0310025618938,2,32275237,32289510,14274,1,"Amillepora05705","Amillepora05705-RA",134.844468091467,TRUE,0,41.276705171152,21.9118928323661,0.530853728307757,1,"Low variability"
"Amillepora05710","chr2:32330990-32331390","Promoter (1-2kb)",1656,"chr2",32330990,32331390,401,"*",8.97109539346742,8.44740108998991,1.65411612202013,15.6725772264689,2,32329334,32348422,19089,1,"Amillepora05710","Amillepora05710-RA",32.3193874279966,TRUE,1656,66.2548205065449,26.6254386308585,0.40186417270919,1,"Low variability"
"Amillepora05715","chr2:32380857-32381257","Promoter (1-2kb)",-1003,"chr2",32380857,32381257,401,"*",0,3.62031475285282,11.5788128541409,5.69911899144323,2,32379783,32379854,72,2,"Amillepora05715","Amillepora05715-RA",24.9192442565464,TRUE,1003,0.114420271520968,0.284697324373729,2.48817207466212,5,"High variability"
"Amillepora05744","chr2:32709174-32709574","Promoter (<=1kb)",-342,"chr2",32709174,32709574,401,"*",5.98073026231162,0.603385792142137,8.27058061010067,8.54867848716484,2,32709916,32712620,2705,1,"Amillepora05744","Amillepora05744-RA",22.6802598135536,TRUE,342,4.37007960219445,3.0945684430871,0.708126332878046,1,"Low variability"
"Amillepora05789","chr2:33240782-33241182","Promoter (<=1kb)",-7,"chr2",33240782,33241182,401,"*",116.624240115076,25.3422032699697,41.3529030505034,43.4557823097546,2,33226656,33240775,14120,2,"Amillepora05789","Amillepora05789-RA",159.887128979776,TRUE,7,7.79290729323463,5.59394291724497,0.717824902408543,1,"Low variability"
"Amillepora05806","chr2:33473167-33473567","Promoter (<=1kb)",195,"chr2",33473167,33473567,401,"*",41.8651118361813,42.2370054499496,21.5035095862617,27.0708152093553,2,33468222,33473762,5541,2,"Amillepora05806","Amillepora05806-RA",114.518478207099,TRUE,195,14.8402285631077,10.4831714229986,0.706402288780063,1,"Low variability"
"Amillepora05835","chr2:33701994-33702394","Promoter (<=1kb)",930,"chr2",33701994,33702394,401,"*",2.99036513115581,67.5792087199193,3.30823224404027,24.2212557136337,2,33693661,33703324,9664,2,"Amillepora05835","Amillepora05835-RA",105.703392067257,TRUE,930,24.2132624995633,15.6038066791361,0.644432227148965,1,"Low variability"
"Amillepora05847","chr2:33882528-33882928","Promoter (<=1kb)",445,"chr2",33882528,33882928,401,"*",2.99036513115581,6.03385792142137,4.9623483660604,9.26106836109524,2,33882083,33883131,1049,1,"Amillepora05847","Amillepora05847-RA",24.4819444588053,TRUE,445,0.0791880080114114,0.307098805849903,3.87809737309781,5,"High variability"
"Amillepora05859","chr2:34059949-34060349","Promoter (2-3kb)",-2174,"chr2",34059949,34060349,401,"*",14.951825655779,0,6.61646448808054,2.84955949572161,2,34049406,34057775,8370,2,"Amillepora05859","Amillepora05859-RA",15.3570638686327,TRUE,2174,64.8144200806554,46.688134330265,0.720335602357717,1,"Low variability"
"Amillepora05872","chr2:34247510-34247910","Promoter (2-3kb)",-2944,"chr2",34247510,34247910,401,"*",44.8554769673371,25.3422032699697,24.811741830302,18.5221367221905,2,34188604,34244566,55963,2,"Amillepora05872","Amillepora05872-RA",91.0585854595556,TRUE,2944,312.749623118433,163.617244156323,0.523157286409787,1,"Low variability"
"Amillepora05873","chr2:34271214-34271614","Promoter (2-3kb)",2661,"chr2",34271214,34271614,401,"*",2.99036513115581,6.03385792142137,4.9623483660604,11.3982379828865,2,34268553,34268919,367,1,"Amillepora05873","Amillepora05873-RA",27.0857585256505,TRUE,2661,0.277033624255641,0.783131883558825,2.82684777222626,5,"High variability"
"Amillepora05965","chr2:35308574-35308974","Promoter (1-2kb)",1283,"chr2",35308574,35308974,401,"*",11.9614605246232,30.772675399249,115.788128541409,61.2655291580147,2,35307291,35308472,1182,1,"Amillepora05965","Amillepora05965-RA",251.702440630239,TRUE,1283,8.37779670539836,5.70977604370812,0.681536714781936,1,"Low variability"
"Amillepora06009","chr2:35738026-35738426","Promoter (<=1kb)",-301,"chr2",35738026,35738426,401,"*",11.9614605246232,4.22370054499496,19.8493934642416,15.6725772264689,2,35738727,35789851,51125,1,"Amillepora06009","Amillepora06009-RA",50.8549337305933,TRUE,301,57.6494631306453,15.5145029787154,0.269117909104485,1,"Low variability"
"Amillepora06017","chr2:35830199-35830599","Promoter (2-3kb)",-2581,"chr2",35830199,35830599,401,"*",8.97109539346742,21.7218885171169,11.5788128541409,26.3584253354249,2,35833180,35833641,462,1,"Amillepora06017","Amillepora06017-RA",71.4912349958622,TRUE,2581,0.177122182053818,0.487340670491934,2.75143782015883,5,"High variability"
"Amillepora06034","chr2:36057269-36057669","Promoter (<=1kb)",0,"chr2",36057269,36057669,401,"*",95.6916841969858,25.9455890621119,28.1199740743423,57.7035797883627,2,36044458,36057329,12872,2,"Amillepora06034","Amillepora06034-RA",156.392011545934,TRUE,0,30.3372735445743,16.2723008461554,0.53637980427762,1,"Low variability"
"Amillepora06076","chr2:36572649-36573049","Promoter (<=1kb)",0,"chr2",36572649,36573049,401,"*",0,0,16.5411612202013,3.56194936965202,2,36572810,36572882,73,2,"Amillepora06076","Amillepora06076-RA",24.555759460612,TRUE,0,0.261944407381327,0.66240131765515,2.52878587589333,5,"High variability"
"Amillepora06082","chr2:36684407-36684807","Promoter (<=1kb)",-90,"chr2",36684407,36684807,401,"*",5.98073026231162,8.44740108998991,6.61646448808054,3.56194936965202,2,36657760,36684317,26558,2,"Amillepora06082","Amillepora06082-RA",22.869485046004,TRUE,90,120.507143996696,73.6678701147895,0.611315376595508,1,"Low variability"
"Amillepora06085","chr2:36687686-36688086","Promoter (1-2kb)",-1166,"chr2",36687686,36688086,401,"*",2.99036513115581,0,14.8870450981812,6.41150886537363,2,36689252,36697130,7879,1,"Amillepora06085","Amillepora06085-RA",26.7656814227834,TRUE,1166,9.19810011481955,6.71961399889004,0.730543690002212,1,"Low variability"
"Amillepora06094","chr2:36782900-36783300","Promoter (1-2kb)",-1346,"chr2",36782900,36783300,401,"*",0,5.43047212927923,6.61646448808054,1.42477974786081,2,36784646,36797792,13147,1,"Amillepora06094","Amillepora06094-RA",15.5590410850204,TRUE,1346,16.5219436979735,8.88867158993251,0.537991882336627,1,"Low variability"
"Amillepora06108","chr2:36887413-36887813","Promoter (<=1kb)",381,"chr2",36887413,36887813,401,"*",2.99036513115581,1.20677158428427,6.61646448808054,7.12389873930403,2,36887032,36896721,9690,1,"Amillepora06108","Amillepora06108-RA",18.8004152817467,TRUE,381,0.387658010265102,1.22364134331743,3.1564969919766,5,"High variability"
"Amillepora06110","chr2:36905813-36906213","Promoter (1-2kb)",-1024,"chr2",36905813,36906213,401,"*",11.9614605246232,21.1185027249748,18.1952773422215,4.27433924358242,2,36907237,36907716,480,1,"Amillepora06110","Amillepora06110-RA",52.7939455971344,TRUE,1024,0.228608946334309,0.698876029047461,3.05708083718409,5,"High variability"
"Amillepora06370","chr5:2256817-2257217","Promoter (<=1kb)",-6,"chr5",2256817,2257217,401,"*",206.335194049751,23.5320458935433,49.623483660604,64.8274785276667,5,2257223,2272858,15636,1,"Amillepora06370","Amillepora06370-RA",216.91436279485,TRUE,6,170.311871409467,89.2585847490514,0.52408903742508,1,"Low variability"
"Amillepora06398","chr5:2646919-2647319","Promoter (<=1kb)",-117,"chr5",2646919,2647319,401,"*",209.325559180907,34.9963759442439,33.0823224404027,53.4292405447802,5,2647436,2658996,11561,1,"Amillepora06398","Amillepora06398-RA",195.681951754297,TRUE,117,18.1682466198378,8.66962282094777,0.47718544350237,1,"Low variability"
"Amillepora06407","chr5:2715566-2715966","Promoter (1-2kb)",-1566,"chr5",2715566,2715966,401,"*",8.97109539346742,0,6.61646448808054,4.27433924358242,5,2717532,2720980,3449,1,"Amillepora06407","Amillepora06407-RA",15.5733862972663,TRUE,1566,0.13977181477587,0.378801282548473,2.71014069006613,5,"High variability"
"Amillepora06556","chr5:4494264-4494664","Promoter (1-2kb)",-1727,"chr5",4494264,4494664,401,"*",8.97109539346742,7.84401529784777,31.4282063183826,9.97345823502565,5,4496391,4503714,7324,1,"Amillepora06556","Amillepora06556-RA",61.1273928226679,TRUE,1727,23.8378128025973,16.6098671323737,0.696786541194919,1,"Low variability"
"Amillepora06565","chr5:4586153-4586553","Promoter (<=1kb)",-657,"chr5",4586153,4586553,401,"*",5.98073026231162,4.22370054499496,9.92469673212081,14.9601873525385,5,4571442,4585496,14055,2,"Amillepora06565","Amillepora06565-RA",36.3378004828597,TRUE,657,75.8229390961595,51.5133481332533,0.679390020319886,1,"Low variability"
"Amillepora06574","chr5:4672414-4672814","Promoter (2-3kb)",-2528,"chr5",4672414,4672814,401,"*",0,6.6372437135635,1.65411612202013,5.69911899144323,5,4661263,4669886,8624,2,"Amillepora06574","Amillepora06574-RA",15.976678925233,TRUE,2528,20.8262611409636,15.6285026533105,0.750422869833823,1,"Low variability"
"Amillepora06578","chr5:4709961-4710361","Promoter (2-3kb)",-2157,"chr5",4709961,4710361,401,"*",20.9325559180907,24.7388174778276,6.61646448808054,15.6725772264689,5,4712518,4712589,72,1,"Amillepora06578","Amillepora06578-RA",58.633527366944,TRUE,2157,0.280736062415294,1.01168276926273,3.60367941531552,5,"High variability"
"Amillepora06662","chr5:5600857-5601257","Promoter (<=1kb)",0,"chr5",5600857,5601257,401,"*",68.7783980165836,50.0810207477973,29.7740901963624,31.3451544529377,5,5581610,5601157,19548,2,"Amillepora06662","Amillepora06662-RA",144.958530610417,TRUE,0,46.8722661942033,28.1891352097079,0.60140329236298,1,"Low variability"
"Amillepora06730","chr5:6263466-6263866","Promoter (1-2kb)",-1487,"chr5",6263466,6263866,401,"*",80.7398585412068,6.03385792142137,41.3529030505034,42.7433924358242,5,6265353,6273179,7827,1,"Amillepora06730","Amillepora06730-RA",129.50458108138,TRUE,1487,197.841172230587,94.6321656822289,0.478323923252605,1,"Low variability"
"Amillepora06784","chr5:7108989-7109389","Promoter (<=1kb)",-74,"chr5",7108989,7109389,401,"*",50.8362072296487,15.6880305956955,19.8493934642416,37.7566633183114,5,7109463,7122024,12562,1,"Amillepora06784","Amillepora06784-RA",99.7490007820622,TRUE,74,16.9096783700237,9.52547071500523,0.563314718740679,1,"Low variability"
"Amillepora06805","chr5:7294998-7295398","Promoter (<=1kb)",0,"chr5",7294998,7295398,401,"*",59.8073026231162,23.5320458935433,23.1576257082819,42.0310025618938,5,7276603,7295357,18755,2,"Amillepora06805","Amillepora06805-RA",119.56557153283,TRUE,0,15.3623488577649,8.38005404607705,0.545493018265977,1,"Low variability"
"Amillepora06863","chr5:8518721-8519121","Promoter (<=1kb)",0,"chr5",8518721,8519121,401,"*",74.7591282788952,34.3929901521018,29.7740901963624,19.9469164700513,5,8518891,8524823,5933,1,"Amillepora06863","Amillepora06863-RA",116.018279223155,TRUE,0,34.012509303576,9.65051051987112,0.283734153035762,1,"Low variability"
"Amillepora06897","chr5:9149343-9149743","Promoter (2-3kb)",2057,"chr5",9149343,9149743,401,"*",14.951825655779,95.3349551584576,23.1576257082819,54.854020292641,5,9147286,9152348,5063,1,"Amillepora06897","Amillepora06897-RA",199.644219235794,TRUE,2057,24.3163257711596,10.0672038909979,0.414010076429314,1,"Low variability"
"Amillepora06902","chr5:9214524-9214924","Promoter (2-3kb)",2028,"chr5",9214524,9214924,401,"*",14.951825655779,1.81015737642641,6.61646448808054,6.41150886537363,5,9210002,9216952,6951,2,"Amillepora06902","Amillepora06902-RA",21.6089997469663,TRUE,2028,34.6654235661594,24.8065792327918,0.715600061411283,1,"Low variability"
"Amillepora06940","chr5:9749261-9749661","Promoter (<=1kb)",-190,"chr5",9749261,9749661,401,"*",8.97109539346742,6.6372437135635,6.61646448808054,18.5221367221905,5,9749851,9749922,72,1,"Amillepora06940","Amillepora06940-RA",39.9437145549592,TRUE,190,0.32598428225257,1.06253442104595,3.25946519170733,5,"High variability"
"Amillepora07055","chr5:11099497-11099897","Promoter (1-2kb)",1008,"chr5",11099497,11099897,401,"*",23.9229210492465,65.1656655513507,46.3152514165638,71.2389873930403,5,11098489,11107285,8797,1,"Amillepora07055","Amillepora07055-RA",218.317858478966,TRUE,1008,0.495462779745202,1.52547880593868,3.0788968784359,5,"High variability"
"Amillepora07067","chr5:11170456-11170856","Promoter (2-3kb)",2827,"chr5",11170456,11170856,401,"*",32.8940164427139,16.2914163878377,4.9623483660604,8.54867848716484,5,11167629,11178057,10429,1,"Amillepora07067","Amillepora07067-RA",42.047833862082,TRUE,2827,0.129715935956409,0.347977734434178,2.68261360386065,5,"High variability"
"Amillepora07096","chr5:11567564-11567964","Promoter (<=1kb)",-348,"chr5",11567564,11567964,401,"*",68.7783980165836,15.6880305956955,21.5035095862617,26.3584253354249,5,11568312,11581705,13394,1,"Amillepora07096","Amillepora07096-RA",92.4422602082648,TRUE,348,225.834889788229,99.5882159260394,0.440977990687912,1,"Low variability"
"Amillepora07108","chr5:11683233-11683633","Promoter (<=1kb)",0,"chr5",11683233,11683633,401,"*",77.749493410051,21.7218885171169,23.1576257082819,55.5664101665715,5,11646451,11683331,36881,2,"Amillepora07108","Amillepora07108-RA",138.702809037047,TRUE,0,309.697397756624,216.867596632,0.700256438068058,1,"Low variability"
"Amillepora07183","chr5:12956168-12956568","Promoter (<=1kb)",0,"chr5",12956168,12956568,401,"*",0,9.65417267427418,4.9623483660604,3.56194936965202,5,12944412,12956438,12027,2,"Amillepora07183","Amillepora07183-RA",20.6031550064373,TRUE,0,0.171087319838922,0.524778728016739,3.06731514942671,5,"High variability"
"Amillepora07206","chr5:13159007-13159407","Promoter (<=1kb)",0,"chr5",13159007,13159407,401,"*",62.797667754272,36.2031475285282,36.390554684443,37.7566633183114,5,13153376,13159049,5674,2,"Amillepora07206","Amillepora07206-RA",144.676296054945,TRUE,0,91.4880784119552,47.0514829337002,0.514290864453786,1,"Low variability"
"Amillepora07209","chr5:13190866-13191266","Promoter (<=1kb)",-75,"chr5",13190866,13191266,401,"*",38.8747467050255,33.7896043599596,28.1199740743423,38.4690531922418,5,13191341,13197306,5966,1,"Amillepora07209","Amillepora07209-RA",126.808323916338,TRUE,75,3.40810808502031,9.62551508066268,2.82429865501326,5,"High variability"
"Amillepora07260","chr5:14202941-14203341","Promoter (<=1kb)",-249,"chr5",14202941,14203341,401,"*",5.98073026231162,0,9.92469673212081,4.27433924358242,5,14203590,14216007,12418,1,"Amillepora07260","Amillepora07260-RA",18.8568233591421,TRUE,249,52.4904979237013,17.1939995287598,0.327564039376278,1,"Low variability"
"Amillepora07277","chr5:14600988-14601388","Promoter (<=1kb)",806,"chr5",14600988,14601388,401,"*",0,3.62031475285282,6.61646448808054,4.27433924358242,5,14600731,14602194,1464,2,"Amillepora07277","Amillepora07277-RA",17.118547407222,TRUE,806,0.144562787534659,0.481924340146701,3.33366800934965,5,"High variability"
"Amillepora07318","chr5:15184373-15184773","Promoter (2-3kb)",-2472,"chr5",15184373,15184773,401,"*",8.97109539346742,9.05078688213205,18.1952773422215,11.3982379828865,5,15187245,15195209,7965,1,"Amillepora07318","Amillepora07318-RA",47.9652438991518,TRUE,2472,5.26150306329232,3.79206189651842,0.720718367147654,1,"Low variability"
"Amillepora07346","chr5:15563723-15564123","Promoter (<=1kb)",769,"chr5",15563723,15564123,401,"*",8.97109539346742,4.82708633713709,6.61646448808054,9.26106836109524,5,15551225,15564892,13668,2,"Amillepora07346","Amillepora07346-RA",26.748274498372,TRUE,769,20.3597993442508,14.2401768319651,0.699426187418997,1,"Low variability"
"Amillepora07432","chr5:16593879-16594279","Promoter (<=1kb)",0,"chr5",16593879,16594279,401,"*",179.421907869348,0.603385792142137,216.689211984638,20.6593063439817,5,16586503,16594072,7570,2,"Amillepora07432","Amillepora07432-RA",336.224734854272,TRUE,0,0.869366855939545,3.27738725220721,3.76985530310477,5,"High variability"
"Amillepora07435","chr5:16649065-16649465","Promoter (<=1kb)",0,"chr5",16649065,16649465,401,"*",29.9036513115581,4.22370054499496,43.0070191725235,29.2079848311465,5,16643230,16649410,6181,2,"Amillepora07435","Amillepora07435-RA",100.20691409062,TRUE,0,0.17773054873115,0.467044300706767,2.62782230765099,5,"High variability"
"Amillepora07440","chr5:16700461-16700861","Promoter (<=1kb)",0,"chr5",16700461,16700861,401,"*",5.98073026231162,15.0846448035534,16.5411612202013,34.9071038225898,5,16700755,16708418,7664,1,"Amillepora07440","Amillepora07440-RA",80.1999674479797,TRUE,0,45.0883486292999,27.0827237245348,0.600659029391366,1,"Low variability"
"Amillepora07483","chr5:17369511-17369911","Promoter (1-2kb)",1432,"chr5",17369511,17369911,401,"*",80.7398585412068,13.274487427127,28.1199740743423,51.292070922989,5,17363327,17371343,8017,2,"Amillepora07483","Amillepora07483-RA",131.395964937098,TRUE,1432,18.3407384581412,12.3553071371215,0.673653744385472,1,"Low variability"
"Amillepora07485","chr5:17386851-17387251","Promoter (<=1kb)",-250,"chr5",17386851,17387251,401,"*",107.653144721609,14.4812590114113,31.4282063183826,54.1416304187106,5,17381145,17386601,5457,2,"Amillepora07485","Amillepora07485-RA",147.023752679033,TRUE,250,7.05046326635352,5.49475117762177,0.779346118125886,1,"Low variability"
"Amillepora07487","chr5:17410607-17411007","Promoter (1-2kb)",-1042,"chr5",17410607,17411007,401,"*",5.98073026231162,1.20677158428427,8.27058061010067,11.3982379828865,5,17403134,17409565,6432,2,"Amillepora07487","Amillepora07487-RA",26.7894271583222,TRUE,1042,23.1744153044127,15.4300301115759,0.665821765463822,1,"Low variability"
"Amillepora07560","chr5:18410712-18411112","Promoter (1-2kb)",-1565,"chr5",18410712,18411112,401,"*",0,0,1.65411612202013,6.41150886537363,5,18412677,18428987,16311,1,"Amillepora07560","Amillepora07560-RA",9.8330491354556,TRUE,1565,8.80878271062111,6.1351368519601,0.696479531111912,1,"Low variability"
"Amillepora07578","chr5:18673511-18673911","Promoter (1-2kb)",1979,"chr5",18673511,18673911,401,"*",2.99036513115581,5.43047212927923,1.65411612202013,8.54867848716484,5,18669646,18675890,6245,2,"Amillepora07578","Amillepora07578-RA",18.9333773110412,TRUE,1979,0.129948764996609,0.534872662593607,4.11602728665843,5,"High variability"
"Amillepora07598","chr5:18893250-18893650","Promoter (<=1kb)",513,"chr5",18893250,18893650,401,"*",5.98073026231162,1.20677158428427,18.1952773422215,16.3849671003993,5,18881450,18894163,12714,2,"Amillepora07598","Amillepora07598-RA",44.9946349238162,TRUE,513,8.55224413245248,5.24609842875227,0.613417758836578,1,"Low variability"
"Amillepora07609","chr5:19017418-19017818","Promoter (2-3kb)",2144,"chr5",19017418,19017818,401,"*",41.8651118361813,7.84401529784777,3.30823224404027,20.6593063439817,5,19016186,19019962,3777,2,"Amillepora07609","Amillepora07609-RA",48.1366901508608,TRUE,2144,0.238339370438894,0.580753555781544,2.43666648406474,5,"High variability"
"Amillepora07655","chr5:19738153-19738553","Promoter (1-2kb)",1104,"chr5",19738153,19738553,401,"*",5.98073026231162,0,4.9623483660604,8.54867848716484,5,19737049,19739766,2718,1,"Amillepora07655","Amillepora07655-RA",17.9996306880712,TRUE,1104,0.22193384211646,0.827217139485653,3.727314102243,5,"High variability"
"Amillepora07678","chr5:19955658-19956058","Promoter (2-3kb)",2206,"chr5",19955658,19956058,401,"*",0,0,0,6.41150886537363,5,19958193,19958264,72,2,"Amillepora07678","Amillepora07678-RA",7.81144220053524,TRUE,2206,0.101145665623866,0.407856982945349,4.03237232588949,5,"High variability"
"Amillepora07683","chr5:20025958-20026358","Promoter (<=1kb)",0,"chr5",20025958,20026358,401,"*",23.9229210492465,34.3929901521018,14.8870450981812,10.685848108956,5,20026037,20030179,4143,1,"Amillepora07683","Amillepora07683-RA",73.6244167838065,TRUE,0,0.168259488319781,0.464668270754048,2.76161704397278,5,"High variability"
"Amillepora07717","chr5:20501723-20502123","Promoter (<=1kb)",0,"chr5",20501723,20502123,401,"*",104.662779590453,15.0846448035534,23.1576257082819,52.7168506708498,5,20497183,20501832,4650,2,"Amillepora07717","Amillepora07717-RA",135.057480407545,TRUE,0,8.43731207220015,4.54819702895895,0.539057580191288,1,"Low variability"
"Amillepora07772","chr5:21175832-21176232","Promoter (2-3kb)",-2706,"chr5",21175832,21176232,401,"*",35.8843815738697,85.6807824841834,46.3152514165638,25.6460354614945,5,21141154,21173126,31973,2,"Amillepora07772","Amillepora07772-RA",187.481050976616,TRUE,2706,45.9303541109804,34.8125850642914,0.757942884136591,1,"Low variability"
"Amillepora07785","chr5:21361066-21361466","Promoter (1-2kb)",1240,"chr5",21361066,21361466,401,"*",0,0.603385792142137,18.1952773422215,7.12389873930403,5,21359826,21361178,1353,1,"Amillepora07785","Amillepora07785-RA",31.5544717625827,TRUE,1240,0.173398051671129,0.4565543170954,2.63298412349703,5,"High variability"
"Amillepora07847","chr5:22165087-22165487","Promoter (2-3kb)",-2344,"chr5",22165087,22165487,401,"*",5.98073026231162,9.65417267427418,0,7.83628861323444,5,22167831,22174634,6804,1,"Amillepora07847","Amillepora07847-RA",21.2655159512961,TRUE,2344,0.355322826596195,0.898186505838574,2.5278041223603,5,"High variability"
"Amillepora08023","chr5:24523998-24524398","Promoter (<=1kb)",0,"chr5",24523998,24524398,401,"*",74.7591282788952,18.1015737642641,28.1199740743423,50.5796810490586,5,24524367,24535180,10814,1,"Amillepora08023","Amillepora08023-RA",134.107795344021,TRUE,0,28.0359812911532,17.6235639826861,0.628605212696699,1,"Low variability"
"Amillepora08034","chr5:24702422-24702822","Promoter (<=1kb)",0,"chr5",24702422,24702822,401,"*",77.749493410051,18.1015737642641,38.0446708064631,42.7433924358242,5,24665954,24702476,36523,2,"Amillepora08034","Amillepora08034-RA",137.449895516409,TRUE,0,672.79073565599,406.313581283288,0.603922675729357,1,"Low variability"
"Amillepora08057","chr5:24974824-24975224","Promoter (<=1kb)",0,"chr5",24974824,24975224,401,"*",65.7880328854278,22.9286601014012,33.0823224404027,37.7566633183114,5,24975151,24989462,14312,1,"Amillepora08057","Amillepora08057-RA",127.36972336895,TRUE,0,232.903200384167,62.7273383567894,0.269327936470269,1,"Low variability"
"Amillepora08092","chr5:25369301-25369701","Promoter (2-3kb)",2793,"chr5",25369301,25369701,401,"*",8.97109539346742,47.0640917870866,39.6987869284832,52.0044607969194,5,25366508,25379165,12658,1,"Amillepora08092","Amillepora08092-RA",163.875762428602,TRUE,2793,53.0471659377069,19.1348794302663,0.360714452733182,1,"Low variability"
"Amillepora08157","chr5:25993509-25993909","Promoter (<=1kb)",0,"chr5",25993509,25993909,401,"*",2.99036513115581,0,9.92469673212081,14.2477974786081,5,25993519,25997227,3709,1,"Amillepora08157","Amillepora08157-RA",30.248178863121,TRUE,0,0.184383644954118,0.502683230638241,2.7262896921434,5,"High variability"
"Amillepora08202","chr5:26433188-26433588","Promoter (<=1kb)",0,"chr5",26433188,26433588,401,"*",32.8940164427139,12.0677158428427,31.4282063183826,19.9469164700513,5,26433512,26444420,10909,1,"Amillepora08202","Amillepora08202-RA",83.8186463878228,TRUE,0,2.82948574290395,2.18446404344979,0.772035713177984,1,"Low variability"
"Amillepora08240","chr5:26930877-26931277","Promoter (<=1kb)",0,"chr5",26930877,26931277,401,"*",254.181036148244,19.9117311406905,71.1269932468658,62.6903089058755,5,26926387,26930916,4530,2,"Amillepora08240","Amillepora08240-RA",248.923376275558,TRUE,0,146.790266964243,88.615289751038,0.603686413164056,1,"Low variability"
"Amillepora08287","chr5:27442353-27442753","Promoter (<=1kb)",-5,"chr5",27442353,27442753,401,"*",143.537526295479,30.1692896071068,38.0446708064631,42.0310025618938,5,27442758,27487440,44683,1,"Amillepora08287","Amillepora08287-RA",166.04535238219,TRUE,5,211.94409125667,113.5345432932,0.535681568757237,1,"Low variability"
"Amillepora08537","chr5:30678394-30678794","Promoter (<=1kb)",0,"chr5",30678394,30678794,401,"*",188.393003262816,22.325274309259,23.1576257082819,47.730121553337,5,30670390,30678642,8253,2,"Amillepora08537","Amillepora08537-RA",157.904647942291,TRUE,0,48.0554043412689,12.4304137889153,0.2586683841143,1,"Low variability"
"Amillepora08557","chr5:30821680-30822080","Promoter (1-2kb)",1444,"chr5",30821680,30822080,401,"*",200.354463787439,18.1015737642641,36.390554684443,42.0310025618938,5,30813292,30823524,10233,2,"Amillepora08557","Amillepora08557-RA",165.711199685768,TRUE,1444,357.50005382532,78.0012984525125,0.218185417366748,1,"Low variability"
"Amillepora08570","chr5:30932764-30933164","Promoter (2-3kb)",2976,"chr5",30932764,30933164,401,"*",2.99036513115581,10.2575584664163,6.61646448808054,6.41150886537363,5,30927392,30936140,8749,2,"Amillepora08570","Amillepora08570-RA",27.493706094091,TRUE,2976,52.6185823085499,25.8438244993978,0.491153949147704,1,"Low variability"
"Amillepora08644","chr4:682700-683100","Promoter (1-2kb)",-1307,"chr4",682700,683100,401,"*",2.99036513115581,25.9455890621119,19.8493934642416,29.2079848311465,4,684407,722213,37807,1,"Amillepora08644","Amillepora08644-RA",88.0133749331532,TRUE,1307,118.824539467697,74.4382187813933,0.626454931909328,1,"Low variability"
"Amillepora08824","chr4:2795394-2795794","Promoter (<=1kb)",0,"chr4",2795394,2795794,401,"*",83.7302236723626,29.5659038149647,6.61646448808054,53.4292405447802,4,2795469,2819365,23897,1,"Amillepora08824","Amillepora08824-RA",125.68887756027,TRUE,0,6.22795485551345,4.84172617042358,0.777418315121106,1,"Low variability"
"Amillepora08865","chr4:3249414-3249814","Promoter (1-2kb)",-1830,"chr4",3249414,3249814,401,"*",2.99036513115581,10.8609442585585,11.5788128541409,17.8097468482601,4,3228843,3247584,18742,2,"Amillepora08865","Amillepora08865-RA",48.082950511001,TRUE,1830,25.4420201870934,10.9321254815564,0.429687792131469,1,"Low variability"
"Amillepora09010","chr4:5076644-5077044","Promoter (<=1kb)",0,"chr4",5076644,5077044,401,"*",68.7783980165836,31.9794469835332,41.3529030505034,30.6327645790073,4,5065548,5076799,11252,2,"Amillepora09010","Amillepora09010-RA",139.119383463326,TRUE,0,79.0364109433009,52.0983466359953,0.659168932574249,1,"Low variability"
"Amillepora09032","chr4:5288148-5288548","Promoter (2-3kb)",-2197,"chr4",5288148,5288548,401,"*",2.99036513115581,31.3760611913911,11.5788128541409,21.3716962179121,4,5290745,5305520,14776,1,"Amillepora09032","Amillepora09032-RA",74.0947593142283,TRUE,2197,0.0984379090589504,0.339994325743325,3.45389625799261,5,"High variability"
"Amillepora09069","chr4:5695131-5695531","Promoter (<=1kb)",-433,"chr4",5695131,5695531,401,"*",11.9614605246232,3.62031475285282,3.30823224404027,21.3716962179121,4,5677245,5694698,17454,2,"Amillepora09069","Amillepora09069-RA",36.9449533040015,TRUE,433,40.9512545232834,21.2347639284901,0.518537568035108,1,"Low variability"
"Amillepora09160","chr4:6508164-6508564","Promoter (<=1kb)",-904,"chr4",6508164,6508564,401,"*",8.97109539346742,0,8.27058061010067,7.83628861323444,4,6509468,6524803,15336,1,"Amillepora09160","Amillepora09160-RA",21.9346833435951,TRUE,904,5.6039575165379,3.97472105394587,0.709270375839935,1,"Low variability"
"Amillepora09318","chr4:8667558-8667958","Promoter (1-2kb)",-1978,"chr4",8667558,8667958,401,"*",0,0,4.9623483660604,1.42477974786081,4,8641238,8665580,24343,2,"Amillepora09318","Amillepora09318-RA",7.80069684932448,TRUE,1978,100.117057912225,28.2475768891249,0.282145495265055,1,"Low variability"
"Amillepora09361","chr4:9197078-9197478","Promoter (<=1kb)",-139,"chr4",9197078,9197478,401,"*",11.9614605246232,16.2914163878377,13.2329289761611,10.685848108956,4,9197617,9199023,1407,1,"Amillepora09361","Amillepora09361-RA",49.4412449477746,TRUE,139,0.291218752329999,0.737203520299628,2.53144247889729,5,"High variability"
"Amillepora09425","chr4:9845927-9846327","Promoter (<=1kb)",0,"chr4",9845927,9846327,401,"*",8.97109539346742,3.62031475285282,21.5035095862617,21.3716962179121,4,9846123,9846194,72,2,"Amillepora09425","Amillepora09425-RA",58.4228527801605,TRUE,0,0.368694023424049,1.01863586504387,2.76282174466468,5,"High variability"
"Amillepora09471","chr4:10527053-10527453","Promoter (2-3kb)",-2922,"chr4",10527053,10527453,401,"*",0,6.6372437135635,14.8870450981812,29.9203747050769,4,10530375,10544298,13924,1,"Amillepora09471","Amillepora09471-RA",61.6594271621734,TRUE,2922,0.123730118310822,0.406606559539511,3.28623753933602,5,"High variability"
"Amillepora09594","chr4:12104097-12104497","Promoter (<=1kb)",0,"chr4",12104097,12104497,401,"*",119.614605246232,22.325274309259,36.390554684443,35.6194936965202,4,12104240,12120630,16391,1,"Amillepora09594","Amillepora09594-RA",141.847690459672,TRUE,0,22.2944875684535,14.4709558571509,0.649082236706227,1,"Low variability"
"Amillepora09601","chr4:12223750-12224150","Promoter (<=1kb)",-14,"chr4",12223750,12224150,401,"*",107.653144721609,4.82708633713709,43.0070191725235,41.3186126879634,4,12201193,12223736,22544,2,"Amillepora09601","Amillepora09601-RA",135.353472732138,TRUE,14,80.632862234984,28.5684820806805,0.354303211976091,1,"Low variability"
"Amillepora09609","chr4:12301837-12302237","Promoter (<=1kb)",-958,"chr4",12301837,12302237,401,"*",11.9614605246232,6.6372437135635,4.9623483660604,8.54867848716484,4,12303195,12309215,6021,1,"Amillepora09609","Amillepora09609-RA",26.53075211606,TRUE,958,19.9041986344445,10.6418192482393,0.534651981910163,1,"Low variability"
"Amillepora09652","chr4:13005443-13005843","Promoter (1-2kb)",-1444,"chr4",13005443,13005843,401,"*",2.99036513115581,3.62031475285282,0,4.98672911751282,4,13007287,13034092,26806,1,"Amillepora09652","Amillepora09652-RA",10.6598344977871,TRUE,1444,46.8439511193575,29.4170688585303,0.627980094667424,1,"Low variability"
"Amillepora09661","chr4:13171452-13171852","Promoter (<=1kb)",-416,"chr4",13171452,13171852,401,"*",26.9132861804023,60.3385792142137,11.5788128541409,22.7964759657729,4,13172268,13181041,8774,1,"Amillepora09661","Amillepora09661-RA",112.504782093314,TRUE,416,0.405842725184537,1.03878854405078,2.55958399544661,5,"High variability"
"Amillepora09733","chr4:14331915-14332315","Promoter (1-2kb)",1362,"chr4",14331915,14332315,401,"*",0,6.03385792142137,1.65411612202013,8.54867848716484,4,14332168,14333677,1510,2,"Amillepora09733","Amillepora09733-RA",18.811015758718,TRUE,1362,0.094170120413841,0.25000340642666,2.65480606086083,5,"High variability"
"Amillepora09749","chr4:14577049-14577449","Promoter (<=1kb)",-189,"chr4",14577049,14577449,401,"*",0,4.22370054499496,9.92469673212081,6.41150886537363,4,14570378,14576860,6483,2,"Amillepora09749","Amillepora09749-RA",24.4029905995496,TRUE,189,0.438924292707533,1.11880423374387,2.54896858600022,5,"High variability"
"Amillepora09762","chr4:14722842-14723242","Promoter (1-2kb)",-1097,"chr4",14722842,14723242,401,"*",38.8747467050255,10.2575584664163,0,7.83628861323444,4,14720152,14721745,1594,2,"Amillepora09762","Amillepora09762-RA",30.2604760945516,TRUE,1097,4.7010773364062,3.341680123104,0.710832833407202,1,"Low variability"
"Amillepora09787","chr4:14948732-14949132","Promoter (<=1kb)",-801,"chr4",14948732,14949132,401,"*",20.9325559180907,10.2575584664163,1.65411612202013,1.42477974786081,4,14937952,14947931,9980,2,"Amillepora09787","Amillepora09787-RA",19.9119799811474,TRUE,801,3.73359439146176,2.90373630323652,0.777732125877676,1,"Low variability"
"Amillepora09803","chr4:15113406-15113806","Promoter (<=1kb)",0,"chr4",15113406,15113806,401,"*",107.653144721609,18.7049595564062,61.202296514745,56.2788000405019,4,15079901,15113515,33615,2,"Amillepora09803","Amillepora09803-RA",190.478398363937,TRUE,0,153.02870225053,39.1030925843374,0.255527832421398,1,"Low variability"
"Amillepora09849","chr4:15717098-15717498","Promoter (<=1kb)",0,"chr4",15717098,15717498,401,"*",11.9614605246232,12.6711016349849,28.1199740743423,38.4690531922418,4,15717436,15738066,20631,1,"Amillepora09849","Amillepora09849-RA",97.6607986971936,TRUE,0,0.173987977594917,0.481558941950435,2.76777136332725,5,"High variability"
"Amillepora09857","chr4:15823999-15824399","Promoter (<=1kb)",-10,"chr4",15823999,15824399,401,"*",101.672414459297,26.548974854254,31.4282063183826,47.0177316794066,4,15824409,15869852,45444,1,"Amillepora09857","Amillepora09857-RA",149.573123953121,TRUE,10,32.1636167979622,13.3516112991388,0.415115357921585,1,"Low variability"
"Amillepora09892","chr4:16199852-16200252","Promoter (<=1kb)",351,"chr4",16199852,16200252,401,"*",29.9036513115581,74.8198382256249,8.27058061010067,32.7699342007986,4,16199501,16202425,2925,1,"Amillepora09892","Amillepora09892-RA",136.670443478784,TRUE,351,3.30907636341883,8.82648785396924,2.66735695541641,5,"High variability"
"Amillepora09905","chr4:16335894-16336294","Promoter (2-3kb)",2705,"chr4",16335894,16336294,401,"*",5.98073026231162,0,11.5788128541409,4.27433924358242,4,16333189,16337980,4792,1,"Amillepora09905","Amillepora09905-RA",20.8784302940624,TRUE,2705,0.250841662716971,0.807186086900677,3.21791076553116,5,"High variability"
"Amillepora10012","chr4:17887921-17888321","Promoter (1-2kb)",1660,"chr4",17887921,17888321,401,"*",11.9614605246232,50.6844065399395,19.8493934642416,43.4557823097546,4,17876642,17889981,13340,2,"Amillepora10012","Amillepora10012-RA",133.785491283993,TRUE,1660,25.6931046144567,15.2367363446189,0.593028229684847,1,"Low variability"
"Amillepora10068","chr4:18547387-18547787","Promoter (<=1kb)",-260,"chr4",18547387,18547787,401,"*",0,9.05078688213205,3.30823224404027,3.56194936965202,4,18542979,18547127,4149,2,"Amillepora10068","Amillepora10068-RA",17.9441328158752,TRUE,260,0.793085334338588,2.57836944634155,3.25106181479429,5,"High variability"
"Amillepora10129","chr4:19293860-19294260","Promoter (2-3kb)",-2753,"chr4",19293860,19294260,401,"*",41.8651118361813,38.0133049049546,38.0446708064631,94.7478532327436,4,19285980,19291107,5128,2,"Amillepora10129","Amillepora10129-RA",212.726752883571,TRUE,2753,4.39856945154531,3.17317620494333,0.721410958698975,1,"Low variability"
"Amillepora10141","chr4:19405478-19405878","Promoter (1-2kb)",-1836,"chr4",19405478,19405878,401,"*",2.99036513115581,21.7218885171169,9.92469673212081,14.2477974786081,4,19393350,19403642,10293,2,"Amillepora10141","Amillepora10141-RA",53.1951280662234,TRUE,1836,148.050949168696,82.2456555930166,0.555522649836594,1,"Low variability"
"Amillepora10167","chr4:19914892-19915292","Promoter (2-3kb)",2595,"chr4",19914892,19915292,401,"*",8.97109539346742,3.01692896071068,0,0,4,19870899,19917887,46989,2,"Amillepora10167","Amillepora10167-RA",5.46640670210333,TRUE,2595,64.6597443480094,24.5364712057721,0.379470587970666,1,"Low variability"
"Amillepora10176","chr4:20005182-20005582","Promoter (<=1kb)",-45,"chr4",20005182,20005582,401,"*",101.672414459297,16.8948021799798,21.5035095862617,29.2079848311465,4,19996661,20005137,8477,2,"Amillepora10176","Amillepora10176-RA",105.546387696289,TRUE,45,13.1065011801581,7.95468148121392,0.6069263926254,1,"Low variability"
"Amillepora10238","chr4:20662507-20662907","Promoter (1-2kb)",1706,"chr4",20662507,20662907,401,"*",14.951825655779,0.603385792142137,1.65411612202013,4.98672911751282,4,20658383,20664613,6231,2,"Amillepora10238","Amillepora10238-RA",12.5334723863584,TRUE,1706,0.251476481275375,0.668989948998473,2.6602485672046,5,"High variability"
"Amillepora10256","chr4:20937900-20938300","Promoter (<=1kb)",0,"chr4",20937900,20938300,401,"*",59.8073026231162,15.0846448035534,39.6987869284832,34.9071038225898,4,20926906,20938016,11111,2,"Amillepora10256","Amillepora10256-RA",122.178447080233,TRUE,0,22.6142771498048,17.525032915245,0.774954370601949,1,"Low variability"
"Amillepora10267","chr4:21060048-21060448","Promoter (1-2kb)",1667,"chr4",21060048,21060448,401,"*",2.99036513115581,7.84401529784777,26.4658579523221,25.6460354614945,4,21058381,21064892,6512,1,"Amillepora10267","Amillepora10267-RA",72.6376548921741,TRUE,1667,166.383540460797,70.5726521988657,0.424156452034954,1,"Low variability"
"Amillepora10392","chr4:22128568-22128968","Promoter (<=1kb)",-34,"chr4",22128568,22128968,401,"*",95.6916841969858,24.1354316856855,41.3529030505034,37.044273444381,4,22121612,22128534,6923,2,"Amillepora10392","Amillepora10392-RA",145.482418612203,TRUE,34,54.251744041867,35.5975728925141,0.656155364609899,1,"Low variability"
"Amillepora10437","chr4:22659477-22659877","Promoter (<=1kb)",0,"chr4",22659477,22659877,401,"*",8.97109539346742,2.41354316856855,3.30823224404027,9.26106836109524,4,22651495,22659493,7999,2,"Amillepora10437","Amillepora10437-RA",20.1553996059643,TRUE,0,8.71139610101767,5.59471432167355,0.642229357590568,1,"Low variability"
"Amillepora10495","chr4:23475863-23476263","Promoter (<=1kb)",659,"chr4",23475863,23476263,401,"*",53.8265723608045,32.5828327756754,14.8870450981812,27.0708152093553,4,23468377,23476922,8546,2,"Amillepora10495","Amillepora10495-RA",99.2725136090092,TRUE,659,14.8542462392777,10.081979964303,0.678727133097078,1,"Low variability"
"Amillepora10503","chr4:23569251-23569651","Promoter (<=1kb)",-128,"chr4",23569251,23569651,401,"*",14.951825655779,0.603385792142137,11.5788128541409,12.8230177307473,4,23569779,23582223,12445,1,"Amillepora10503","Amillepora10503-RA",34.2104322409792,TRUE,128,235.639911484604,153.390778042873,0.650954148965952,1,"Low variability"
"Amillepora10641","chr4:25757486-25757886","Promoter (<=1kb)",0,"chr4",25757486,25757886,401,"*",161.479717082414,16.8948021799798,33.0823224404027,55.5664101665715,4,25729179,25757601,28423,2,"Amillepora10641","Amillepora10641-RA",167.006879224452,TRUE,0,56.7775571545767,26.7291622392561,0.470769853068635,1,"Low variability"
"Amillepora10815","chr4:27991704-27992104","Promoter (<=1kb)",440,"chr4",27991704,27992104,401,"*",5.98073026231162,0,0,2.13716962179121,4,27991317,27992544,1228,2,"Amillepora10815","Amillepora10815-RA",4.12336768277486,TRUE,440,0.188304539574033,0.526001685176567,2.79335637030549,5,"High variability"
"Amillepora10818","chr4:27996612-27997012","Promoter (<=1kb)",-128,"chr4",27996612,27997012,401,"*",14.951825655779,41.0302338656653,28.1199740743423,15.6725772264689,4,27994958,27996484,1527,2,"Amillepora10818","Amillepora10818-RA",100.605075807306,TRUE,128,0.767978326705044,2.93832995107263,3.82605843016342,5,"High variability"
"Amillepora10882","chr4:28797077-28797477","Promoter (1-2kb)",1998,"chr4",28797077,28797477,401,"*",8.97109539346742,72.4062950570564,43.0070191725235,16.3849671003993,4,28795144,28799475,4332,2,"Amillepora10882","Amillepora10882-RA",151.293515921311,TRUE,1998,0.132947850994176,0.427073605320413,3.21233929038176,5,"High variability"
"Amillepora10939","chr7:241140-241540","Promoter (<=1kb)",0,"chr7",241140,241540,401,"*",248.200305885932,36.8065333206703,39.6987869284832,53.4292405447802,7,235155,241335,6181,2,"Amillepora10939","Amillepora10939-RA",215.557723764447,TRUE,0,13.9889019382044,7.48846314980159,0.535314578862706,1,"Low variability"
"Amillepora10974","chr7:855604-856004","Promoter (2-3kb)",-2136,"chr7",855604,856004,401,"*",107.653144721609,88.0943256527519,44.6611352945436,39.8938329401026,7,858140,861199,3060,1,"Amillepora10974","Amillepora10974-RA",223.602508901054,TRUE,2136,0.305916781817692,1.03114414452855,3.3706687760041,5,"High variability"
"Amillepora10975","chr7:860735-861135","Promoter (1-2kb)",-1466,"chr7",860735,861135,401,"*",0,0.603385792142137,4.9623483660604,1.42477974786081,7,862601,864365,1765,1,"Amillepora10975","Amillepora10975-RA",8.43811210496621,TRUE,1466,0.542774159614591,1.84189593373502,3.39348493495508,5,"High variability"
"Amillepora10996","chr7:1064092-1064492","Promoter (2-3kb)",2858,"chr7",1064092,1064492,401,"*",0,16.2914163878377,1.65411612202013,20.6593063439817,7,1063223,1067350,4128,2,"Amillepora10996","Amillepora10996-RA",44.4020214834163,TRUE,2858,0.148781063518509,0.423007777258472,2.84315602573877,5,"High variability"
"Amillepora11001","chr7:1116428-1116828","Promoter (<=1kb)",-894,"chr7",1116428,1116828,401,"*",2.99036513115581,4.22370054499496,0,10.685848108956,7,1114587,1115534,948,2,"Amillepora11001","Amillepora11001-RA",18.2407539316824,TRUE,894,0.223978960716202,0.63713013591503,2.84459814385121,5,"High variability"
"Amillepora11029","chr7:1699545-1699945","Promoter (2-3kb)",2984,"chr7",1699545,1699945,401,"*",14.951825655779,15.6880305956955,9.92469673212081,23.5088658397033,7,1691029,1702929,11901,2,"Amillepora11029","Amillepora11029-RA",61.1432770313275,TRUE,2984,0.239504738351561,0.686512592157948,2.86638417629233,5,"High variability"
"Amillepora11051","chr7:1961972-1962372","Promoter (<=1kb)",68,"chr7",1961972,1962372,401,"*",35.8843815738697,49.4776349556552,44.6611352945436,58.4159696622931,7,1961904,1972189,10286,1,"Amillepora11051","Amillepora11051-RA",187.139677728149,TRUE,68,18.7768756435469,8.50127730659861,0.452752495568679,1,"Low variability"
"Amillepora11126","chr7:2925962-2926362","Promoter (<=1kb)",396,"chr7",2925962,2926362,401,"*",62.797667754272,169.55140759194,0,81.9248355019964,7,2910935,2926758,15824,2,"Amillepora11126","Amillepora11126-RA",294.881872364984,TRUE,396,59.5556413589888,37.0744564093555,0.622517960739916,1,"Low variability"
"Amillepora11235","chr7:4814124-4814524","Promoter (<=1kb)",0,"chr7",4814124,4814524,401,"*",62.797667754272,60.3385792142137,41.3529030505034,47.730121553337,7,4801766,4814344,12579,2,"Amillepora11235","Amillepora11235-RA",188.388859397319,TRUE,0,0.725363249263346,1.81980086273865,2.5088131561487,5,"High variability"
"Amillepora11241","chr7:4961438-4962219","Promoter (<=1kb)",818,"chr7",4961438,4962219,782,"*",23.9229210492465,31.9794469835332,21.5035095862617,47.0177316794066,7,4961159,4963037,1879,2,"Amillepora11241","Amillepora11241-RA",123.426022637287,TRUE,818,0.164968202504864,0.489821312152118,2.96918621112863,5,"High variability"
"Amillepora11431","chr7:7424468-7424868","Promoter (2-3kb)",2232,"chr7",7424468,7424868,401,"*",0,1.81015737642641,4.9623483660604,0,7,7422236,7423792,1557,1,"Amillepora11431","Amillepora11431-RA",7.97706657168629,TRUE,2232,0.144119809605028,0.564974692463982,3.92017373609041,5,"High variability"
"Amillepora11456","chr7:7701363-7701763","Promoter (<=1kb)",347,"chr7",7701363,7701763,401,"*",11.9614605246232,68.1825945120614,16.5411612202013,13.5354076046777,7,7701016,7705525,4510,1,"Amillepora11456","Amillepora11456-RA",111.773922891931,TRUE,347,0.361484034960914,0.910319196493159,2.51828326689888,5,"High variability"
"Amillepora11650","chr7:9556242-9556642","Promoter (2-3kb)",2133,"chr7",9556242,9556642,401,"*",14.951825655779,29.5659038149647,4.9623483660604,19.9469164700513,7,9554109,9556712,2604,1,"Amillepora11650","Amillepora11650-RA",65.3993169949179,TRUE,2133,0.138085034117554,0.341303179905318,2.47168842073617,5,"High variability"
"Amillepora11747","chr7:10649432-10649832","Promoter (<=1kb)",-802,"chr7",10649432,10649832,401,"*",11.9614605246232,15.6880305956955,9.92469673212081,17.8097468482601,7,10647539,10648630,1092,2,"Amillepora11747","Amillepora11747-RA",53.4399960451091,TRUE,802,51.7744965531145,28.2190166051633,0.545037006322483,1,"Low variability"
"Amillepora11751","chr7:10670547-10670947","Promoter (<=1kb)",232,"chr7",10670547,10670947,401,"*",0,0,6.61646448808054,4.98672911751282,7,10670417,10671179,763,2,"Amillepora11751","Amillepora11751-RA",14.1619938956533,TRUE,232,0.315865227682101,0.908773213011393,2.87709166241628,5,"High variability"
"Amillepora11757","chr7:10739889-10740289","Promoter (<=1kb)",0,"chr7",10739889,10740289,401,"*",11.9614605246232,2.41354316856855,6.61646448808054,13.5354076046777,7,10736875,10740039,3165,2,"Amillepora11757","Amillepora11757-RA",30.1660184174602,TRUE,0,0.381228527631973,1.43646693564305,3.76799434335559,5,"High variability"
"Amillepora11766","chr7:10821967-10822367","Promoter (1-2kb)",-1367,"chr7",10821967,10822367,401,"*",23.9229210492465,87.4909398606098,28.1199740743423,57.7035797883627,7,10823734,10824630,897,1,"Amillepora11766","Amillepora11766-RA",203.173724230234,TRUE,1367,0.206584812021448,0.604492801743411,2.92612412223533,5,"High variability"
"Amillepora11782","chr7:10994536-10994936","Promoter (<=1kb)",-792,"chr7",10994536,10994936,401,"*",5.98073026231162,13.274487427127,11.5788128541409,10.685848108956,7,10990081,10993744,3664,2,"Amillepora11782","Amillepora11782-RA",42.7130081187157,TRUE,792,0.198483514927422,0.541025597476115,2.72579613311436,5,"High variability"
"Amillepora11783","chr7:11023209-11023609","Promoter (<=1kb)",0,"chr7",11023209,11023609,401,"*",11.9614605246232,3.01692896071068,1.65411612202013,1.42477974786081,7,11020861,11023320,2460,2,"Amillepora11783","Amillepora11783-RA",9.98366648955196,TRUE,0,0.141901425719636,0.440817738842141,3.106506764161,5,"High variability"
"Amillepora11804","chr7:11298925-11299325","Promoter (<=1kb)",-831,"chr7",11298925,11299325,401,"*",26.9132861804023,66.372437135635,26.4658579523221,59.1283595362235,7,11296451,11298094,1644,2,"Amillepora11804","Amillepora11804-RA",181.338236200381,TRUE,831,0.156137877959449,0.443688357886097,2.84164460081447,5,"High variability"
"Amillepora11835","chr7:11694583-11694983","Promoter (2-3kb)",2471,"chr7",11694583,11694983,401,"*",17.9421907869348,31.3760611913911,33.0823224404027,27.0708152093553,7,11684809,11697454,12646,2,"Amillepora11835","Amillepora11835-RA",111.118037686271,TRUE,2471,120.571507000576,62.0124327977327,0.514320790544955,1,"Low variability"
"Amillepora11838","chr7:11765154-11765554","Promoter (<=1kb)",999,"chr7",11765154,11765554,401,"*",2.99036513115581,2.41354316856855,29.7740901963624,15.6725772264689,7,11764020,11766553,2534,2,"Amillepora11838","Amillepora11838-RA",58.7929991492956,TRUE,999,0.417431027128157,1.14233399152986,2.73658141654896,5,"High variability"
"Amillepora11849","chr7:11869390-11869790","Promoter (1-2kb)",1662,"chr7",11869390,11869790,401,"*",5.98073026231162,0,0,9.97345823502565,7,11863519,11871452,7934,2,"Amillepora11849","Amillepora11849-RA",13.6706859278735,TRUE,1662,0.246740572442464,0.72271036280989,2.92902928633033,5,"High variability"
"Amillepora12030","chr7:14066101-14066501","Promoter (1-2kb)",-1531,"chr7",14066101,14066501,401,"*",80.7398585412068,27.1523606463961,43.0070191725235,40.606222814033,7,14053202,14064570,11369,2,"Amillepora12030","Amillepora12030-RA",151.231907896916,TRUE,1531,209.168851272986,66.22502826684,0.316610374172825,1,"Low variability"
"Amillepora12172","chr7:15593080-15593480","Promoter (2-3kb)",-2671,"chr7",15593080,15593480,401,"*",14.951825655779,1.81015737642641,1.65411612202013,7.83628861323444,7,15596151,15599677,3527,1,"Amillepora12172","Amillepora12172-RA",17.2800549867686,TRUE,2671,0.168890063503463,0.672504105182429,3.98190450777253,5,"High variability"
"Amillepora12208","chr7:16159820-16160220","Promoter (<=1kb)",154,"chr7",16159820,16160220,401,"*",2.99036513115581,0,4.9623483660604,3.56194936965202,7,16146312,16160374,14063,2,"Amillepora12208","Amillepora12208-RA",11.1642877241344,TRUE,154,0.219654991426671,0.561145926002701,2.5546695859631,5,"High variability"
"Amillepora12243","chr7:16550776-16551176","Promoter (<=1kb)",-225,"chr7",16550776,16551176,401,"*",2.99036513115581,0,1.65411612202013,9.26106836109524,7,16551401,16552972,1572,1,"Amillepora12243","Amillepora12243-RA",14.0645780325473,TRUE,225,0.233232733016923,0.698009152457941,2.99275810658745,5,"High variability"
"Amillepora12325","chr7:17424716-17425116","Promoter (1-2kb)",-1169,"chr7",17424716,17425116,401,"*",0,0.603385792142137,16.5411612202013,0,7,17422040,17423547,1508,2,"Amillepora12325","Amillepora12325-RA",20.8534846048453,TRUE,1169,0.243382053363438,0.595772941277405,2.44789183526095,5,"High variability"
"Amillepora12441","chr7:18599734-18600134","Promoter (<=1kb)",-178,"chr7",18599734,18600134,401,"*",2.99036513115581,13.274487427127,6.61646448808054,3.56194936965202,7,18600312,18607157,6846,1,"Amillepora12441","Amillepora12441-RA",27.209030283173,TRUE,178,4.63339657375384,3.4550356399978,0.745680967515077,1,"Low variability"
"Amillepora12447","chr7:18680433-18680833","Promoter (1-2kb)",1547,"chr7",18680433,18680833,401,"*",11.9614605246232,0.603385792142137,4.9623483660604,7.12389873930403,7,18671744,18682380,10637,2,"Amillepora12447","Amillepora12447-RA",18.4207235150793,TRUE,1547,34.7868615621359,26.8061012230178,0.770581191267773,1,"Low variability"
"Amillepora12675","chr7:21334380-21334780","Promoter (1-2kb)",-1261,"chr7",21334380,21334780,401,"*",0,0,4.9623483660604,0,7,21336041,21350864,14824,1,"Amillepora12675","Amillepora12675-RA",6.06482080476108,TRUE,1261,49.4534889030605,25.6017326682216,0.517693154438637,1,"Low variability"
"Amillepora12682","chr7:21476477-21476877","Promoter (<=1kb)",0,"chr7",21476477,21476877,401,"*",23.9229210492465,31.9794469835332,33.0823224404027,37.7566633183114,7,21476723,21488021,11299,1,"Amillepora12682","Amillepora12682-RA",126.294076892068,TRUE,0,97.2517147302896,26.718453998435,0.274735042693426,1,"Low variability"
"Amillepora12715","chr7:21918977-21919377","Promoter (<=1kb)",945,"chr7",21918977,21919377,401,"*",8.97109539346742,38.0133049049546,38.0446708064631,37.044273444381,7,21919390,21920322,933,2,"Amillepora12715","Amillepora12715-RA",134.06622819114,TRUE,945,0.232308303399629,0.605448412770475,2.60622803365298,5,"High variability"
"Amillepora12757","chr7:22435840-22436240","Promoter (<=1kb)",0,"chr7",22435840,22436240,401,"*",71.7687631477394,20.5151169328326,46.3152514165638,45.5929519315458,7,22407393,22436097,28705,2,"Amillepora12757","Amillepora12757-RA",152.059789686775,TRUE,0,1016.86543084605,662.717773996907,0.651726131987309,1,"Low variability"
"Amillepora12910","chr12:15052-15452","Promoter (1-2kb)",-1100,"chr12",15052,15452,401,"*",8.97109539346742,10.8609442585585,0,27.7832050832857,12,16552,20412,3861,1,"Amillepora12910","Amillepora12910-RA",47.6023878944319,TRUE,1100,45.7945869053393,32.2049326783899,0.703247585679936,1,"Low variability"
"Amillepora12937","chr12:305953-306353","Promoter (<=1kb)",-569,"chr12",305953,306353,401,"*",11.9614605246232,21.1185027249748,9.92469673212081,20.6593063439817,12,306922,310474,3553,1,"Amillepora12937","Amillepora12937-RA",62.6484854350115,TRUE,569,0.952565161445909,3.07445230016836,3.22755064388625,5,"High variability"
"Amillepora12980","chr12:802552-802952","Promoter (<=1kb)",0,"chr12",802552,802952,401,"*",68.7783980165836,21.7218885171169,26.4658579523221,37.7566633183114,12,798815,802582,3768,2,"Amillepora12980","Amillepora12980-RA",118.76824192595,TRUE,0,106.0441564976,81.4501416601074,0.768077604181335,1,"Low variability"
"Amillepora13033","chr12:1275968-1276368","Promoter (<=1kb)",0,"chr12",1275968,1276368,401,"*",89.7109539346742,16.8948021799798,39.6987869284832,40.606222814033,12,1255055,1276148,21094,2,"Amillepora13033","Amillepora13033-RA",138.63196510506,TRUE,0,51.1652785241951,18.3069747506529,0.357800744541942,1,"Low variability"
"Amillepora13053","chr12:1520538-1520938","Promoter (<=1kb)",0,"chr12",1520538,1520938,401,"*",50.8362072296487,63.3555081749243,38.0446708064631,22.0840860918425,12,1513498,1520880,7383,2,"Amillepora13053","Amillepora13053-RA",153.247845771686,TRUE,0,32.7290265093942,15.7223012022425,0.480377905457401,1,"Low variability"
"Amillepora13077","chr12:1783145-1783545","Promoter (1-2kb)",1589,"chr12",1783145,1783545,401,"*",8.97109539346742,8.44740108998991,9.92469673212081,3.56194936965202,12,1779141,1785134,5994,2,"Amillepora13077","Amillepora13077-RA",27.6724757238096,TRUE,1589,17.7540418750548,9.80666142499056,0.552362188509274,1,"Low variability"
"Amillepora13080","chr12:1825833-1826233","Promoter (1-2kb)",1667,"chr12",1825833,1826233,401,"*",134.566430902011,22.9286601014012,29.7740901963624,42.7433924358242,12,1822282,1827900,5619,2,"Amillepora13080","Amillepora13080-RA",146.876942238274,TRUE,1667,312.542439674435,215.248605334398,0.688702006545466,1,"Low variability"
"Amillepora13095","chr12:2000529-2000929","Promoter (<=1kb)",0,"chr12",2000529,2000929,401,"*",152.508621688946,10.2575584664163,36.390554684443,42.7433924358242,12,2000536,2014499,13964,1,"Amillepora13095","Amillepora13095-RA",146.136310457268,TRUE,0,9.67961901524145,5.64645637827559,0.58333456816686,1,"Low variability"
"Amillepora13104","chr12:2126989-2127389","Promoter (2-3kb)",-2517,"chr12",2126989,2127389,401,"*",20.9325559180907,15.0846448035534,107.517547931309,40.606222814033,12,2112855,2124472,11618,2,"Amillepora13104","Amillepora13104-RA",202.130737086678,TRUE,2517,21.5474534954495,16.6144859672915,0.771064941423365,1,"Low variability"
"Amillepora13107","chr12:2190784-2191184","Promoter (2-3kb)",2897,"chr12",2190784,2191184,401,"*",14.951825655779,1.81015737642641,4.9623483660604,9.97345823502565,12,2187887,2197086,9200,1,"Amillepora13107","Amillepora13107-RA",23.9270829234544,TRUE,2897,20.1140642387378,12.2535357163247,0.609202375555982,1,"Low variability"
"Amillepora13159","chr12:2832796-2833196","Promoter (2-3kb)",2584,"chr12",2832796,2833196,401,"*",35.8843815738697,101.368813079879,43.0070191725235,56.9911899144323,12,2830212,2841996,11785,1,"Amillepora13159","Amillepora13159-RA",238.199906733855,TRUE,2584,97.7617823480958,49.3893786982662,0.5052012914659,1,"Low variability"
"Amillepora13185","chr12:3151077-3151477","Promoter (<=1kb)",0,"chr12",3151077,3151477,401,"*",65.7880328854278,19.3083453485484,26.4658579523221,48.4425114272674,12,3145810,3151199,5390,2,"Amillepora13185","Amillepora13185-RA",128.477874429644,TRUE,0,21.3454981383729,10.9600002736188,0.513457226557575,1,"Low variability"
"Amillepora13193","chr12:3246875-3247275","Promoter (<=1kb)",-79,"chr12",3246875,3247275,401,"*",59.8073026231162,24.7388174778276,34.7364385624228,20.6593063439817,12,3237131,3246796,9666,2,"Amillepora13193","Amillepora13193-RA",108.953509920106,TRUE,79,7.84433740626454,5.97557009865713,0.76176862227841,1,"Low variability"
"Amillepora13223","chr12:3548902-3549302","Promoter (<=1kb)",-466,"chr12",3548902,3549302,401,"*",5.98073026231162,0.603385792142137,8.27058061010067,13.5354076046777,12,3549768,3555514,5747,1,"Amillepora13223","Amillepora13223-RA",28.7558259695255,TRUE,466,16.6344098357634,7.5255032709419,0.452405786874526,1,"Low variability"
"Amillepora13508","chr12:6492213-6492613","Promoter (<=1kb)",0,"chr12",6492213,6492613,401,"*",5.98073026231162,47.0640917870866,13.2329289761611,13.5354076046777,12,6492312,6493124,813,1,"Amillepora13508","Amillepora13508-RA",83.9016214587001,TRUE,0,0.63017966642343,2.01158239103704,3.19207759027474,5,"High variability"
"Amillepora13518","chr12:6603280-6603680","Promoter (<=1kb)",858,"chr12",6603280,6603680,401,"*",2.99036513115581,21.7218885171169,0,7.83628861323444,12,6602422,6603279,858,1,"Amillepora13518","Amillepora13518-RA",33.2540442561659,TRUE,858,0.251807820266019,0.804854249664147,3.19630362875097,5,"High variability"
"Amillepora13566","chr12:7293166-7293566","Promoter (<=1kb)",896,"chr12",7293166,7293566,401,"*",2.99036513115581,3.01692896071068,4.9623483660604,4.27433924358242,12,7292270,7293460,1191,1,"Amillepora13566","Amillepora13566-RA",15.2193020246248,TRUE,896,0.420895355489372,1.12009335117902,2.66121575486785,5,"High variability"
"Amillepora13601","chr12:7748518-7748918","Promoter (<=1kb)",0,"chr12",7748518,7748918,401,"*",32.8940164427139,45.8573202028024,34.7364385624228,34.1947139486594,12,7748577,7750910,2334,1,"Amillepora13601","Amillepora13601-RA",140.915875019234,TRUE,0,0.253221525621201,1.05136517492177,4.1519581415623,5,"High variability"
"Amillepora13675","chr12:8651694-8652094","Promoter (1-2kb)",-1913,"chr12",8651694,8652094,401,"*",8.97109539346742,3.62031475285282,19.8493934642416,0.712389873930403,12,8654007,8654621,615,1,"Amillepora13675","Amillepora13675-RA",31.2310431990711,TRUE,1913,0.139127920653613,0.433228326233746,3.11388486364541,5,"High variability"
"Amillepora13876","chr12:10847488-10847888","Promoter (<=1kb)",886,"chr12",10847488,10847888,401,"*",14.951825655779,5.43047212927923,4.9623483660604,16.3849671003993,12,10841124,10848774,7651,2,"Amillepora13876","Amillepora13876-RA",35.5630166578401,TRUE,886,0.220001117284261,0.588624695019321,2.67555320757197,5,"High variability"
"Amillepora14017","chr12:12662396-12662796","Promoter (2-3kb)",2273,"chr12",12662396,12662796,401,"*",0,0,4.9623483660604,4.27433924358242,12,12660123,12666135,6013,1,"Amillepora14017","Amillepora14017-RA",11.2724489384512,TRUE,2273,0.692121890679809,1.84817054531243,2.67029633103664,5,"High variability"
"Amillepora14052","chr12:13075960-13076360","Promoter (2-3kb)",-2102,"chr12",13075960,13076360,401,"*",0,7.24062950570564,1.65411612202013,1.42477974786081,12,13078462,13087859,9398,1,"Amillepora14052","Amillepora14052-RA",11.4064660471846,TRUE,2102,11.9704457457899,6.10950753805933,0.51038262632852,1,"Low variability"
"Amillepora14148","chr12:14514291-14514691","Promoter (<=1kb)",-237,"chr12",14514291,14514691,401,"*",77.749493410051,22.325274309259,3.30823224404027,17.0973569743297,12,14500889,14514054,13166,2,"Amillepora14148","Amillepora14148-RA",68.2122878704326,TRUE,237,33.7487220003957,23.674357801714,0.701489016426649,1,"Low variability"
"Amillepora14189","chr12:14991875-14992275","Promoter (2-3kb)",-2412,"chr12",14991875,14992275,401,"*",8.97109539346742,1.20677158428427,0,4.27433924358242,12,14994687,14995583,897,1,"Amillepora14189","Amillepora14189-RA",8.76178906886829,TRUE,2412,0.346026852228386,1.06951428050006,3.09084186274121,5,"High variability"
"Amillepora14275","chr12:16108906-16109306","Promoter (<=1kb)",0,"chr12",16108906,16109306,401,"*",0,13.274487427127,21.5035095862617,11.3982379828865,12,16109251,16111481,2231,1,"Amillepora14275","Amillepora14275-RA",54.1910341345899,TRUE,0,2.2990587177755,11.1826674868316,4.86401995754663,5,"High variability"
"Amillepora14382","chr12:17426683-17427083","Promoter (1-2kb)",1946,"chr12",17426683,17427083,401,"*",2.99036513115581,0,9.92469673212081,9.26106836109524,12,17424737,17426205,1469,1,"Amillepora14382","Amillepora14382-RA",24.1726127071491,TRUE,1946,0.289299711528241,0.882170384400004,3.04933032853677,5,"High variability"
"Amillepora14457","chr12:18254332-18254732","Promoter (<=1kb)",-928,"chr12",18254332,18254732,401,"*",2.99036513115581,0,0,4.27433924358242,12,18251196,18253404,2209,2,"Amillepora14457","Amillepora14457-RA",5.96740494165505,TRUE,928,11.0410680166721,5.40673050813789,0.4896927090725,1,"Low variability"
"Amillepora14509","chr12:18879138-18879538","Promoter (<=1kb)",0,"chr12",18879138,18879538,401,"*",0,8.44740108998991,9.92469673212081,0,12,18879183,18879254,72,1,"Amillepora14509","Amillepora14509-RA",21.0534551885064,TRUE,0,1.22370107988925,3.28955150437383,2.68819857924089,5,"High variability"
"Amillepora14678","chr12:20883926-20884326","Promoter (<=1kb)",17,"chr12",20883926,20884326,401,"*",47.8458420984929,24.7388174778276,49.623483660604,36.3318835704506,12,20871361,20884343,12983,2,"Amillepora14678","Amillepora14678-RA",143.203501592727,TRUE,17,27.1267163965332,14.5383259350602,0.535941236769747,1,"Low variability"
"Amillepora14682","chr12:20933348-20933748","Promoter (1-2kb)",1522,"chr12",20933348,20933748,401,"*",68.7783980165836,21.7218885171169,31.4282063183826,41.3186126879634,12,20908359,20935270,26912,2,"Amillepora14682","Amillepora14682-RA",129.17275284212,TRUE,1522,8.18660310455763,4.48600489219659,0.547969021449098,1,"Low variability"
"Amillepora14808","chr12:22803519-22803919","Promoter (<=1kb)",-736,"chr12",22803519,22803919,401,"*",0,1.20677158428427,11.5788128541409,7.12389873930403,12,22777463,22802783,25321,2,"Amillepora14808","Amillepora14808-RA",24.1054592785429,TRUE,736,15.5434726237756,7.7771287479712,0.500346926083631,1,"Low variability"
"Amillepora14901","chr13:394773-395173","Promoter (<=1kb)",0,"chr13",394773,395173,401,"*",173.441177607037,33.7896043599596,33.0823224404027,37.044273444381,13,385162,394820,9659,2,"Amillepora14901","Amillepora14901-RA",165.327225034956,TRUE,0,12.8489559557935,8.35663362445007,0.650374524840839,1,"Low variability"
"Amillepora14945","chr13:835110-835510","Promoter (1-2kb)",1068,"chr13",835110,835510,401,"*",38.8747467050255,67.5792087199193,18.1952773422215,2.84955949572161,13,832976,836578,3603,2,"Amillepora14945","Amillepora14945-RA",106.977035508668,TRUE,1068,0.36527749966337,0.8956762770054,2.45204338572956,5,"High variability"
"Amillepora15020","chr13:1652104-1652504","Promoter (<=1kb)",-32,"chr13",1652104,1652504,401,"*",62.797667754272,18.7049595564062,23.1576257082819,37.7566633183114,13,1652536,1653906,1371,1,"Amillepora15020","Amillepora15020-RA",110.018398161971,TRUE,32,0.109489358246006,0.285265820320745,2.60542051657474,5,"High variability"
"Amillepora15142","chr13:3079555-3079955","Promoter (<=1kb)",-165,"chr13",3079555,3079955,401,"*",92.70131906583,16.2914163878377,19.8493934642416,46.3053418054762,13,3059180,3079390,20211,2,"Amillepora15142","Amillepora15142-RA",121.438547616593,TRUE,165,96.2733726629898,29.6336378279128,0.307807205754046,1,"Low variability"
"Amillepora15182","chr13:3425197-3425597","Promoter (<=1kb)",-107,"chr13",3425197,3425597,401,"*",20.9325559180907,9.05078688213205,9.92469673212081,17.8097468482601,13,3417782,3425090,7309,2,"Amillepora15182","Amillepora15182-RA",48.7077586569448,TRUE,107,14.4835216621308,5.60805886460362,0.387202711842291,1,"Low variability"
"Amillepora15211","chr13:3798329-3798729","Promoter (<=1kb)",0,"chr13",3798329,3798729,401,"*",65.7880328854278,14.4812590114113,18.1952773422215,40.606222814033,13,3798452,3812704,14253,1,"Amillepora15211","Amillepora15211-RA",103.72319946481,TRUE,0,5.38987965171605,3.77265267395106,0.699951189587305,1,"Low variability"
"Amillepora15256","chr13:4497684-4498084","Promoter (1-2kb)",1303,"chr13",4497684,4498084,401,"*",17.9421907869348,4.82708633713709,18.1952773422215,20.6593063439817,13,4496381,4497901,1521,1,"Amillepora15256","Amillepora15256-RA",57.0658618232163,TRUE,1303,0.85126803803128,2.26469787701167,2.66038166104441,5,"High variability"
"Amillepora15279","chr13:4749929-4750329","Promoter (1-2kb)",-1742,"chr13",4749929,4750329,401,"*",0,0,1.65411612202013,4.98672911751282,13,4730025,4748187,18163,2,"Amillepora15279","Amillepora15279-RA",8.09717309089221,TRUE,1742,81.4369510894002,33.7443794489458,0.414362018684881,1,"Low variability"
"Amillepora15354","chr13:5556776-5557176","Promoter (<=1kb)",-675,"chr13",5556776,5557176,401,"*",140.547161164323,15.0846448035534,24.811741830302,52.0044607969194,13,5557851,5560675,2825,1,"Amillepora15354","Amillepora15354-RA",145.328471015762,TRUE,675,38.076686023402,28.0480474267222,0.736619972901103,1,"Low variability"
"Amillepora15395","chr13:6113360-6113760","Promoter (<=1kb)",549,"chr13",6113360,6113760,401,"*",8.97109539346742,39.2200764892389,34.7364385624228,48.4425114272674,13,6112811,6114288,1478,1,"Amillepora15395","Amillepora15395-RA",145.18485318909,TRUE,549,0.348921124644131,1.44934098984974,4.15377828249275,5,"High variability"
"Amillepora15415","chr13:6365592-6365992","Promoter (1-2kb)",-1285,"chr13",6365592,6365992,401,"*",32.8940164427139,34.3929901521018,26.4658579523221,55.5664101665715,13,6367277,6378716,11440,1,"Amillepora15415","Amillepora15415-RA",144.73509115589,TRUE,1285,9.75680976003993,6.47924894759493,0.664074539418755,1,"Low variability"
"Amillepora15416","chr13:6406770-6407170","Promoter (2-3kb)",2613,"chr13",6406770,6407170,401,"*",0,2.41354316856855,6.61646448808054,4.27433924358242,13,6379882,6409783,29902,2,"Amillepora15416","Amillepora15416-RA",15.8437168959386,TRUE,2613,17.9728148585561,13.0005423437241,0.723344809704924,1,"Low variability"
"Amillepora15466","chr13:6871272-6871672","Promoter (1-2kb)",1633,"chr13",6871272,6871672,401,"*",17.9421907869348,0,11.5788128541409,11.3982379828865,13,6869379,6873305,3927,2,"Amillepora15466","Amillepora15466-RA",32.596917748739,TRUE,1633,12.9589682007132,5.11811855406106,0.394947998543542,1,"Low variability"
"Amillepora15483","chr13:7069688-7070088","Promoter (1-2kb)",-1121,"chr13",7069688,7070088,401,"*",11.9614605246232,0.603385792142137,0,22.0840860918425,13,7071209,7071850,642,1,"Amillepora15483","Amillepora15483-RA",30.5826011782338,TRUE,1121,0.180538790757642,0.472074212784506,2.61480765880517,5,"High variability"
"Amillepora15643","chr13:8914253-8914653","Promoter (<=1kb)",67,"chr13",8914253,8914653,401,"*",32.8940164427139,0,51.2775997826242,25.6460354614945,13,8913207,8914720,1514,2,"Amillepora15643","Amillepora15643-RA",102.273128672286,TRUE,67,0.115944380436083,0.33110311498162,2.85570644938802,5,"High variability"
"Amillepora15669","chr13:9214114-9214514","Promoter (<=1kb)",130,"chr13",9214114,9214514,401,"*",8.97109539346742,14.4812590114113,6.61646448808054,7.83628861323444,13,9213984,9214056,73,1,"Amillepora15669","Amillepora15669-RA",35.2110425440764,TRUE,130,0.140228667617097,0.417941990241643,2.98043187134073,5,"High variability"
"Amillepora15686","chr13:9524992-9525392","Promoter (<=1kb)",0,"chr13",9524992,9525392,401,"*",5.98073026231162,19.3083453485484,0,1.42477974786081,13,9525212,9526762,1551,1,"Amillepora15686","Amillepora15686-RA",23.6527178410287,TRUE,0,0.460571426453547,1.25630529858589,2.72771002808312,5,"High variability"
"Amillepora15760","chr13:10462769-10463169","Promoter (2-3kb)",2083,"chr13",10462769,10463169,401,"*",5.98073026231162,0,3.30823224404027,2.13716962179121,13,10463822,10465252,1431,2,"Amillepora15760","Amillepora15760-RA",8.16658155261559,TRUE,2083,0.278077593357628,0.748520906909132,2.69176994043702,5,"High variability"
"Amillepora15774","chr13:10647174-10647574","Promoter (<=1kb)",916,"chr13",10647174,10647574,401,"*",0,0.603385792142137,0,5.69911899144323,13,10635400,10648490,13091,2,"Amillepora15774","Amillepora15774-RA",7.58091943389529,TRUE,916,0.922903069933219,2.66580748546897,2.88850213236572,5,"High variability"
"Amillepora15827","chr13:11313706-11314106","Promoter (<=1kb)",-14,"chr13",11313706,11314106,401,"*",164.470082213569,27.1523606463961,29.7740901963624,54.1416304187106,13,11309105,11313692,4588,2,"Amillepora15827","Amillepora15827-RA",172.823625463922,TRUE,14,67.3025690778464,40.4976059084129,0.601724517552529,1,"Low variability"
"Amillepora15878","chr13:11978109-11978509","Promoter (<=1kb)",-116,"chr13",11978109,11978509,401,"*",71.7687631477394,16.8948021799798,64.5105287587852,131.079736803194,13,11970599,11977993,7395,2,"Amillepora15878","Amillepora15878-RA",274.625537110851,TRUE,116,0.130615055882085,0.472190685181532,3.61513213000352,5,"High variability"
"Amillepora15885","chr13:12044433-12044833","Promoter (<=1kb)",0,"chr13",12044433,12044833,401,"*",83.7302236723626,16.2914163878377,18.1952773422215,42.7433924358242,13,12029597,12044500,14904,2,"Amillepora15885","Amillepora15885-RA",112.797920146369,TRUE,0,13.755053100088,6.92845447440155,0.503702488386411,1,"Low variability"
"Amillepora15996","chr13:12298058-12298458","Promoter (2-3kb)",-2789,"chr13",12298058,12298458,401,"*",38.8747467050255,85.6807824841834,41.3529030505034,30.6327645790073,13,12301247,12312557,11311,1,"Amillepora15996","Amillepora15996-RA",188.251573135792,TRUE,2789,0.343725171950759,1.49091041424832,4.33750721771958,5,"High variability"
"Amillepora15998","chr13:12353625-12354025","Promoter (2-3kb)",-2899,"chr13",12353625,12354025,401,"*",5.98073026231162,1.20677158428427,4.9623483660604,12.1106278568169,13,12356924,12360086,3163,1,"Amillepora15998","Amillepora15998-RA",23.6141513107632,TRUE,2899,0.438813702761249,1.41821559749662,3.23193097337766,5,"High variability"
"Amillepora16088","chr13:13824439-13824839","Promoter (<=1kb)",0,"chr13",13824439,13824839,401,"*",50.8362072296487,34.9963759442439,23.1576257082819,47.0177316794066,13,13822294,13824490,2197,2,"Amillepora16088","Amillepora16088-RA",135.4726971221,TRUE,0,5.99467214563086,3.97990782172867,0.663907504037461,1,"Low variability"
"Amillepora16138","chr13:14491020-14491420","Promoter (1-2kb)",1525,"chr13",14491020,14491420,401,"*",35.8843815738697,18.1015737642641,0,29.9203747050769,13,14490893,14492945,2053,2,"Amillepora16138","Amillepora16138-RA",64.6931763006617,TRUE,1525,0.498279417659533,1.79297992862833,3.5983423458471,5,"High variability"
"Amillepora16171","chr13:14904663-14905063","Promoter (1-2kb)",-1522,"chr13",14904663,14905063,401,"*",2.99036513115581,0,0,4.27433924358242,13,14899432,14903141,3710,2,"Amillepora16171","Amillepora16171-RA",5.96740494165505,TRUE,1522,57.8954683230854,33.8726972096129,0.58506646877069,1,"Low variability"
"Amillepora16180","chr13:15025050-15025450","Promoter (2-3kb)",-2957,"chr13",15025050,15025450,401,"*",14.951825655779,1.20677158428427,9.92469673212081,9.97345823502565,13,15028407,15039345,10939,1,"Amillepora16180","Amillepora16180-RA",29.3544884725738,TRUE,2957,5.55077436572936,3.83040836246088,0.69006738701359,1,"Low variability"
"Amillepora16192","chr13:15159005-15159405","Promoter (<=1kb)",-66,"chr13",15159005,15159405,401,"*",107.653144721609,7.84401529784777,33.0823224404027,39.1814430661722,13,15145854,15158939,13086,2,"Amillepora16192","Amillepora16192-RA",123.807093333979,TRUE,66,16.1498770365787,5.11892368590823,0.31696363225021,1,"Low variability"
"Amillepora16211","chr13:15492886-15493286","Promoter (1-2kb)",-1843,"chr13",15492886,15493286,401,"*",5.98073026231162,12.6711016349849,9.92469673212081,8.54867848716484,13,15486035,15491043,5009,2,"Amillepora16211","Amillepora16211-RA",37.4501718613087,TRUE,1843,24.667126338164,14.8223168721415,0.600893540209786,1,"Low variability"
"Amillepora16252","chr13:15910162-15910562","Promoter (1-2kb)",1060,"chr13",15910162,15910562,401,"*",11.9614605246232,9.65417267427418,3.30823224404027,27.0708152093553,13,15909102,15919136,10035,1,"Amillepora16252","Amillepora16252-RA",50.2626100386723,TRUE,1060,39.6334184200878,26.3598308057557,0.665091023094679,1,"Low variability"
"Amillepora16326","chr13:16692616-16693016","Promoter (<=1kb)",0,"chr13",16692616,16693016,401,"*",164.470082213569,26.548974854254,39.6987869284832,44.8805620576154,13,16692997,16697522,4526,1,"Amillepora16326","Amillepora16326-RA",173.03265752814,TRUE,0,22.4132627768436,14.6988288563451,0.655809419748173,1,"Low variability"
"Amillepora16545","chr13:19724961-19725361","Promoter (<=1kb)",-70,"chr13",19724961,19725361,401,"*",137.556796033167,19.9117311406905,19.8493934642416,44.168172183685,13,19725431,19730892,5462,1,"Amillepora16545","Amillepora16545-RA",134.055877203071,TRUE,70,14.5189811867166,8.23895904132751,0.567461238180081,1,"Low variability"
"Amillepora16609","chr13:20342255-20342655","Promoter (2-3kb)",2767,"chr13",20342255,20342655,401,"*",2.99036513115581,9.05078688213205,0,7.83628861323444,13,20336143,20345422,9280,2,"Amillepora16609","Amillepora16609-RA",19.8683238876895,TRUE,2767,2.89868866144143,2.18214857124147,0.752805432424865,1,"Low variability"
"Amillepora16647","chr13:20767665-20768065","Promoter (2-3kb)",2126,"chr13",20767665,20768065,401,"*",14.951825655779,36.2031475285282,3.30823224404027,19.9469164700513,13,20767771,20770191,2421,2,"Amillepora16647","Amillepora16647-RA",70.3892778720566,TRUE,2126,0.10940899064487,0.42276302208802,3.86406107575073,5,"High variability"
"Amillepora16651","chr13:20812268-20812668","Promoter (2-3kb)",-2603,"chr13",20812268,20812668,401,"*",2.99036513115581,15.0846448035534,11.5788128541409,30.6327645790073,13,20815271,20827004,11734,1,"Amillepora16651","Amillepora16651-RA",68.1677417015635,TRUE,2603,12.080029326591,7.35281870250425,0.608675567228875,1,"Low variability"
"Amillepora16669","chr13:21047408-21047808","Promoter (<=1kb)",-246,"chr13",21047408,21047808,401,"*",17.9421907869348,1.81015737642641,6.61646448808054,11.3982379828865,13,21048054,21052220,4167,1,"Amillepora16669","Amillepora16669-RA",28.4443427109031,TRUE,246,10.5175558142985,5.36536853616483,0.510134543699845,1,"Low variability"
"Amillepora16714","chr13:21685984-21686384","Promoter (<=1kb)",0,"chr13",21685984,21686384,401,"*",86.7205888035184,25.3422032699697,28.1199740743423,61.9779190319451,13,21670051,21686251,16201,2,"Amillepora16714","Amillepora16714-RA",158.682894000088,TRUE,0,39.4187216537493,22.6290871309369,0.574069532992696,1,"Low variability"
"Amillepora16769","chr10:76175-76575","Promoter (1-2kb)",1793,"chr10",76175,76575,401,"*",2.99036513115581,10.2575584664163,9.92469673212081,3.56194936965202,10,56203,78368,22166,2,"Amillepora16769","Amillepora16769-RA",28.065167874805,TRUE,1793,33.3926103421896,17.0875417469603,0.51171626212675,1,"Low variability"
"Amillepora16800","chr10:430202-430602","Promoter (2-3kb)",2926,"chr10",430202,430602,401,"*",11.9614605246232,0,1.65411612202013,7.83628861323444,10,427276,433019,5744,1,"Amillepora16800","Amillepora16800-RA",14.6080324118785,TRUE,2926,17.5655227853092,11.4884981221594,0.654036789145138,1,"Low variability"
"Amillepora16826","chr10:697090-697490","Promoter (1-2kb)",-1944,"chr10",697090,697490,401,"*",0,10.2575584664163,6.61646448808054,12.1106278568169,10,699434,744377,44944,1,"Amillepora16826","Amillepora16826-RA",33.6774334643797,TRUE,1944,32.4739252994214,23.2556180647716,0.716132030555173,1,"Low variability"
"Amillepora16930","chr10:2083866-2084266","Promoter (1-2kb)",1169,"chr10",2083866,2084266,401,"*",0,2.41354316856855,11.5788128541409,17.0973569743297,10,2082697,2084961,2265,1,"Amillepora16930","Amillepora16930-RA",37.5314221017701,TRUE,1169,92.8878525317798,37.9360129916593,0.408406610311938,1,"Low variability"
"Amillepora16934","chr10:2145899-2146299","Promoter (<=1kb)",0,"chr10",2145899,2146299,401,"*",89.7109539346742,23.5320458935433,13.2329289761611,52.7168506708498,10,2130356,2145998,15643,2,"Amillepora16934","Amillepora16934-RA",128.052768337182,TRUE,0,10.867014837462,6.35355826656107,0.584664543261535,1,"Low variability"
"Amillepora16998","chr10:2755239-2755639","Promoter (<=1kb)",0,"chr10",2755239,2755639,401,"*",95.6916841969858,20.5151169328326,23.1576257082819,44.168172183685,10,2748793,2755322,6530,2,"Amillepora16998","Amillepora16998-RA",128.099631017045,TRUE,0,16.1816850913987,7.0659922470913,0.436666033678234,1,"Low variability"
"Amillepora17045","chr10:3272461-3272861","Promoter (1-2kb)",1017,"chr10",3272461,3272861,401,"*",0,9.65417267427418,13.2329289761611,10.685848108956,10,3267959,3273878,5920,2,"Amillepora17045","Amillepora17045-RA",39.390569903856,TRUE,1017,0.144346909967224,0.437385459304856,3.03009922002606,5,"High variability"
"Amillepora17111","chr10:4192488-4192888","Promoter (<=1kb)",0,"chr10",4192488,4192888,401,"*",62.797667754272,10.8609442585585,29.7740901963624,56.2788000405019,10,4183400,4192579,9180,2,"Amillepora17111","Amillepora17111-RA",132.384816157634,TRUE,0,10.9149504877202,6.76326285559217,0.61963293953565,1,"Low variability"
"Amillepora17154","chr10:4747668-4748068","Promoter (1-2kb)",1695,"chr10",4747668,4748068,401,"*",20.9325559180907,0,1.65411612202013,2.84955949572161,10,4745973,4750451,4479,1,"Amillepora17154","Amillepora17154-RA",10.8117966798014,TRUE,1695,40.7543605275413,180.4139037394,4.42686135677378,5,"High variability"
"Amillepora17200","chr10:5161359-5161759","Promoter (<=1kb)",994,"chr10",5161359,5161759,401,"*",29.9036513115581,120.073772636285,39.6987869284832,76.2257165105531,10,5160365,5164399,4035,1,"Amillepora17200","Amillepora17200-RA",275.831338774583,TRUE,994,0.222719460956943,0.944552666391064,4.24099745182873,5,"High variability"
"Amillepora17702","chr10:9285337-9285737","Promoter (2-3kb)",-2289,"chr10",9285337,9285737,401,"*",5.98073026231162,6.6372437135635,13.2329289761611,6.41150886537363,10,9282323,9283048,726,2,"Amillepora17702","Amillepora17702-RA",32.515419107887,TRUE,2289,0.203642139328936,0.708323651419727,3.4782764203611,5,"High variability"
"Amillepora17769","chr10:10201067-10201467","Promoter (<=1kb)",0,"chr10",10201067,10201467,401,"*",68.7783980165836,21.7218885171169,11.5788128541409,49.1549013011978,10,10201346,10203672,2327,1,"Amillepora17769","Amillepora17769-RA",114.460787868174,TRUE,0,0.176238608475083,0.458762653622127,2.60307691709327,5,"High variability"
"Amillepora17812","chr10:10711801-10712201","Promoter (1-2kb)",1313,"chr10",10711801,10712201,401,"*",56.8169374919603,66.9758229277772,33.0823224404027,56.2788000405019,10,10681525,10713514,31990,2,"Amillepora17812","Amillepora17812-RA",194.188095186226,TRUE,1313,16.5865441161119,9.43547532061684,0.568863245686686,1,"Low variability"
"Amillepora17921","chr10:11877435-11877835","Promoter (<=1kb)",0,"chr10",11877435,11877835,401,"*",20.9325559180907,31.3760611913911,14.8870450981812,27.7832050832857,10,11877676,11917863,40188,1,"Amillepora17921","Amillepora17921-RA",90.5080762323936,TRUE,0,30.5540631786655,24.0827982778845,0.788202804224755,1,"Low variability"
"Amillepora17953","chr10:12402220-12402620","Promoter (<=1kb)",-491,"chr10",12402220,12402620,401,"*",110.643509852765,15.6880305956955,41.3529030505034,49.8672911751282,10,12395701,12401729,6029,2,"Amillepora17953","Amillepora17953-RA",155.980373474114,TRUE,491,639.97141936911,299.230773256086,0.467568963550076,1,"Low variability"
"Amillepora17980","chr10:12933912-12934312","Promoter (2-3kb)",-2583,"chr10",12933912,12934312,401,"*",0,0.603385792142137,0,4.98672911751282,10,12936895,12937317,423,1,"Amillepora17980","Amillepora17980-RA",6.71298141161358,TRUE,2583,0.288575921831584,0.825570642805124,2.86084382080545,5,"High variability"
"Amillepora17996","chr10:13207203-13207603","Promoter (<=1kb)",0,"chr10",13207203,13207603,401,"*",131.576065770856,33.7896043599596,44.6611352945436,56.9911899144323,10,13193781,13207251,13471,2,"Amillepora17996","Amillepora17996-RA",193.143862891778,TRUE,0,8.60836847288414,4.75526674588674,0.552400464834371,1,"Low variability"
"Amillepora18088","chr10:14715140-14715540","Promoter (<=1kb)",-638,"chr10",14715140,14715540,401,"*",2.99036513115581,83.2672393156148,4.9623483660604,25.6460354614945,10,14703900,14714502,10603,2,"Amillepora18088","Amillepora18088-RA",126.033671693426,TRUE,638,182.691653346075,76.4398277807363,0.418408976987774,1,"Low variability"
"Amillepora18142","chr10:15436387-15436787","Promoter (1-2kb)",-1736,"chr10",15436387,15436787,401,"*",53.8265723608045,12.0677158428427,14.8870450981812,14.2477974786081,10,15430080,15434651,4572,2,"Amillepora18142","Amillepora18142-RA",61.9775105161198,TRUE,1736,0.44074154991231,1.26406724662072,2.86804647048189,5,"High variability"
"Amillepora18240","chr10:16397960-16398360","Promoter (1-2kb)",-1633,"chr10",16397960,16398360,401,"*",0,13.8778732192691,8.27058061010067,12.1106278568169,10,16399993,16408098,8106,1,"Amillepora18240","Amillepora18240-RA",39.5235319331505,TRUE,1633,29.4020164575711,20.6624889737765,0.702757547380934,1,"Low variability"
"Amillepora18242","chr10:16432802-16433202","Promoter (<=1kb)",410,"chr10",16432802,16433202,401,"*",8.97109539346742,13.274487427127,6.61646448808054,14.9601873525385,10,16432392,16456481,24090,1,"Amillepora18242","Amillepora18242-RA",42.6155922556099,TRUE,410,22.3947735306031,16.1536876509162,0.721315070627605,1,"Low variability"
"Amillepora18331","chr10:17572774-17573174","Promoter (<=1kb)",-866,"chr10",17572774,17573174,401,"*",2.99036513115581,17.498187972122,0,0.712389873930403,10,17550680,17571908,21229,2,"Amillepora18331","Amillepora18331-RA",20.1127572438569,TRUE,866,0.235229824178081,0.772167968331823,3.28261082976984,5,"High variability"
"Amillepora18394","chr10:18301434-18301834","Promoter (1-2kb)",-1311,"chr10",18301434,18301834,401,"*",11.9614605246232,0,9.92469673212081,0,10,18303145,18303990,846,1,"Amillepora18394","Amillepora18394-RA",15.1687488413817,TRUE,1311,0.216680765833882,0.826444960476644,3.81411315995734,5,"High variability"
"Amillepora18550","chr10:20131342-20131742","Promoter (<=1kb)",0,"chr10",20131342,20131742,401,"*",68.7783980165836,15.0846448035534,47.9693675385839,29.9203747050769,10,20131698,20142570,10873,1,"Amillepora18550","Amillepora18550-RA",128.490246022757,TRUE,0,25.2260255569655,14.7778283524592,0.585816751794207,1,"Low variability"
"Amillepora18607","chr10:20715812-20716212","Promoter (<=1kb)",-363,"chr10",20715812,20716212,401,"*",5.98073026231162,0,1.65411612202013,0.712389873930403,10,20714357,20715449,1093,2,"Amillepora18607","Amillepora18607-RA",4.40909857313183,TRUE,363,0.230150186460842,0.614218357500105,2.66877193082182,5,"High variability"
"Amillepora18702","chr6:400785-401185","Promoter (<=1kb)",0,"chr6",400785,401185,401,"*",0,4.22370054499496,0,0.712389873930403,6,394472,400939,6468,2,"Amillepora18702","Amillepora18702-RA",5.32984481177383,TRUE,0,0.216078118251024,0.53139750525878,2.45928421424626,5,"High variability"
"Amillepora18741","chr6:816708-817108","Promoter (<=1kb)",807,"chr6",816708,817108,401,"*",0,1.20677158428427,1.65411612202013,8.54867848716484,6,806535,817915,11381,2,"Amillepora18741","Amillepora18741-RA",13.7116937135841,TRUE,807,12.9461479923159,6.39635183795538,0.494073746241115,1,"Low variability"
"Amillepora18760","chr6:1069650-1070050","Promoter (2-3kb)",-2025,"chr6",1069650,1070050,401,"*",23.9229210492465,0,0,4.98672911751282,6,1072075,1077549,5475,1,"Amillepora18760","Amillepora18760-RA",12.153780619691,TRUE,2025,7.70232375320228,20.6217352770762,2.67733945466816,5,"High variability"
"Amillepora18815","chr6:1739325-1739725","Promoter (<=1kb)",-64,"chr6",1739325,1739725,401,"*",80.7398585412068,42.8403912420917,18.1952773422215,38.4690531922418,6,1739789,1755487,15699,1,"Amillepora18815","Amillepora18815-RA",134.876786452951,TRUE,64,12.0575931732591,7.261812388312,0.602260524464947,1,"Low variability"
"Amillepora18826","chr6:1883105-1883505","Promoter (<=1kb)",206,"chr6",1883105,1883505,401,"*",20.9325559180907,36.8065333206703,43.0070191725235,39.8938329401026,6,1882899,1898956,16058,1,"Amillepora18826","Amillepora18826-RA",145.367077805604,TRUE,206,33.0459146797333,16.8529057686346,0.509984545199179,1,"Low variability"
"Amillepora18835","chr6:1969997-1970397","Promoter (1-2kb)",-1036,"chr6",1969997,1970397,401,"*",2.99036513115581,1.20677158428427,0,4.27433924358242,6,1965454,1968961,3508,2,"Amillepora18835","Amillepora18835-RA",7.24223545293851,TRUE,1036,0.193490249338984,0.514438911994598,2.65873300464526,5,"High variability"
"Amillepora18884","chr6:2356651-2357051","Promoter (<=1kb)",0,"chr6",2356651,2357051,401,"*",62.797667754272,41.6336196578074,23.1576257082819,49.1549013011978,6,2349498,2356913,7416,2,"Amillepora18884","Amillepora18884-RA",148.127186232864,TRUE,0,31.7830155810225,12.9594233085907,0.407746812933908,1,"Low variability"
"Amillepora18891","chr6:2411158-2411558","Promoter (<=1kb)",884,"chr6",2411158,2411558,401,"*",14.951825655779,147.226133282681,9.92469673212081,95.460243106674,6,2409261,2412442,3182,2,"Amillepora18891","Amillepora18891-RA",287.761543011676,TRUE,884,22.0643571712043,12.3235636082852,0.558528105426448,1,"Low variability"
"Amillepora18912","chr6:2808438-2808838","Promoter (2-3kb)",-2629,"chr6",2808438,2808838,401,"*",2.99036513115581,4.22370054499496,1.65411612202013,0,6,2811467,2811914,448,1,"Amillepora18912","Amillepora18912-RA",7.24329053237739,TRUE,2629,0.513168339076941,1.4033884303571,2.7347525626414,5,"High variability"
"Amillepora18925","chr6:3047348-3047748","Promoter (1-2kb)",1251,"chr6",3047348,3047748,401,"*",0,16.8948021799798,1.65411612202013,0.712389873930403,6,3046097,3053865,7769,1,"Amillepora18925","Amillepora18925-RA",20.7371721151706,TRUE,1251,0.140819838801567,0.502797676957666,3.57050314243132,5,"High variability"
"Amillepora19066","chr6:4539685-4540085","Promoter (<=1kb)",420,"chr6",4539685,4540085,401,"*",2.99036513115581,6.03385792142137,4.9623483660604,2.13716962179121,6,4539265,4553471,14207,1,"Amillepora19066","Amillepora19066-RA",15.8025642359884,TRUE,420,10.7443857315699,6.90432863547491,0.642598730906332,1,"Low variability"
"Amillepora19068","chr6:4589987-4590387","Promoter (2-3kb)",-2987,"chr6",4589987,4590387,401,"*",0,4.82708633713709,4.9623483660604,0,6,4593374,4598042,4669,1,"Amillepora19068","Amillepora19068-RA",11.164142849895,TRUE,2987,0.149667493931379,0.488696927821666,3.26521754981566,5,"High variability"
"Amillepora19109","chr6:5090949-5091349","Promoter (<=1kb)",871,"chr6",5090949,5091349,401,"*",35.8843815738697,201.530854575474,29.7740901963624,65.5398684015971,6,5090078,5092366,2289,1,"Amillepora19109","Amillepora19109-RA",338.2532399584,TRUE,871,1.25998373968901,3.17632873386608,2.52092835313103,5,"High variability"
"Amillepora19161","chr6:5575324-5575724","Promoter (<=1kb)",414,"chr6",5575324,5575724,401,"*",5.98073026231162,3.01692896071068,0,1.42477974786081,6,5572370,5576138,3769,2,"Amillepora19161","Amillepora19161-RA",6.44250593870184,TRUE,414,0.230779617945919,0.869770957391499,3.76883784249665,5,"High variability"
"Amillepora19176","chr6:5754969-5755369","Promoter (<=1kb)",98,"chr6",5754969,5755369,401,"*",62.797667754272,32.5828327756754,31.4282063183826,42.7433924358242,6,5740514,5755467,14954,2,"Amillepora19176","Amillepora19176-RA",140.862549872305,TRUE,98,51.7551156417018,37.6738533520995,0.72792520864824,1,"Low variability"
"Amillepora19225","chr6:6412784-6413184","Promoter (<=1kb)",222,"chr6",6412784,6413184,401,"*",20.9325559180907,2.41354316856855,6.61646448808054,7.83628861323444,6,6412562,6431922,19361,1,"Amillepora19225","Amillepora19225-RA",25.5018446631013,TRUE,222,19.3970348473398,14.6340038615573,0.754445407596118,1,"Low variability"
"Amillepora19300","chr6:7390897-7391297","Promoter (<=1kb)",621,"chr6",7390897,7391297,401,"*",8.97109539346742,23.5320458935433,18.1952773422215,22.0840860918425,6,7386816,7391918,5103,2,"Amillepora19300","Amillepora19300-RA",76.2822803687788,TRUE,621,0.192893723807695,0.530375395734838,2.74957310826554,5,"High variability"
"Amillepora19355","chr6:7958770-7959170","Promoter (<=1kb)",-162,"chr6",7958770,7959170,401,"*",11.9614605246232,0,9.92469673212081,2.13716962179121,6,7959332,7959770,439,1,"Amillepora19355","Amillepora19355-RA",17.7725629082268,TRUE,162,4.8791559523696,12.0541263740035,2.47053516872099,5,"High variability"
"Amillepora19394","chr6:8516185-8516585","Promoter (2-3kb)",2336,"chr6",8516185,8516585,401,"*",8.97109539346742,0,0,0,6,8517804,8518921,1118,2,"Amillepora19394","Amillepora19394-RA",2.27933042389467,TRUE,2336,0.172085426904348,0.531968421639672,3.09130430861737,5,"High variability"
"Amillepora19446","chr6:9107698-9108098","Promoter (<=1kb)",0,"chr6",9107698,9108098,401,"*",116.624240115076,66.9758229277772,67.8187610028255,4.98672911751282,6,9106702,9107906,1205,2,"Amillepora19446","Amillepora19446-RA",189.34583937457,TRUE,0,0.68982792701271,2.18914494466233,3.17346523522525,5,"High variability"
"Amillepora19454","chr6:9236285-9236685","Promoter (1-2kb)",-1076,"chr6",9236285,9236685,401,"*",5.98073026231162,0,0,19.2345265961209,6,9237761,9256693,18933,1,"Amillepora19454","Amillepora19454-RA",24.9538802175355,TRUE,1076,55.4626918663387,37.4854477316907,0.675867803568353,1,"Low variability"
"Amillepora19616","chr6:10843167-10843567","Promoter (2-3kb)",2533,"chr6",10843167,10843567,401,"*",11.9614605246232,6.03385792142137,19.8493934642416,14.2477974786081,6,10840634,10850375,9742,1,"Amillepora19616","Amillepora19616-RA",51.0313034529551,TRUE,2533,0.125655317794458,0.331762316748649,2.64025687548961,5,"High variability"
"Amillepora19647","chr6:11145965-11146365","Promoter (<=1kb)",0,"chr6",11145965,11146365,401,"*",95.6916841969858,25.3422032699697,29.7740901963624,55.5664101665715,6,11141711,11146222,4512,2,"Amillepora19647","Amillepora19647-RA",155.172389158368,TRUE,0,8.61703981888349,5.26532494831572,0.611036395210478,1,"Low variability"
"Amillepora19698","chr6:11896824-11897224","Promoter (2-3kb)",-2603,"chr6",11896824,11897224,401,"*",17.9421907869348,7.84401529784777,4.9623483660604,25.6460354614945,6,11877663,11894221,16559,2,"Amillepora19698","Amillepora19698-RA",50.1556487780339,TRUE,2603,28.6068151891411,13.0676384036536,0.456801580925862,1,"Low variability"
"Amillepora19724","chr6:12152942-12153342","Promoter (2-3kb)",-2874,"chr6",12152942,12153342,401,"*",0,1.81015737642641,19.8493934642416,3.56194936965202,6,12156216,12159624,3409,1,"Amillepora19724","Amillepora19724-RA",30.511219097378,TRUE,2874,6.96166579941904,5.44855668560489,0.782651285279965,1,"Low variability"
"Amillepora19806","chr6:13201261-13201661","Promoter (<=1kb)",-900,"chr6",13201261,13201661,401,"*",0,7.84401529784777,11.5788128541409,0.712389873930403,6,13202561,13203587,1027,1,"Amillepora19806","Amillepora19806-RA",23.3055848900667,TRUE,900,0.265209265396319,0.916682336250501,3.456449136046,5,"High variability"
"Amillepora19808","chr6:13221330-13221730","Promoter (<=1kb)",0,"chr6",13221330,13221730,401,"*",53.8265723608045,28.9625180228226,13.2329289761611,24.9336455875641,6,13221353,13235605,14253,1,"Amillepora19808","Amillepora19808-RA",90.8226010733934,TRUE,0,58.8858145758789,28.755912496496,0.488333441654982,1,"Low variability"
"Amillepora19864","chr6:13925243-13925643","Promoter (<=1kb)",-429,"chr6",13925243,13925643,401,"*",122.604970377388,10.2575584664163,28.1199740743423,54.854020292641,6,13916157,13924814,8658,2,"Amillepora19864","Amillepora19864-RA",143.185454081806,TRUE,429,35.7499870964533,19.7683793972637,0.552961861047074,1,"Low variability"
"Amillepora19871","chr6:13973630-13974030","Promoter (<=1kb)",0,"chr6",13973630,13974030,401,"*",56.8169374919603,27.1523606463961,26.4658579523221,25.6460354614945,6,13969147,13973891,4745,2,"Amillepora19871","Amillepora19871-RA",106.710925616078,TRUE,0,67.3507503531856,31.598255590219,0.469159666737469,1,"Low variability"
"Amillepora19929","chr6:14536596-14536996","Promoter (1-2kb)",-1408,"chr6",14536596,14536996,401,"*",5.98073026231162,25.9455890621119,19.8493934642416,5.69911899144323,6,14531425,14535188,3764,2,"Amillepora19929","Amillepora19929-RA",60.1311970058222,TRUE,1408,0.494377966646107,1.5193473406463,3.07325051509405,5,"High variability"
"Amillepora19950","chr6:14929752-14930152","Promoter (<=1kb)",-831,"chr6",14929752,14930152,401,"*",35.8843815738697,13.274487427127,33.0823224404027,5.69911899144323,6,14930983,14942527,11545,1,"Amillepora19950","Amillepora19950-RA",70.5161001963576,TRUE,831,26.5583818129567,13.7906901826213,0.519259429273412,1,"Low variability"
"Amillepora19967","chr6:15158626-15159026","Promoter (2-3kb)",2084,"chr6",15158626,15159026,401,"*",11.9614605246232,0,13.2329289761611,12.1106278568169,6,15156542,15167237,10696,1,"Amillepora19967","Amillepora19967-RA",33.9669090900113,TRUE,2084,12.4482252377034,7.17674982700594,0.576527953982458,1,"Low variability"
"Amillepora20009","chr6:15722250-15722650","Promoter (<=1kb)",957,"chr6",15722250,15722650,401,"*",5.98073026231162,6.6372437135635,14.8870450981812,5.69911899144323,6,15721293,15727052,5760,1,"Amillepora20009","Amillepora20009-RA",33.6690880205256,TRUE,957,0.127797501449389,0.503619243265899,3.94075969838382,5,"High variability"
"Amillepora20096","chr6:16666103-16666503","Promoter (<=1kb)",731,"chr6",16666103,16666503,401,"*",0,3.01692896071068,1.65411612202013,9.26106836109524,6,16660232,16667234,7003,2,"Amillepora20096","Amillepora20096-RA",16.491877502791,TRUE,731,45.6984867086775,17.1271635106023,0.374786229132399,1,"Low variability"
"Amillepora20108","chr6:16765740-16766140","Promoter (<=1kb)",-131,"chr6",16765740,16766140,401,"*",0,3.01692896071068,9.92469673212081,12.1106278568169,6,16759115,16765609,6495,2,"Amillepora20108","Amillepora20108-RA",30.0716642665197,TRUE,131,12.5332941980648,9.41425091620125,0.751139386615119,1,"Low variability"
"Amillepora20187","chr6:17799936-17800336","Promoter (1-2kb)",-1733,"chr6",17799936,17800336,401,"*",11.9614605246232,4.82708633713709,26.4658579523221,24.2212557136337,6,17802069,17818052,15984,1,"Amillepora20187","Amillepora20187-RA",69.9940329932967,TRUE,1733,13.9544260888771,8.61797412197383,0.617579975492014,1,"Low variability"
"Amillepora20200","chr6:17942165-17942565","Promoter (<=1kb)",-174,"chr6",17942165,17942565,401,"*",170.450812475881,13.274487427127,29.7740901963624,36.3318835704506,6,17932779,17941991,9213,2,"Amillepora20200","Amillepora20200-RA",137.98417764305,TRUE,174,43.1371702729813,22.3093337792452,0.517171934043586,1,"Low variability"
"Amillepora20302","chr6:19260005-19260405","Promoter (2-3kb)",-2771,"chr6",19260005,19260405,401,"*",2.99036513115581,1.81015737642641,19.8493934642416,11.3982379828865,6,19263176,19280663,17488,1,"Amillepora20302","Amillepora20302-RA",40.8183141504416,TRUE,2771,23.7639613676076,17.8685268338479,0.751917012380115,1,"Low variability"
"Amillepora20320","chr6:19522181-19522581","Promoter (<=1kb)",0,"chr6",19522181,19522581,401,"*",83.7302236723626,25.9455890621119,26.4658579523221,56.2788000405019,6,19522311,19527478,5168,1,"Amillepora20320","Amillepora20320-RA",149.595421334591,TRUE,0,42.8435160629561,26.7206426662113,0.6236799665776,1,"Low variability"
"Amillepora20470","chr9:1106394-1106794","Promoter (1-2kb)",-1661,"chr9",1106394,1106794,401,"*",14.951825655779,4.22370054499496,13.2329289761611,10.685848108956,9,1098353,1104733,6381,2,"Amillepora20470","Amillepora20470-RA",37.4527166429048,TRUE,1661,28.3550387581949,16.4007191204914,0.578405808588477,1,"Low variability"
"Amillepora20535","chr9:1942734-1943134","Promoter (<=1kb)",-107,"chr9",1942734,1943134,401,"*",143.537526295479,20.5151169328326,49.623483660604,59.1283595362235,9,1939368,1942627,3260,2,"Amillepora20535","Amillepora20535-RA",190.828469371125,TRUE,107,114.469297562572,69.3359370267237,0.605716454133238,1,"Low variability"
"Amillepora20638","chr9:3138302-3138702","Promoter (<=1kb)",-973,"chr9",3138302,3138702,401,"*",0,19.3083453485484,4.9623483660604,2.84955949572161,9,3139675,3160123,20449,1,"Amillepora20638","Amillepora20638-RA",29.9338610744234,TRUE,973,24.2985411152086,18.2476249351953,0.750976153205096,1,"Low variability"
"Amillepora20677","chr9:3502454-3502854","Promoter (<=1kb)",0,"chr9",3502454,3502854,401,"*",278.10395719749,21.7218885171169,31.4282063183826,53.4292405447802,9,3491381,3502569,11189,2,"Amillepora20677","Amillepora20677-RA",197.112075778451,TRUE,0,33.9451262334529,18.773813813363,0.553063602835021,1,"Low variability"
"Amillepora20678","chr9:3509254-3509654","Promoter (<=1kb)",279,"chr9",3509254,3509654,401,"*",29.9036513115581,21.7218885171169,26.4658579523221,22.0840860918425,9,3508975,3518591,9617,1,"Amillepora20678","Amillepora20678-RA",89.7965069322095,TRUE,279,41.7745788763727,29.2056795848314,0.699125649387451,1,"Low variability"
"Amillepora20729","chr9:3960705-3961105","Promoter (1-2kb)",-1227,"chr9",3960705,3961105,401,"*",0,4.82708633713709,8.27058061010067,5.69911899144323,9,3962332,3970924,8593,1,"Amillepora20729","Amillepora20729-RA",22.1508608979892,TRUE,1227,24.4392156433738,9.99430991104469,0.408945608438725,1,"Low variability"
"Amillepora20796","chr9:4505971-4506371","Promoter (<=1kb)",491,"chr9",4505971,4506371,401,"*",50.8362072296487,69.3893660963457,44.6611352945436,41.3186126879634,9,4505480,4510852,5373,1,"Amillepora20796","Amillepora20796-RA",191.14275266939,TRUE,491,0.237815500637738,0.606024547726927,2.54829708787603,5,"High variability"
"Amillepora20820","chr9:4737892-4738292","Promoter (1-2kb)",-1658,"chr9",4737892,4738292,401,"*",5.98073026231162,19.9117311406905,9.92469673212081,30.6327645790073,9,4729807,4736234,6428,2,"Amillepora20820","Amillepora20820-RA",72.0052336197419,TRUE,1658,0.155547813402663,0.690230345368201,4.4374159319194,5,"High variability"
"Amillepora21079","chr9:7623585-7623985","Promoter (1-2kb)",-1678,"chr9",7623585,7623985,401,"*",20.9325559180907,84.4740108998991,3.30823224404027,29.2079848311465,9,7618965,7621907,2943,2,"Amillepora21079","Amillepora21079-RA",134.185246228987,TRUE,1678,0.121746732819052,0.458272986198623,3.76415017953491,5,"High variability"
"Amillepora21095","chr9:7817572-7817972","Promoter (<=1kb)",290,"chr9",7817572,7817972,401,"*",0,18.7049595564062,6.61646448808054,13.5354076046777,9,7816641,7818262,1622,2,"Amillepora21095","Amillepora21095-RA",44.3371230879274,TRUE,290,0.125130713922068,0.34057633352603,2.72176448811873,5,"High variability"
"Amillepora21102","chr9:7941769-7942169","Promoter (<=1kb)",0,"chr9",7941769,7942169,401,"*",62.797667754272,16.2914163878377,39.6987869284832,63.4026987798059,9,7933019,7941783,8765,2,"Amillepora21102","Amillepora21102-RA",158.930575290749,TRUE,0,12.0372261591985,7.60908430540614,0.632129379706927,1,"Low variability"
"Amillepora21130","chr9:8202363-8202763","Promoter (2-3kb)",-2427,"chr9",8202363,8202763,401,"*",35.8843815738697,31.9794469835332,28.1199740743423,44.168172183685,9,8205190,8210743,5554,1,"Amillepora21130","Amillepora21130-RA",131.079805519702,TRUE,2427,0.334953970320982,0.891700466033692,2.66215822185713,5,"High variability"
"Amillepora21160","chr9:8545616-8546016","Promoter (2-3kb)",2678,"chr9",8545616,8546016,401,"*",23.9229210492465,0,16.5411612202013,3.56194936965202,9,8542938,8547817,4880,1,"Amillepora21160","Amillepora21160-RA",30.6339739243312,TRUE,2678,0.204764551618878,0.797018301222342,3.89236464476433,5,"High variability"
"Amillepora21241","chr9:9714203-9714603","Promoter (<=1kb)",-110,"chr9",9714203,9714603,401,"*",59.8073026231162,38.6166906970967,26.4658579523221,25.6460354614945,9,9714713,9731159,16447,1,"Amillepora21241","Amillepora21241-RA",119.581592281235,TRUE,110,11.5758588196084,7.01559412679602,0.606053877826524,1,"Low variability"
"Amillepora21273","chr9:10649631-10650031","Promoter (1-2kb)",-1459,"chr9",10649631,10650031,401,"*",8.97109539346742,62.1487365906401,67.8187610028255,22.7964759657729,9,10651490,10677307,25818,1,"Amillepora21273","Amillepora21273-RA",178.593002799742,TRUE,1459,20.6092778023655,9.66639759978238,0.469031360170849,1,"Low variability"
"Amillepora21284","chr9:10752030-10752430","Promoter (<=1kb)",0,"chr9",10752030,10752430,401,"*",2.99036513115581,38.0133049049546,46.3152514165638,11.3982379828865,9,10751697,10752362,666,2,"Amillepora21284","Amillepora21284-RA",111.408940447671,TRUE,0,0.257943457969667,0.824321737999393,3.19574586030529,5,"High variability"
"Amillepora21357","chr9:11529105-11529505","Promoter (2-3kb)",2660,"chr9",11529105,11529505,401,"*",2.99036513115581,48.2708633713709,14.8870450981812,17.8097468482601,9,11526445,11539594,13150,1,"Amillepora21357","Amillepora21357-RA",91.6459102306291,TRUE,2660,27.8536092988154,12.2679953234826,0.44044544431821,1,"Low variability"
"Amillepora21431","chr9:12745835-12746235","Promoter (<=1kb)",0,"chr9",12745835,12746235,401,"*",2.99036513115581,12.0677158428427,0,7.83628861323444,9,12745987,12751506,5520,1,"Amillepora21431","Amillepora21431-RA",23.0554001658982,TRUE,0,2.61897219975287,7.26310643885514,2.77326595507219,5,"High variability"
"Amillepora21453","chr9:13220682-13221082","Promoter (2-3kb)",2089,"chr9",13220682,13221082,401,"*",29.9036513115581,81.4570819391884,41.3529030505034,22.7964759657729,9,13218110,13223171,5062,2,"Amillepora21453","Amillepora21453-RA",171.963017677306,TRUE,2089,0.240213250872497,0.590549664331554,2.45843916680938,5,"High variability"
"Amillepora21557","chr9:14817139-14817539","Promoter (<=1kb)",0,"chr9",14817139,14817539,401,"*",107.653144721609,12.6711016349849,39.6987869284832,56.2788000405019,9,14817468,14826883,9416,1,"Amillepora21557","Amillepora21557-RA",157.823355653555,TRUE,0,339.056741802568,247.408028309401,0.729695056332095,1,"Low variability"
"Amillepora21713","chr9:17429168-17429568","Promoter (<=1kb)",-531,"chr9",17429168,17429568,401,"*",17.9421907869348,50.6844065399395,56.2399481486846,61.9779190319451,9,17430099,17430822,724,1,"Amillepora21713","Amillepora21713-RA",202.346786047495,TRUE,531,1.35900157570528,3.49019016158893,2.56820170335537,5,"High variability"
"Amillepora21747","chr9:17983780-17984180","Promoter (<=1kb)",829,"chr9",17983780,17984180,401,"*",23.9229210492465,21.1185027249748,13.2329289761611,23.5088658397033,9,17982297,17985009,2713,2,"Amillepora21747","Amillepora21747-RA",73.2025586258386,TRUE,829,1.00633252230853,2.75420543815229,2.73687412172087,5,"High variability"
"Amillepora21748","chr9:18041936-18042336","Promoter (<=1kb)",0,"chr9",18041936,18042336,401,"*",5.98073026231162,0,9.92469673212081,13.5354076046777,9,18040554,18041954,1401,2,"Amillepora21748","Amillepora21748-RA",30.1400176488042,TRUE,0,0.544247143814011,1.33639311728266,2.45548944532331,5,"High variability"
"Amillepora21775","chr9:18240414-18240814","Promoter (2-3kb)",2342,"chr9",18240414,18240814,401,"*",23.9229210492465,0,74.435225490906,55.5664101665715,9,18238962,18243156,4195,2,"Amillepora21775","Amillepora21775-RA",164.749692273108,TRUE,2342,0.144582417690702,0.495945261081089,3.43019067603393,5,"High variability"
"Amillepora21974","chr3:1055011-1055411","Promoter (<=1kb)",-122,"chr3",1055011,1055411,401,"*",32.8940164427139,19.9117311406905,31.4282063183826,13.5354076046777,3,1055533,1055605,73,1,"Amillepora21974","Amillepora21974-RA",84.2936025106302,TRUE,122,0.251280897229813,0.778950051357581,3.0999175024641,5,"High variability"
"Amillepora21991","chr3:1234319-1234719","Promoter (<=1kb)",0,"chr3",1234319,1234719,401,"*",101.672414459297,23.5320458935433,29.7740901963624,46.3053418054762,3,1234343,1250324,15982,1,"Amillepora21991","Amillepora21991-RA",143.49650271771,TRUE,0,9.22629658879423,6.07018307230131,0.657921953178248,1,"Low variability"
"Amillepora22005","chr3:1364549-1364949","Promoter (<=1kb)",-183,"chr3",1364549,1364949,401,"*",17.9421907869348,8.44740108998991,9.92469673212081,21.3716962179121,3,1360246,1364366,4121,2,"Amillepora22005","Amillepora22005-RA",51.6502567047466,TRUE,183,19.1611533423488,10.1675233079647,0.530632114168882,1,"Low variability"
"Amillepora22011","chr3:1415510-1415910","Promoter (<=1kb)",-260,"chr3",1415510,1415910,401,"*",53.8265723608045,22.325274309259,14.8870450981812,45.5929519315458,3,1413301,1415250,1950,2,"Amillepora22011","Amillepora22011-RA",111.002842842424,TRUE,260,23.7805385497989,15.6462073566493,0.657941674612814,1,"Low variability"
"Amillepora22267","chr3:4122536-4122936","Promoter (<=1kb)",-477,"chr3",4122536,4122936,401,"*",23.9229210492465,3.01692896071068,8.27058061010067,28.4955949572161,3,4123413,4174879,51467,1,"Amillepora22267","Amillepora22267-RA",54.0908463077973,TRUE,477,70.0339957356768,42.1883642158775,0.602398360577703,1,"Low variability"
"Amillepora22407","chr3:5992559-5992959","Promoter (<=1kb)",126,"chr3",5992559,5992959,401,"*",8.97109539346742,19.3083453485484,6.61646448808054,15.6725772264689,3,5992433,5993191,759,1,"Amillepora22407","Amillepora22407-RA",49.8576828343089,TRUE,126,0.563189902157053,2.21451790160354,3.93209802434631,5,"High variability"
"Amillepora22415","chr3:6067126-6067526","Promoter (<=1kb)",-401,"chr3",6067126,6067526,401,"*",0,15.6880305956955,3.30823224404027,21.3716962179121,3,6067927,6068682,756,1,"Amillepora22415","Amillepora22415-RA",46.6541511849765,TRUE,401,0.130728676454705,0.583760010428233,4.46543196381624,5,"High variability"
"Amillepora22511","chr3:6925312-6925712","Promoter (2-3kb)",2439,"chr3",6925312,6925712,401,"*",8.97109539346742,0.603385792142137,6.61646448808054,6.41150886537363,3,6922873,6930992,8120,1,"Amillepora22511","Amillepora22511-RA",18.8146156197531,TRUE,2439,16.4276773922533,8.59048512530531,0.522927552093048,1,"Low variability"
"Amillepora22517","chr3:7035509-7035909","Promoter (<=1kb)",0,"chr3",7035509,7035909,401,"*",86.7205888035184,33.1862185678175,57.8940642707047,44.168172183685,3,7023891,7035622,11732,2,"Amillepora22517","Amillepora22517-RA",181.659766594955,TRUE,0,24.4683936563666,15.460537904453,0.631857494267105,1,"Low variability"
"Amillepora22531","chr3:7310922-7311322","Promoter (<=1kb)",0,"chr3",7310922,7311322,401,"*",65.7880328854278,11.4643300507006,34.7364385624228,44.8805620576154,3,7280591,7310989,30399,2,"Amillepora22531","Amillepora22531-RA",125.959820669495,TRUE,0,223.789773053705,89.7931403356064,0.401238801533874,1,"Low variability"
"Amillepora22643","chr3:8682731-8683131","Promoter (<=1kb)",0,"chr3",8682731,8683131,401,"*",86.7205888035184,19.3083453485484,41.3529030505034,48.4425114272674,3,8682826,8686353,3528,1,"Amillepora22643","Amillepora22643-RA",151.990774499682,TRUE,0,217.184078883169,119.936159932419,0.552232744449635,1,"Low variability"
"Amillepora22661","chr3:8897854-8898254","Promoter (2-3kb)",2455,"chr3",8897854,8898254,401,"*",0,8.44740108998991,3.30823224404027,9.26106836109524,3,8887356,8900709,13354,2,"Amillepora22661","Amillepora22661-RA",24.250221738487,TRUE,2455,3.48031168753837,2.46233618299536,0.707504500764119,1,"Low variability"
"Amillepora22695","chr3:9334312-9334712","Promoter (<=1kb)",817,"chr3",9334312,9334712,401,"*",0,3.01692896071068,0,4.27433924358242,3,9330793,9335529,4737,2,"Amillepora22695","Amillepora22695-RA",8.39470441189883,TRUE,817,0.192535176479726,0.70179861329552,3.64504100563369,5,"High variability"
"Amillepora22859","chr3:11489062-11489462","Promoter (<=1kb)",-589,"chr3",11489062,11489462,401,"*",5.98073026231162,0,0,2.13716962179121,3,11467852,11488473,20622,2,"Amillepora22859","Amillepora22859-RA",4.12336768277486,TRUE,589,7.10092727007104,3.64611823459911,0.513470719516697,1,"Low variability"
"Amillepora22865","chr3:11558475-11558875","Promoter (2-3kb)",2631,"chr3",11558475,11558875,401,"*",0,6.03385792142137,11.5788128541409,7.83628861323444,3,11559286,11561506,2221,2,"Amillepora22865","Amillepora22865-RA",30.0727193459585,TRUE,2631,0.136727538954306,0.448621384516177,3.28113405643983,5,"High variability"
"Amillepora22867","chr3:11596256-11596656","Promoter (1-2kb)",1277,"chr3",11596256,11596656,401,"*",14.951825655779,6.6372437135635,4.9623483660604,25.6460354614945,3,11594979,11597507,2529,1,"Amillepora22867","Amillepora22867-RA",48.1210414587855,TRUE,1277,0.22649039568454,0.921104133853698,4.0668573652749,5,"High variability"
"Amillepora23044","chr3:14310386-14310786","Promoter (<=1kb)",-765,"chr3",14310386,14310786,401,"*",17.9421907869348,71.8029092649142,29.7740901963624,23.5088658397033,3,14311551,14315270,3720,1,"Amillepora23044","Amillepora23044-RA",145.441955833018,TRUE,765,0.327721443613762,0.798040248936649,2.43511758076222,5,"High variability"
"Amillepora23073","chr3:14680067-14680467","Promoter (<=1kb)",0,"chr3",14680067,14680467,401,"*",65.7880328854278,11.4643300507006,24.811741830302,37.044273444381,3,14662967,14680099,17133,2,"Amillepora23073","Amillepora23073-RA",104.282860814874,TRUE,0,8.98868634586033,6.08439244455816,0.676894510548839,1,"Low variability"
"Amillepora23142","chr3:15545770-15546170","Promoter (<=1kb)",-455,"chr3",15545770,15546170,401,"*",0,0,0,6.41150886537363,3,15544229,15545315,1087,2,"Amillepora23142","Amillepora23142-RA",7.81144220053524,TRUE,455,3.41334716085247,8.35321738966697,2.44722174335785,5,"High variability"
"Amillepora23159","chr3:15904465-15904865","Promoter (<=1kb)",984,"chr3",15904465,15904865,401,"*",0,0.603385792142137,9.92469673212081,8.54867848716484,3,15894231,15905849,11619,2,"Amillepora23159","Amillepora23159-RA",23.1823131325442,TRUE,984,136.469570761006,59.6222695485732,0.436890577262733,1,"Low variability"
"Amillepora23175","chr3:16077342-16077742","Promoter (2-3kb)",2522,"chr3",16077342,16077742,401,"*",0,4.22370054499496,9.92469673212081,3.56194936965202,3,16078260,16080264,2005,2,"Amillepora23175","Amillepora23175-RA",20.9312385104228,TRUE,2522,12.053399812309,8.51669690580447,0.70658047010995,1,"Low variability"
"Amillepora23185","chr3:16181319-16181719","Promoter (1-2kb)",-1303,"chr3",16181319,16181719,401,"*",14.951825655779,5.43047212927923,9.92469673212081,16.3849671003993,3,16183022,16190330,7309,1,"Amillepora23185","Amillepora23185-RA",41.6278374626012,TRUE,1303,21.4324931609654,7.14100738613263,0.33318603358467,1,"Low variability"
"Amillepora23196","chr3:16332592-16332992","Promoter (<=1kb)",0,"chr3",16332592,16332992,401,"*",44.8554769673371,21.1185027249748,24.811741830302,31.3451544529377,3,16318344,16332660,14317,2,"Amillepora23196","Amillepora23196-RA",102.219563071134,TRUE,0,169.459132972149,69.5028854771875,0.410145409445772,1,"Low variability"
"Amillepora23213","chr3:16508411-16508811","Promoter (<=1kb)",0,"chr3",16508411,16508811,401,"*",77.749493410051,17.498187972122,36.390554684443,34.1947139486594,3,16508435,16515312,6878,1,"Amillepora23213","Amillepora23213-RA",124.375617058467,TRUE,0,93.7307279996038,60.4707851367953,0.645154331214102,1,"Low variability"
"Amillepora23220","chr3:16606365-16606765","Promoter (<=1kb)",-848,"chr3",16606365,16606765,401,"*",8.97109539346742,0,11.5788128541409,2.84955949572161,3,16601827,16605517,3691,2,"Amillepora23220","Amillepora23220-RA",19.9023310574639,TRUE,848,6.99049422576884,4.45832603464819,0.637769790040538,1,"Low variability"
"Amillepora23298","chr3:17546231-17546631","Promoter (<=1kb)",22,"chr3",17546231,17546631,401,"*",2.99036513115581,11.4643300507006,8.27058061010067,6.41150886537363,3,17532979,17546653,13675,2,"Amillepora23298","Amillepora23298-RA",30.7901435402949,TRUE,22,122.708663813042,38.6558918363565,0.315021699651561,1,"Low variability"
"Amillepora23305","chr3:17621589-17621989","Promoter (<=1kb)",0,"chr3",17621589,17621989,401,"*",65.7880328854278,31.9794469835332,23.1576257082819,65.5398684015971,3,17614852,17621813,6962,2,"Amillepora23305","Amillepora23305-RA",158.65089346304,TRUE,0,128.110874809265,69.830272575406,0.545076853775072,1,"Low variability"
"Amillepora23342","chr3:17957887-17958287","Promoter (<=1kb)",0,"chr3",17957887,17958287,401,"*",95.6916841969858,18.7049595564062,39.6987869284832,41.3186126879634,3,17940314,17958063,17750,2,"Amillepora23342","Amillepora23342-RA",142.931702510197,TRUE,0,539.646346814697,356.006678038915,0.659703674712654,1,"Low variability"
"Amillepora23402","chr3:18900752-18901152","Promoter (1-2kb)",1898,"chr3",18900752,18901152,401,"*",0,3.01692896071068,9.92469673212081,2.84955949572161,3,18891228,18903050,11823,2,"Amillepora23402","Amillepora23402-RA",18.7884699768576,TRUE,1898,114.881353926322,74.9603523396351,0.652502340699348,1,"Low variability"
"Amillepora23543","chr8:948840-949240","Promoter (<=1kb)",-419,"chr8",948840,949240,401,"*",2.99036513115581,0,1.65411612202013,6.41150886537363,8,947633,948421,789,2,"Amillepora23543","Amillepora23543-RA",10.5928259434205,TRUE,419,0.182953023925014,0.671882385602847,3.67243115849361,5,"High variability"
"Amillepora23593","chr8:1640631-1641031","Promoter (<=1kb)",-10,"chr8",1640631,1641031,401,"*",35.8843815738697,114.039914714864,49.623483660604,108.995650711352,8,1639338,1640621,1284,2,"Amillepora23593","Amillepora23593-RA",323.031530468577,TRUE,10,0.380584599152362,1.02326860297774,2.68867580363673,5,"High variability"
"Amillepora23712","chr8:2881646-2882046","Promoter (<=1kb)",-928,"chr8",2881646,2882046,401,"*",17.9421907869348,3.01692896071068,21.5035095862617,4.27433924358242,8,2877255,2880718,3464,2,"Amillepora23712","Amillepora23712-RA",39.2342554136528,TRUE,928,28.1584418888181,15.5815308967901,0.553352027016014,1,"Low variability"
"Amillepora23812","chr8:4382246-4382646","Promoter (2-3kb)",2127,"chr8",4382246,4382646,401,"*",0,1.81015737642641,3.30823224404027,4.98672911751282,8,4380119,4384869,4751,1,"Amillepora23812","Amillepora23812-RA",12.0310257927378,TRUE,2127,0.636197854302194,1.59351011640411,2.50473984724758,5,"High variability"
"Amillepora23877","chr8:5408341-5408741","Promoter (<=1kb)",-268,"chr8",5408341,5408741,401,"*",0,1.81015737642641,0,14.2477974786081,8,5406613,5408073,1461,2,"Amillepora23877","Amillepora23877-RA",19.2710062125591,TRUE,268,22.754205333173,15.7599312520469,0.692616200886205,1,"Low variability"
"Amillepora23945","chr8:6347064-6347464","Promoter (<=1kb)",0,"chr8",6347064,6347464,401,"*",38.8747467050255,48.2708633713709,16.5411612202013,19.9469164700513,8,6347112,6349333,2222,1,"Amillepora23945","Amillepora23945-RA",105.388652927973,TRUE,0,0.210135102538211,0.653314013239019,3.10901893756765,5,"High variability"
"Amillepora23976","chr8:6783077-6783477","Promoter (<=1kb)",217,"chr8",6783077,6783477,401,"*",5.98073026231162,8.44740108998991,4.9623483660604,6.41150886537363,8,6782860,6783294,435,1,"Amillepora23976","Amillepora23976-RA",24.3196302002104,TRUE,217,0.463709979825334,1.83786310338603,3.96338915129302,5,"High variability"
"Amillepora24047","chr8:7733558-7733958","Promoter (<=1kb)",0,"chr8",7733558,7733958,401,"*",68.7783980165836,15.6880305956955,11.5788128541409,30.6327645790073,8,7733950,7751607,17658,1,"Amillepora24047","Amillepora24047-RA",85.5202467324327,TRUE,0,27.5886245642945,10.8618719452126,0.393708353234476,1,"Low variability"
"Amillepora24049","chr8:7779401-7779801","Promoter (1-2kb)",1003,"chr8",7779401,7779801,401,"*",38.8747467050255,47.0640917870866,3.30823224404027,40.606222814033,8,7760618,7780804,20187,2,"Amillepora24049","Amillepora24049-RA",113.111169583496,TRUE,1003,22.1988164146438,14.9089720735317,0.671611125343454,1,"Low variability"
"Amillepora24057","chr8:7872717-7873117","Promoter (<=1kb)",0,"chr8",7872717,7873117,401,"*",74.7591282788952,24.1354316856855,16.5411612202013,51.292070922989,8,7872941,7899368,26428,1,"Amillepora24057","Amillepora24057-RA",127.198637378277,TRUE,0,137.3828884953,79.7237031095733,0.580303005583558,1,"Low variability"
"Amillepora24083","chr8:8303133-8303533","Promoter (2-3kb)",-2680,"chr8",8303133,8303533,401,"*",29.9036513115581,19.3083453485484,23.1576257082819,14.2477974786081,8,8269138,8300453,31316,2,"Amillepora24083","Amillepora24083-RA",73.6563137947034,TRUE,2680,0.379499395675508,1.1504109270179,3.03139066920033,5,"High variability"
"Amillepora24156","chr8:9200747-9201147","Promoter (1-2kb)",1072,"chr8",9200747,9201147,401,"*",71.7687631477394,9.05078688213205,41.3529030505034,37.7566633183114,8,9199675,9207048,7374,1,"Amillepora24156","Amillepora24156-RA",124.336760779722,TRUE,1072,4.1135658444025,3.03502864794296,0.737809667510938,1,"Low variability"
"Amillepora24169","chr8:9439657-9440057","Promoter (<=1kb)",45,"chr8",9439657,9440057,401,"*",8.97109539346742,10.8609442585585,13.2329289761611,29.2079848311465,8,9440031,9440102,72,2,"Amillepora24169","Amillepora24169-RA",65.5111194183582,TRUE,45,0.152725786916914,0.59340722978823,3.88544228035999,5,"High variability"
"Amillepora24187","chr8:9685928-9686328","Promoter (1-2kb)",1038,"chr8",9685928,9686328,401,"*",62.797667754272,72.4062950570564,31.4282063183826,14.9601873525385,8,9686095,9687366,1272,2,"Amillepora24187","Amillepora24187-RA",149.082373875673,TRUE,1038,1.54195225702876,3.82576226746504,2.48111590357345,5,"High variability"
"Amillepora24203","chr8:9846952-9847352","Promoter (2-3kb)",2094,"chr8",9846952,9847352,401,"*",20.9325559180907,18.1015737642641,43.0070191725235,17.8097468482601,8,9844858,9855205,10348,1,"Amillepora24203","Amillepora24203-RA",98.701126189978,TRUE,2094,0.458196563379975,1.26467687290913,2.76011863463138,5,"High variability"
"Amillepora24284","chr8:11116374-11116774","Promoter (<=1kb)",660,"chr8",11116374,11116774,401,"*",5.98073026231162,9.05078688213205,1.65411612202013,13.5354076046777,8,11115714,11118451,2738,1,"Amillepora24284","Amillepora24284-RA",29.5932118088284,TRUE,660,1.79690856794822,4.86560489472625,2.7077643133963,5,"High variability"
"Amillepora24374","chr8:12405573-12405973","Promoter (<=1kb)",0,"chr8",12405573,12405973,401,"*",104.662779590453,26.548974854254,49.623483660604,42.0310025618938,8,12381077,12405665,24589,2,"Amillepora24374","Amillepora24374-RA",166.495010889238,TRUE,0,123.977869241525,64.3771082617829,0.519262902771525,1,"Low variability"
"Amillepora24400","chr8:12708898-12709298","Promoter (1-2kb)",-1851,"chr8",12708898,12709298,401,"*",0,2.41354316856855,33.0823224404027,0.712389873930403,8,12711149,12716609,5461,1,"Amillepora24400","Amillepora24400-RA",43.8497377432559,TRUE,1851,138.833083843147,58.8308798321128,0.423752597029248,1,"Low variability"
"Amillepora24437","chr8:13157886-13158286","Promoter (<=1kb)",17,"chr8",13157886,13158286,401,"*",59.8073026231162,14.4812590114113,13.2329289761611,32.7699342007986,8,13147942,13158303,10362,2,"Amillepora24437","Amillepora24437-RA",86.5915067990203,TRUE,17,98.8822880335796,48.5877099684928,0.491369191942573,1,"Low variability"
"Amillepora24447","chr8:13289177-13289577","Promoter (<=1kb)",-487,"chr8",13289177,13289577,401,"*",0,4.82708633713709,4.9623483660604,12.8230177307473,8,13277824,13288690,10867,2,"Amillepora24447","Amillepora24447-RA",26.7870272509655,TRUE,487,5.69471242579307,3.88553698071006,0.682306092070829,1,"Low variability"
"Amillepora24555","chr8:14567623-14568023","Promoter (<=1kb)",0,"chr8",14567623,14568023,401,"*",53.8265723608045,34.3929901521018,34.7364385624228,37.7566633183114,8,14568001,14593401,25401,1,"Amillepora24555","Amillepora24555-RA",138.463112929204,TRUE,0,145.442851510062,59.0510891954927,0.40600887965544,1,"Low variability"
"Amillepora24572","chr8:14866971-14867371","Promoter (<=1kb)",-38,"chr8",14866971,14867371,401,"*",56.8169374919603,13.274487427127,41.3529030505034,38.4690531922418,8,14856128,14866933,10806,2,"Amillepora24572","Amillepora24572-RA",125.867721551672,TRUE,38,21.6660690848549,13.7139079558926,0.632967055638115,1,"Low variability"
"Amillepora24595","chr8:15195624-15196024","Promoter (2-3kb)",-2297,"chr8",15195624,15196024,401,"*",0,0.603385792142137,11.5788128541409,27.7832050832857,8,15182450,15193327,10878,2,"Amillepora24595","Amillepora24595-RA",48.6382466690702,TRUE,2297,12.9127639718394,7.64153298136698,0.591781356650823,1,"Low variability"
"Amillepora24632","chr8:15701522-15701922","Promoter (<=1kb)",0,"chr8",15701522,15701922,401,"*",74.7591282788952,32.5828327756754,31.4282063183826,48.4425114272674,8,15701638,15713970,12333,1,"Amillepora24632","Amillepora24632-RA",150.845161282418,TRUE,0,24.5961842639607,19.3306772608898,0.785921793943211,1,"Low variability"
"Amillepora24661","chr8:15963424-15963824","Promoter (<=1kb)",-699,"chr8",15963424,15963824,401,"*",5.98073026231162,6.6372437135635,29.7740901963624,12.8230177307473,8,15964523,15972904,8382,1,"Amillepora24661","Amillepora24661-RA",60.5429306576259,TRUE,699,12.7425610211593,5.98009178818861,0.469300620044788,1,"Low variability"
"Amillepora24672","chr8:16110533-16110933","Promoter (<=1kb)",0,"chr8",16110533,16110933,401,"*",74.7591282788952,11.4643300507006,26.4658579523221,49.1549013011978,8,16100843,16110559,9717,2,"Amillepora24672","Amillepora24672-RA",123.338744552478,TRUE,0,141.139323162666,71.2132200049654,0.504559738627135,1,"Low variability"
"Amillepora24675","chr8:16133485-16133885","Promoter (2-3kb)",2596,"chr8",16133485,16133885,401,"*",2.99036513115581,1.81015737642641,4.9623483660604,4.98672911751282,8,16130889,16137615,6727,1,"Amillepora24675","Amillepora24675-RA",14.812409535623,TRUE,2596,80.4637975883443,28.0137839885012,0.348153888184855,1,"Low variability"
"Amillepora24826","chr8:17510820-17511220","Promoter (<=1kb)",51,"chr8",17510820,17511220,401,"*",59.8073026231162,22.9286601014012,46.3152514165638,49.8672911751282,8,17510769,17526952,16184,1,"Amillepora24826","Amillepora24826-RA",156.777971611172,TRUE,51,73.6866026487731,24.8306230053385,0.336976086734431,1,"Low variability"
"Amillepora24886","chr14:328513-328913","Promoter (1-2kb)",-1566,"chr14",328513,328913,401,"*",119.614605246232,27.7557464385383,39.6987869284832,49.1549013011978,14,330479,336190,5712,1,"Amillepora24886","Amillepora24886-RA",168.118464053641,TRUE,1566,220.217688544792,110.123871218797,0.50006823678198,1,"Low variability"
"Amillepora24892","chr14:399881-400281","Promoter (<=1kb)",-437,"chr14",399881,400281,401,"*",71.7687631477394,32.5828327756754,19.8493934642416,50.5796810490586,14,397991,399444,1454,2,"Amillepora24892","Amillepora24892-RA",138.537949996856,TRUE,437,152.923536762344,115.334364043405,0.754196289761755,1,"Low variability"
"Amillepora24954","chr14:816483-816883","Promoter (<=1kb)",0,"chr14",816483,816883,401,"*",62.797667754272,25.3422032699697,34.7364385624228,44.168172183685,14,812422,816483,4062,2,"Amillepora24954","Amillepora24954-RA",138.992656719008,TRUE,0,4.90300617339878,3.8378670379228,0.782757945267358,1,"Low variability"
"Amillepora24978","chr14:1033704-1034104","Promoter (<=1kb)",0,"chr14",1033704,1034104,401,"*",176.431542738193,23.5320458935433,23.1576257082819,44.168172183685,14,1027938,1033747,5810,2,"Amillepora24978","Amillepora24978-RA",151.800681110306,TRUE,0,4.42618083027021,3.15464259686561,0.712723387912968,1,"Low variability"
"Amillepora24985","chr14:1096471-1096871","Promoter (1-2kb)",1654,"chr14",1096471,1096871,401,"*",101.672414459297,21.7218885171169,28.1199740743423,28.4955949572161,14,1085115,1098525,13411,2,"Amillepora24985","Amillepora24985-RA",117.864199458822,TRUE,1654,194.289648711415,80.8161889880791,0.41595725518099,1,"Low variability"
"Amillepora25017","chr14:1310115-1310515","Promoter (<=1kb)",0,"chr14",1310115,1310515,401,"*",167.460447344725,25.9455890621119,43.0070191725235,42.0310025618938,14,1310503,1315870,5368,1,"Amillepora25017","Amillepora25017-RA",173.726480861178,TRUE,0,12.8202732002415,6.31624906196061,0.492676635147028,1,"Low variability"
"Amillepora25055","chr14:1702561-1702961","Promoter (2-3kb)",-2827,"chr14",1702561,1702961,401,"*",11.9614605246232,0,13.2329289761611,14.9601873525385,14,1705788,1729196,23409,1,"Amillepora25055","Amillepora25055-RA",37.4386611791381,TRUE,2827,59.6524094824001,26.0327612264517,0.43640753914781,1,"Low variability"
"Amillepora25086","chr14:2080774-2081174","Promoter (1-2kb)",-1054,"chr14",2080774,2081174,401,"*",8.97109539346742,19.9117311406905,8.27058061010067,7.12389873930403,14,2064562,2079720,15159,2,"Amillepora25086","Amillepora25086-RA",42.1014487574906,TRUE,1054,10.7731343570279,8.41790427918808,0.781379308956325,1,"Low variability"
"Amillepora25090","chr14:2127695-2128095","Promoter (1-2kb)",1808,"chr14",2127695,2128095,401,"*",8.97109539346742,9.65417267427418,11.5788128541409,12.1106278568169,14,2125887,2130930,5044,1,"Amillepora25090","Amillepora25090-RA",41.3841694373937,TRUE,1808,160.73389376728,89.7962777362705,0.558664234603081,1,"Low variability"
"Amillepora25229","chr14:3760785-3761185","Promoter (2-3kb)",2093,"chr14",3760785,3761185,401,"*",5.98073026231162,48.8742491635131,6.61646448808054,20.6593063439817,14,3761558,3763278,1721,2,"Amillepora25229","Amillepora25229-RA",86.4068197087608,TRUE,2093,0.442273330364714,1.3558828765773,3.06571249833037,5,"High variability"
"Amillepora25247","chr14:3998160-3998560","Promoter (2-3kb)",2554,"chr14",3998160,3998560,401,"*",2.99036513115581,6.03385792142137,11.5788128541409,12.8230177307473,14,3995606,4003556,7951,1,"Amillepora25247","Amillepora25247-RA",36.9080623098953,TRUE,2554,0.138942684701749,0.3724088258193,2.68030538360983,5,"High variability"
"Amillepora25258","chr14:4162910-4163310","Promoter (2-3kb)",2081,"chr14",4162910,4163310,401,"*",8.97109539346742,112.229757338437,8.27058061010067,13.5354076046777,14,4158488,4165391,6904,2,"Amillepora25258","Amillepora25258-RA",147.437425071211,TRUE,2081,39.6086368550171,28.1427658229006,0.71052093829722,1,"Low variability"
"Amillepora25328","chr14:4856695-4857095","Promoter (2-3kb)",-2224,"chr14",4856695,4857095,401,"*",23.9229210492465,3.62031475285282,4.9623483660604,7.12389873930403,14,4859319,4859804,486,1,"Amillepora25328","Amillepora25328-RA",24.6469070251475,TRUE,2224,0.200818069523091,0.526996028139316,2.62424606207421,5,"High variability"
"Amillepora25355","chr14:5290863-5291263","Promoter (1-2kb)",-1009,"chr14",5290863,5291263,401,"*",2.99036513115581,3.62031475285282,6.61646448808054,6.41150886537363,14,5271278,5289854,18577,2,"Amillepora25355","Amillepora25355-RA",20.482138282032,TRUE,1009,88.1078022163242,40.8873991093943,0.46406104886156,1,"Low variability"
"Amillepora25373","chr14:5524659-5525059","Promoter (<=1kb)",902,"chr14",5524659,5525059,401,"*",8.97109539346742,0.603385792142137,4.9623483660604,18.5221367221905,14,5523757,5531446,7690,1,"Amillepora25373","Amillepora25373-RA",31.5479550636215,TRUE,902,11.4701281513093,6.68353072710839,0.58269015297318,1,"Low variability"
"Amillepora25465","chr14:6576518-6576918","Promoter (2-3kb)",2262,"chr14",6576518,6576918,401,"*",0,34.9963759442439,13.2329289761611,17.0973569743297,14,6576979,6579180,2202,2,"Amillepora25465","Amillepora25465-RA",73.9734528413441,TRUE,2262,0.270769928590168,0.767417661828225,2.83420565135863,5,"High variability"
"Amillepora25513","chr14:7137294-7137694","Promoter (<=1kb)",189,"chr14",7137294,7137694,401,"*",5.98073026231162,4.22370054499496,9.92469673212081,2.84955949572161,14,7137105,7137176,72,1,"Amillepora25513","Amillepora25513-RA",21.5828541040709,TRUE,189,0.123930472312463,0.467612972514878,3.77318801251638,5,"High variability"
"Amillepora25590","chr14:8186300-8186700","Promoter (<=1kb)",0,"chr14",8186300,8186700,401,"*",86.7205888035184,27.1523606463961,26.4658579523221,59.1283595362235,14,8155322,8186516,31195,2,"Amillepora25590","Amillepora25590-RA",155.101780742966,TRUE,0,56.926025862636,30.8461083989276,0.541863021904253,1,"Low variability"
"Amillepora25594","chr14:8230977-8231377","Promoter (<=1kb)",118,"chr14",8230977,8231377,401,"*",44.8554769673371,28.3591322306804,11.5788128541409,35.6194936965202,14,8223086,8231495,8410,2,"Amillepora25594","Amillepora25594-RA",98.903318793162,TRUE,118,628.265772782222,331.935231330941,0.528335691217101,1,"Low variability"
"Amillepora25612","chr14:8378039-8378439","Promoter (1-2kb)",1054,"chr14",8378039,8378439,401,"*",2.99036513115581,11.4643300507006,13.2329289761611,17.8097468482601,14,8376985,8378112,1128,1,"Amillepora25612","Amillepora25612-RA",50.7419727015631,TRUE,1054,0.262686729318873,0.979593150759678,3.72913071512859,5,"High variability"
"Amillepora25639","chr14:8825453-8825853","Promoter (1-2kb)",1266,"chr14",8825453,8825853,401,"*",26.9132861804023,20.5151169328326,38.0446708064631,27.0708152093553,14,8824187,8854661,30475,1,"Amillepora25639","Amillepora25639-RA",107.988714313376,TRUE,1266,0.42536342483576,1.23408372491347,2.90124550645127,5,"High variability"
"Amillepora25811","chr14:10946909-10947309","Promoter (<=1kb)",142,"chr14",10946909,10947309,401,"*",20.9325559180907,161.10400650195,86.014038345047,27.0708152093553,14,10946767,10949691,2925,1,"Amillepora25811","Amillepora25811-RA",313.61351637466,TRUE,142,0.219387776327056,0.812364165429747,3.70286886092824,5,"High variability"
"Amillepora25829","chr14:11278043-11278443","Promoter (1-2kb)",-1520,"chr14",11278043,11278443,401,"*",23.9229210492465,0,8.27058061010067,6.41150886537363,14,11257082,11276523,19442,2,"Amillepora25829","Amillepora25829-RA",23.9976913388562,TRUE,1520,30.3623125555596,92.0946367072659,3.03318913994918,5,"High variability"
"Amillepora25839","chr14:11418790-11419190","Promoter (<=1kb)",-666,"chr14",11418790,11419190,401,"*",23.9229210492465,439.264856679475,24.811741830302,5.69911899144323,14,11419856,11425093,5238,1,"Amillepora25839","Amillepora25839-RA",507.38412877296,TRUE,666,0.260481742896931,0.653215888736099,2.50772235117671,5,"High variability"
"Amillepora25880","chr14:12039858-12040258","Promoter (<=1kb)",-929,"chr14",12039858,12040258,401,"*",2.99036513115581,6.03385792142137,1.65411612202013,4.27433924358242,14,12037782,12038929,1148,2,"Amillepora25880","Amillepora25880-RA",14.3631644329927,TRUE,929,0.10866636132872,0.312585850906544,2.87656499292324,5,"High variability"
"Amillepora25892","chr14:12135409-12135809","Promoter (1-2kb)",1841,"chr14",12135409,12135809,401,"*",8.97109539346742,44.047162826376,43.0070191725235,17.8097468482601,14,12133568,12138989,5422,1,"Amillepora25892","Amillepora25892-RA",123.070874950713,TRUE,1841,0.339858943299758,0.849763370011026,2.50034135268151,5,"High variability"
"Amillepora25902","chr14:12285495-12285895","Promoter (<=1kb)",157,"chr14",12285495,12285895,401,"*",56.8169374919603,140.588889569118,14.8870450981812,39.8938329401026,14,12285338,12291848,6511,1,"Amillepora25902","Amillepora25902-RA",229.752505577915,TRUE,157,0.212808733713791,0.87997053171234,4.13503015762419,5,"High variability"
"Amillepora25910","chr14:12378577-12378977","Promoter (<=1kb)",0,"chr14",12378577,12378977,401,"*",38.8747467050255,71.8029092649142,33.0823224404027,62.6903089058755,14,12378845,12380488,1644,1,"Amillepora25910","Amillepora25910-RA",202.540198584106,TRUE,0,0.24349148796949,0.679451479331618,2.79045269712572,5,"High variability"
"Amillepora25936","chr14:12860861-12861261","Promoter (<=1kb)",0,"chr14",12860861,12861261,401,"*",65.7880328854278,35.5997617363861,16.5411612202013,30.6327645790073,14,12860948,12869447,8500,1,"Amillepora25936","Amillepora25936-RA",111.859994165406,TRUE,0,492.97061035222,383.556692660835,0.778051844483772,1,"Low variability"
"Amillepora26013","chr14:14316803-14317203","Promoter (1-2kb)",-1282,"chr14",14316803,14317203,401,"*",8.97109539346742,8.44740108998991,19.8493934642416,7.83628861323444,14,14310255,14315521,5267,2,"Amillepora26013","Amillepora26013-RA",45.0097454670219,TRUE,1282,0.161468479409615,0.448071640842638,2.77497900816892,5,"High variability"
"Amillepora26068","chr14:15046642-15047042","Promoter (1-2kb)",-1267,"chr14",15046642,15047042,401,"*",0,0,1.65411612202013,16.3849671003993,14,15048309,15057190,8882,1,"Amillepora26068","Amillepora26068-RA",21.9841814473993,TRUE,1267,41.1883298664424,24.9634137103601,0.606079775298166,1,"Low variability"
"Amillepora26070","chr14:15081145-15081545","Promoter (1-2kb)",-1746,"chr14",15081145,15081545,401,"*",2.99036513115581,84.4740108998991,0,75.5133266366228,14,15060899,15079399,18501,2,"Amillepora26070","Amillepora26070-RA",181.999342959667,TRUE,1746,153.515584789857,79.4368488194638,0.517451364486561,1,"Low variability"
"Amillepora26129","chr14:15875398-15875798","Promoter (<=1kb)",-201,"chr14",15875398,15875798,401,"*",0,2.41354316856855,4.9623483660604,7.83628861323444,14,15871066,15875197,4132,2,"Amillepora26129","Amillepora26129-RA",18.1618000724267,TRUE,201,7.6406343742326,4.50807993625449,0.59001382810014,1,"Low variability"
"Amillepora26195","chr14:16717003-16717403","Promoter (<=1kb)",0,"chr14",16717003,16717403,401,"*",104.662779590453,33.7896043599596,21.5035095862617,32.0575443268681,14,16717034,16731700,14667,1,"Amillepora26195","Amillepora26195-RA",127.625543751349,TRUE,0,14.9106206950783,6.43552389525553,0.431606706847539,1,"Low variability"
"Amillepora26214","chr14:17000789-17001189","Promoter (<=1kb)",0,"chr14",17000789,17001189,401,"*",59.8073026231162,36.8065333206703,29.7740901963624,26.3584253354249,14,16983595,17001005,17411,2,"Amillepora26214","Amillepora26214-RA",122.580498406433,TRUE,0,17.1235662459236,8.15827841487433,0.476435708409541,1,"Low variability"
"Amillepora26245","chr14:17297997-17298397","Promoter (2-3kb)",2409,"chr14",17297997,17298397,401,"*",5.98073026231162,3.01692896071068,4.9623483660604,7.12389873930403,14,17295588,17308523,12936,1,"Amillepora26245","Amillepora26245-RA",19.4508309217165,TRUE,2409,24.2947403033327,11.8502713020468,0.487771062958067,1,"Low variability"
"Amillepora26315","chr11:558562-558962","Promoter (1-2kb)",-1220,"chr11",558562,558962,401,"*",0,1.81015737642641,92.6305028331275,105.4337013417,11,556830,557342,513,2,"Amillepora26315","Amillepora26315-RA",243.577061420156,TRUE,1220,0.255402158649047,0.712457666235354,2.78955224969088,5,"High variability"
"Amillepora26409","chr11:1195345-1195745","Promoter (<=1kb)",788,"chr11",1195345,1195745,401,"*",17.9421907869348,1.81015737642641,6.61646448808054,9.97345823502565,11,1183689,1196533,12845,2,"Amillepora26409","Amillepora26409-RA",26.7084666663397,TRUE,788,0.237285976757137,0.627238601466274,2.6433867270136,5,"High variability"
"Amillepora26478","chr11:1834860-1835260","Promoter (<=1kb)",-16,"chr11",1834860,1835260,401,"*",442.57403941106,27.7557464385383,67.8187610028255,59.1283595362235,11,1835276,1852620,17345,1,"Amillepora26478","Amillepora26478-RA",296.692809519439,TRUE,16,142.772612329465,65.748341578165,0.46051088164194,1,"Low variability"
"Amillepora26513","chr11:2298803-2299203","Promoter (<=1kb)",-124,"chr11",2298803,2299203,401,"*",125.595335508544,22.9286601014012,34.7364385624228,31.3451544529377,11,2299327,2311158,11832,1,"Amillepora26513","Amillepora26513-RA",136.775424262633,TRUE,124,72.3353428336188,27.5978194320128,0.38152607495746,1,"Low variability"
"Amillepora26548","chr11:2725295-2725695","Promoter (<=1kb)",0,"chr11",2725295,2725695,401,"*",134.566430902011,28.3591322306804,41.3529030505034,54.854020292641,11,2724684,2725434,751,2,"Amillepora26548","Amillepora26548-RA",181.519874462281,TRUE,0,0.109267738652735,0.35501457768297,3.24903381419146,5,"High variability"
"Amillepora26557","chr11:2824228-2824628","Promoter (<=1kb)",-267,"chr11",2824228,2824628,401,"*",0,15.0846448035534,1.65411612202013,2.13716962179121,11,2803033,2823961,20929,2,"Amillepora26557","Amillepora26557-RA",20.5608023928088,TRUE,267,7.05284346592007,17.5446352975615,2.48759743248786,5,"High variability"
"Amillepora26569","chr11:2974954-2975354","Promoter (<=1kb)",501,"chr11",2974954,2975354,401,"*",0,14.4812590114113,14.8870450981812,18.5221367221905,11,2974453,3006025,31573,1,"Amillepora26569","Amillepora26569-RA",56.0588171290089,TRUE,501,12.4820306882498,6.53871825246766,0.523850518860124,1,"Low variability"
"Amillepora26646","chr11:4128788-4129188","Promoter (<=1kb)",-665,"chr11",4128788,4129188,401,"*",2.99036513115581,0.603385792142137,29.7740901963624,7.12389873930403,11,4126675,4128123,1449,2,"Amillepora26646","Amillepora26646-RA",46.4654971149901,TRUE,665,0.110337761071811,0.414843155672228,3.75975687418778,5,"High variability"
"Amillepora26725","chr11:5227060-5227460","Promoter (<=1kb)",282,"chr11",5227060,5227460,401,"*",5.98073026231162,7.84401529784777,4.9623483660604,22.0840860918425,11,5225723,5227742,2020,2,"Amillepora26725","Amillepora26725-RA",42.7768514347659,TRUE,282,0.179886699475032,0.500506045475862,2.78234047840391,5,"High variability"
"Amillepora26816","chr11:6257988-6258388","Promoter (<=1kb)",0,"chr11",6257988,6258388,401,"*",248.200305885932,30.1692896071068,59.5481803927248,52.7168506708498,11,6240168,6258081,17914,2,"Amillepora26816","Amillepora26816-RA",231.937501149151,TRUE,0,20.65180815364,11.1105349698668,0.537993326647699,1,"Low variability"
"Amillepora26893","chr11:7373551-7373951","Promoter (<=1kb)",-107,"chr11",7373551,7373951,401,"*",71.7687631477394,33.1862185678175,26.4658579523221,34.1947139486594,11,7357542,7373444,15903,2,"Amillepora26893","Amillepora26893-RA",127.2992184797,TRUE,107,194.231901556297,77.6280958154975,0.399667074221571,1,"Low variability"
"Amillepora26897","chr11:7391052-7391452","Promoter (2-3kb)",2936,"chr11",7391052,7391452,401,"*",0,0,11.5788128541409,7.12389873930403,11,7388116,7452669,64554,1,"Amillepora26897","Amillepora26897-RA",22.8306287672594,TRUE,2936,35.5607617769642,18.7768354985995,0.528021182908487,1,"Low variability"
"Amillepora26978","chr11:8464275-8464675","Promoter (1-2kb)",1649,"chr11",8464275,8464675,401,"*",8.97109539346742,0.603385792142137,3.30823224404027,4.98672911751282,11,8459834,8466324,6491,2,"Amillepora26978","Amillepora26978-RA",13.035525705349,TRUE,1649,0.220244737358035,0.759998461665964,3.45069975692765,5,"High variability"
"Amillepora26998","chr11:8818142-8818542","Promoter (2-3kb)",-2495,"chr11",8818142,8818542,401,"*",41.8651118361813,33.7896043599596,39.6987869284832,47.0177316794066,11,8821037,8822009,973,1,"Amillepora26998","Amillepora26998-RA",152.134605536126,TRUE,2495,0.218445636030822,0.629113005481139,2.87995227056115,5,"High variability"
"Amillepora27047","chr11:9506624-9507024","Promoter (1-2kb)",1676,"chr11",9506624,9507024,401,"*",11.9614605246232,1.81015737642641,1.65411612202013,2.13716962179121,11,9504948,9507845,2898,1,"Amillepora27047","Amillepora27047-RA",9.57677400055019,TRUE,1676,0.247943060277891,0.99744956182949,4.02289767945739,5,"High variability"
"Amillepora27074","chr11:9718316-9718716","Promoter (1-2kb)",-1466,"chr11",9718316,9718716,401,"*",0,0,13.2329289761611,4.98672911751282,11,9720182,9736804,16623,1,"Amillepora27074","Amillepora27074-RA",22.2484216353348,TRUE,1466,180.982070138302,66.1300951165848,0.365395837643199,1,"Low variability"
"Amillepora27176","chr11:10827856-10828256","Promoter (<=1kb)",0,"chr11",10827856,10828256,401,"*",0,5.43047212927923,9.92469673212081,0.712389873930403,11,10827815,10828096,282,2,"Amillepora27176","Amillepora27176-RA",18.7343169325795,TRUE,0,0.177160441193343,0.56175967453295,3.17090920946554,5,"High variability"
"Amillepora27185","chr11:10953988-10954388","Promoter (2-3kb)",2510,"chr11",10953988,10954388,401,"*",0,0,0,4.27433924358242,11,10951478,10955481,4004,1,"Amillepora27185","Amillepora27185-RA",5.20762813369016,TRUE,2510,0.231975753752881,0.804170469194175,3.46661431716196,5,"High variability"
"Amillepora27208","chr11:11316097-11316497","Promoter (<=1kb)",-129,"chr11",11316097,11316497,401,"*",74.7591282788952,12.0677158428427,21.5035095862617,61.9779190319451,11,11316626,11326818,10193,1,"Amillepora27208","Amillepora27208-RA",133.534223404429,TRUE,129,234.94265627618,110.630788622262,0.470884216496697,1,"Low variability"
"Amillepora27276","chr11:12441677-12442077","Promoter (2-3kb)",-3000,"chr11",12441677,12442077,401,"*",0,8.44740108998991,0,0,11,12435509,12438677,3169,2,"Amillepora27276","Amillepora27276-RA",8.92381357898427,TRUE,3000,0.143615844518191,0.495442451375215,3.4497757057193,5,"High variability"
"Amillepora27325","chr11:13341673-13342073","Promoter (1-2kb)",1365,"chr11",13341673,13342073,401,"*",2.99036513115581,0,13.2329289761611,3.56194936965202,11,13340308,13371922,31615,1,"Amillepora27325","Amillepora27325-RA",21.2723223987363,TRUE,1365,83.3254187867917,44.7020180260661,0.536475167805001,1,"Low variability"
"Amillepora27330","chr11:13415107-13415507","Promoter (1-2kb)",1220,"chr11",13415107,13415507,401,"*",26.9132861804023,9.05078688213205,19.8493934642416,27.0708152093553,11,13413887,13426088,12202,1,"Amillepora27330","Amillepora27330-RA",73.6401481720587,TRUE,1220,335.89744352503,174.121121478249,0.518375846064677,1,"Low variability"
"Amillepora27357","chr11:13827815-13828215","Promoter (2-3kb)",2532,"chr11",13827815,13828215,401,"*",53.8265723608045,0,8.27058061010067,48.4425114272674,11,13823716,13830747,7032,2,"Amillepora27357","Amillepora27357-RA",82.8038027331249,TRUE,2532,13.2745963240101,8.8527072213109,0.666890879785082,1,"Low variability"
"Amillepora27412","chr11:14454334-14454734","Promoter (<=1kb)",0,"chr11",14454334,14454734,401,"*",158.489351951258,35.5997617363861,31.4282063183826,47.0177316794066,11,14445210,14454492,9283,2,"Amillepora27412","Amillepora27412-RA",173.57011213908,TRUE,0,32.7200940392208,17.4982025939149,0.53478460584313,1,"Low variability"
"Amillepora27421","chr11:14610286-14610686","Promoter (<=1kb)",0,"chr11",14610286,14610686,401,"*",83.7302236723626,16.2914163878377,9.92469673212081,53.4292405447802,11,14594784,14610552,15769,2,"Amillepora27421","Amillepora27421-RA",115.708955805993,TRUE,0,31.3084745775557,17.0355677485122,0.54412001793037,1,"Low variability"
"Amillepora27439","chr11:14798491-14798891","Promoter (<=1kb)",108,"chr11",14798491,14798891,401,"*",98.6820493281416,71.1995234727721,87.6681544670671,59.1283595362235,11,14798383,14802904,4522,1,"Amillepora27439","Amillepora27439-RA",279.471658228726,TRUE,108,2.90098060252808,2.22055792407622,0.76545080037457,1,"Low variability"
"Amillepora27472","chr11:15234483-15234883","Promoter (<=1kb)",-501,"chr11",15234483,15234883,401,"*",173.441177607037,16.2914163878377,36.390554684443,49.8672911751282,11,15235384,15241049,5666,1,"Amillepora27472","Amillepora27472-RA",166.508280892257,TRUE,501,325.569171297099,246.503649851341,0.757146780419188,1,"Low variability"
"Amillepora27500","chr11:15574113-15574513","Promoter (<=1kb)",0,"chr11",15574113,15574513,401,"*",74.7591282788952,22.325274309259,19.8493934642416,37.044273444381,11,15560246,15574169,13924,2,"Amillepora27500","Amillepora27500-RA",111.970845035559,TRUE,0,39.0130755510575,18.1476868198029,0.465169345494242,1,"Low variability"
"Amillepora27550","chr11:16308781-16309181","Promoter (<=1kb)",0,"chr11",16308781,16309181,401,"*",20.9325559180907,0.603385792142137,6.61646448808054,6.41150886537363,11,16309041,16310508,1468,1,"Amillepora27550","Amillepora27550-RA",21.8537228516127,TRUE,0,0.139397684417847,0.586768871796597,4.20931577340802,5,"High variability"
"Amillepora27614","Sc0000015:553843-554243","Promoter (1-2kb)",1541,"Sc0000015",553843,554243,401,"*",23.9229210492465,59.7351934220715,11.5788128541409,39.1814430661722,15,536893,555784,18892,2,"Amillepora27614","Amillepora27614-RA",131.070164542186,TRUE,1541,43.3787891818726,26.2667544278002,0.605520691637394,1,"Low variability"
"Amillepora27648","Sc0000015:993329-993729","Promoter (<=1kb)",0,"Sc0000015",993329,993729,401,"*",44.8554769673371,21.7218885171169,39.6987869284832,44.168172183685,15,989225,993693,4469,2,"Amillepora27648","Amillepora27648-RA",136.674325142129,TRUE,0,2.11472850613231,7.38156683773563,3.4905505914024,5,"High variability"
"Amillepora27676","Sc0000015:1328943-1329343","Promoter (<=1kb)",421,"Sc0000015",1328943,1329343,401,"*",11.9614605246232,0,23.1576257082819,15.6725772264689,15,1328281,1329764,1484,2,"Amillepora27676","Amillepora27676-RA",50.4362408109419,TRUE,421,1.17502154160719,4.19303349442716,3.56847372235571,5,"High variability"
"Amillepora27833","Sc0000028:1076043-1076443","Promoter (<=1kb)",-66,"Sc0000028",1076043,1076443,401,"*",86.7205888035184,36.8065333206703,11.5788128541409,129.654957055333,16,1065381,1075977,10597,2,"Amillepora27833","Amillepora27833-RA",233.031826624838,TRUE,66,159.664315579134,119.915526593609,0.751047760162639,1,"Low variability"
"Amillepora27854","Sc0000028:1375186-1375586","Promoter (<=1kb)",0,"Sc0000028",1375186,1375586,401,"*",284.084687459802,25.3422032699697,46.3152514165638,80.5000557541356,16,1375487,1378145,2659,1,"Amillepora27854","Amillepora27854-RA",253.632228189219,TRUE,0,66.3900219989194,35.1305744128744,0.529154432475504,1,"Low variability"
"Amillepora27925","Sc0000030:709979-710379","Promoter (<=1kb)",0,"Sc0000030",709979,710379,401,"*",68.7783980165836,25.9455890621119,49.623483660604,30.6327645790073,17,710343,729454,19112,1,"Amillepora27925","Amillepora27925-RA",142.853265581511,TRUE,0,409.303397222153,262.452961927872,0.641218625863062,1,"Low variability"
"Amillepora28029","Sc0000030:1550388-1550788","Promoter (<=1kb)",0,"Sc0000030",1550388,1550788,401,"*",86.7205888035184,21.7218885171169,38.0446708064631,66.9646481494579,17,1541466,1550672,9207,2,"Amillepora28029","Amillepora28029-RA",173.063610231732,TRUE,0,13.8663422846334,6.93110056748271,0.499850676206348,1,"Low variability"
"Amillepora28052","Sc0000038:49077-49477","Promoter (<=1kb)",72,"Sc0000038",49077,49477,401,"*",11.9614605246232,71.1995234727721,8.27058061010067,6.41150886537363,18,49005,51951,2947,1,"Amillepora28052","Amillepora28052-RA",96.1735842727211,TRUE,72,0.264003536027392,1.35627754011162,5.13734611482967,5,"High variability"
"Amillepora28081","Sc0000038:531721-532121","Promoter (<=1kb)",695,"Sc0000038",531721,532121,401,"*",20.9325559180907,21.7218885171169,9.92469673212081,30.6327645790073,18,531026,532309,1284,1,"Amillepora28081","Amillepora28081-RA",77.7163634264916,TRUE,695,0.212670428478532,0.726287823685923,3.41508609768583,5,"High variability"
"Amillepora28094","Sc0000038:740157-740557","Promoter (2-3kb)",-2712,"Sc0000038",740157,740557,401,"*",23.9229210492465,101.972198872021,47.9693675385839,162.424891256132,18,735351,737445,2095,2,"Amillepora28094","Amillepora28094-RA",370.317862860089,TRUE,2712,0.16631504188113,0.439059693091948,2.63992774270987,5,"High variability"
"Amillepora28114","Sc0000038:1068751-1069151","Promoter (<=1kb)",0,"Sc0000038",1068751,1069151,401,"*",8.97109539346742,44.047162826376,3.30823224404027,0,18,1068783,1069292,510,1,"Amillepora28114","Amillepora28114-RA",52.853857955582,TRUE,0,0.204917973673447,0.508325281695497,2.48062809026969,5,"High variability"
"Amillepora28126","Sc0000038:1214766-1215166","Promoter (<=1kb)",-197,"Sc0000038",1214766,1215166,401,"*",0,6.6372437135635,49.623483660604,14.9601873525385,18,1215363,1216806,1444,1,"Amillepora28126","Amillepora28126-RA",85.8864743275855,TRUE,197,0.283060113934354,0.818698931958081,2.89231471216022,5,"High variability"
"Amillepora28173","Sc0000050:12559-12959","Promoter (<=1kb)",0,"Sc0000050",12559,12959,401,"*",80.7398585412068,0,147.216334859792,27.7832050832857,19,11996,12712,717,2,"Amillepora28173","Amillepora28173-RA",234.28657389195,TRUE,0,0.196105055607086,0.533503016324106,2.72049598452488,5,"High variability"
"Amillepora28189","Sc0000050:128020-128420","Promoter (2-3kb)",2220,"Sc0000050",128020,128420,401,"*",8.97109539346742,7.24062950570564,1.65411612202013,10.685848108956,19,125800,131409,5610,1,"Amillepora28189","Amillepora28189-RA",24.9689907607412,TRUE,2220,0.73341834337335,1.89400215582016,2.582430849914,5,"High variability"
"Amillepora28225","Sc0000050:396923-397323","Promoter (<=1kb)",-31,"Sc0000050",396923,397323,401,"*",5.98073026231162,6.03385792142137,1.65411612202013,4.98672911751282,19,397354,398217,864,1,"Amillepora28225","Amillepora28225-RA",15.9908792632393,TRUE,31,0.301165520853355,0.929908883076709,3.08770034644671,5,"High variability"
"Amillepora28300","Sc0000050:899972-900372","Promoter (2-3kb)",-2701,"Sc0000050",899972,900372,401,"*",23.9229210492465,70.59613768063,31.4282063183826,33.482324074729,19,903073,903660,588,1,"Amillepora28300","Amillepora28300-RA",159.859418184529,TRUE,2701,0.180799182213348,0.532647299526974,2.94607139814624,5,"High variability"
"Amillepora28322","Sc0000050:1099466-1099866","Promoter (1-2kb)",1377,"Sc0000050",1099466,1099866,401,"*",0,0,47.9693675385839,0,19,1098089,1104860,6772,1,"Amillepora28322","Amillepora28322-RA",58.6266011126905,TRUE,1377,0.37041916166252,1.05036837718826,2.8356210636458,5,"High variability"
"Amillepora28333","Sc0000050:1283157-1283557","Promoter (<=1kb)",0,"Sc0000050",1283157,1283557,401,"*",35.8843815738697,152.656605411961,52.9317159046443,38.4690531922418,19,1279278,1283454,4177,2,"Amillepora28333","Amillepora28333-RA",281.943456493601,TRUE,0,0.490472484890296,1.46483372322969,2.98657675681303,5,"High variability"
"Amillepora28376","Sc0000055:120749-121149","Promoter (2-3kb)",2177,"Sc0000055",120749,121149,401,"*",0,27.1523606463961,8.27058061010067,7.83628861323444,20,118572,121801,3230,1,"Amillepora28376","Amillepora28376-RA",48.3390394235784,TRUE,2177,0.51647599326662,1.33670283344244,2.5881219086061,5,"High variability"
"Amillepora28425","Sc0000055:776430-776830","Promoter (<=1kb)",265,"Sc0000055",776430,776830,401,"*",5.98073026231162,0,1.65411612202013,1.42477974786081,20,763790,777095,13306,2,"Amillepora28425","Amillepora28425-RA",5.27703659541353,TRUE,265,305.123383221968,237.541506522204,0.778509677016131,1,"Low variability"
"Amillepora28450","Sc0000055:1028725-1029125","Promoter (2-3kb)",-2121,"Sc0000055",1028725,1029125,401,"*",17.9421907869348,42.2370054499496,23.1576257082819,6.41150886537363,20,1031246,1032169,924,1,"Amillepora28450","Amillepora28450-RA",85.2916680321311,TRUE,2121,0.270482521766879,0.723432592600624,2.67460014745104,5,"High variability"
"Amillepora28731","Sc0000061:1057794-1058194","Promoter (<=1kb)",0,"Sc0000061",1057794,1058194,401,"*",152.508621688946,15.6880305956955,46.3152514165638,64.1150886537363,22,1049297,1057843,8547,2,"Amillepora28731","Amillepora28731-RA",190.040830036017,TRUE,0,3.63591396538551,2.65218797144326,0.729441894580707,1,"Low variability"
"Amillepora28734","Sc0000061:1082705-1083105","Promoter (<=1kb)",0,"Sc0000061",1082705,1083105,401,"*",137.556796033167,25.3422032699697,21.5035095862617,40.606222814033,22,1082943,1098123,15181,1,"Amillepora28734","Amillepora28734-RA",137.474531327359,TRUE,0,114.91942376694,44.2344764822681,0.384917318868366,1,"Low variability"
"Amillepora28736","Sc0000061:1102302-1102702","Promoter (2-3kb)",2016,"Sc0000061",1102302,1102702,401,"*",47.8458420984929,44.047162826376,72.7811093688859,52.7168506708498,22,1099223,1104718,5496,2,"Amillepora28736","Amillepora28736-RA",211.865861374626,TRUE,2016,0.180975760205711,0.46840678603541,2.58822941538128,5,"High variability"
"Amillepora28804","Sc0000066:187485-187885","Promoter (<=1kb)",0,"Sc0000066",187485,187885,401,"*",74.7591282788952,15.0846448035534,18.1952773422215,40.606222814033,23,187539,191913,4375,1,"Amillepora28804","Amillepora28804-RA",106.639945144346,TRUE,0,32.1460323089602,17.6867166505805,0.550199056623563,1,"Low variability"
"Amillepora28933","Sc0000066:1437222-1437622","Promoter (<=1kb)",115,"Sc0000066",1437222,1437622,401,"*",20.9325559180907,0,4.9623483660604,7.12389873930403,23,1426278,1437737,11460,2,"Amillepora28933","Amillepora28933-RA",20.0626386833323,TRUE,115,3.6380240085492,10.2644865242221,2.8214455155054,5,"High variability"
"Amillepora28937","xfSc0000023:125058-125458","Promoter (1-2kb)",1437,"xfSc0000023",125058,125458,401,"*",0,0,14.8870450981812,2.13716962179121,160,123621,135407,11787,1,"Amillepora28937","Amillepora28937-RA",20.7982764811283,TRUE,1437,0.892288833323974,3.57334753076742,4.00469825163665,5,"High variability"
"Amillepora29015","Sc0000070:49462-49862","Promoter (1-2kb)",1816,"Sc0000070",49462,49862,401,"*",0,0.603385792142137,4.9623483660604,1.42477974786081,24,47646,51719,4074,1,"Amillepora29015","Amillepora29015-RA",8.43811210496621,TRUE,1816,0.404256259905356,1.12773557070718,2.78965518300496,5,"High variability"
"Amillepora29219","Sc0000077:34275-34675","Promoter (<=1kb)",-756,"Sc0000077",34275,34675,401,"*",173.441177607037,8.44740108998991,90.9763867111074,94.0354633588132,26,35431,36696,1266,1,"Amillepora29219","Amillepora29219-RA",278.747068802751,TRUE,756,0.206843689727976,0.571439007126391,2.76266106003959,5,"High variability"
"Amillepora29278","Sc0000077:439043-439443","Promoter (1-2kb)",-1317,"Sc0000077",439043,439443,401,"*",361.834180869853,2.41354316856855,1.65411612202013,4.27433924358242,26,436810,437726,917,2,"Amillepora29278","Amillepora29278-RA",101.711889854929,TRUE,1317,0.288479751363063,1.08361794472829,3.75630504258345,5,"High variability"
"Amillepora29353","Sc0000077:835637-836037","Promoter (2-3kb)",2908,"Sc0000077",835637,836037,401,"*",0,0,6.61646448808054,0.712389873930403,26,835853,838945,3093,2,"Amillepora29353","Amillepora29353-RA",8.95436576196315,TRUE,2908,0.166769036053782,0.417496130160368,2.50343912778706,5,"High variability"
"Amillepora29369","Sc0000077:937346-937746","Promoter (<=1kb)",378,"Sc0000077",937346,937746,401,"*",5.98073026231162,4.82708633713709,9.92469673212081,2.84955949572161,26,936968,941013,4046,1,"Amillepora29369","Amillepora29369-RA",22.2202693597126,TRUE,378,0.111623170769951,0.302759739924807,2.71233775063403,5,"High variability"
"Amillepora29383","Sc0000077:1051910-1052310","Promoter (2-3kb)",-2348,"Sc0000077",1051910,1052310,401,"*",17.9421907869348,30.1692896071068,18.1952773422215,44.168172183685,26,1054658,1069666,15009,1,"Amillepora29383","Amillepora29383-RA",112.479257295465,TRUE,2348,0.473820020784185,1.24565810049061,2.62896890348578,5,"High variability"
"Amillepora29384","Sc0000077:1088900-1089300","Promoter (<=1kb)",382,"Sc0000077",1088900,1089300,401,"*",47.8458420984929,39.823462281381,29.7740901963624,81.9248355019964,26,1088518,1096723,8206,1,"Amillepora29384","Amillepora29384-RA",190.427633190754,TRUE,382,0.180084917659711,0.63852729960018,3.54570114975839,5,"High variability"
"Amillepora29443","Sc0000080:693792-694192","Promoter (2-3kb)",2108,"Sc0000080",693792,694192,401,"*",29.9036513115581,4.22370054499496,0,0,27,691684,715522,23839,1,"Amillepora29443","Amillepora29443-RA",12.059674869141,TRUE,2108,0.288741561925371,0.817561747405038,2.83146541825644,5,"High variability"
"Amillepora29444","Sc0000080:725470-725870","Promoter (<=1kb)",0,"Sc0000080",725470,725870,401,"*",11.9614605246232,0,0,0,27,725826,727079,1254,1,"Amillepora29444","Amillepora29444-RA",3.03910723185955,TRUE,0,0.145157214877603,0.483018874827339,3.32755678203542,5,"High variability"
"Amillepora29448","Sc0000080:753982-754382","Promoter (1-2kb)",1425,"Sc0000080",753982,754382,401,"*",8.97109539346742,5.43047212927923,3.30823224404027,0,27,752557,770606,18050,1,"Amillepora29448","Amillepora29448-RA",12.059281594511,TRUE,1425,0.251045591529597,0.666747632606982,2.65588265678975,5,"High variability"
"Amillepora29461","Sc0000080:872962-873362","Promoter (<=1kb)",540,"Sc0000080",872962,873362,401,"*",0,9.05078688213205,0,0,27,872422,882255,9834,1,"Amillepora29461","Amillepora29461-RA",9.561228834626,TRUE,540,0.597324591495116,1.59038868155069,2.66252001708135,5,"High variability"
"Amillepora29576","Sc0000086:227954-228354","Promoter (<=1kb)",0,"Sc0000086",227954,228354,401,"*",71.7687631477394,28.3591322306804,24.811741830302,51.292070922989,28,225167,228222,3056,2,"Amillepora29576","Amillepora29576-RA",141.008802034406,TRUE,0,7.21116091820711,4.83227435892323,0.670110459845994,1,"Low variability"
"Amillepora29662","Sc0000089:315517-315917","Promoter (<=1kb)",0,"Sc0000089",315517,315917,401,"*",5.98073026231162,1.81015737642641,0,3.56194936965202,29,313063,315680,2618,2,"Amillepora29662","Amillepora29662-RA",7.77148949426345,TRUE,0,0.150971240882292,0.395291987382591,2.61832641152356,5,"High variability"
"Amillepora29671","Sc0000089:597818-598218","Promoter (1-2kb)",-1317,"Sc0000089",597818,598218,401,"*",2.99036513115581,25.9455890621119,11.5788128541409,28.4955949572161,29,594620,596501,1882,2,"Amillepora29671","Amillepora29671-RA",77.0374022362696,TRUE,1317,0.267345524331363,1.10844069519825,4.14609781843359,5,"High variability"
"Amillepora29767","xfSc0000036:874409-874809","Promoter (1-2kb)",-1701,"xfSc0000036",874409,874809,401,"*",0,4.82708633713709,0,2.84955949572161,162,869501,872708,3208,2,"Amillepora29767","Amillepora29767-RA",8.57107413426063,TRUE,1701,0.432706524961314,1.26331810347685,2.9195725754073,5,"High variability"
"Amillepora29912","Sc0000094:642181-642581","Promoter (1-2kb)",1056,"Sc0000094",642181,642581,401,"*",5.98073026231162,33.1862185678175,0,0.712389873930403,31,639708,643637,3930,2,"Amillepora29912","Amillepora29912-RA",37.4453306985068,TRUE,1056,0.299642303841724,1.27526493482575,4.255957581675,5,"High variability"
"Amillepora29917","Sc0000094:758563-758963","Promoter (<=1kb)",-878,"Sc0000094",758563,758963,401,"*",29.9036513115581,26.548974854254,43.0070191725235,89.7611241152308,31,759841,760672,832,1,"Amillepora29917","Amillepora29917-RA",197.566010443308,TRUE,878,0.233369798418064,0.643433436333331,2.75714098694412,5,"High variability"
"Amillepora29939","Sc0000095:86908-87308","Promoter (<=1kb)",244,"Sc0000095",86908,87308,401,"*",68.7783980165836,34.9963759442439,119.09636078545,82.6372253759268,32,84538,87552,3015,2,"Amillepora29939","Amillepora29939-RA",300.681461309356,TRUE,244,0.26446450311737,0.694226228200086,2.62502611888139,5,"High variability"
"Amillepora29971","Sc0000095:923976-924376","Promoter (<=1kb)",894,"Sc0000095",923976,924376,401,"*",20.9325559180907,0.603385792142137,21.5035095862617,7.12389873930403,32,923082,924020,939,1,"Amillepora29971","Amillepora29971-RA",40.9161232881776,TRUE,894,0.319680828344283,0.946200089464929,2.95982744528524,5,"High variability"
"Amillepora29976","Sc0000095:939553-939953","Promoter (1-2kb)",1615,"Sc0000095",939553,939953,401,"*",26.9132861804023,2.41354316856855,14.8870450981812,24.2212557136337,32,937938,940692,2755,1,"Amillepora29976","Amillepora29976-RA",57.0920074661118,TRUE,1615,0.296853141986831,0.779929761502683,2.6273252702755,5,"High variability"
"Amillepora29980","Sc0000095:1008586-1008986","Promoter (1-2kb)",1069,"Sc0000095",1008586,1008986,401,"*",8.97109539346742,0,0,1.42477974786081,32,1007812,1010055,2244,2,"Amillepora29980","Amillepora29980-RA",4.01520646845806,TRUE,1069,0.423044646206296,1.08440960386091,2.56334553240535,5,"High variability"
"Amillepora30102","Sc0000098:40781-41181","Promoter (1-2kb)",1897,"Sc0000098",40781,41181,401,"*",41.8651118361813,89.9044830291783,61.202296514745,75.5133266366228,33,38884,41090,2207,1,"Amillepora30102","Amillepora30102-RA",272.41263535604,TRUE,1897,0.348819185139147,0.923456438124743,2.64737857740355,5,"High variability"
"Amillepora30263","Sc0000104:215284-215684","Promoter (2-3kb)",2575,"Sc0000104",215284,215684,401,"*",44.8554769673371,38.6166906970967,29.7740901963624,64.1150886537363,35,214164,218259,4096,2,"Amillepora30263","Amillepora30263-RA",166.694575314463,TRUE,2575,0.447055855798358,1.46976008558979,3.28764306859391,5,"High variability"
"Amillepora30316","Sc0000104:665318-665718","Promoter (2-3kb)",2745,"Sc0000104",665318,665718,401,"*",0,0.603385792142137,4.9623483660604,7.12389873930403,35,668011,668463,453,2,"Amillepora30316","Amillepora30316-RA",15.3816162832197,TRUE,2745,0.144739389194009,0.43307129111268,2.9920762656542,5,"High variability"
"Amillepora30379","xfSc0000046:407587-407987","Promoter (1-2kb)",-1809,"xfSc0000046",407587,407987,401,"*",0,0.603385792142137,0,4.98672911751282,164,409796,414171,4376,1,"Amillepora30379","Amillepora30379-RA",6.71298141161358,TRUE,1809,0.109969267940422,0.426381881528361,3.8772821672266,5,"High variability"
"Amillepora30381","xfSc0000046:465850-466250","Promoter (<=1kb)",-369,"xfSc0000046",465850,466250,401,"*",0,10.8609442585585,0,4.98672911751282,164,466619,472525,5907,1,"Amillepora30381","Amillepora30381-RA",17.5490407575231,TRUE,369,0.321574374554228,0.801683660690628,2.49299609709864,5,"High variability"
"Amillepora30410","xfSc0000046:861064-861464","Promoter (2-3kb)",-2014,"xfSc0000046",861064,861464,401,"*",89.7109539346742,3.01692896071068,43.0070191725235,36.3318835704506,164,856246,859050,2805,2,"Amillepora30410","Amillepora30410-RA",122.806999961451,TRUE,2014,10.7219445211479,4.91575030178361,0.458475633042851,1,"Low variability"
"Amillepora30429","xfSc0000047:183973-184373","Promoter (2-3kb)",-2498,"xfSc0000047",183973,184373,401,"*",0,10.2575584664163,23.1576257082819,17.0973569743297,165,153227,181475,28249,2,"Amillepora30429","Amillepora30429-RA",59.9690689695552,TRUE,2498,41.1858338490506,19.0510311872056,0.462562716516296,1,"Low variability"
"Amillepora30433","xfSc0000047:217060-217460","Promoter (1-2kb)",-1368,"xfSc0000047",217060,217460,401,"*",0,4.82708633713709,0,1.42477974786081,165,200277,215692,15416,2,"Amillepora30433","Amillepora30433-RA",6.83519808969726,TRUE,1368,104.354185193225,75.441114158131,0.722933287423424,1,"Low variability"
"Amillepora30489","Sc0000107:219293-219693","Promoter (<=1kb)",0,"Sc0000107",219293,219693,401,"*",65.7880328854278,19.3083453485484,38.0446708064631,34.1947139486594,36,213321,219330,6010,2,"Amillepora30489","Amillepora30489-RA",125.270362528453,TRUE,0,11.0756628750187,5.88560869018853,0.531400129870655,1,"Low variability"
"Amillepora30643","Sc0000115:710942-711342","Promoter (1-2kb)",1501,"Sc0000115",710942,711342,401,"*",11.9614605246232,5.43047212927923,0,5.69911899144323,38,709441,710499,1059,1,"Amillepora30643","Amillepora30643-RA",15.7193487108887,TRUE,1501,0.195153620691642,0.514299250418005,2.63535592419594,5,"High variability"
"Amillepora30667","Sc0000118:248497-248897","Promoter (2-3kb)",2477,"Sc0000118",248497,248897,401,"*",29.9036513115581,16.2914163878377,110.825780175349,101.871751972048,39,251302,251374,73,2,"Amillepora30667","Amillepora30667-RA",284.370781807923,TRUE,2477,1.20927123417557,3.24975460090737,2.68736616655148,5,"High variability"
"Amillepora30723","Sc0000120:336481-336881","Promoter (<=1kb)",0,"Sc0000120",336481,336881,401,"*",328.940164427139,18.1015737642641,84.3599222230269,92.6106836109524,40,336519,354416,17898,1,"Amillepora30723","Amillepora30723-RA",318.631803122949,TRUE,0,62.0212640908536,33.4859596408547,0.539910950408909,1,"Low variability"
"Amillepora30751","Sc0000120:701079-701479","Promoter (1-2kb)",-1585,"Sc0000120",701079,701479,401,"*",5.98073026231162,16.8948021799798,4.9623483660604,16.3849671003993,40,703064,716245,13182,1,"Amillepora30751","Amillepora30751-RA",45.3945760911383,TRUE,1585,287.412066341175,145.687847925326,0.506895377706187,1,"Low variability"
"Amillepora30757","Sc0000120:788312-788712","Promoter (<=1kb)",119,"Sc0000120",788312,788712,401,"*",44.8554769673371,43.4437770342338,31.4282063183826,21.3716962179121,40,759894,788831,28938,2,"Amillepora30757","Amillepora30757-RA",121.739222957616,TRUE,119,293.104317465979,164.758436928173,0.562115353170451,1,"Low variability"
"Amillepora30798","Sc0000121:108400-108800","Promoter (1-2kb)",-1848,"Sc0000121",108400,108800,401,"*",14.951825655779,0,13.2329289761611,7.12389873930403,41,110648,111541,894,1,"Amillepora30798","Amillepora30798-RA",28.6511197420043,TRUE,1848,0.113336875945277,0.38516371366023,3.3983971275704,5,"High variability"
"Amillepora30956","Sc0000126:119368-119768","Promoter (1-2kb)",1843,"Sc0000126",119368,119768,401,"*",0,0,1.65411612202013,7.12389873930403,43,117525,118088,564,1,"Amillepora30956","Amillepora30956-RA",10.7009871577373,TRUE,1843,0.133780600531825,0.491809971288987,3.67624281348617,5,"High variability"
"Amillepora31040","Sc0000127:289104-289504","Promoter (<=1kb)",0,"Sc0000127",289104,289504,401,"*",89.7109539346742,28.3591322306804,43.0070191725235,45.5929519315458,44,289344,292187,2844,1,"Amillepora31040","Amillepora31040-RA",160.861634988066,TRUE,0,55.2435243103488,26.5561202235997,0.480710102317367,1,"Low variability"
"Amillepora31045","Sc0000127:307361-307761","Promoter (<=1kb)",116,"Sc0000127",307361,307761,401,"*",23.9229210492465,3.01692896071068,14.8870450981812,6.41150886537363,44,307245,308366,1122,1,"Amillepora31045","Amillepora31045-RA",35.2711953567463,TRUE,116,0.252170014325262,1.08830007386951,4.31573942992987,5,"High variability"
"Amillepora31090","xfSc0000062:185437-185837","Promoter (1-2kb)",1245,"xfSc0000062",185437,185837,401,"*",11.9614605246232,4.82708633713709,18.1952773422215,52.0044607969194,166,184192,186702,2511,1,"Amillepora31090","Amillepora31090-RA",93.735581187681,TRUE,1245,0.237073837853758,0.61766065178551,2.60535138494076,5,"High variability"
"Amillepora31167","Sc0000132:757395-757795","Promoter (<=1kb)",486,"Sc0000132",757395,757795,401,"*",11.9614605246232,0.603385792142137,8.27058061010067,7.83628861323444,45,754313,758281,3969,2,"Amillepora31167","Amillepora31167-RA",23.3318754072017,TRUE,486,0.101246941548478,0.370349692222792,3.65788523148095,5,"High variability"
"Amillepora31219","Sc0000134:301097-301497","Promoter (1-2kb)",-1276,"Sc0000134",301097,301497,401,"*",0,10.8609442585585,13.2329289761611,8.54867848716484,46,302773,310670,7898,1,"Amillepora31219","Amillepora31219-RA",38.0615863482945,TRUE,1276,0.792837054836334,2.32201549181653,2.92874239120404,5,"High variability"
"Amillepora31308","Sc0000137:237526-237926","Promoter (1-2kb)",1450,"Sc0000137",237526,237926,401,"*",0,21.1185027249748,0,5.69911899144323,48,236076,243970,7895,1,"Amillepora31308","Amillepora31308-RA",29.2530381257142,TRUE,1450,0.266164517794134,1.20308390604232,4.52007621456459,5,"High variability"
"Amillepora31386","xpSc0000522:494023-494423","Promoter (<=1kb)",538,"xpSc0000522",494023,494423,401,"*",35.8843815738697,25.3422032699697,64.5105287587852,30.6327645790073,407,493266,494961,1696,2,"Amillepora31386","Amillepora31386-RA",152.052767852538,TRUE,538,0.299127707232778,1.03843399433651,3.47154064711368,5,"High variability"
"Amillepora31475","Sc0000138:532837-533237","Promoter (2-3kb)",2851,"Sc0000138",532837,533237,401,"*",5.98073026231162,0,4.9623483660604,0.712389873930403,49,526573,536088,9516,2,"Amillepora31475","Amillepora31475-RA",8.45231244297256,TRUE,2851,9.8138045964886,5.44669523671466,0.555003432477502,1,"Low variability"
"Amillepora31661","xpSc0000528:402644-403044","Promoter (<=1kb)",-646,"xpSc0000528",402644,403044,401,"*",98.6820493281416,21.7218885171169,41.3529030505034,52.7168506708498,408,403690,412463,8774,1,"Amillepora31661","Amillepora31661-RA",162.787170887798,TRUE,646,200.3881048959,156.801661760898,0.782489868060557,1,"Low variability"
"Amillepora31699","Sc0000146:179157-179557","Promoter (<=1kb)",-40,"Sc0000146",179157,179557,401,"*",5.98073026231162,10.2575584664163,19.8493934642416,0,53,173901,179117,5217,2,"Amillepora31699","Amillepora31699-RA",36.6148961808836,TRUE,40,0.0986472272317603,0.335064331676843,3.39659148137684,5,"High variability"
"Amillepora31726","Sc0000146:652766-653166","Promoter (2-3kb)",2698,"Sc0000146",652766,653166,401,"*",32.8940164427139,1.20677158428427,114.134012419389,111.132820333143,53,654509,655864,1356,2,"Amillepora31726","Amillepora31726-RA",284.521585384346,TRUE,2698,0.464335530164001,1.20103585420648,2.58656892739239,5,"High variability"
"Amillepora31855","xfSc0000077:277999-278399","Promoter (<=1kb)",-584,"xfSc0000077",277999,278399,401,"*",5.98073026231162,0.603385792142137,0,9.97345823502565,168,278983,290537,11555,1,"Amillepora31855","Amillepora31855-RA",14.3081011835152,TRUE,584,22.3720022524357,15.3079162392136,0.684244354460806,1,"Low variability"
"Amillepora31935","Sc0000149:449029-449429","Promoter (<=1kb)",-183,"Sc0000149",449029,449429,401,"*",2.99036513115581,3.62031475285282,3.30823224404027,12.8230177307473,55,449612,459818,10207,1,"Amillepora31935","Amillepora31935-RA",24.2503666127265,TRUE,183,9.99007005513829,6.31743039724338,0.63237098062131,1,"Low variability"
"Amillepora31980","Sc0000150:346667-347067","Promoter (<=1kb)",639,"Sc0000150",346667,347067,401,"*",17.9421907869348,31.3760611913911,9.92469673212081,37.7566633183114,56,346421,347706,1286,2,"Amillepora31980","Amillepora31980-RA",95.8346109316114,TRUE,639,0.253099689795208,1.00355442620459,3.96505593118902,5,"High variability"
"Amillepora32003","Sc0000150:582807-583207","Promoter (2-3kb)",2920,"Sc0000150",582807,583207,401,"*",38.8747467050255,56.7182644613608,21.5035095862617,7.12389873930403,56,572381,586127,13747,2,"Amillepora32003","Amillepora32003-RA",104.754402910648,TRUE,2920,0.633103886385368,1.73697460743743,2.74358544433281,5,"High variability"
"Amillepora32017","xfSc0000078:189318-189718","Promoter (1-2kb)",1935,"xfSc0000078",189318,189718,401,"*",5.98073026231162,0,0,0,169,187383,188783,1401,1,"Amillepora32017","Amillepora32017-RA",1.51955361592978,TRUE,1935,0.153534588489322,0.542593752308991,3.5340163910149,5,"High variability"
"Amillepora32028","xfSc0000078:355115-355515","Promoter (<=1kb)",843,"xfSc0000078",355115,355515,401,"*",0,0,6.61646448808054,0,169,353994,356358,2365,2,"Amillepora32028","Amillepora32028-RA",8.08642773968145,TRUE,843,0.18273621958895,0.49704856836687,2.72003311376879,5,"High variability"
"Amillepora32055","Sc0000151:201738-202138","Promoter (<=1kb)",812,"Sc0000151",201738,202138,401,"*",50.8362072296487,63.3555081749243,43.0070191725235,21.3716962179121,57,200926,204932,4007,1,"Amillepora32055","Amillepora32055-RA",158.444728554165,TRUE,812,1.86759394937743,5.0424793257206,2.69998696847434,5,"High variability"
"Amillepora32200","xfSc0000084:497527-497927","Promoter (<=1kb)",0,"xfSc0000084",497527,497927,401,"*",86.7205888035184,23.5320458935433,34.7364385624228,47.0177316794066,172,494640,497830,3191,2,"Amillepora32200","Amillepora32200-RA",146.630377504929,TRUE,0,221.364875563834,156.813866745866,0.708395432411978,1,"Low variability"
"Amillepora32220","Sc0000152:87127-87527","Promoter (<=1kb)",865,"Sc0000152",87127,87527,401,"*",5.98073026231162,1.20677158428427,3.30823224404027,0,58,85198,88392,3195,2,"Amillepora32220","Amillepora32220-RA",6.83759799705397,TRUE,865,0.368473372790412,1.03223813521473,2.80139139335278,5,"High variability"
"Amillepora32267","xpSc0000532:69206-69606","Promoter (<=1kb)",-897,"xpSc0000532",69206,69606,401,"*",158.489351951258,19.3083453485484,34.7364385624228,45.5929519315458,409,58645,68309,9665,2,"Amillepora32267","Amillepora32267-RA",158.667238062031,TRUE,897,72.4999756304512,46.8919436772971,0.646785647436849,1,"Low variability"
"Amillepora32277","xpSc0000532:143794-144194","Promoter (1-2kb)",-1533,"xpSc0000532",143794,144194,401,"*",0,4.22370054499496,0,2.13716962179121,409,135798,142261,6464,2,"Amillepora32277","Amillepora32277-RA",7.06572085633722,TRUE,1533,16.0835004796628,7.19229203595915,0.44718449475931,1,"Low variability"
"Amillepora32354","Sc0000155:512895-513295","Promoter (2-3kb)",2588,"Sc0000155",512895,513295,401,"*",2.99036513115581,79.646924562762,9.92469673212081,37.044273444381,59,510307,512046,1740,1,"Amillepora32354","Amillepora32354-RA",142.161009320844,TRUE,2588,0.241200591959779,0.716000810060963,2.96848695205673,5,"High variability"
"Amillepora32430","xfSc0000091:172622-173022","Promoter (1-2kb)",1604,"xfSc0000091",172622,173022,401,"*",0,7.24062950570564,49.623483660604,46.3053418054762,173,171018,193844,22827,1,"Amillepora32430","Amillepora32430-RA",124.713162563622,TRUE,1604,0.213725837729251,0.810054165416149,3.79015552832845,5,"High variability"
"Amillepora32452","xfSc0000091:491120-491520","Promoter (1-2kb)",1551,"xfSc0000091",491120,491520,401,"*",11.9614605246232,1.81015737642641,6.61646448808054,47.0177316794066,173,489569,521541,31973,1,"Amillepora32452","Amillepora32452-RA",70.321690209058,TRUE,1551,0.214961154270796,0.659266405097269,3.06690949503724,5,"High variability"
"Amillepora32463","Sc0000159:136684-137084","Promoter (<=1kb)",-703,"Sc0000159",136684,137084,401,"*",0,1.81015737642641,3.30823224404027,8.54867848716484,61,129889,135981,6093,2,"Amillepora32463","Amillepora32463-RA",16.3707159041463,TRUE,703,0.798744459426388,2.23008443375035,2.79198735895066,5,"High variability"
"Amillepora32526","Sc0000160:363014-363414","Promoter (<=1kb)",328,"Sc0000160",363014,363414,401,"*",2.99036513115581,0,8.27058061010067,1.42477974786081,62,321709,363742,42034,2,"Amillepora32526","Amillepora32526-RA",12.6036875271301,TRUE,328,0.368332179785219,1.0871698909297,2.95160170790303,5,"High variability"
"Amillepora32675","Sc0000161:406717-407117","Promoter (<=1kb)",607,"Sc0000161",406717,407117,401,"*",11.9614605246232,62.7521223827822,66.1646448808054,33.482324074729,63,406291,407724,1434,2,"Amillepora32675","Amillepora32675-RA",190.987658262654,TRUE,607,0.262769258790603,0.850907512015785,3.23823081867374,5,"High variability"
"Amillepora32690","Sc0000161:522757-523157","Promoter (<=1kb)",732,"Sc0000161",522757,523157,401,"*",32.8940164427139,53.097949708508,24.811741830302,65.5398684015971,63,522025,524894,2870,1,"Amillepora32690","Amillepora32690-RA",174.624489457808,TRUE,732,0.122490520676183,0.336956475907171,2.75087797853315,5,"High variability"
"Amillepora32718","xpSc0000534:265676-266076","Promoter (<=1kb)",539,"xpSc0000534",265676,266076,401,"*",14.951825655779,47.0640917870866,76.0893416129262,24.9336455875641,410,263170,266615,3446,2,"Amillepora32718","Amillepora32718-RA",176.889023766076,TRUE,539,0.226937459405876,0.685807679595986,3.02201179739756,5,"High variability"
"Amillepora32777","Sc0000165:466534-466934","Promoter (<=1kb)",-866,"Sc0000165",466534,466934,401,"*",0,0.603385792142137,0,10.685848108956,64,464292,465668,1377,2,"Amillepora32777","Amillepora32777-RA",13.6564855898671,TRUE,866,0.233960829424295,0.757606128890989,3.23817508578347,5,"High variability"
"Amillepora32855","xpSc0000536:6651-7051","Promoter (2-3kb)",2184,"xpSc0000536",6651,7051,401,"*",11.9614605246232,22.325274309259,28.1199740743423,24.2212557136337,412,6560,9235,2676,2,"Amillepora32855","Amillepora32855-RA",90.5006823418274,TRUE,2184,0.173823650287396,0.49718616291879,2.86029065720777,5,"High variability"
"Amillepora33079","xpSc0000539:464601-465001","Promoter (<=1kb)",-673,"xpSc0000539",464601,465001,401,"*",8.97109539346742,22.9286601014012,11.5788128541409,17.0973569743297,414,465674,478089,12416,1,"Amillepora33079","Amillepora33079-RA",61.4828712174837,TRUE,673,232.461763902416,125.182867439373,0.538509496520567,1,"Low variability"
"Amillepora33123","xfSc0000105:179067-179467","Promoter (2-3kb)",2879,"xfSc0000105",179067,179467,401,"*",14.951825655779,24.1354316856855,44.6611352945436,21.3716962179121,178,181403,182346,944,2,"Amillepora33123","Amillepora33123-RA",109.917022176794,TRUE,2879,0.410253948918149,1.21843728932844,2.96995871104103,5,"High variability"
"Amillepora33173","xpSc0000542:170742-171142","Promoter (2-3kb)",-2051,"xpSc0000542",170742,171142,401,"*",5.98073026231162,19.3083453485484,4.9623483660604,0.712389873930403,415,173193,191398,18206,1,"Amillepora33173","Amillepora33173-RA",28.8496006235081,TRUE,2051,0.129098462261608,0.423729946585929,3.28222303475059,5,"High variability"
"Amillepora33274","xpSc0000546:169743-170143","Promoter (1-2kb)",-1365,"xpSc0000546",169743,170143,401,"*",23.9229210492465,15.0846448035534,29.7740901963624,4.98672911751282,416,171508,181262,9755,1,"Amillepora33274","Amillepora33274-RA",64.4780868393008,TRUE,1365,0.219600463529948,0.801287605198757,3.64884295924759,5,"High variability"
"Amillepora33276","xpSc0000546:209219-209619","Promoter (<=1kb)",983,"xpSc0000546",209219,209619,401,"*",0,0,4.9623483660604,25.6460354614945,416,208236,213076,4841,1,"Amillepora33276","Amillepora33276-RA",37.310589606902,TRUE,983,0.32864296261784,1.33388269343324,4.05875933812202,5,"High variability"
"Amillepora33511","xpSc0000549:106407-106807","Promoter (<=1kb)",0,"xpSc0000549",106407,106807,401,"*",83.7302236723626,16.8948021799798,21.5035095862617,42.0310025618938,418,101177,106654,5478,2,"Amillepora33511","Amillepora33511-RA",116.61061124957,TRUE,0,19.8826122867494,9.78773270317572,0.49227599281301,1,"Low variability"
"Amillepora33703","Sc0000180:15559-15959","Promoter (<=1kb)",0,"Sc0000180",15559,15959,401,"*",50.8362072296487,36.2031475285282,52.9317159046443,39.1814430661722,73,15918,45267,29350,1,"Amillepora33703","Amillepora33703-RA",163.589134216852,TRUE,0,16.6637840710332,13.1140583673324,0.786979614680001,1,"Low variability"
"Amillepora33754","xfSc0000120:154104-154504","Promoter (<=1kb)",-172,"xfSc0000120",154104,154504,401,"*",68.7783980165836,12.6711016349849,23.1576257082819,40.606222814033,186,154676,172012,17337,1,"Amillepora33754","Amillepora33754-RA",108.635551310611,TRUE,172,199.948910946439,107.802366714164,0.53914955677374,1,"Low variability"
"Amillepora33773","xfSc0000120:297770-298170","Promoter (<=1kb)",268,"xfSc0000120",297770,298170,401,"*",0,12.0677158428427,6.61646448808054,2.84955949572161,186,297502,299907,2406,1,"Amillepora33773","Amillepora33773-RA",24.3064849416429,TRUE,268,3.39899244177027,9.91289535184279,2.91642171074671,5,"High variability"
"Amillepora33815","Sc0000184:114179-114579","Promoter (1-2kb)",1081,"Sc0000184",114179,114579,401,"*",0,1.20677158428427,0,4.98672911751282,76,113098,119193,6096,1,"Amillepora33815","Amillepora33815-RA",7.35039666725531,TRUE,1081,0.42390117212681,1.06287084303927,2.50735528214418,5,"High variability"
"Amillepora33825","Sc0000184:278157-278557","Promoter (<=1kb)",482,"Sc0000184",278157,278557,401,"*",8.97109539346742,45.2539344106602,34.7364385624228,9.26106836109524,76,277675,278025,351,1,"Amillepora33825","Amillepora33825-RA",103.822414520014,TRUE,482,0.37483038610349,1.27064430465827,3.38991808499604,5,"High variability"
"Amillepora33880","Sc0000188:60577-60977","Promoter (<=1kb)",0,"Sc0000188",60577,60977,401,"*",119.614605246232,33.1862185678175,34.7364385624228,58.4159696622931,79,32104,60664,28561,2,"Amillepora33880","Amillepora33880-RA",179.073574839317,TRUE,0,80.0494751832961,29.2063227100987,0.364853394019417,1,"Low variability"
"Amillepora33881","Sc0000188:63487-63887","Promoter (2-3kb)",2691,"Sc0000188",63487,63887,401,"*",2.99036513115581,3.01692896071068,9.92469673212081,7.83628861323444,79,60796,72395,11600,1,"Amillepora33881","Amillepora33881-RA",25.6238129407944,TRUE,2691,9.84321011441808,6.63414345196059,0.673981696503976,1,"Low variability"
"Amillepora34041","xpSc0000555:2910-3310","Promoter (<=1kb)",0,"xpSc0000555",2910,3310,401,"*",2.99036513115581,0,3.30823224404027,4.27433924358242,424,3089,9023,5935,1,"Amillepora34041","Amillepora34041-RA",10.0106188114958,TRUE,0,0.156152808505142,0.419945710215548,2.68932537452069,5,"High variability"
"Amillepora34061","xpSc0000555:225543-225943","Promoter (<=1kb)",0,"xpSc0000555",225543,225943,401,"*",101.672414459297,20.5151169328326,18.1952773422215,45.5929519315458,424,214908,225715,10808,2,"Amillepora34061","Amillepora34061-RA",125.290239872777,TRUE,0,48.6530287436721,36.9241554165067,0.758928197688188,1,"Low variability"
"Amillepora34097","xfSc0000129:182795-183195","Promoter (1-2kb)",1407,"xfSc0000129",182795,183195,401,"*",2.99036513115581,12.0677158428427,0,9.97345823502565,190,180961,184602,3642,2,"Amillepora34097","Amillepora34097-RA",25.6592142327432,TRUE,1407,0.108324727582733,0.371295449524631,3.4276148928328,5,"High variability"
"Amillepora34127","xfSc0000130:99785-100185","Promoter (<=1kb)",0,"xfSc0000130",99785,100185,401,"*",68.7783980165836,39.823462281381,28.1199740743423,45.5929519315458,191,92213,100174,7962,2,"Amillepora34127","Amillepora34127-RA",149.459624775221,TRUE,0,147.679104027822,100.271774110243,0.678984171595137,1,"Low variability"
"Amillepora34260","Sc0000197:208613-209013","Promoter (<=1kb)",279,"Sc0000197",208613,209013,401,"*",8.97109539346742,0,8.27058061010067,3.56194936965202,85,208334,210847,2514,1,"Amillepora34260","Amillepora34260-RA",16.7270552099049,TRUE,279,1.45820083411304,4.7165857661706,3.2345241175503,5,"High variability"
"Amillepora34349","xpSc0000559:209329-209729","Promoter (2-3kb)",2566,"xpSc0000559",209329,209729,401,"*",11.9614605246232,1.81015737642641,0,0,425,206763,208319,1557,1,"Amillepora34349","Amillepora34349-RA",4.95135299878475,TRUE,2566,0.281318167776012,1.01648322697147,3.61328681687136,5,"High variability"
"Amillepora34357","Sc0000200:28647-29047","Promoter (1-2kb)",-1098,"Sc0000200",28647,29047,401,"*",5.98073026231162,3.01692896071068,9.92469673212081,2.13716962179121,87,30145,34488,4344,1,"Amillepora34357","Amillepora34357-RA",19.4400855705057,TRUE,1098,0.136538918690178,0.367454074739295,2.69120393118895,5,"High variability"
"Amillepora34375","Sc0000201:79190-79590","Promoter (<=1kb)",754,"Sc0000201",79190,79590,401,"*",35.8843815738697,0,1.65411612202013,16.3849671003993,88,77831,80344,2514,2,"Amillepora34375","Amillepora34375-RA",31.101503142978,TRUE,754,7.17451211240563,21.6901322349717,3.02322051940881,5,"High variability"
"Amillepora34430","xfSc0000137:288541-288941","Promoter (<=1kb)",-943,"xfSc0000137",288541,288941,401,"*",8.97109539346742,88.0943256527519,13.2329289761611,12.8230177307473,197,283614,287598,3985,2,"Amillepora34430","Amillepora34430-RA",127.137697628021,TRUE,943,0.335891912520276,0.933956870020622,2.78052800680113,5,"High variability"
"Amillepora34521","Sc0000207:347-747","Promoter (<=1kb)",-90,"Sc0000207",347,747,401,"*",0,8.44740108998991,4.9623483660604,25.6460354614945,92,837,3668,2832,1,"Amillepora34521","Amillepora34521-RA",46.2344031858863,TRUE,90,0.162245150628616,0.434855624368022,2.68023803906114,5,"High variability"
"Amillepora34581","Sc0000209:87637-88037","Promoter (2-3kb)",-2796,"Sc0000209",87637,88037,401,"*",2.99036513115581,1.81015737642641,0,6.41150886537363,93,82642,84841,2200,2,"Amillepora34581","Amillepora34581-RA",10.4834647754253,TRUE,2796,0.227509679487364,0.7013335691684,3.08265376114405,5,"High variability"
"Amillepora34626","xfSc0000145:37282-37682","Promoter (<=1kb)",528,"xfSc0000145",37282,37682,401,"*",20.9325559180907,66.372437135635,74.435225490906,38.4690531922418,202,36754,40132,3379,1,"Amillepora34626","Amillepora34626-RA",213.275081050973,TRUE,528,0.843779889584288,2.72106014984708,3.22484593842084,5,"High variability"
"Amillepora34643","xfSc0000145:197228-197628","Promoter (1-2kb)",1593,"xfSc0000145",197228,197628,401,"*",0,1.81015737642641,8.27058061010067,7.83628861323444,202,195635,199542,3908,1,"Amillepora34643","Amillepora34643-RA",21.5675986866256,TRUE,1593,0.234515188511097,0.973972370919521,4.15313130506868,5,"High variability"
"Amillepora34837","xpSc0000566:5757-6157","Promoter (1-2kb)",1619,"xpSc0000566",5757,6157,401,"*",11.9614605246232,11.4643300507006,36.390554684443,14.9601873525385,430,4138,10236,6099,1,"Amillepora34837","Amillepora34837-RA",77.8520481252161,TRUE,1619,0.116146518639602,0.334745099716226,2.88209327009557,5,"High variability"
"Amillepora34838","xpSc0000566:38482-38882","Promoter (2-3kb)",2009,"xpSc0000566",38482,38882,401,"*",0,18.1015737642641,9.92469673212081,9.97345823502565,430,5479,40891,35413,2,"Amillepora34838","Amillepora34838-RA",43.4032315907179,TRUE,2009,0.151284816716113,0.426658747605923,2.82023508285402,5,"High variability"
"Amillepora34904","xfSc0000151:185985-186385","Promoter (<=1kb)",144,"xfSc0000151",185985,186385,401,"*",2.99036513115581,3.01692896071068,6.61646448808054,3.56194936965202,208,185841,186731,891,1,"Amillepora34904","Amillepora34904-RA",16.3729709372635,TRUE,144,0.544414505377081,2.15882128413961,3.96540000829759,5,"High variability"
"Amillepora34937","xfSc0000154:102570-102970","Promoter (1-2kb)",-1576,"xfSc0000154",102570,102970,401,"*",0,4.82708633713709,1.65411612202013,4.27433924358242,211,91133,100994,9862,2,"Amillepora34937","Amillepora34937-RA",12.3285571137444,TRUE,1576,0.183838228222011,0.475244605925162,2.58512394577279,5,"High variability"
"Amillepora34983","Sc0000215:145937-146337","Promoter (<=1kb)",-160,"Sc0000215",145937,146337,401,"*",2.99036513115581,0.603385792142137,1.65411612202013,8.54867848716484,98,146497,147672,1176,1,"Amillepora34983","Amillepora34983-RA",13.8340552659073,TRUE,160,0.306575319800723,1.13001717476356,3.68593654407042,5,"High variability"
"Amillepora35242","Sc0000223:121756-122156","Promoter (<=1kb)",174,"Sc0000223",121756,122156,401,"*",8.97109539346742,15.0846448035534,4.9623483660604,7.83628861323444,104,121683,122330,648,2,"Amillepora35242","Amillepora35242-RA",33.8268508647977,TRUE,174,0.454947038798632,1.15657798666299,2.54222555160957,5,"High variability"
"Amillepora35265","xfSc0000155:151276-151676","Promoter (<=1kb)",572,"xfSc0000155",151276,151676,401,"*",2.99036513115581,0,8.27058061010067,20.6593063439817,212,109120,152248,43129,2,"Amillepora35265","Amillepora35265-RA",36.0380141287358,TRUE,572,5.28316718620249,4.16740603256951,0.788808282170798,1,"Low variability"
"Amillepora35272","xfSc0000156:990-1390","Promoter (<=1kb)",941,"xfSc0000156",990,1390,401,"*",0,7.84401529784777,6.61646448808054,7.12389873930403,213,2,2331,2330,2,"Amillepora35272","Amillepora35272-RA",25.0522062858409,TRUE,941,0.284980006825431,0.763341994383049,2.67858086918584,5,"High variability"
"Amillepora35358","xpSc0000571:207216-207616","Promoter (<=1kb)",233,"xpSc0000571",207216,207616,401,"*",2.99036513115581,3.01692896071068,0,5.69911899144323,435,206983,209622,2640,1,"Amillepora35358","Amillepora35358-RA",10.8903572644271,TRUE,233,0.85686802406204,2.46129284739712,2.87242933366704,5,"High variability"
"Amillepora35442","xfSc0000163:156603-157003","Promoter (<=1kb)",-69,"xfSc0000163",156603,157003,401,"*",71.7687631477394,10.8609442585585,24.811741830302,39.1814430661722,218,136762,156534,19773,2,"Amillepora35442","Amillepora35442-RA",107.768813242007,TRUE,69,54.5558051482124,42.4725810180836,0.778516253269433,1,"Low variability"
"Amillepora35444","xfSc0000164:83-483","Promoter (1-2kb)",1774,"xfSc0000164",83,483,401,"*",8.97109539346742,3.62031475285282,0,7.83628861323444,219,399,2257,1859,2,"Amillepora35444","Amillepora35444-RA",15.6511402028437,TRUE,1774,0.269018406479427,0.79328264199606,2.94880433044542,5,"High variability"
"Amillepora35515","Sc0000226:150998-151398","Promoter (<=1kb)",52,"Sc0000226",150998,151398,401,"*",2.99036513115581,9.05078688213205,9.92469673212081,17.8097468482601,106,148324,151450,3127,2,"Amillepora35515","Amillepora35515-RA",44.1490978091554,TRUE,52,0.597945946308562,1.88770708347228,3.15698617095089,5,"High variability"
"Amillepora35794","xpSc0000580:25836-26236","Promoter (2-3kb)",-2462,"xpSc0000580",25836,26236,401,"*",32.8940164427139,2.41354316856855,14.8870450981812,22.0840860918425,444,28698,33204,4507,1,"Amillepora35794","Amillepora35794-RA",56.0077470151965,TRUE,2462,0.311614234773466,0.777223250194774,2.49418403738774,5,"High variability"
"Amillepora35887","Sc0000233:74996-75396","Promoter (1-2kb)",-1953,"Sc0000233",74996,75396,401,"*",5.98073026231162,0,3.30823224404027,4.27433924358242,113,57121,73043,15923,2,"Amillepora35887","Amillepora35887-RA",10.7703956194607,TRUE,1953,0.190251005782767,0.544224692530969,2.86056144771386,5,"High variability"
"Amillepora35897","xfSc0000183:25641-26041","Promoter (1-2kb)",-1649,"xfSc0000183",25641,26041,401,"*",11.9614605246232,7.24062950570564,9.92469673212081,37.7566633183114,233,18711,23992,5282,2,"Amillepora35897","Amillepora35897-RA",68.8184470900123,TRUE,1649,34.9098683175095,21.3550672076815,0.611720073345867,1,"Low variability"
"Amillepora35920","xfSc0000184:105275-105675","Promoter (<=1kb)",785,"xfSc0000184",105275,105675,401,"*",14.951825655779,1.81015737642641,21.5035095862617,14.2477974786081,234,93596,106460,12865,2,"Amillepora35920","Amillepora35920-RA",49.3507804063482,TRUE,785,0.216762424041359,0.627894653730255,2.89669510989806,5,"High variability"
"Amillepora35952","xpSc0000582:165318-165718","Promoter (<=1kb)",0,"xpSc0000582",165318,165718,401,"*",0,0,34.7364385624228,13.5354076046777,445,153663,165538,11876,2,"Amillepora35952","Amillepora35952-RA",58.9445680566798,TRUE,0,0.220972814138266,0.641047695865774,2.90102517074639,5,"High variability"
"Amillepora36058","xfSc0000189:102073-102473","Promoter (<=1kb)",-458,"xfSc0000189",102073,102473,401,"*",5.98073026231162,9.05078688213205,11.5788128541409,13.5354076046777,239,69779,101615,31837,2,"Amillepora36058","Amillepora36058-RA",41.7228534183505,TRUE,458,13.1606512041732,8.15449161573363,0.61961155943012,1,"Low variability"
"Amillepora36134","xpSc0000586:91727-92127","Promoter (<=1kb)",224,"xpSc0000586",91727,92127,401,"*",0,8.44740108998991,3.30823224404027,4.98672911751282,449,91503,102337,10835,1,"Amillepora36134","Amillepora36134-RA",19.0425936047968,TRUE,224,0.367798923299173,1.01293021030487,2.75403256001631,5,"High variability"
"Amillepora36193","xpSc0000588:4951-5351","Promoter (<=1kb)",134,"xpSc0000588",4951,5351,401,"*",0,16.2914163878377,0,0,451,3386,5485,2100,2,"Amillepora36193","Amillepora36193-RA",17.2102119023268,TRUE,134,0.176581664366634,0.509843245183366,2.88729436893734,5,"High variability"
"Amillepora36194","xpSc0000588:7672-8072","Promoter (<=1kb)",724,"xpSc0000588",7672,8072,401,"*",5.98073026231162,28.9625180228226,3.30823224404027,7.83628861323444,451,6175,8796,2622,2,"Amillepora36194","Amillepora36194-RA",45.7060180016724,TRUE,724,0.198269670951607,0.762649190966083,3.84652472214082,5,"High variability"
"Amillepora36256","xpSc0000590:122892-123292","Promoter (<=1kb)",44,"xpSc0000590",122892,123292,401,"*",5.98073026231162,8.44740108998991,0,5.69911899144323,453,121093,123336,2244,2,"Amillepora36256","Amillepora36256-RA",17.3868713731676,TRUE,44,0.863269101352212,3.15776208275205,3.65791162663621,5,"High variability"
"Amillepora36324","xfSc0000199:37019-37419","Promoter (<=1kb)",176,"xfSc0000199",37019,37419,401,"*",2.99036513115581,21.1185027249748,0,2.13716962179121,247,34065,37595,3531,2,"Amillepora36324","Amillepora36324-RA",25.6731248222707,TRUE,176,0.5162109135349,1.33594421469926,2.58798134574685,5,"High variability"
"Amillepora36406","xfSc0000204:93980-94380","Promoter (<=1kb)",0,"xfSc0000204",93980,94380,401,"*",0,22.9286601014012,0,0,252,94020,100940,6921,1,"Amillepora36406","Amillepora36406-RA",24.2217797143859,TRUE,0,0.904381112783246,2.20891449424436,2.44245978053035,5,"High variability"
"Amillepora36535","xfSc0000211:73316-73716","Promoter (2-3kb)",-2384,"xfSc0000211",73316,73716,401,"*",0,0,1.65411612202013,17.0973569743297,259,60018,70932,10915,2,"Amillepora36535","Amillepora36535-RA",22.852119469681,TRUE,2384,25.7520149800153,11.9532963444786,0.464169361261822,1,"Low variability"
"Amillepora36765","Sc0000255:43111-43511","Promoter (<=1kb)",-191,"Sc0000255",43111,43511,401,"*",5.98073026231162,11.4643300507006,0,2.13716962179121,134,43702,49758,6057,1,"Amillepora36765","Amillepora36765-RA",16.2342575399678,TRUE,191,0.193338723012797,0.581027953636042,3.00523322271858,5,"High variability"
"Amillepora36787","xpSc0000604:74261-74661","Promoter (<=1kb)",0,"xpSc0000604",74261,74661,401,"*",11.9614605246232,1.20677158428427,0,0.712389873930403,466,69697,74541,4845,2,"Amillepora36787","Amillepora36787-RA",5.18187576542471,TRUE,0,0.668405376138091,2.06956323831548,3.0962695875862,5,"High variability"
"Amillepora36831","xpSc0000611:15771-16171","Promoter (<=1kb)",-949,"xpSc0000611",15771,16171,401,"*",23.9229210492465,19.9117311406905,36.390554684443,20.6593063439817,472,8719,14822,6104,2,"Amillepora36831","Amillepora36831-RA",96.7584731143135,TRUE,949,0.0902683265183533,0.247875236222987,2.74598240361296,5,"High variability"
"Amillepora36853","xfSc0000224:15479-15879","Promoter (<=1kb)",453,"xfSc0000224",15479,15879,401,"*",17.9421907869348,0,0,0,272,911,16332,15422,2,"Amillepora36853","Amillepora36853-RA",4.55866084778932,TRUE,453,0.617111332795048,1.53326898315996,2.48459054578598,5,"High variability"
"Amillepora36857","xfSc0000224:88425-88825","Promoter (1-2kb)",1806,"xfSc0000224",88425,88825,401,"*",14.951825655779,0,4.9623483660604,2.84955949572161,272,60269,90631,30363,2,"Amillepora36857","Amillepora36857-RA",13.3354569337123,TRUE,1806,0.173579180344329,0.569353972914127,3.28008216068713,5,"High variability"
"Amillepora36934","xpSc0000618:650-1050","Promoter (<=1kb)",30,"xpSc0000618",650,1050,401,"*",864.215522904028,69.3893660963457,0,322.712612890473,479,620,3959,3340,1,"Amillepora36934","Amillepora36934-RA",686.05417599426,TRUE,30,0.134078159717004,0.466668277384153,3.48056893359171,5,"High variability"
"Amillepora36939","Sc0000258:41197-41597","Promoter (<=1kb)",0,"Sc0000258",41197,41597,401,"*",47.8458420984929,50.0810207477973,34.7364385624228,36.3318835704506,137,15474,41562,26089,2,"Amillepora36939","Amillepora36939-RA",151.780479915396,TRUE,0,0.393162719941461,0.993589581671101,2.52717140073463,5,"High variability"
"Amillepora36949","xfSc0000226:23063-23463","Promoter (<=1kb)",594,"xfSc0000226",23063,23463,401,"*",23.9229210492465,34.3929901521018,28.1199740743423,8.54867848716484,274,22469,23910,1442,1,"Amillepora36949","Amillepora36949-RA",87.1934581963245,TRUE,594,0.503660543283911,1.34079223191346,2.66209503561937,5,"High variability"
"Amillepora36994","xfSc0000230:61254-61654","Promoter (1-2kb)",1760,"xfSc0000230",61254,61654,401,"*",11.9614605246232,0,3.30823224404027,5.69911899144323,278,59401,63414,4014,2,"Amillepora36994","Amillepora36994-RA",14.0258252799538,TRUE,1760,0.96767727992287,2.91338411223327,3.01069806295905,5,"High variability"
"Amillepora37016","xfSc0000232:1190-1590","Promoter (2-3kb)",-2611,"xfSc0000232",1190,1590,401,"*",113.633874983921,146.622747490539,71.1269932468658,24.2212557136337,280,4201,23498,19298,1,"Amillepora37016","Amillepora37016-RA",300.20241678276,TRUE,2611,0.125621678965746,0.437620556296259,3.48363881058768,5,"High variability"
"Amillepora37041","xpSc0000624:8942-9342","Promoter (<=1kb)",8,"xpSc0000624",8942,9342,401,"*",11.9614605246232,1.20677158428427,1.65411612202013,0.712389873930403,483,8934,9392,459,1,"Amillepora37041","Amillepora37041-RA",7.20348270034506,TRUE,8,0.448452923210669,1.24627982707543,2.77906500899309,5,"High variability"
"Amillepora37045","xpSc0000624:39821-40221","Promoter (1-2kb)",1710,"xpSc0000624",39821,40221,401,"*",2.99036513115581,4.22370054499496,1.65411612202013,1.42477974786081,483,38111,56372,18262,1,"Amillepora37045","Amillepora37045-RA",8.97916657694078,TRUE,1710,0.21897958726026,0.731985775396546,3.34271237129774,5,"High variability"
"Amillepora37100","xfSc0000240:67081-67481","Promoter (<=1kb)",90,"xfSc0000240",67081,67481,401,"*",14.951825655779,44.047162826376,8.27058061010067,32.0575443268681,287,66991,69725,2735,1,"Amillepora37100","Amillepora37100-RA",99.495443378949,TRUE,90,0.15059376718902,0.40510953652623,2.69008169519891,5,"High variability"
"Amillepora37138","xfSc0000243:11031-11431","Promoter (<=1kb)",-882,"xfSc0000243",11031,11431,401,"*",29.9036513115581,0.603385792142137,62.8564126367651,11.3982379828865,290,6846,10149,3304,2,"Amillepora37138","Amillepora37138-RA",98.9432552187716,TRUE,882,0.392096354228811,1.44973988344616,3.69740720057844,5,"High variability"
"Amillepora37178","xpSc0000630:14798-15198","Promoter (1-2kb)",-1404,"xpSc0000630",14798,15198,401,"*",0,50.0810207477973,8.27058061010067,10.685848108956,488,16602,39737,23136,1,"Amillepora37178","Amillepora37178-RA",76.032571227091,TRUE,1404,0.217567039754552,0.540148711399428,2.48267711878048,5,"High variability"
"Amillepora37334","xfSc0000263:51750-52150","Promoter (<=1kb)",-15,"xfSc0000263",51750,52150,401,"*",11.9614605246232,14.4812590114113,21.5035095862617,14.2477974786081,305,52165,53457,1293,1,"Amillepora37334","Amillepora37334-RA",61.9767239668597,TRUE,15,0.322995971901258,0.873754230517028,2.70515519241256,5,"High variability"
"Amillepora37341","xpSc0000650:1240-1640","Promoter (1-2kb)",-1960,"xpSc0000650",1240,1640,401,"*",23.9229210492465,0,18.1952773422215,22.7964759657729,505,3600,5045,1446,1,"Amillepora37341","Amillepora37341-RA",56.0899074608573,TRUE,1960,0.275247162905779,0.797156295964422,2.89614718476608,5,"High variability"
"Amillepora37363","xfSc0000264:49728-50128","Promoter (<=1kb)",0,"xfSc0000264",49728,50128,401,"*",14.951825655779,0,6.61646448808054,7.83628861323444,306,50109,52295,2187,1,"Amillepora37363","Amillepora37363-RA",21.4326300246045,TRUE,0,0.335705468418192,0.854870913692891,2.54649087999951,5,"High variability"
"Amillepora37380","Sc0000269:44349-44749","Promoter (<=1kb)",30,"Sc0000269",44349,44749,401,"*",29.9036513115581,143.605818529828,109.171664053329,50.5796810490586,148,44319,45176,858,1,"Amillepora37380","Amillepora37380-RA",354.352256209125,TRUE,30,0.688638259414791,2.09734427307948,3.04564006487501,5,"High variability"
"Amillepora37381","Sc0000269:45251-45651","Promoter (<=1kb)",0,"Sc0000269",45251,45651,401,"*",44.8554769673371,163.517549670519,104.209315687268,71.2389873930403,148,45292,49082,3791,1,"Amillepora37381","Amillepora37381-RA",398.291225526535,TRUE,0,0.325660812306551,1.28832304436905,3.95602723964321,5,"High variability"
"Amillepora37391","Sc0000270:60365-60765","Promoter (<=1kb)",371,"Sc0000270",60365,60765,401,"*",23.9229210492465,7.24062950570564,11.5788128541409,50.5796810490586,149,59994,60268,275,1,"Amillepora37391","Amillepora37391-RA",89.5020456578626,TRUE,371,0.143869728666716,0.448213273941254,3.11541057382244,5,"High variability"
"Amillepora37398","Sc0000271:52885-53285","Promoter (1-2kb)",1970,"Sc0000271",52885,53285,401,"*",59.8073026231162,215.408727794743,29.7740901963624,71.9513772669707,150,52367,55255,2889,2,"Amillepora37398","Amillepora37398-RA",366.803447502414,TRUE,1970,0.256272096558478,0.712886055835402,2.78175449223256,5,"High variability"
"Amillepora37539","xfSc0000281:41127-41527","Promoter (2-3kb)",2131,"xfSc0000281",41127,41527,401,"*",32.8940164427139,40.4268480735231,16.5411612202013,34.9071038225898,319,40870,43658,2789,2,"Amillepora37539","Amillepora37539-RA",113.809399456616,TRUE,2131,10.0864044364631,25.2921098997087,2.50754469137446,5,"High variability"
"Amillepora37657","xpSc0000676:41212-41612","Promoter (<=1kb)",-69,"xpSc0000676",41212,41612,401,"*",62.797667754272,0.603385792142137,19.8493934642416,7.12389873930403,528,6095,41143,35049,2,"Amillepora37657","Amillepora37657-RA",49.5313916647657,TRUE,69,385.891590415038,189.230537980027,0.490372277292967,1,"Low variability"
"Amillepora37692","Sc0000275:35222-35622","Promoter (<=1kb)",0,"Sc0000275",35222,35622,401,"*",5.98073026231162,0,0,0.712389873930403,154,33615,35469,1855,2,"Amillepora37692","Amillepora37692-RA",2.38749163821147,TRUE,0,2.09936590954527,5.53613440012649,2.63705072801036,5,"High variability"
"Amillepora37804","xpSc0000701:7077-7477","Promoter (1-2kb)",1211,"xpSc0000701",7077,7477,401,"*",14.951825655779,68.7859803042036,13.2329289761611,12.1106278568169,549,5866,8951,3086,1,"Amillepora37804","Amillepora37804-RA",107.392025041134,TRUE,1211,7.68984760787368,20.5186824753833,2.66828206769327,5,"High variability"
"Amillepora37853","xfSc0000330:8359-8759","Promoter (1-2kb)",1196,"xfSc0000330",8359,8759,401,"*",8.97109539346742,7.84401529784777,26.4658579523221,17.8097468482601,348,7163,7234,72,1,"Amillepora37853","Amillepora37853-RA",64.6098902630053,TRUE,1196,0.149539746191443,0.450191768605472,3.01051579978696,5,"High variability"
"Amillepora37923","xpSc0000714:27840-28240","Promoter (<=1kb)",287,"xpSc0000714",27840,28240,401,"*",5.98073026231162,7.84401529784777,14.8870450981812,14.9601873525385,561,25951,28527,2577,2,"Amillepora37923","Amillepora37923-RA",46.2271128214712,TRUE,287,0.154891931156928,0.501325681917867,3.23661586612895,5,"High variability"
"Amillepora38028","xpSc0000740:9033-9433","Promoter (2-3kb)",2314,"xpSc0000740",9033,9433,401,"*",5.98073026231162,0.603385792142137,4.9623483660604,6.41150886537363,578,6719,9788,3070,1,"Amillepora38028","Amillepora38028-RA",16.0332318768678,TRUE,2314,0.142750798104685,0.384780325200468,2.69546881915359,5,"High variability"
"Amillepora38094","xpSc0000770:9012-9412","Promoter (<=1kb)",-67,"xpSc0000770",9012,9412,401,"*",0,1.20677158428427,1.65411612202013,134.641686172846,593,467,8945,8479,2,"Amillepora38094","Amillepora38094-RA",167.336723657444,TRUE,67,0.169153377162804,0.571675864801386,3.37963021720321,5,"High variability"
