"gene","baseMean","peak_id","annotation","distanceToTSS","seqnames","start","end","width","strand","X1","X2","X3","X4","geneChr","geneStart","geneEnd","geneLength","geneStrand","geneId","transcriptId","mean_normalized_CPM","Promoter","abs.distanceToTSS","expression.quintile","expression.category"
"Amillepora00011",0.328319243511684,"chr1:144365-144765","Promoter (<=1kb)",-594,"chr1",144365,144765,401,"*",11.9614605246232,60.9419650063558,16.5411612202013,19.2345265961209,1,145359,153824,8466,1,"Amillepora00011","Amillepora00011-RA",111.068444002484,TRUE,594,1,"Low expression"
"Amillepora00137",69.4607964756777,"chr1:1536062-1536462","Promoter (<=1kb)",0,"chr1",1536062,1536462,401,"*",71.7687631477394,21.7218885171169,13.2329289761611,41.3186126879634,1,1524069,1536279,12211,2,"Amillepora00137","Amillepora00137-RA",107.694853365961,TRUE,0,5,"High expression"
"Amillepora00143",38.6825030443765,"chr1:1634691-1635091","Promoter (<=1kb)",0,"chr1",1634691,1635091,401,"*",47.8458420984929,25.3422032699697,23.1576257082819,17.0973569743297,1,1608466,1635049,26584,2,"Amillepora00143","Amillepora00143-RA",88.0608792880368,TRUE,0,5,"High expression"
"Amillepora00146",23.8749708566565,"chr1:1644349-1644749","Promoter (<=1kb)",0,"chr1",1644349,1644749,401,"*",107.653144721609,24.7388174778276,26.4658579523221,48.4425114272674,1,1644676,1656131,11456,1,"Amillepora00146","Amillepora00146-RA",144.851487041928,TRUE,0,5,"High expression"
"Amillepora00186",0.283530774282544,"chr1:2081893-2082293","Promoter (<=1kb)",-76,"chr1",2081893,2082293,401,"*",2.99036513115581,1.20677158428427,0,4.27433924358242,1,2079908,2081817,1910,2,"Amillepora00186","Amillepora00186-RA",7.24223545293851,TRUE,76,1,"Low expression"
"Amillepora00236",0.311579030503312,"chr1:2521569-2521969","Promoter (1-2kb)",1780,"chr1",2521569,2521969,401,"*",0,6.6372437135635,0,0,1,2522000,2523749,1750,2,"Amillepora00236","Amillepora00236-RA",7.01156781205907,TRUE,1780,1,"Low expression"
"Amillepora00238",0.193632535886727,"chr1:2558105-2558505","Promoter (<=1kb)",0,"chr1",2558105,2558505,401,"*",0,4.22370054499496,0,0.712389873930403,1,2556473,2558413,1941,2,"Amillepora00238","Amillepora00238-RA",5.32984481177383,TRUE,0,1,"Low expression"
"Amillepora00568",0.275390018753694,"chr1:6109078-6109478","Promoter (<=1kb)",0,"chr1",6109078,6109478,401,"*",8.97109539346742,0,1.65411612202013,0,1,6109388,6113558,4171,1,"Amillepora00568","Amillepora00568-RA",4.30093735881503,TRUE,0,1,"Low expression"
"Amillepora00627",0.225739471302486,"chr1:6899626-6900026","Promoter (2-3kb)",-2313,"chr1",6899626,6900026,401,"*",2.99036513115581,5.43047212927923,0,1.42477974786081,1,6895753,6897313,1561,2,"Amillepora00627","Amillepora00627-RA",8.23239015330388,TRUE,2313,1,"Low expression"
"Amillepora00650",61.4319281477214,"chr1:7118511-7118911","Promoter (1-2kb)",-1683,"chr1",7118511,7118911,401,"*",2.99036513115581,4.82708633713709,8.27058061010067,8.54867848716484,1,7115088,7116828,1741,2,"Amillepora00650","Amillepora00650-RA",26.3823897950809,TRUE,1683,5,"High expression"
"Amillepora00731",22.3731680260642,"chr1:8444761-8445161","Promoter (2-3kb)",2945,"chr1",8444761,8445161,401,"*",5.98073026231162,12.6711016349849,6.61646448808054,20.6593063439817,1,8399129,8448106,48978,2,"Amillepora00731","Amillepora00731-RA",48.1619043702568,TRUE,2945,5,"High expression"
"Amillepora00751",25.6826066265103,"chr1:8659909-8660309","Promoter (<=1kb)",317,"chr1",8659909,8660309,401,"*",23.9229210492465,38.6166906970967,18.1952773422215,29.9203747050769,1,8659592,8664098,4507,1,"Amillepora00751","Amillepora00751-RA",105.563864044745,TRUE,317,5,"High expression"
"Amillepora00956",27.9555085236423,"chr1:10479867-10480267","Promoter (<=1kb)",-80,"chr1",10479867,10480267,401,"*",107.653144721609,15.6880305956955,24.811741830302,42.7433924358242,1,10480347,10485377,5031,1,"Amillepora00956","Amillepora00956-RA",126.325147094128,TRUE,80,5,"High expression"
"Amillepora00958",155.686518560262,"chr1:10500748-10501148","Promoter (<=1kb)",-593,"chr1",10500748,10501148,401,"*",50.8362072296487,31.3760611913911,31.4282063183826,50.5796810490586,1,10501741,10563990,62250,1,"Amillepora00958","Amillepora00958-RA",146.09593037426,TRUE,593,5,"High expression"
"Amillepora00980",43.3706839486559,"chr1:10844558-10844958","Promoter (<=1kb)",0,"chr1",10844558,10844958,401,"*",110.643509852765,13.274487427127,19.8493934642416,39.8938329401026,1,10841775,10844871,3097,2,"Amillepora00980","Amillepora00980-RA",114.998689985638,TRUE,0,5,"High expression"
"Amillepora01012",99.814212832651,"chr1:11147490-11147890","Promoter (<=1kb)",0,"chr1",11147490,11147890,401,"*",143.537526295479,29.5659038149647,29.7740901963624,47.0177316794066,1,11115271,11147638,32368,2,"Amillepora01012","Amillepora01012-RA",161.375468607918,TRUE,0,5,"High expression"
"Amillepora01168",0.139137943415231,"chr1:12941001-12941401","Promoter (1-2kb)",-1413,"chr1",12941001,12941401,401,"*",2.99036513115581,8.44740108998991,6.61646448808054,26.3584253354249,1,12942814,12946797,3984,1,"Amillepora01168","Amillepora01168-RA",49.8837249510532,TRUE,1413,1,"Low expression"
"Amillepora01446",31.6651691488775,"chr1:16151443-16151843","Promoter (<=1kb)",-465,"chr1",16151443,16151843,401,"*",2.99036513115581,4.82708633713709,0,11.3982379828865,1,16152308,16198182,45875,1,"Amillepora01446","Amillepora01446-RA",19.7461072096059,TRUE,465,5,"High expression"
"Amillepora01468",26.0034470061556,"chr1:16488905-16489305","Promoter (2-3kb)",-2779,"chr1",16488905,16489305,401,"*",5.98073026231162,0.603385792142137,8.27058061010067,0.712389873930403,1,16492084,16511668,19585,1,"Amillepora01468","Amillepora01468-RA",13.132941568455,TRUE,2779,5,"High expression"
"Amillepora01540",0.277605646110986,"chr1:17459420-17459820","Promoter (<=1kb)",432,"chr1",17459420,17459820,401,"*",5.98073026231162,25.9455890621119,0,4.27433924358242,1,17458988,17461387,2400,1,"Amillepora01540","Amillepora01540-RA",34.1360377422145,TRUE,432,1,"Low expression"
"Amillepora01600",339.425197433521,"chr1:18178934-18179334","Promoter (<=1kb)",126,"chr1",18178934,18179334,401,"*",14.951825655779,53.7013355006502,43.0070191725235,69.8142076451795,1,18162862,18179460,16599,2,"Amillepora01600","Amillepora01600-RA",198.148548283474,TRUE,126,5,"High expression"
"Amillepora01701",0.216070947808726,"chr1:19007548-19007948","Promoter (<=1kb)",427,"chr1",19007548,19007948,401,"*",0,0.603385792142137,8.27058061010067,9.97345823502565,1,19007121,19008415,1295,1,"Amillepora01701","Amillepora01701-RA",22.8965822421873,TRUE,427,1,"Low expression"
"Amillepora01795",0.201701621393801,"chr1:20198813-20199213","Promoter (1-2kb)",1575,"chr1",20198813,20199213,401,"*",5.98073026231162,25.3422032699697,16.5411612202013,22.7964759657729,1,20199636,20200788,1153,2,"Amillepora01795","Amillepora01795-RA",76.2810804151003,TRUE,1575,1,"Low expression"
"Amillepora01809",0.330649983861942,"chr1:20470882-20471282","Promoter (1-2kb)",-1574,"chr1",20470882,20471282,401,"*",5.98073026231162,54.9081070849344,13.2329289761611,14.2477974786081,1,20464957,20469308,4352,2,"Amillepora01809","Amillepora01809-RA",93.0559578043243,TRUE,1574,1,"Low expression"
"Amillepora02000",53.7177706030184,"chr1:23349318-23349718","Promoter (1-2kb)",-1593,"chr1",23349318,23349718,401,"*",0,5.43047212927923,23.1576257082819,10.685848108956,1,23310618,23347725,37108,2,"Amillepora02000","Amillepora02000-RA",47.058304723886,TRUE,1593,5,"High expression"
"Amillepora02023",152.094113038834,"chr1:23613121-23613521","Promoter (<=1kb)",0,"chr1",23613121,23613521,401,"*",191.383368393972,37.4099191128125,64.5105287587852,52.7168506708498,1,23610344,23613324,2981,2,"Amillepora02023","Amillepora02023-RA",231.21554567028,TRUE,0,5,"High expression"
"Amillepora02357",0.187715151689963,"chr1:28211888-28212288","Promoter (<=1kb)",404,"chr1",28211888,28212288,401,"*",41.8651118361813,208.168098289037,72.7811093688859,55.5664101665715,1,28211484,28213404,1921,1,"Amillepora02357","Amillepora02357-RA",387.195009382374,TRUE,404,1,"Low expression"
"Amillepora02462",0.227865483902376,"chr1:29452288-29452688","Promoter (1-2kb)",1107,"chr1",29452288,29452688,401,"*",17.9421907869348,18.7049595564062,24.811741830302,29.9203747050769,1,29451181,29453745,2565,1,"Amillepora02462","Amillepora02462-RA",91.0960347323195,TRUE,1107,1,"Low expression"
"Amillepora02537",52.9479272518376,"chr1:30412214-30412614","Promoter (1-2kb)",1356,"chr1",30412214,30412614,401,"*",5.98073026231162,0.603385792142137,11.5788128541409,7.12389873930403,1,30358932,30413970,55039,2,"Amillepora02537","Amillepora02537-RA",24.9875976388309,TRUE,1356,5,"High expression"
"Amillepora02628",0.303695534387681,"chr1:31498538-31498938","Promoter (<=1kb)",199,"chr1",31498538,31498938,401,"*",17.9421907869348,2.41354316856855,3.30823224404027,9.97345823502565,1,31497487,31499137,1651,2,"Amillepora02628","Amillepora02628-RA",23.3026680521407,TRUE,199,1,"Low expression"
"Amillepora02634",34.7216027773181,"chr1:31578577-31578977","Promoter (<=1kb)",0,"chr1",31578577,31578977,401,"*",146.527891426635,9.05078688213205,21.5035095862617,52.0044607969194,1,31578852,31585722,6871,1,"Amillepora02634","Amillepora02634-RA",136.430658205434,TRUE,0,5,"High expression"
"Amillepora02643",0.150355032471487,"chr1:31671204-31671604","Promoter (1-2kb)",-1028,"chr1",31671204,31671604,401,"*",5.98073026231162,0.603385792142137,4.9623483660604,27.0708152093553,1,31672632,31674541,1910,1,"Amillepora02643","Amillepora02643-RA",41.2034345230369,TRUE,1028,1,"Low expression"
"Amillepora02661",1041.40331574432,"chr1:31907657-31908057","Promoter (<=1kb)",0,"chr1",31907657,31908057,401,"*",158.489351951258,24.1354316856855,26.4658579523221,56.2788000405019,1,31907904,31913968,6065,1,"Amillepora02661","Amillepora02661-RA",166.677595766788,TRUE,0,5,"High expression"
"Amillepora02704",38.9307296461736,"chr1:32328258-32328658","Promoter (<=1kb)",0,"chr1",32328258,32328658,401,"*",245.209940754776,36.2031475285282,44.6611352945436,66.9646481494579,1,32325323,32328496,3174,2,"Amillepora02704","Amillepora02704-RA",236.716174928954,TRUE,0,5,"High expression"
"Amillepora02714",0.136943521674685,"chr1:32458712-32459112","Promoter (2-3kb)",-2561,"chr1",32458712,32459112,401,"*",2.99036513115581,0,0,7.12389873930403,1,32461673,32470606,8934,1,"Amillepora02714","Amillepora02714-RA",9.43915703078182,TRUE,2561,1,"Low expression"
"Amillepora02837",0.348056932957542,"chr1:34030897-34031297","Promoter (2-3kb)",2609,"chr1",34030897,34031297,401,"*",11.9614605246232,8.44740108998991,11.5788128541409,0,1,34032264,34033906,1643,2,"Amillepora02837","Amillepora02837-RA",26.1141693552863,TRUE,2609,1,"Low expression"
"Amillepora02850",27.2038922648461,"chr1:34182162-34182562","Promoter (2-3kb)",2169,"chr1",34182162,34182562,401,"*",14.951825655779,0,1.65411612202013,2.13716962179121,1,34161982,34184731,22750,2,"Amillepora02850","Amillepora02850-RA",8.42430504158988,TRUE,2169,5,"High expression"
"Amillepora02871",0.132924489490393,"chr1:34374045-34374445","Promoter (<=1kb)",496,"chr1",34374045,34374445,401,"*",0,4.82708633713709,3.30823224404027,4.98672911751282,1,34373549,34376419,2871,1,"Amillepora02871","Amillepora02871-RA",15.2181020709464,TRUE,496,1,"Low expression"
"Amillepora02875",41.4078760707688,"chr1:34424825-34425225","Promoter (2-3kb)",2790,"chr1",34424825,34425225,401,"*",5.98073026231162,37.4099191128125,34.7364385624228,29.9203747050769,1,34421650,34428015,6366,2,"Amillepora02875","Amillepora02875-RA",119.946442034876,TRUE,2790,5,"High expression"
"Amillepora02878",35.3800463832336,"chr1:34430929-34431329","Promoter (<=1kb)",477,"chr1",34430929,34431329,401,"*",8.97109539346742,12.6711016349849,46.3152514165638,9.26106836109524,1,34430452,34439166,8715,1,"Amillepora02878","Amillepora02878-RA",83.5532392598033,TRUE,477,5,"High expression"
"Amillepora02903",58.4623323958305,"chr1:34722648-34723048","Promoter (1-2kb)",-1625,"chr1",34722648,34723048,401,"*",0,0,1.65411612202013,15.6725772264689,1,34679811,34721023,41213,2,"Amillepora02903","Amillepora02903-RA",21.1162434251176,TRUE,1625,5,"High expression"
"Amillepora03029",0.36290134417976,"chr1:36504254-36504654","Promoter (<=1kb)",0,"chr1",36504254,36504654,401,"*",23.9229210492465,11.4643300507006,11.5788128541409,12.8230177307473,1,36504459,36539730,35272,1,"Amillepora03029","Amillepora03029-RA",47.9632372664251,TRUE,0,1,"Low expression"
"Amillepora03074",0.267129464664304,"chr1:37079141-37079541","Promoter (2-3kb)",-2193,"chr1",37079141,37079541,401,"*",0,9.05078688213205,9.92469673212081,0,1,37073163,37076948,3786,2,"Amillepora03074","Amillepora03074-RA",21.6908704441482,TRUE,2193,1,"Low expression"
"Amillepora03081",21.6536806588383,"chr1:37167227-37167627","Promoter (1-2kb)",-1456,"chr1",37167227,37167627,401,"*",20.9325559180907,44.6505486185181,39.6987869284832,4.98672911751282,1,37169083,37174403,5321,1,"Amillepora03081","Amillepora03081-RA",107.081299167303,TRUE,1456,5,"High expression"
"Amillepora03084",0.181578878826159,"chr1:37202376-37202776","Promoter (1-2kb)",1286,"chr1",37202376,37202776,401,"*",2.99036513115581,0,6.61646448808054,3.56194936965202,1,37201090,37205011,3922,1,"Amillepora03084","Amillepora03084-RA",13.1858946590548,TRUE,1286,1,"Low expression"
"Amillepora03132",36.0679278321774,"chr1:37730163-37730563","Promoter (2-3kb)",-2799,"chr1",37730163,37730563,401,"*",56.8169374919603,0,18.1952773422215,18.5221367221905,1,37733362,37739598,6237,1,"Amillepora03132","Amillepora03132-RA",59.239824214781,TRUE,2799,5,"High expression"
"Amillepora03149",18.9999464247112,"chr1:37967441-37967841","Promoter (<=1kb)",0,"chr1",37967441,37967841,401,"*",158.489351951258,18.7049595564062,41.3529030505034,51.292070922989,1,37943336,37967566,24231,2,"Amillepora03149","Amillepora03149-RA",173.059754724324,TRUE,0,5,"High expression"
"Amillepora03152",29.1968704146625,"chr1:38005310-38005710","Promoter (<=1kb)",-249,"chr1",38005310,38005710,401,"*",140.547161164323,16.8948021799798,38.0446708064631,47.730121553337,1,38003567,38005061,1495,2,"Amillepora03152","Amillepora03152-RA",158.20594412836,TRUE,249,5,"High expression"
"Amillepora03158",0.214424029840219,"chr1:38126661-38127061","Promoter (<=1kb)",-773,"chr1",38126661,38127061,401,"*",35.8843815738697,0.603385792142137,4.9623483660604,19.9469164700513,1,38127834,38132207,4374,1,"Amillepora03158","Amillepora03158-RA",40.1218223798689,TRUE,773,1,"Low expression"
"Amillepora03166",78.8679745049644,"chr1:38385593-38385993","Promoter (<=1kb)",0,"chr1",38385593,38385993,401,"*",53.8265723608045,15.0846448035534,28.1199740743423,13.5354076046777,1,38375008,38385835,10828,2,"Amillepora03166","Amillepora03166-RA",80.4695042514097,TRUE,0,5,"High expression"
"Amillepora03290",711.160135652546,"chr2:731736-732136","Promoter (<=1kb)",-91,"chr2",731736,732136,401,"*",182.412273000504,25.3422032699697,52.9317159046443,65.5398684015971,2,727591,731645,4055,2,"Amillepora03290","Amillepora03290-RA",217.659545990178,TRUE,91,5,"High expression"
"Amillepora03376",0.23534358829533,"chr2:1681246-1681646","Promoter (<=1kb)",-697,"chr2",1681246,1681646,401,"*",8.97109539346742,1.20677158428427,6.61646448808054,2.84955949572161,2,1682343,1686317,3975,1,"Amillepora03376","Amillepora03376-RA",15.1123407639864,TRUE,697,1,"Low expression"
"Amillepora03492",333.187494179098,"chr2:3227566-3227966","Promoter (<=1kb)",-16,"chr2",3227566,3227966,401,"*",200.354463787439,21.1185027249748,34.7364385624228,38.4690531922418,2,3218013,3227550,9538,2,"Amillepora03492","Amillepora03492-RA",162.536978917647,TRUE,16,5,"High expression"
"Amillepora03511",160.322794372864,"chr2:3513194-3513594","Promoter (<=1kb)",0,"chr2",3513194,3513594,401,"*",143.537526295479,15.0846448035534,64.5105287587852,46.3053418054762,2,3511001,3513345,2345,2,"Amillepora03511","Amillepora03511-RA",187.663310083562,TRUE,0,5,"High expression"
"Amillepora03590",0.331201801506363,"chr2:4394495-4394895","Promoter (1-2kb)",1685,"chr2",4394495,4394895,401,"*",5.98073026231162,59.1318076299294,16.5411612202013,30.6327645790073,2,4392810,4399814,7005,1,"Amillepora03590","Amillepora03590-RA",121.523652976136,TRUE,1685,1,"Low expression"
"Amillepora03610",28.1403135261935,"chr2:4592100-4592500","Promoter (<=1kb)",134,"chr2",4592100,4592500,401,"*",71.7687631477394,41.0302338656653,24.811741830302,38.4690531922418,2,4590337,4592634,2298,2,"Amillepora03610","Amillepora03610-RA",138.771638001812,TRUE,134,5,"High expression"
"Amillepora03631",0.173091098223817,"chr2:4827748-4828148","Promoter (1-2kb)",1845,"chr2",4827748,4828148,401,"*",17.9421907869348,0.603385792142137,9.92469673212081,14.2477974786081,2,4825903,4826487,585,1,"Amillepora03631","Amillepora03631-RA",34.6844781585871,TRUE,1845,1,"Low expression"
"Amillepora03687",89.0177595116013,"chr2:5467183-5467583","Promoter (<=1kb)",102,"chr2",5467183,5467583,401,"*",41.8651118361813,42.2370054499496,43.0070191725235,24.2212557136337,2,5458413,5467685,9273,2,"Amillepora03687","Amillepora03687-RA",137.327616271937,TRUE,102,5,"High expression"
"Amillepora03717",111.736080203113,"chr2:5828070-5828470","Promoter (<=1kb)",0,"chr2",5828070,5828470,401,"*",89.7109539346742,10.2575584664163,21.5035095862617,58.4159696622931,2,5828381,5843786,15406,1,"Amillepora03717","Amillepora03717-RA",131.08117156592,TRUE,0,5,"High expression"
"Amillepora03741",158.412691675777,"chr2:6071970-6072370","Promoter (<=1kb)",0,"chr2",6071970,6072370,401,"*",227.267749967841,15.6880305956955,57.8940642707047,55.5664101665715,2,6053564,6072017,18454,2,"Amillepora03741","Amillepora03741-RA",212.771242512201,TRUE,0,5,"High expression"
"Amillepora03781",21.1262695689053,"chr2:6730850-6731250","Promoter (<=1kb)",0,"chr2",6730850,6731250,401,"*",119.614605246232,20.5151169328326,54.5858320266644,45.5929519315458,2,6720918,6731229,10312,2,"Amillepora03781","Amillepora03781-RA",174.324253288815,TRUE,0,5,"High expression"
"Amillepora03814",0.16099695884843,"chr2:7184077-7184477","Promoter (2-3kb)",2332,"chr2",7184077,7184477,401,"*",2.99036513115581,3.62031475285282,8.27058061010067,8.54867848716484,2,7181745,7181816,72,1,"Amillepora03814","Amillepora03814-RA",25.1075592837974,TRUE,2332,1,"Low expression"
"Amillepora03816",100.034513605252,"chr2:7307740-7308140","Promoter (<=1kb)",652,"chr2",7307740,7308140,401,"*",0,1.20677158428427,4.9623483660604,12.1106278568169,2,7265375,7308792,43418,2,"Amillepora03816","Amillepora03816-RA",22.0945976948334,TRUE,652,5,"High expression"
"Amillepora03820",54.8472337597867,"chr2:7365375-7365775","Promoter (<=1kb)",0,"chr2",7365375,7365775,401,"*",98.6820493281416,23.5320458935433,28.1199740743423,56.2788000405019,2,7365542,7389199,23658,1,"Amillepora03820","Amillepora03820-RA",152.866251286769,TRUE,0,5,"High expression"
"Amillepora03939",75.9921866651573,"chr2:9009594-9009994","Promoter (1-2kb)",1497,"chr2",9009594,9009994,401,"*",2.99036513115581,6.03385792142137,9.92469673212081,19.2345265961209,2,9008097,9013923,5827,1,"Amillepora03939","Amillepora03939-RA",42.6978975755101,TRUE,1497,5,"High expression"
"Amillepora04013",0.254218283271418,"chr2:10060470-10060870","Promoter (<=1kb)",-196,"chr2",10060470,10060870,401,"*",23.9229210492465,3.62031475285282,1.65411612202013,12.1106278568169,2,10061066,10066573,5508,1,"Amillepora04013","Amillepora04013-RA",26.6792593112787,TRUE,196,1,"Low expression"
"Amillepora04107",209.832874393472,"chr2:11714663-11715063","Promoter (<=1kb)",0,"chr2",11714663,11715063,401,"*",89.7109539346742,23.5320458935433,43.0070191725235,42.7433924358242,2,11714941,11752010,37070,1,"Amillepora04107","Amillepora04107-RA",152.290560853805,TRUE,0,5,"High expression"
"Amillepora04112",0.151166979196815,"chr2:11813936-11814336","Promoter (<=1kb)",0,"chr2",11813936,11814336,401,"*",20.9325559180907,6.03385792142137,1.65411612202013,27.0708152093553,2,11812951,11814092,1142,2,"Amillepora04112","Amillepora04112-RA",46.6958419937963,TRUE,0,1,"Low expression"
"Amillepora04152",57.8754308154631,"chr2:12793527-12793927","Promoter (1-2kb)",1118,"chr2",12793527,12793927,401,"*",74.7591282788952,25.9455890621119,36.390554684443,39.8938329401026,2,12776673,12795045,18373,2,"Amillepora04152","Amillepora04152-RA",139.48315800774,TRUE,1118,5,"High expression"
"Amillepora04160",69.7197135198462,"chr2:12849518-12849918","Promoter (1-2kb)",-1892,"chr2",12849518,12849918,401,"*",2.99036513115581,12.0677158428427,18.1952773422215,28.4955949572161,2,12851810,12861136,9327,1,"Amillepora04160","Amillepora04160-RA",70.4632790961912,TRUE,1892,5,"High expression"
"Amillepora04188",105.66069024648,"chr2:13250564-13250964","Promoter (<=1kb)",0,"chr2",13250564,13250964,401,"*",65.7880328854278,22.9286601014012,36.390554684443,51.292070922989,2,13227536,13250767,23232,2,"Amillepora04188","Amillepora04188-RA",147.903759662143,TRUE,0,5,"High expression"
"Amillepora04191",555.817814737547,"chr2:13264969-13265369","Promoter (<=1kb)",-150,"chr2",13264969,13265369,401,"*",110.643509852765,25.9455890621119,38.0446708064631,53.4292405447802,2,13256968,13264819,7852,2,"Amillepora04191","Amillepora04191-RA",167.112909061591,TRUE,150,5,"High expression"
"Amillepora04258",0.152134895869324,"chr2:14029738-14030138","Promoter (<=1kb)",0,"chr2",14029738,14030138,401,"*",11.9614605246232,4.22370054499496,14.8870450981812,23.5088658397033,2,14026360,14030068,3709,2,"Amillepora04258","Amillepora04258-RA",54.3374311709308,TRUE,0,1,"Low expression"
"Amillepora04308",34.7487548332412,"chr2:14642378-14642778","Promoter (1-2kb)",-1649,"chr2",14642378,14642778,401,"*",2.99036513115581,13.8778732192691,4.9623483660604,8.54867848716484,2,14644427,14694873,50447,1,"Amillepora04308","Amillepora04308-RA",31.9004047598661,TRUE,1649,5,"High expression"
"Amillepora04310",24.0694843466306,"chr2:14704136-14704536","Promoter (<=1kb)",0,"chr2",14704136,14704536,401,"*",74.7591282788952,21.7218885171169,26.4658579523221,50.5796810490586,2,14675872,14704326,28455,2,"Amillepora04310","Amillepora04310-RA",135.910679942951,TRUE,0,5,"High expression"
"Amillepora04329",110.4507955441,"chr2:14927079-14927479","Promoter (<=1kb)",0,"chr2",14927079,14927479,401,"*",68.7783980165836,15.0846448035534,14.8870450981812,35.6194936965202,2,14927427,14933201,5775,1,"Amillepora04329","Amillepora04329-RA",95.0016115026038,TRUE,0,5,"High expression"
"Amillepora04486",166.614681818734,"chr2:17218967-17219367","Promoter (<=1kb)",0,"chr2",17218967,17219367,401,"*",83.7302236723626,22.9286601014012,26.4658579523221,40.606222814033,2,17184637,17219016,34380,2,"Amillepora04486","Amillepora04486-RA",127.313708566185,TRUE,0,5,"High expression"
"Amillepora04675",32.4007341461109,"chr2:19524443-19524843","Promoter (<=1kb)",664,"chr2",19524443,19524843,401,"*",5.98073026231162,0.603385792142137,0,2.13716962179121,2,19514822,19525507,10686,2,"Amillepora04675","Amillepora04675-RA",4.76078293841659,TRUE,664,5,"High expression"
"Amillepora04797",0.341755639545527,"chr2:21015358-21015758","Promoter (<=1kb)",0,"chr2",21015358,21015758,401,"*",11.9614605246232,57.321650253503,44.6611352945436,37.7566633183114,2,21012966,21015500,2535,2,"Amillepora04797","Amillepora04797-RA",164.177658941604,TRUE,0,1,"Low expression"
"Amillepora04811",38.5886999017836,"chr2:21126014-21126414","Promoter (<=1kb)",0,"chr2",21126014,21126414,401,"*",131.576065770856,13.274487427127,34.7364385624228,44.168172183685,2,21117416,21126038,8623,2,"Amillepora04811","Amillepora04811-RA",143.719218189366,TRUE,0,5,"High expression"
"Amillepora04881",70.4656729811165,"chr2:21945019-21945419","Promoter (1-2kb)",1031,"chr2",21945019,21945419,401,"*",8.97109539346742,82.6638535234727,26.4658579523221,80.5000557541356,2,21943988,21956997,13010,1,"Amillepora04881","Amillepora04881-RA",220.027927923369,TRUE,1031,5,"High expression"
"Amillepora04888",60.8529961242441,"chr2:22080376-22080776","Promoter (<=1kb)",0,"chr2",22080376,22080776,401,"*",62.797667754272,19.9117311406905,24.811741830302,34.1947139486594,2,22051273,22080627,29355,2,"Amillepora04888","Amillepora04888-RA",108.975145496767,TRUE,0,5,"High expression"
"Amillepora04929",0.364105994182435,"chr2:22687444-22687844","Promoter (<=1kb)",-816,"chr2",22687444,22687844,401,"*",0,0,4.9623483660604,15.6725772264689,2,22688660,22689454,795,1,"Amillepora04929","Amillepora04929-RA",25.1594572949584,TRUE,816,1,"Low expression"
"Amillepora04970",0.323950279074944,"chr2:23148741-23149141","Promoter (<=1kb)",-817,"chr2",23148741,23149141,401,"*",2.99036513115581,6.6372437135635,0,0,2,23149958,23156437,6480,1,"Amillepora04970","Amillepora04970-RA",7.77134462002396,TRUE,817,1,"Low expression"
"Amillepora05036",43.0820148703256,"chr2:24088937-24089337","Promoter (<=1kb)",0,"chr2",24088937,24089337,401,"*",101.672414459297,22.9286601014012,36.390554684443,34.9071038225898,2,24089303,24097756,8454,1,"Amillepora05036","Amillepora05036-RA",137.058506845243,TRUE,0,5,"High expression"
"Amillepora05039",0.362208108842678,"chr2:24152108-24152508","Promoter (1-2kb)",-1846,"chr2",24152108,24152508,401,"*",5.98073026231162,0,6.61646448808054,6.41150886537363,2,24144259,24150262,6004,2,"Amillepora05039","Amillepora05039-RA",17.4174235561465,TRUE,1846,1,"Low expression"
"Amillepora05098",0.303552401202097,"chr2:24926319-24926719","Promoter (<=1kb)",481,"chr2",24926319,24926719,401,"*",5.98073026231162,12.0677158428427,18.1952773422215,8.54867848716484,2,24903590,24927200,23611,2,"Amillepora05098","Amillepora05098-RA",46.9207912802688,TRUE,481,1,"Low expression"
"Amillepora05199",0.365991729351456,"chr2:25815137-25815537","Promoter (<=1kb)",0,"chr2",25815137,25815537,401,"*",125.595335508544,19.3083453485484,44.6611352945436,53.4292405447802,2,25810005,25815189,5185,2,"Amillepora05199","Amillepora05199-RA",171.986653029038,TRUE,0,1,"Low expression"
"Amillepora05224",337.212966707154,"chr2:26133290-26133690","Promoter (<=1kb)",292,"chr2",26133290,26133690,401,"*",128.5857006397,27.1523606463961,31.4282063183826,66.2522582755275,2,26125899,26133982,8084,2,"Amillepora05224","Amillepora05224-RA",180.482857082053,TRUE,292,5,"High expression"
"Amillepora05302",222.15435935048,"chr2:27108958-27109358","Promoter (<=1kb)",0,"chr2",27108958,27109358,401,"*",116.624240115076,10.2575584664163,26.4658579523221,43.4557823097546,2,27095566,27109041,13476,2,"Amillepora05302","Amillepora05302-RA",125.757285174449,TRUE,0,5,"High expression"
"Amillepora05311",257.584543614027,"chr2:27250013-27250413","Promoter (<=1kb)",0,"chr2",27250013,27250413,401,"*",74.7591282788952,18.1015737642641,26.4658579523221,44.8805620576154,2,27250238,27256456,6219,1,"Amillepora05311","Amillepora05311-RA",125.142684230847,TRUE,0,5,"High expression"
"Amillepora05377",19.6165454320321,"chr2:27991607-27992007","Promoter (<=1kb)",86,"chr2",27991607,27992007,401,"*",32.8940164427139,33.7896043599596,0,27.7832050832857,2,27991521,27997937,6417,1,"Amillepora05377","Amillepora05377-RA",77.9023820725368,TRUE,86,5,"High expression"
"Amillepora05447",55.0218680565635,"chr2:28969846-28970246","Promoter (1-2kb)",-1408,"chr2",28969846,28970246,401,"*",32.8940164427139,31.9794469835332,33.0823224404027,32.0575443268681,2,28951520,28968438,16919,2,"Amillepora05447","Amillepora05447-RA",121.629903137709,TRUE,1408,5,"High expression"
"Amillepora05457",53.5347821790738,"chr2:29051044-29051444","Promoter (<=1kb)",0,"chr2",29051044,29051444,401,"*",68.7783980165836,18.1015737642641,52.9317159046443,44.168172183685,2,29051263,29061736,10474,1,"Amillepora05457","Amillepora05457-RA",155.100903551361,TRUE,0,5,"High expression"
"Amillepora05514",0.100689695337305,"chr2:29768560-29768960","Promoter (1-2kb)",-1997,"chr2",29768560,29768960,401,"*",35.8843815738697,0.603385792142137,33.0823224404027,44.8805620576154,2,29755999,29766563,10565,2,"Amillepora05514","Amillepora05514-RA",104.866971053374,TRUE,1997,1,"Low expression"
"Amillepora05588",0.333515713943235,"chr2:30602258-30602658","Promoter (<=1kb)",684,"chr2",30602258,30602658,401,"*",0,0.603385792142137,6.61646448808054,3.56194936965202,2,30600058,30603342,3285,2,"Amillepora05588","Amillepora05588-RA",13.0635331067317,TRUE,684,1,"Low expression"
"Amillepora05603",0.166669087219896,"chr2:30849389-30849789","Promoter (1-2kb)",1295,"chr2",30849389,30849789,401,"*",0,0.603385792142137,1.65411612202013,8.54867848716484,2,30848094,30849404,1311,1,"Amillepora05603","Amillepora05603-RA",13.0742784579424,TRUE,1295,1,"Low expression"
"Amillepora05677",24.3068192582333,"chr2:31981992-31982392","Promoter (<=1kb)",-432,"chr2",31981992,31982392,401,"*",125.595335508544,9.05078688213205,34.7364385624228,44.168172183685,2,31976694,31981560,4867,2,"Amillepora05677","Amillepora05677-RA",137.737757783944,TRUE,432,5,"High expression"
"Amillepora05705",41.276705171152,"chr2:32274987-32275387","Promoter (<=1kb)",0,"chr2",32274987,32275387,401,"*",113.633874983921,19.3083453485484,28.1199740743423,42.0310025618938,2,32275237,32289510,14274,1,"Amillepora05705","Amillepora05705-RA",134.844468091467,TRUE,0,5,"High expression"
"Amillepora05710",66.2548205065449,"chr2:32330990-32331390","Promoter (1-2kb)",1656,"chr2",32330990,32331390,401,"*",8.97109539346742,8.44740108998991,1.65411612202013,15.6725772264689,2,32329334,32348422,19089,1,"Amillepora05710","Amillepora05710-RA",32.3193874279966,TRUE,1656,5,"High expression"
"Amillepora05715",0.114420271520968,"chr2:32380857-32381257","Promoter (1-2kb)",-1003,"chr2",32380857,32381257,401,"*",0,3.62031475285282,11.5788128541409,5.69911899144323,2,32379783,32379854,72,2,"Amillepora05715","Amillepora05715-RA",24.9192442565464,TRUE,1003,1,"Low expression"
"Amillepora05835",24.2132624995633,"chr2:33701994-33702394","Promoter (<=1kb)",930,"chr2",33701994,33702394,401,"*",2.99036513115581,67.5792087199193,3.30823224404027,24.2212557136337,2,33693661,33703324,9664,2,"Amillepora05835","Amillepora05835-RA",105.703392067257,TRUE,930,5,"High expression"
"Amillepora05847",0.0791880080114114,"chr2:33882528-33882928","Promoter (<=1kb)",445,"chr2",33882528,33882928,401,"*",2.99036513115581,6.03385792142137,4.9623483660604,9.26106836109524,2,33882083,33883131,1049,1,"Amillepora05847","Amillepora05847-RA",24.4819444588053,TRUE,445,1,"Low expression"
"Amillepora05859",64.8144200806554,"chr2:34059949-34060349","Promoter (2-3kb)",-2174,"chr2",34059949,34060349,401,"*",14.951825655779,0,6.61646448808054,2.84955949572161,2,34049406,34057775,8370,2,"Amillepora05859","Amillepora05859-RA",15.3570638686327,TRUE,2174,5,"High expression"
"Amillepora05872",312.749623118433,"chr2:34247510-34247910","Promoter (2-3kb)",-2944,"chr2",34247510,34247910,401,"*",44.8554769673371,25.3422032699697,24.811741830302,18.5221367221905,2,34188604,34244566,55963,2,"Amillepora05872","Amillepora05872-RA",91.0585854595556,TRUE,2944,5,"High expression"
"Amillepora05873",0.277033624255641,"chr2:34271214-34271614","Promoter (2-3kb)",2661,"chr2",34271214,34271614,401,"*",2.99036513115581,6.03385792142137,4.9623483660604,11.3982379828865,2,34268553,34268919,367,1,"Amillepora05873","Amillepora05873-RA",27.0857585256505,TRUE,2661,1,"Low expression"
"Amillepora06009",57.6494631306453,"chr2:35738026-35738426","Promoter (<=1kb)",-301,"chr2",35738026,35738426,401,"*",11.9614605246232,4.22370054499496,19.8493934642416,15.6725772264689,2,35738727,35789851,51125,1,"Amillepora06009","Amillepora06009-RA",50.8549337305933,TRUE,301,5,"High expression"
"Amillepora06017",0.177122182053818,"chr2:35830199-35830599","Promoter (2-3kb)",-2581,"chr2",35830199,35830599,401,"*",8.97109539346742,21.7218885171169,11.5788128541409,26.3584253354249,2,35833180,35833641,462,1,"Amillepora06017","Amillepora06017-RA",71.4912349958622,TRUE,2581,1,"Low expression"
"Amillepora06024",0.313134432722142,"chr2:35916468-35916868","Promoter (2-3kb)",-2918,"chr2",35916468,35916868,401,"*",38.8747467050255,28.9625180228226,33.0823224404027,42.7433924358242,2,35919786,35920011,226,1,"Amillepora06024","Amillepora06024-RA",132.981450809656,TRUE,2918,1,"Low expression"
"Amillepora06034",30.3372735445743,"chr2:36057269-36057669","Promoter (<=1kb)",0,"chr2",36057269,36057669,401,"*",95.6916841969858,25.9455890621119,28.1199740743423,57.7035797883627,2,36044458,36057329,12872,2,"Amillepora06034","Amillepora06034-RA",156.392011545934,TRUE,0,5,"High expression"
"Amillepora06076",0.261944407381327,"chr2:36572649-36573049","Promoter (<=1kb)",0,"chr2",36572649,36573049,401,"*",0,0,16.5411612202013,3.56194936965202,2,36572810,36572882,73,2,"Amillepora06076","Amillepora06076-RA",24.555759460612,TRUE,0,1,"Low expression"
"Amillepora06082",120.507143996696,"chr2:36684407-36684807","Promoter (<=1kb)",-90,"chr2",36684407,36684807,401,"*",5.98073026231162,8.44740108998991,6.61646448808054,3.56194936965202,2,36657760,36684317,26558,2,"Amillepora06082","Amillepora06082-RA",22.869485046004,TRUE,90,5,"High expression"
"Amillepora06110",0.228608946334309,"chr2:36905813-36906213","Promoter (1-2kb)",-1024,"chr2",36905813,36906213,401,"*",11.9614605246232,21.1185027249748,18.1952773422215,4.27433924358242,2,36907237,36907716,480,1,"Amillepora06110","Amillepora06110-RA",52.7939455971344,TRUE,1024,1,"Low expression"
"Amillepora06214",71.5095046579581,"chr5:547591-547991","Promoter (<=1kb)",0,"chr5",547591,547991,401,"*",68.7783980165836,4.22370054499496,38.0446708064631,33.482324074729,5,547858,550491,2634,1,"Amillepora06214","Amillepora06214-RA",109.226819923093,TRUE,0,5,"High expression"
"Amillepora06370",170.311871409467,"chr5:2256817-2257217","Promoter (<=1kb)",-6,"chr5",2256817,2257217,401,"*",206.335194049751,23.5320458935433,49.623483660604,64.8274785276667,5,2257223,2272858,15636,1,"Amillepora06370","Amillepora06370-RA",216.91436279485,TRUE,6,5,"High expression"
"Amillepora06407",0.13977181477587,"chr5:2715566-2715966","Promoter (1-2kb)",-1566,"chr5",2715566,2715966,401,"*",8.97109539346742,0,6.61646448808054,4.27433924358242,5,2717532,2720980,3449,1,"Amillepora06407","Amillepora06407-RA",15.5733862972663,TRUE,1566,1,"Low expression"
"Amillepora06556",23.8378128025973,"chr5:4494264-4494664","Promoter (1-2kb)",-1727,"chr5",4494264,4494664,401,"*",8.97109539346742,7.84401529784777,31.4282063183826,9.97345823502565,5,4496391,4503714,7324,1,"Amillepora06556","Amillepora06556-RA",61.1273928226679,TRUE,1727,5,"High expression"
"Amillepora06565",75.8229390961595,"chr5:4586153-4586553","Promoter (<=1kb)",-657,"chr5",4586153,4586553,401,"*",5.98073026231162,4.22370054499496,9.92469673212081,14.9601873525385,5,4571442,4585496,14055,2,"Amillepora06565","Amillepora06565-RA",36.3378004828597,TRUE,657,5,"High expression"
"Amillepora06574",20.8262611409636,"chr5:4672414-4672814","Promoter (2-3kb)",-2528,"chr5",4672414,4672814,401,"*",0,6.6372437135635,1.65411612202013,5.69911899144323,5,4661263,4669886,8624,2,"Amillepora06574","Amillepora06574-RA",15.976678925233,TRUE,2528,5,"High expression"
"Amillepora06578",0.280736062415294,"chr5:4709961-4710361","Promoter (2-3kb)",-2157,"chr5",4709961,4710361,401,"*",20.9325559180907,24.7388174778276,6.61646448808054,15.6725772264689,5,4712518,4712589,72,1,"Amillepora06578","Amillepora06578-RA",58.633527366944,TRUE,2157,1,"Low expression"
"Amillepora06581",0.369223071571641,"chr5:4756560-4756960","Promoter (1-2kb)",1076,"chr5",4756560,4756960,401,"*",5.98073026231162,0,16.5411612202013,19.9469164700513,5,4755484,4760070,4587,1,"Amillepora06581","Amillepora06581-RA",46.0378875890208,TRUE,1076,1,"Low expression"
"Amillepora06662",46.8722661942033,"chr5:5600857-5601257","Promoter (<=1kb)",0,"chr5",5600857,5601257,401,"*",68.7783980165836,50.0810207477973,29.7740901963624,31.3451544529377,5,5581610,5601157,19548,2,"Amillepora06662","Amillepora06662-RA",144.958530610417,TRUE,0,5,"High expression"
"Amillepora06730",197.841172230587,"chr5:6263466-6263866","Promoter (1-2kb)",-1487,"chr5",6263466,6263866,401,"*",80.7398585412068,6.03385792142137,41.3529030505034,42.7433924358242,5,6265353,6273179,7827,1,"Amillepora06730","Amillepora06730-RA",129.50458108138,TRUE,1487,5,"High expression"
"Amillepora06746",2808.90112353057,"chr5:6514426-6514826","Promoter (<=1kb)",0,"chr5",6514426,6514826,401,"*",83.7302236723626,12.6711016349849,19.8493934642416,53.4292405447802,5,6500473,6514483,14011,2,"Amillepora06746","Amillepora06746-RA",124.014105881665,TRUE,0,5,"High expression"
"Amillepora06863",34.012509303576,"chr5:8518721-8519121","Promoter (<=1kb)",0,"chr5",8518721,8519121,401,"*",74.7591282788952,34.3929901521018,29.7740901963624,19.9469164700513,5,8518891,8524823,5933,1,"Amillepora06863","Amillepora06863-RA",116.018279223155,TRUE,0,5,"High expression"
"Amillepora06882",65.2562060841406,"chr5:8820352-8820752","Promoter (2-3kb)",2347,"chr5",8820352,8820752,401,"*",32.8940164427139,44.6505486185181,33.0823224404027,65.5398684015971,5,8818005,8825771,7767,1,"Amillepora06882","Amillepora06882-RA",175.808710553425,TRUE,2347,5,"High expression"
"Amillepora06897",24.3163257711596,"chr5:9149343-9149743","Promoter (2-3kb)",2057,"chr5",9149343,9149743,401,"*",14.951825655779,95.3349551584576,23.1576257082819,54.854020292641,5,9147286,9152348,5063,1,"Amillepora06897","Amillepora06897-RA",199.644219235794,TRUE,2057,5,"High expression"
"Amillepora06902",34.6654235661594,"chr5:9214524-9214924","Promoter (2-3kb)",2028,"chr5",9214524,9214924,401,"*",14.951825655779,1.81015737642641,6.61646448808054,6.41150886537363,5,9210002,9216952,6951,2,"Amillepora06902","Amillepora06902-RA",21.6089997469663,TRUE,2028,5,"High expression"
"Amillepora06913",0.164383499108145,"chr5:9363084-9363484","Promoter (<=1kb)",581,"chr5",9363084,9363484,401,"*",5.98073026231162,22.325274309259,4.9623483660604,4.27433924358242,5,9360726,9364065,3340,2,"Amillepora06913","Amillepora06913-RA",36.3763670131251,TRUE,581,1,"Low expression"
"Amillepora06940",0.32598428225257,"chr5:9749261-9749661","Promoter (<=1kb)",-190,"chr5",9749261,9749661,401,"*",8.97109539346742,6.6372437135635,6.61646448808054,18.5221367221905,5,9749851,9749922,72,1,"Amillepora06940","Amillepora06940-RA",39.9437145549592,TRUE,190,1,"Low expression"
"Amillepora07067",0.129715935956409,"chr5:11170456-11170856","Promoter (2-3kb)",2827,"chr5",11170456,11170856,401,"*",32.8940164427139,16.2914163878377,4.9623483660604,8.54867848716484,5,11167629,11178057,10429,1,"Amillepora07067","Amillepora07067-RA",42.047833862082,TRUE,2827,1,"Low expression"
"Amillepora07096",225.834889788229,"chr5:11567564-11567964","Promoter (<=1kb)",-348,"chr5",11567564,11567964,401,"*",68.7783980165836,15.6880305956955,21.5035095862617,26.3584253354249,5,11568312,11581705,13394,1,"Amillepora07096","Amillepora07096-RA",92.4422602082648,TRUE,348,5,"High expression"
"Amillepora07108",309.697397756624,"chr5:11683233-11683633","Promoter (<=1kb)",0,"chr5",11683233,11683633,401,"*",77.749493410051,21.7218885171169,23.1576257082819,55.5664101665715,5,11646451,11683331,36881,2,"Amillepora07108","Amillepora07108-RA",138.702809037047,TRUE,0,5,"High expression"
"Amillepora07129",0.281423764599841,"chr5:12000860-12001260","Promoter (1-2kb)",1223,"chr5",12000860,12001260,401,"*",2.99036513115581,1.20677158428427,6.61646448808054,12.1106278568169,5,11999637,12000786,1150,1,"Amillepora07129","Amillepora07129-RA",24.8759814377186,TRUE,1223,1,"Low expression"
"Amillepora07183",0.171087319838922,"chr5:12956168-12956568","Promoter (<=1kb)",0,"chr5",12956168,12956568,401,"*",0,9.65417267427418,4.9623483660604,3.56194936965202,5,12944412,12956438,12027,2,"Amillepora07183","Amillepora07183-RA",20.6031550064373,TRUE,0,1,"Low expression"
"Amillepora07206",91.4880784119552,"chr5:13159007-13159407","Promoter (<=1kb)",0,"chr5",13159007,13159407,401,"*",62.797667754272,36.2031475285282,36.390554684443,37.7566633183114,5,13153376,13159049,5674,2,"Amillepora07206","Amillepora07206-RA",144.676296054945,TRUE,0,5,"High expression"
"Amillepora07260",52.4904979237013,"chr5:14202941-14203341","Promoter (<=1kb)",-249,"chr5",14202941,14203341,401,"*",5.98073026231162,0,9.92469673212081,4.27433924358242,5,14203590,14216007,12418,1,"Amillepora07260","Amillepora07260-RA",18.8568233591421,TRUE,249,5,"High expression"
"Amillepora07277",0.144562787534659,"chr5:14600988-14601388","Promoter (<=1kb)",806,"chr5",14600988,14601388,401,"*",0,3.62031475285282,6.61646448808054,4.27433924358242,5,14600731,14602194,1464,2,"Amillepora07277","Amillepora07277-RA",17.118547407222,TRUE,806,1,"Low expression"
"Amillepora07331",0.331249123241222,"chr5:15352365-15352765","Promoter (2-3kb)",-2197,"chr5",15352365,15352765,401,"*",2.99036513115581,4.22370054499496,4.9623483660604,11.3982379828865,5,15354962,15357048,2087,1,"Amillepora07331","Amillepora07331-RA",25.1735127587253,TRUE,2197,1,"Low expression"
"Amillepora07346",20.3597993442508,"chr5:15563723-15564123","Promoter (<=1kb)",769,"chr5",15563723,15564123,401,"*",8.97109539346742,4.82708633713709,6.61646448808054,9.26106836109524,5,15551225,15564892,13668,2,"Amillepora07346","Amillepora07346-RA",26.748274498372,TRUE,769,5,"High expression"
"Amillepora07435",0.17773054873115,"chr5:16649065-16649465","Promoter (<=1kb)",0,"chr5",16649065,16649465,401,"*",29.9036513115581,4.22370054499496,43.0070191725235,29.2079848311465,5,16643230,16649410,6181,2,"Amillepora07435","Amillepora07435-RA",100.20691409062,TRUE,0,1,"Low expression"
"Amillepora07440",45.0883486292999,"chr5:16700461-16700861","Promoter (<=1kb)",0,"chr5",16700461,16700861,401,"*",5.98073026231162,15.0846448035534,16.5411612202013,34.9071038225898,5,16700755,16708418,7664,1,"Amillepora07440","Amillepora07440-RA",80.1999674479797,TRUE,0,5,"High expression"
"Amillepora07487",23.1744153044127,"chr5:17410607-17411007","Promoter (1-2kb)",-1042,"chr5",17410607,17411007,401,"*",5.98073026231162,1.20677158428427,8.27058061010067,11.3982379828865,5,17403134,17409565,6432,2,"Amillepora07487","Amillepora07487-RA",26.7894271583222,TRUE,1042,5,"High expression"
"Amillepora07578",0.129948764996609,"chr5:18673511-18673911","Promoter (1-2kb)",1979,"chr5",18673511,18673911,401,"*",2.99036513115581,5.43047212927923,1.65411612202013,8.54867848716484,5,18669646,18675890,6245,2,"Amillepora07578","Amillepora07578-RA",18.9333773110412,TRUE,1979,1,"Low expression"
"Amillepora07609",0.238339370438894,"chr5:19017418-19017818","Promoter (2-3kb)",2144,"chr5",19017418,19017818,401,"*",41.8651118361813,7.84401529784777,3.30823224404027,20.6593063439817,5,19016186,19019962,3777,2,"Amillepora07609","Amillepora07609-RA",48.1366901508608,TRUE,2144,1,"Low expression"
"Amillepora07655",0.22193384211646,"chr5:19738153-19738553","Promoter (1-2kb)",1104,"chr5",19738153,19738553,401,"*",5.98073026231162,0,4.9623483660604,8.54867848716484,5,19737049,19739766,2718,1,"Amillepora07655","Amillepora07655-RA",17.9996306880712,TRUE,1104,1,"Low expression"
"Amillepora07678",0.101145665623866,"chr5:19955658-19956058","Promoter (2-3kb)",2206,"chr5",19955658,19956058,401,"*",0,0,0,6.41150886537363,5,19958193,19958264,72,2,"Amillepora07678","Amillepora07678-RA",7.81144220053524,TRUE,2206,1,"Low expression"
"Amillepora07683",0.168259488319781,"chr5:20025958-20026358","Promoter (<=1kb)",0,"chr5",20025958,20026358,401,"*",23.9229210492465,34.3929901521018,14.8870450981812,10.685848108956,5,20026037,20030179,4143,1,"Amillepora07683","Amillepora07683-RA",73.6244167838065,TRUE,0,1,"Low expression"
"Amillepora07772",45.9303541109804,"chr5:21175832-21176232","Promoter (2-3kb)",-2706,"chr5",21175832,21176232,401,"*",35.8843815738697,85.6807824841834,46.3152514165638,25.6460354614945,5,21141154,21173126,31973,2,"Amillepora07772","Amillepora07772-RA",187.481050976616,TRUE,2706,5,"High expression"
"Amillepora07785",0.173398051671129,"chr5:21361066-21361466","Promoter (1-2kb)",1240,"chr5",21361066,21361466,401,"*",0,0.603385792142137,18.1952773422215,7.12389873930403,5,21359826,21361178,1353,1,"Amillepora07785","Amillepora07785-RA",31.5544717625827,TRUE,1240,1,"Low expression"
"Amillepora07847",0.355322826596195,"chr5:22165087-22165487","Promoter (2-3kb)",-2344,"chr5",22165087,22165487,401,"*",5.98073026231162,9.65417267427418,0,7.83628861323444,5,22167831,22174634,6804,1,"Amillepora07847","Amillepora07847-RA",21.2655159512961,TRUE,2344,1,"Low expression"
"Amillepora07878",32.4753936475154,"chr5:22482489-22482889","Promoter (1-2kb)",1501,"chr5",22482489,22482889,401,"*",5.98073026231162,41.6336196578074,6.61646448808054,0.712389873930403,5,22480988,22482659,1672,1,"Amillepora07878","Amillepora07878-RA",54.4555720171725,TRUE,1501,5,"High expression"
"Amillepora08023",28.0359812911532,"chr5:24523998-24524398","Promoter (<=1kb)",0,"chr5",24523998,24524398,401,"*",74.7591282788952,18.1015737642641,28.1199740743423,50.5796810490586,5,24524367,24535180,10814,1,"Amillepora08023","Amillepora08023-RA",134.107795344021,TRUE,0,5,"High expression"
"Amillepora08034",672.79073565599,"chr5:24702422-24702822","Promoter (<=1kb)",0,"chr5",24702422,24702822,401,"*",77.749493410051,18.1015737642641,38.0446708064631,42.7433924358242,5,24665954,24702476,36523,2,"Amillepora08034","Amillepora08034-RA",137.449895516409,TRUE,0,5,"High expression"
"Amillepora08057",232.903200384167,"chr5:24974824-24975224","Promoter (<=1kb)",0,"chr5",24974824,24975224,401,"*",65.7880328854278,22.9286601014012,33.0823224404027,37.7566633183114,5,24975151,24989462,14312,1,"Amillepora08057","Amillepora08057-RA",127.36972336895,TRUE,0,5,"High expression"
"Amillepora08092",53.0471659377069,"chr5:25369301-25369701","Promoter (2-3kb)",2793,"chr5",25369301,25369701,401,"*",8.97109539346742,47.0640917870866,39.6987869284832,52.0044607969194,5,25366508,25379165,12658,1,"Amillepora08092","Amillepora08092-RA",163.875762428602,TRUE,2793,5,"High expression"
"Amillepora08127",139.658662182154,"chr5:25687355-25687755","Promoter (2-3kb)",-2027,"chr5",25687355,25687755,401,"*",5.98073026231162,0.603385792142137,0,3.56194936965202,5,25674877,25685328,10452,2,"Amillepora08127","Amillepora08127-RA",6.49665898297998,TRUE,2027,5,"High expression"
"Amillepora08157",0.184383644954118,"chr5:25993509-25993909","Promoter (<=1kb)",0,"chr5",25993509,25993909,401,"*",2.99036513115581,0,9.92469673212081,14.2477974786081,5,25993519,25997227,3709,1,"Amillepora08157","Amillepora08157-RA",30.248178863121,TRUE,0,1,"Low expression"
"Amillepora08240",146.790266964243,"chr5:26930877-26931277","Promoter (<=1kb)",0,"chr5",26930877,26931277,401,"*",254.181036148244,19.9117311406905,71.1269932468658,62.6903089058755,5,26926387,26930916,4530,2,"Amillepora08240","Amillepora08240-RA",248.923376275558,TRUE,0,5,"High expression"
"Amillepora08287",211.94409125667,"chr5:27442353-27442753","Promoter (<=1kb)",-5,"chr5",27442353,27442753,401,"*",143.537526295479,30.1692896071068,38.0446708064631,42.0310025618938,5,27442758,27487440,44683,1,"Amillepora08287","Amillepora08287-RA",166.04535238219,TRUE,5,5,"High expression"
"Amillepora08536",75.7077940639047,"chr5:30662528-30662928","Promoter (<=1kb)",0,"chr5",30662528,30662928,401,"*",92.70131906583,26.548974854254,23.1576257082819,37.044273444381,5,30644408,30662853,18446,2,"Amillepora08536","Amillepora08536-RA",125.034626542681,TRUE,0,5,"High expression"
"Amillepora08537",48.0554043412689,"chr5:30678394-30678794","Promoter (<=1kb)",0,"chr5",30678394,30678794,401,"*",188.393003262816,22.325274309259,23.1576257082819,47.730121553337,5,30670390,30678642,8253,2,"Amillepora08537","Amillepora08537-RA",157.904647942291,TRUE,0,5,"High expression"
"Amillepora08557",357.50005382532,"chr5:30821680-30822080","Promoter (1-2kb)",1444,"chr5",30821680,30822080,401,"*",200.354463787439,18.1015737642641,36.390554684443,42.0310025618938,5,30813292,30823524,10233,2,"Amillepora08557","Amillepora08557-RA",165.711199685768,TRUE,1444,5,"High expression"
"Amillepora08570",52.6185823085499,"chr5:30932764-30933164","Promoter (2-3kb)",2976,"chr5",30932764,30933164,401,"*",2.99036513115581,10.2575584664163,6.61646448808054,6.41150886537363,5,30927392,30936140,8749,2,"Amillepora08570","Amillepora08570-RA",27.493706094091,TRUE,2976,5,"High expression"
"Amillepora08644",118.824539467697,"chr4:682700-683100","Promoter (1-2kb)",-1307,"chr4",682700,683100,401,"*",2.99036513115581,25.9455890621119,19.8493934642416,29.2079848311465,4,684407,722213,37807,1,"Amillepora08644","Amillepora08644-RA",88.0133749331532,TRUE,1307,5,"High expression"
"Amillepora08716",0.31553937010909,"chr4:1671434-1671834","Promoter (1-2kb)",-1898,"chr4",1671434,1671834,401,"*",29.9036513115581,9.65417267427418,19.8493934642416,14.9601873525385,4,1663880,1669536,5657,2,"Amillepora08716","Amillepora08716-RA",60.2823938568766,TRUE,1898,1,"Low expression"
"Amillepora08865",25.4420201870934,"chr4:3249414-3249814","Promoter (1-2kb)",-1830,"chr4",3249414,3249814,401,"*",2.99036513115581,10.8609442585585,11.5788128541409,17.8097468482601,4,3228843,3247584,18742,2,"Amillepora08865","Amillepora08865-RA",48.082950511001,TRUE,1830,5,"High expression"
"Amillepora09010",79.0364109433009,"chr4:5076644-5077044","Promoter (<=1kb)",0,"chr4",5076644,5077044,401,"*",68.7783980165836,31.9794469835332,41.3529030505034,30.6327645790073,4,5065548,5076799,11252,2,"Amillepora09010","Amillepora09010-RA",139.119383463326,TRUE,0,5,"High expression"
"Amillepora09032",0.0984379090589504,"chr4:5288148-5288548","Promoter (2-3kb)",-2197,"chr4",5288148,5288548,401,"*",2.99036513115581,31.3760611913911,11.5788128541409,21.3716962179121,4,5290745,5305520,14776,1,"Amillepora09032","Amillepora09032-RA",74.0947593142283,TRUE,2197,1,"Low expression"
"Amillepora09069",40.9512545232834,"chr4:5695131-5695531","Promoter (<=1kb)",-433,"chr4",5695131,5695531,401,"*",11.9614605246232,3.62031475285282,3.30823224404027,21.3716962179121,4,5677245,5694698,17454,2,"Amillepora09069","Amillepora09069-RA",36.9449533040015,TRUE,433,5,"High expression"
"Amillepora09261",0.251973280262837,"chr4:7959482-7959882","Promoter (<=1kb)",802,"chr4",7959482,7959882,401,"*",2.99036513115581,0,1.65411612202013,7.12389873930403,4,7958680,7963158,4479,1,"Amillepora09261","Amillepora09261-RA",11.4607639657022,TRUE,802,1,"Low expression"
"Amillepora09318",100.117057912225,"chr4:8667558-8667958","Promoter (1-2kb)",-1978,"chr4",8667558,8667958,401,"*",0,0,4.9623483660604,1.42477974786081,4,8641238,8665580,24343,2,"Amillepora09318","Amillepora09318-RA",7.80069684932448,TRUE,1978,5,"High expression"
"Amillepora09361",0.291218752329999,"chr4:9197078-9197478","Promoter (<=1kb)",-139,"chr4",9197078,9197478,401,"*",11.9614605246232,16.2914163878377,13.2329289761611,10.685848108956,4,9197617,9199023,1407,1,"Amillepora09361","Amillepora09361-RA",49.4412449477746,TRUE,139,1,"Low expression"
"Amillepora09373",0.310450435476553,"chr4:9321861-9322261","Promoter (2-3kb)",-2214,"chr4",9321861,9322261,401,"*",2.99036513115581,1.20677158428427,8.27058061010067,6.41150886537363,4,9312874,9319647,6774,2,"Amillepora09373","Amillepora09373-RA",19.9540841943854,TRUE,2214,1,"Low expression"
"Amillepora09425",0.368694023424049,"chr4:9845927-9846327","Promoter (<=1kb)",0,"chr4",9845927,9846327,401,"*",8.97109539346742,3.62031475285282,21.5035095862617,21.3716962179121,4,9846123,9846194,72,2,"Amillepora09425","Amillepora09425-RA",58.4228527801605,TRUE,0,1,"Low expression"
"Amillepora09450",35.2053800002604,"chr4:10234874-10235274","Promoter (<=1kb)",0,"chr4",10234874,10235274,401,"*",50.8362072296487,0,4.9623483660604,14.2477974786081,4,10231229,10235121,3893,2,"Amillepora09450","Amillepora09450-RA",36.3397869857981,TRUE,0,5,"High expression"
"Amillepora09471",0.123730118310822,"chr4:10527053-10527453","Promoter (2-3kb)",-2922,"chr4",10527053,10527453,401,"*",0,6.6372437135635,14.8870450981812,29.9203747050769,4,10530375,10544298,13924,1,"Amillepora09471","Amillepora09471-RA",61.6594271621734,TRUE,2922,1,"Low expression"
"Amillepora09525",35.5522730243438,"chr4:11329658-11330058","Promoter (<=1kb)",-224,"chr4",11329658,11330058,401,"*",11.9614605246232,1.20677158428427,14.8870450981812,19.9469164700513,4,11330282,11333701,3420,1,"Amillepora09525","Amillepora09525-RA",46.8106647813137,TRUE,224,5,"High expression"
"Amillepora09526",0.208134913939757,"chr4:11338654-11339054","Promoter (<=1kb)",0,"chr4",11338654,11339054,401,"*",0,3.01692896071068,13.2329289761611,9.97345823502565,4,11334733,11338872,4140,2,"Amillepora09526","Amillepora09526-RA",31.5110640695153,TRUE,0,1,"Low expression"
"Amillepora09594",22.2944875684535,"chr4:12104097-12104497","Promoter (<=1kb)",0,"chr4",12104097,12104497,401,"*",119.614605246232,22.325274309259,36.390554684443,35.6194936965202,4,12104240,12120630,16391,1,"Amillepora09594","Amillepora09594-RA",141.847690459672,TRUE,0,5,"High expression"
"Amillepora09601",80.632862234984,"chr4:12223750-12224150","Promoter (<=1kb)",-14,"chr4",12223750,12224150,401,"*",107.653144721609,4.82708633713709,43.0070191725235,41.3186126879634,4,12201193,12223736,22544,2,"Amillepora09601","Amillepora09601-RA",135.353472732138,TRUE,14,5,"High expression"
"Amillepora09609",19.9041986344445,"chr4:12301837-12302237","Promoter (<=1kb)",-958,"chr4",12301837,12302237,401,"*",11.9614605246232,6.6372437135635,4.9623483660604,8.54867848716484,4,12303195,12309215,6021,1,"Amillepora09609","Amillepora09609-RA",26.53075211606,TRUE,958,5,"High expression"
"Amillepora09652",46.8439511193575,"chr4:13005443-13005843","Promoter (1-2kb)",-1444,"chr4",13005443,13005843,401,"*",2.99036513115581,3.62031475285282,0,4.98672911751282,4,13007287,13034092,26806,1,"Amillepora09652","Amillepora09652-RA",10.6598344977871,TRUE,1444,5,"High expression"
"Amillepora09733",0.094170120413841,"chr4:14331915-14332315","Promoter (1-2kb)",1362,"chr4",14331915,14332315,401,"*",0,6.03385792142137,1.65411612202013,8.54867848716484,4,14332168,14333677,1510,2,"Amillepora09733","Amillepora09733-RA",18.811015758718,TRUE,1362,1,"Low expression"
"Amillepora09803",153.02870225053,"chr4:15113406-15113806","Promoter (<=1kb)",0,"chr4",15113406,15113806,401,"*",107.653144721609,18.7049595564062,61.202296514745,56.2788000405019,4,15079901,15113515,33615,2,"Amillepora09803","Amillepora09803-RA",190.478398363937,TRUE,0,5,"High expression"
"Amillepora09849",0.173987977594917,"chr4:15717098-15717498","Promoter (<=1kb)",0,"chr4",15717098,15717498,401,"*",11.9614605246232,12.6711016349849,28.1199740743423,38.4690531922418,4,15717436,15738066,20631,1,"Amillepora09849","Amillepora09849-RA",97.6607986971936,TRUE,0,1,"Low expression"
"Amillepora09857",32.1636167979622,"chr4:15823999-15824399","Promoter (<=1kb)",-10,"chr4",15823999,15824399,401,"*",101.672414459297,26.548974854254,31.4282063183826,47.0177316794066,4,15824409,15869852,45444,1,"Amillepora09857","Amillepora09857-RA",149.573123953121,TRUE,10,5,"High expression"
"Amillepora09883",0.193254938620184,"chr4:16135595-16135995","Promoter (2-3kb)",2280,"chr4",16135595,16135995,401,"*",2.99036513115581,0,1.65411612202013,12.8230177307473,4,16133315,16144599,11285,1,"Amillepora09883","Amillepora09883-RA",18.4042681439558,TRUE,2280,1,"Low expression"
"Amillepora09905",0.250841662716971,"chr4:16335894-16336294","Promoter (2-3kb)",2705,"chr4",16335894,16336294,401,"*",5.98073026231162,0,11.5788128541409,4.27433924358242,4,16333189,16337980,4792,1,"Amillepora09905","Amillepora09905-RA",20.8784302940624,TRUE,2705,1,"Low expression"
"Amillepora09986",96.6945730740996,"chr4:17510549-17510949","Promoter (<=1kb)",-736,"chr4",17510549,17510949,401,"*",119.614605246232,21.7218885171169,54.5858320266644,53.4292405447802,4,17511685,17514597,2913,1,"Amillepora09986","Amillepora09986-RA",185.146402045197,TRUE,736,5,"High expression"
"Amillepora10010",5049.84876030129,"chr4:17807330-17807730","Promoter (2-3kb)",-2880,"chr4",17807330,17807730,401,"*",17.9421907869348,26.548974854254,29.7740901963624,22.0840860918425,4,17810610,17842271,31662,1,"Amillepora10010","Amillepora10010-RA",95.8999356153246,TRUE,2880,5,"High expression"
"Amillepora10012",25.6931046144567,"chr4:17887921-17888321","Promoter (1-2kb)",1660,"chr4",17887921,17888321,401,"*",11.9614605246232,50.6844065399395,19.8493934642416,43.4557823097546,4,17876642,17889981,13340,2,"Amillepora10012","Amillepora10012-RA",133.785491283993,TRUE,1660,5,"High expression"
"Amillepora10021",26.444167792353,"chr4:18043852-18044252","Promoter (2-3kb)",-2289,"chr4",18043852,18044252,401,"*",14.951825655779,43.4437770342338,38.0446708064631,72.6637671409011,4,18025512,18041563,16052,2,"Amillepora10021","Amillepora10021-RA",184.71942022193,TRUE,2289,5,"High expression"
"Amillepora10080",1289.02957559941,"chr4:18738208-18738608","Promoter (<=1kb)",45,"chr4",18738208,18738608,401,"*",44.8554769673371,17.498187972122,39.6987869284832,42.0310025618938,4,18707205,18738653,31449,2,"Amillepora10080","Amillepora10080-RA",129.608604285792,TRUE,45,5,"High expression"
"Amillepora10141",148.050949168696,"chr4:19405478-19405878","Promoter (1-2kb)",-1836,"chr4",19405478,19405878,401,"*",2.99036513115581,21.7218885171169,9.92469673212081,14.2477974786081,4,19393350,19403642,10293,2,"Amillepora10141","Amillepora10141-RA",53.1951280662234,TRUE,1836,5,"High expression"
"Amillepora10167",64.6597443480094,"chr4:19914892-19915292","Promoter (2-3kb)",2595,"chr4",19914892,19915292,401,"*",8.97109539346742,3.01692896071068,0,0,4,19870899,19917887,46989,2,"Amillepora10167","Amillepora10167-RA",5.46640670210333,TRUE,2595,5,"High expression"
"Amillepora10195",60.6291319351203,"chr4:20189062-20189462","Promoter (2-3kb)",-2051,"chr4",20189062,20189462,401,"*",2.99036513115581,9.05078688213205,4.9623483660604,8.54867848716484,4,20191513,20197764,6252,1,"Amillepora10195","Amillepora10195-RA",26.8010827147323,TRUE,2051,5,"High expression"
"Amillepora10238",0.251476481275375,"chr4:20662507-20662907","Promoter (1-2kb)",1706,"chr4",20662507,20662907,401,"*",14.951825655779,0.603385792142137,1.65411612202013,4.98672911751282,4,20658383,20664613,6231,2,"Amillepora10238","Amillepora10238-RA",12.5334723863584,TRUE,1706,1,"Low expression"
"Amillepora10243",23.0021902507364,"chr4:20708207-20708607","Promoter (2-3kb)",-2610,"chr4",20708207,20708607,401,"*",0,8.44740108998991,4.9623483660604,12.1106278568169,4,20711217,20721756,10540,1,"Amillepora10243","Amillepora10243-RA",29.7435807625342,TRUE,2610,5,"High expression"
"Amillepora10256",22.6142771498048,"chr4:20937900-20938300","Promoter (<=1kb)",0,"chr4",20937900,20938300,401,"*",59.8073026231162,15.0846448035534,39.6987869284832,34.9071038225898,4,20926906,20938016,11111,2,"Amillepora10256","Amillepora10256-RA",122.178447080233,TRUE,0,5,"High expression"
"Amillepora10267",166.383540460797,"chr4:21060048-21060448","Promoter (1-2kb)",1667,"chr4",21060048,21060448,401,"*",2.99036513115581,7.84401529784777,26.4658579523221,25.6460354614945,4,21058381,21064892,6512,1,"Amillepora10267","Amillepora10267-RA",72.6376548921741,TRUE,1667,5,"High expression"
"Amillepora10392",54.251744041867,"chr4:22128568-22128968","Promoter (<=1kb)",-34,"chr4",22128568,22128968,401,"*",95.6916841969858,24.1354316856855,41.3529030505034,37.044273444381,4,22121612,22128534,6923,2,"Amillepora10392","Amillepora10392-RA",145.482418612203,TRUE,34,5,"High expression"
"Amillepora10452",39.2855671197907,"chr4:22897021-22897421","Promoter (<=1kb)",-293,"chr4",22897021,22897421,401,"*",11.9614605246232,0,1.65411612202013,6.41150886537363,4,22894582,22896728,2147,2,"Amillepora10452","Amillepora10452-RA",12.8721563673151,TRUE,293,5,"High expression"
"Amillepora10466",20.6901216652412,"chr4:23049770-23050170","Promoter (<=1kb)",0,"chr4",23049770,23050170,401,"*",26.9132861804023,0,0,15.6725772264689,4,23050017,23059971,9955,1,"Amillepora10466","Amillepora10466-RA",25.9326277618813,TRUE,0,5,"High expression"
"Amillepora10499",76.3757451709083,"chr4:23538723-23539123","Promoter (<=1kb)",0,"chr4",23538723,23539123,401,"*",158.489351951258,16.2914163878377,29.7740901963624,49.1549013011978,4,23532206,23538747,6542,2,"Amillepora10499","Amillepora10499-RA",153.755031090469,TRUE,0,5,"High expression"
"Amillepora10503",235.639911484604,"chr4:23569251-23569651","Promoter (<=1kb)",-128,"chr4",23569251,23569651,401,"*",14.951825655779,0.603385792142137,11.5788128541409,12.8230177307473,4,23569779,23582223,12445,1,"Amillepora10503","Amillepora10503-RA",34.2104322409792,TRUE,128,5,"High expression"
"Amillepora10563",0.201202994844658,"chr4:24547141-24547541","Promoter (<=1kb)",-557,"chr4",24547141,24547541,401,"*",8.97109539346742,0.603385792142137,0,9.97345823502565,4,24548098,24552007,3910,1,"Amillepora10563","Amillepora10563-RA",15.0678779914801,TRUE,557,1,"Low expression"
"Amillepora10610",0.162416953567125,"chr4:25250723-25251123","Promoter (2-3kb)",2901,"chr4",25250723,25251123,401,"*",0,0.603385792142137,8.27058061010067,1.42477974786081,4,25245312,25254024,8713,2,"Amillepora10610","Amillepora10610-RA",12.4813259748069,TRUE,2901,1,"Low expression"
"Amillepora10641",56.7775571545767,"chr4:25757486-25757886","Promoter (<=1kb)",0,"chr4",25757486,25757886,401,"*",161.479717082414,16.8948021799798,33.0823224404027,55.5664101665715,4,25729179,25757601,28423,2,"Amillepora10641","Amillepora10641-RA",167.006879224452,TRUE,0,5,"High expression"
"Amillepora10719",0.286786819419313,"chr4:26814921-26815321","Promoter (2-3kb)",-2093,"chr4",26814921,26815321,401,"*",2.99036513115581,0,0,5.69911899144323,4,26804121,26812828,8708,2,"Amillepora10719","Amillepora10719-RA",7.70328098621844,TRUE,2093,1,"Low expression"
"Amillepora10815",0.188304539574033,"chr4:27991704-27992104","Promoter (<=1kb)",440,"chr4",27991704,27992104,401,"*",5.98073026231162,0,0,2.13716962179121,4,27991317,27992544,1228,2,"Amillepora10815","Amillepora10815-RA",4.12336768277486,TRUE,440,1,"Low expression"
"Amillepora10882",0.132947850994176,"chr4:28797077-28797477","Promoter (1-2kb)",1998,"chr4",28797077,28797477,401,"*",8.97109539346742,72.4062950570564,43.0070191725235,16.3849671003993,4,28795144,28799475,4332,2,"Amillepora10882","Amillepora10882-RA",151.293515921311,TRUE,1998,1,"Low expression"
"Amillepora10918",54.9221749444482,"chr7:17460-17860","Promoter (1-2kb)",1359,"chr7",17460,17860,401,"*",5.98073026231162,5.43047212927923,18.1952773422215,14.9601873525385,7,16101,60761,44661,1,"Amillepora10918","Amillepora10918-RA",47.720665668745,TRUE,1359,5,"High expression"
"Amillepora10974",0.305916781817692,"chr7:855604-856004","Promoter (2-3kb)",-2136,"chr7",855604,856004,401,"*",107.653144721609,88.0943256527519,44.6611352945436,39.8938329401026,7,858140,861199,3060,1,"Amillepora10974","Amillepora10974-RA",223.602508901054,TRUE,2136,1,"Low expression"
"Amillepora10985",73.1566216440826,"chr7:965583-965983","Promoter (<=1kb)",0,"chr7",965583,965983,401,"*",233.248480230153,6.6372437135635,59.5481803927248,51.292070922989,7,960909,965668,4760,2,"Amillepora10985","Amillepora10985-RA",201.543546094735,TRUE,0,5,"High expression"
"Amillepora10996",0.148781063518509,"chr7:1064092-1064492","Promoter (2-3kb)",2858,"chr7",1064092,1064492,401,"*",0,16.2914163878377,1.65411612202013,20.6593063439817,7,1063223,1067350,4128,2,"Amillepora10996","Amillepora10996-RA",44.4020214834163,TRUE,2858,1,"Low expression"
"Amillepora11001",0.223978960716202,"chr7:1116428-1116828","Promoter (<=1kb)",-894,"chr7",1116428,1116828,401,"*",2.99036513115581,4.22370054499496,0,10.685848108956,7,1114587,1115534,948,2,"Amillepora11001","Amillepora11001-RA",18.2407539316824,TRUE,894,1,"Low expression"
"Amillepora11029",0.239504738351561,"chr7:1699545-1699945","Promoter (2-3kb)",2984,"chr7",1699545,1699945,401,"*",14.951825655779,15.6880305956955,9.92469673212081,23.5088658397033,7,1691029,1702929,11901,2,"Amillepora11029","Amillepora11029-RA",61.1432770313275,TRUE,2984,1,"Low expression"
"Amillepora11051",18.7768756435469,"chr7:1961972-1962372","Promoter (<=1kb)",68,"chr7",1961972,1962372,401,"*",35.8843815738697,49.4776349556552,44.6611352945436,58.4159696622931,7,1961904,1972189,10286,1,"Amillepora11051","Amillepora11051-RA",187.139677728149,TRUE,68,5,"High expression"
"Amillepora11126",59.5556413589888,"chr7:2925962-2926362","Promoter (<=1kb)",396,"chr7",2925962,2926362,401,"*",62.797667754272,169.55140759194,0,81.9248355019964,7,2910935,2926758,15824,2,"Amillepora11126","Amillepora11126-RA",294.881872364984,TRUE,396,5,"High expression"
"Amillepora11130",0.322448813613488,"chr7:3084030-3084430","Promoter (1-2kb)",-1587,"chr7",3084030,3084430,401,"*",32.8940164427139,34.9963759442439,34.7364385624228,24.9336455875641,7,3086017,3087587,1571,1,"Amillepora11130","Amillepora11130-RA",118.159206128021,TRUE,1587,1,"Low expression"
"Amillepora11152",0.337506483498786,"chr7:3481608-3482008","Promoter (1-2kb)",-1485,"chr7",3481608,3482008,401,"*",8.97109539346742,1.81015737642641,0,0,7,3483493,3488989,5497,1,"Amillepora11152","Amillepora11152-RA",4.19157619081987,TRUE,1485,1,"Low expression"
"Amillepora11241",0.164968202504864,"chr7:4961438-4962219","Promoter (<=1kb)",818,"chr7",4961438,4962219,782,"*",23.9229210492465,31.9794469835332,21.5035095862617,47.0177316794066,7,4961159,4963037,1879,2,"Amillepora11241","Amillepora11241-RA",123.426022637287,TRUE,818,1,"Low expression"
"Amillepora11431",0.144119809605028,"chr7:7424468-7424868","Promoter (2-3kb)",2232,"chr7",7424468,7424868,401,"*",0,1.81015737642641,4.9623483660604,0,7,7422236,7423792,1557,1,"Amillepora11431","Amillepora11431-RA",7.97706657168629,TRUE,2232,1,"Low expression"
"Amillepora11434",0.272110155220233,"chr7:7482665-7483065","Promoter (<=1kb)",317,"chr7",7482665,7483065,401,"*",11.9614605246232,15.0846448035534,14.8870450981812,12.8230177307473,7,7482348,7483535,1188,1,"Amillepora11434","Amillepora11434-RA",52.7918354382567,TRUE,317,1,"Low expression"
"Amillepora11456",0.361484034960914,"chr7:7701363-7701763","Promoter (<=1kb)",347,"chr7",7701363,7701763,401,"*",11.9614605246232,68.1825945120614,16.5411612202013,13.5354076046777,7,7701016,7705525,4510,1,"Amillepora11456","Amillepora11456-RA",111.773922891931,TRUE,347,1,"Low expression"
"Amillepora11650",0.138085034117554,"chr7:9556242-9556642","Promoter (2-3kb)",2133,"chr7",9556242,9556642,401,"*",14.951825655779,29.5659038149647,4.9623483660604,19.9469164700513,7,9554109,9556712,2604,1,"Amillepora11650","Amillepora11650-RA",65.3993169949179,TRUE,2133,1,"Low expression"
"Amillepora11662",0.347398989531934,"chr7:9685039-9685439","Promoter (2-3kb)",2707,"chr7",9685039,9685439,401,"*",0,0,0,4.98672911751282,7,9682332,9709251,26920,1,"Amillepora11662","Amillepora11662-RA",6.07556615597185,TRUE,2707,1,"Low expression"
"Amillepora11747",51.7744965531145,"chr7:10649432-10649832","Promoter (<=1kb)",-802,"chr7",10649432,10649832,401,"*",11.9614605246232,15.6880305956955,9.92469673212081,17.8097468482601,7,10647539,10648630,1092,2,"Amillepora11747","Amillepora11747-RA",53.4399960451091,TRUE,802,5,"High expression"
"Amillepora11751",0.315865227682101,"chr7:10670547-10670947","Promoter (<=1kb)",232,"chr7",10670547,10670947,401,"*",0,0,6.61646448808054,4.98672911751282,7,10670417,10671179,763,2,"Amillepora11751","Amillepora11751-RA",14.1619938956533,TRUE,232,1,"Low expression"
"Amillepora11766",0.206584812021448,"chr7:10821967-10822367","Promoter (1-2kb)",-1367,"chr7",10821967,10822367,401,"*",23.9229210492465,87.4909398606098,28.1199740743423,57.7035797883627,7,10823734,10824630,897,1,"Amillepora11766","Amillepora11766-RA",203.173724230234,TRUE,1367,1,"Low expression"
"Amillepora11782",0.198483514927422,"chr7:10994536-10994936","Promoter (<=1kb)",-792,"chr7",10994536,10994936,401,"*",5.98073026231162,13.274487427127,11.5788128541409,10.685848108956,7,10990081,10993744,3664,2,"Amillepora11782","Amillepora11782-RA",42.7130081187157,TRUE,792,1,"Low expression"
"Amillepora11783",0.141901425719636,"chr7:11023209-11023609","Promoter (<=1kb)",0,"chr7",11023209,11023609,401,"*",11.9614605246232,3.01692896071068,1.65411612202013,1.42477974786081,7,11020861,11023320,2460,2,"Amillepora11783","Amillepora11783-RA",9.98366648955196,TRUE,0,1,"Low expression"
"Amillepora11802",0.23174032963938,"chr7:11292515-11292915","Promoter (<=1kb)",601,"chr7",11292515,11292915,401,"*",68.7783980165836,88.0943256527519,23.1576257082819,74.0885468887619,7,11291632,11293516,1885,2,"Amillepora11802","Amillepora11802-RA",229.105545313067,TRUE,601,1,"Low expression"
"Amillepora11804",0.156137877959449,"chr7:11298925-11299325","Promoter (<=1kb)",-831,"chr7",11298925,11299325,401,"*",26.9132861804023,66.372437135635,26.4658579523221,59.1283595362235,7,11296451,11298094,1644,2,"Amillepora11804","Amillepora11804-RA",181.338236200381,TRUE,831,1,"Low expression"
"Amillepora11835",120.571507000576,"chr7:11694583-11694983","Promoter (2-3kb)",2471,"chr7",11694583,11694983,401,"*",17.9421907869348,31.3760611913911,33.0823224404027,27.0708152093553,7,11684809,11697454,12646,2,"Amillepora11835","Amillepora11835-RA",111.118037686271,TRUE,2471,5,"High expression"
"Amillepora11849",0.246740572442464,"chr7:11869390-11869790","Promoter (1-2kb)",1662,"chr7",11869390,11869790,401,"*",5.98073026231162,0,0,9.97345823502565,7,11863519,11871452,7934,2,"Amillepora11849","Amillepora11849-RA",13.6706859278735,TRUE,1662,1,"Low expression"
"Amillepora11906",42.7621123974647,"chr7:12457353-12457753","Promoter (<=1kb)",-306,"chr7",12457353,12457753,401,"*",2.99036513115581,1.20677158428427,8.27058061010067,16.3849671003993,7,12458059,12461872,3814,1,"Amillepora11906","Amillepora11906-RA",32.1052165063291,TRUE,306,5,"High expression"
"Amillepora11991",0.328046132808743,"chr7:13727184-13727584","Promoter (<=1kb)",0,"chr7",13727184,13727584,401,"*",20.9325559180907,35.5997617363861,31.4282063183826,36.3318835704506,7,13725925,13727523,1599,2,"Amillepora11991","Amillepora11991-RA",125.60130863847,TRUE,0,1,"Low expression"
"Amillepora12013",0.177052823769931,"chr7:13945774-13946174","Promoter (2-3kb)",2595,"chr7",13945774,13946174,401,"*",14.951825655779,10.8609442585585,14.8870450981812,9.26106836109524,7,13947101,13948769,1669,2,"Amillepora12013","Amillepora12013-RA",44.7500153453209,TRUE,2595,1,"Low expression"
"Amillepora12030",209.168851272986,"chr7:14066101-14066501","Promoter (1-2kb)",-1531,"chr7",14066101,14066501,401,"*",80.7398585412068,27.1523606463961,43.0070191725235,40.606222814033,7,14053202,14064570,11369,2,"Amillepora12030","Amillepora12030-RA",151.231907896916,TRUE,1531,5,"High expression"
"Amillepora12103",0.237442817203018,"chr7:14839972-14840372","Promoter (2-3kb)",2454,"chr7",14839972,14840372,401,"*",11.9614605246232,1.20677158428427,18.1952773422215,22.7964759657729,7,14841410,14842826,1417,2,"Amillepora12103","Amillepora12103-RA",54.3256307402812,TRUE,2454,1,"Low expression"
"Amillepora12172",0.168890063503463,"chr7:15593080-15593480","Promoter (2-3kb)",-2671,"chr7",15593080,15593480,401,"*",14.951825655779,1.81015737642641,1.65411612202013,7.83628861323444,7,15596151,15599677,3527,1,"Amillepora12172","Amillepora12172-RA",17.2800549867686,TRUE,2671,1,"Low expression"
"Amillepora12206",0.348628168255678,"chr7:16121557-16121957","Promoter (1-2kb)",1280,"chr7",16121557,16121957,401,"*",0,3.62031475285282,4.9623483660604,2.13716962179121,7,16120277,16132733,12457,1,"Amillepora12206","Amillepora12206-RA",12.4931264054566,TRUE,1280,1,"Low expression"
"Amillepora12208",0.219654991426671,"chr7:16159820-16160220","Promoter (<=1kb)",154,"chr7",16159820,16160220,401,"*",2.99036513115581,0,4.9623483660604,3.56194936965202,7,16146312,16160374,14063,2,"Amillepora12208","Amillepora12208-RA",11.1642877241344,TRUE,154,1,"Low expression"
"Amillepora12222",26.3498048985942,"chr7:16331600-16332000","Promoter (<=1kb)",-861,"chr7",16331600,16332000,401,"*",0,0,16.5411612202013,9.97345823502565,7,16314391,16330739,16349,2,"Amillepora12222","Amillepora12222-RA",32.3672016611473,TRUE,861,5,"High expression"
"Amillepora12243",0.233232733016923,"chr7:16550776-16551176","Promoter (<=1kb)",-225,"chr7",16550776,16551176,401,"*",2.99036513115581,0,1.65411612202013,9.26106836109524,7,16551401,16552972,1572,1,"Amillepora12243","Amillepora12243-RA",14.0645780325473,TRUE,225,1,"Low expression"
"Amillepora12325",0.243382053363438,"chr7:17424716-17425116","Promoter (1-2kb)",-1169,"chr7",17424716,17425116,401,"*",0,0.603385792142137,16.5411612202013,0,7,17422040,17423547,1508,2,"Amillepora12325","Amillepora12325-RA",20.8534846048453,TRUE,1169,1,"Low expression"
"Amillepora12447",34.7868615621359,"chr7:18680433-18680833","Promoter (1-2kb)",1547,"chr7",18680433,18680833,401,"*",11.9614605246232,0.603385792142137,4.9623483660604,7.12389873930403,7,18671744,18682380,10637,2,"Amillepora12447","Amillepora12447-RA",18.4207235150793,TRUE,1547,5,"High expression"
"Amillepora12468",63.7229721169206,"chr7:18891849-18892249","Promoter (<=1kb)",0,"chr7",18891849,18892249,401,"*",107.653144721609,15.0846448035534,34.7364385624228,49.8672911751282,7,18892198,18923165,30968,1,"Amillepora12468","Amillepora12468-RA",146.496753670825,TRUE,0,5,"High expression"
"Amillepora12522",0.244532424320968,"chr7:19552983-19553383","Promoter (1-2kb)",1610,"chr7",19552983,19553383,401,"*",8.97109539346742,6.03385792142137,0,7.12389873930403,7,19550675,19554993,4319,2,"Amillepora12522","Amillepora12522-RA",17.3328632031289,TRUE,1610,1,"Low expression"
"Amillepora12674",154.491131613281,"chr7:21313599-21313999","Promoter (<=1kb)",-937,"chr7",21313599,21313999,401,"*",50.8362072296487,12.0677158428427,31.4282063183826,22.7964759657729,7,21314936,21322260,7325,1,"Amillepora12674","Amillepora12674-RA",91.8490593247389,TRUE,937,5,"High expression"
"Amillepora12675",49.4534889030605,"chr7:21334380-21334780","Promoter (1-2kb)",-1261,"chr7",21334380,21334780,401,"*",0,0,4.9623483660604,0,7,21336041,21350864,14824,1,"Amillepora12675","Amillepora12675-RA",6.06482080476108,TRUE,1261,5,"High expression"
"Amillepora12682",97.2517147302896,"chr7:21476477-21476877","Promoter (<=1kb)",0,"chr7",21476477,21476877,401,"*",23.9229210492465,31.9794469835332,33.0823224404027,37.7566633183114,7,21476723,21488021,11299,1,"Amillepora12682","Amillepora12682-RA",126.294076892068,TRUE,0,5,"High expression"
"Amillepora12715",0.232308303399629,"chr7:21918977-21919377","Promoter (<=1kb)",945,"chr7",21918977,21919377,401,"*",8.97109539346742,38.0133049049546,38.0446708064631,37.044273444381,7,21919390,21920322,933,2,"Amillepora12715","Amillepora12715-RA",134.06622819114,TRUE,945,1,"Low expression"
"Amillepora12736",411.160652101514,"chr7:22168177-22168577","Promoter (<=1kb)",-723,"chr7",22168177,22168577,401,"*",0,0,8.27058061010067,0,7,22169300,22173931,4632,1,"Amillepora12736","Amillepora12736-RA",10.1080346746018,TRUE,723,5,"High expression"
"Amillepora12757",1016.86543084605,"chr7:22435840-22436240","Promoter (<=1kb)",0,"chr7",22435840,22436240,401,"*",71.7687631477394,20.5151169328326,46.3152514165638,45.5929519315458,7,22407393,22436097,28705,2,"Amillepora12757","Amillepora12757-RA",152.059789686775,TRUE,0,5,"High expression"
"Amillepora12910",45.7945869053393,"chr12:15052-15452","Promoter (1-2kb)",-1100,"chr12",15052,15452,401,"*",8.97109539346742,10.8609442585585,0,27.7832050832857,12,16552,20412,3861,1,"Amillepora12910","Amillepora12910-RA",47.6023878944319,TRUE,1100,5,"High expression"
"Amillepora12980",106.0441564976,"chr12:802552-802952","Promoter (<=1kb)",0,"chr12",802552,802952,401,"*",68.7783980165836,21.7218885171169,26.4658579523221,37.7566633183114,12,798815,802582,3768,2,"Amillepora12980","Amillepora12980-RA",118.76824192595,TRUE,0,5,"High expression"
"Amillepora13033",51.1652785241951,"chr12:1275968-1276368","Promoter (<=1kb)",0,"chr12",1275968,1276368,401,"*",89.7109539346742,16.8948021799798,39.6987869284832,40.606222814033,12,1255055,1276148,21094,2,"Amillepora13033","Amillepora13033-RA",138.63196510506,TRUE,0,5,"High expression"
"Amillepora13041",24.1655403728406,"chr12:1393440-1393840","Promoter (<=1kb)",-806,"chr12",1393440,1393840,401,"*",32.8940164427139,44.6505486185181,14.8870450981812,17.8097468482601,12,1394646,1408543,13898,1,"Amillepora13041","Amillepora13041-RA",95.4191867764277,TRUE,806,5,"High expression"
"Amillepora13053",32.7290265093942,"chr12:1520538-1520938","Promoter (<=1kb)",0,"chr12",1520538,1520938,401,"*",50.8362072296487,63.3555081749243,38.0446708064631,22.0840860918425,12,1513498,1520880,7383,2,"Amillepora13053","Amillepora13053-RA",153.247845771686,TRUE,0,5,"High expression"
"Amillepora13080",312.542439674435,"chr12:1825833-1826233","Promoter (1-2kb)",1667,"chr12",1825833,1826233,401,"*",134.566430902011,22.9286601014012,29.7740901963624,42.7433924358242,12,1822282,1827900,5619,2,"Amillepora13080","Amillepora13080-RA",146.876942238274,TRUE,1667,5,"High expression"
"Amillepora13104",21.5474534954495,"chr12:2126989-2127389","Promoter (2-3kb)",-2517,"chr12",2126989,2127389,401,"*",20.9325559180907,15.0846448035534,107.517547931309,40.606222814033,12,2112855,2124472,11618,2,"Amillepora13104","Amillepora13104-RA",202.130737086678,TRUE,2517,5,"High expression"
"Amillepora13107",20.1140642387378,"chr12:2190784-2191184","Promoter (2-3kb)",2897,"chr12",2190784,2191184,401,"*",14.951825655779,1.81015737642641,4.9623483660604,9.97345823502565,12,2187887,2197086,9200,1,"Amillepora13107","Amillepora13107-RA",23.9270829234544,TRUE,2897,5,"High expression"
"Amillepora13143",52.3253683612971,"chr12:2613178-2613578","Promoter (1-2kb)",-1533,"chr12",2613178,2613578,401,"*",8.97109539346742,10.2575584664163,8.27058061010067,7.83628861323444,12,2615111,2628623,13513,1,"Amillepora13143","Amillepora13143-RA",32.7707426895046,TRUE,1533,5,"High expression"
"Amillepora13146",26.2813007132628,"chr12:2655733-2656133","Promoter (2-3kb)",-2036,"chr12",2655733,2656133,401,"*",2.99036513115581,3.62031475285282,3.30823224404027,6.41150886537363,12,2641587,2653697,12111,2,"Amillepora13146","Amillepora13146-RA",16.4389244121913,TRUE,2036,5,"High expression"
"Amillepora13159",97.7617823480958,"chr12:2832796-2833196","Promoter (2-3kb)",2584,"chr12",2832796,2833196,401,"*",35.8843815738697,101.368813079879,43.0070191725235,56.9911899144323,12,2830212,2841996,11785,1,"Amillepora13159","Amillepora13159-RA",238.199906733855,TRUE,2584,5,"High expression"
"Amillepora13185",21.3454981383729,"chr12:3151077-3151477","Promoter (<=1kb)",0,"chr12",3151077,3151477,401,"*",65.7880328854278,19.3083453485484,26.4658579523221,48.4425114272674,12,3145810,3151199,5390,2,"Amillepora13185","Amillepora13185-RA",128.477874429644,TRUE,0,5,"High expression"
"Amillepora13275",49.3017926360313,"chr12:4208975-4209375","Promoter (<=1kb)",0,"chr12",4208975,4209375,401,"*",56.8169374919603,27.1523606463961,36.390554684443,51.292070922989,12,4171312,4209038,37727,2,"Amillepora13275","Amillepora13275-RA",150.086336027741,TRUE,0,5,"High expression"
"Amillepora13453",28.889145281954,"chr12:5708469-5708869","Promoter (<=1kb)",17,"chr12",5708469,5708869,401,"*",56.8169374919603,18.7049595564062,26.4658579523221,49.1549013011978,12,5691599,5708886,17288,2,"Amillepora13453","Amillepora13453-RA",126.429066772389,TRUE,17,5,"High expression"
"Amillepora13459",0.345491447871649,"chr12:5779910-5780310","Promoter (2-3kb)",-2017,"chr12",5779910,5780310,401,"*",2.99036513115581,0.603385792142137,8.27058061010067,7.12389873930403,12,5782327,5786074,3748,1,"Amillepora13459","Amillepora13459-RA",20.1846069610254,TRUE,2017,1,"Low expression"
"Amillepora13501",355.956883045411,"chr12:6348363-6348763","Promoter (<=1kb)",-239,"chr12",6348363,6348763,401,"*",221.28701970553,16.2914163878377,34.7364385624228,48.4425114272674,12,6347393,6348124,732,2,"Amillepora13501","Amillepora13501-RA",174.907226840211,TRUE,239,5,"High expression"
"Amillepora13518",0.251807820266019,"chr12:6603280-6603680","Promoter (<=1kb)",858,"chr12",6603280,6603680,401,"*",2.99036513115581,21.7218885171169,0,7.83628861323444,12,6602422,6603279,858,1,"Amillepora13518","Amillepora13518-RA",33.2540442561659,TRUE,858,1,"Low expression"
"Amillepora13601",0.253221525621201,"chr12:7748518-7748918","Promoter (<=1kb)",0,"chr12",7748518,7748918,401,"*",32.8940164427139,45.8573202028024,34.7364385624228,34.1947139486594,12,7748577,7750910,2334,1,"Amillepora13601","Amillepora13601-RA",140.915875019234,TRUE,0,1,"Low expression"
"Amillepora13640",0.283405536488176,"chr12:8264039-8264439","Promoter (2-3kb)",-2398,"chr12",8264039,8264439,401,"*",2.99036513115581,0,6.61646448808054,0,12,8266837,8272237,5401,1,"Amillepora13640","Amillepora13640-RA",8.84620454764634,TRUE,2398,1,"Low expression"
"Amillepora13675",0.139127920653613,"chr12:8651694-8652094","Promoter (1-2kb)",-1913,"chr12",8651694,8652094,401,"*",8.97109539346742,3.62031475285282,19.8493934642416,0.712389873930403,12,8654007,8654621,615,1,"Amillepora13675","Amillepora13675-RA",31.2310431990711,TRUE,1913,1,"Low expression"
"Amillepora13876",0.220001117284261,"chr12:10847488-10847888","Promoter (<=1kb)",886,"chr12",10847488,10847888,401,"*",14.951825655779,5.43047212927923,4.9623483660604,16.3849671003993,12,10841124,10848774,7651,2,"Amillepora13876","Amillepora13876-RA",35.5630166578401,TRUE,886,1,"Low expression"
"Amillepora14148",33.7487220003957,"chr12:14514291-14514691","Promoter (<=1kb)",-237,"chr12",14514291,14514691,401,"*",77.749493410051,22.325274309259,3.30823224404027,17.0973569743297,12,14500889,14514054,13166,2,"Amillepora14148","Amillepora14148-RA",68.2122878704326,TRUE,237,5,"High expression"
"Amillepora14189",0.346026852228386,"chr12:14991875-14992275","Promoter (2-3kb)",-2412,"chr12",14991875,14992275,401,"*",8.97109539346742,1.20677158428427,0,4.27433924358242,12,14994687,14995583,897,1,"Amillepora14189","Amillepora14189-RA",8.76178906886829,TRUE,2412,1,"Low expression"
"Amillepora14381",21.45294130576,"chr12:17407072-17407472","Promoter (2-3kb)",-2977,"chr12",17407072,17407472,401,"*",5.98073026231162,0,0,0,12,17410449,17424514,14066,1,"Amillepora14381","Amillepora14381-RA",1.51955361592978,TRUE,2977,5,"High expression"
"Amillepora14382",0.289299711528241,"chr12:17426683-17427083","Promoter (1-2kb)",1946,"chr12",17426683,17427083,401,"*",2.99036513115581,0,9.92469673212081,9.26106836109524,12,17424737,17426205,1469,1,"Amillepora14382","Amillepora14382-RA",24.1726127071491,TRUE,1946,1,"Low expression"
"Amillepora14547",20.83157570502,"chr12:19369345-19369745","Promoter (1-2kb)",1450,"chr12",19369345,19369745,401,"*",5.98073026231162,4.22370054499496,8.27058061010067,0,12,19354859,19371195,16337,2,"Amillepora14547","Amillepora14547-RA",16.0894950800237,TRUE,1450,5,"High expression"
"Amillepora14616",176.55585530697,"chr12:20250673-20251073","Promoter (<=1kb)",-195,"chr12",20250673,20251073,401,"*",11.9614605246232,12.0677158428427,8.27058061010067,6.41150886537363,12,20251268,20254370,3103,1,"Amillepora14616","Amillepora14616-RA",33.7068892198312,TRUE,195,5,"High expression"
"Amillepora14659",1200.93308386882,"chr12:20713275-20713675","Promoter (<=1kb)",0,"chr12",20713275,20713675,401,"*",134.566430902011,29.5659038149647,43.0070191725235,42.7433924358242,12,20707738,20713305,5568,2,"Amillepora14659","Amillepora14659-RA",170.061365529696,TRUE,0,5,"High expression"
"Amillepora14678",27.1267163965332,"chr12:20883926-20884326","Promoter (<=1kb)",17,"chr12",20883926,20884326,401,"*",47.8458420984929,24.7388174778276,49.623483660604,36.3318835704506,12,20871361,20884343,12983,2,"Amillepora14678","Amillepora14678-RA",143.203501592727,TRUE,17,5,"High expression"
"Amillepora14695",48.1997524268786,"chr12:21071262-21071662","Promoter (<=1kb)",-196,"chr12",21071262,21071662,401,"*",53.8265723608045,33.7896043599596,23.1576257082819,43.4557823097546,12,21071858,21086709,14852,1,"Amillepora14695","Amillepora14695-RA",130.617953307373,TRUE,196,5,"High expression"
"Amillepora14912",33.51785041871,"chr13:462550-462950","Promoter (1-2kb)",1098,"chr13",462550,462950,401,"*",47.8458420984929,34.9963759442439,28.1199740743423,8.54867848716484,13,461452,469085,7634,1,"Amillepora14912","Amillepora14912-RA",93.9090879156853,TRUE,1098,5,"High expression"
"Amillepora14945",0.36527749966337,"chr13:835110-835510","Promoter (1-2kb)",1068,"chr13",835110,835510,401,"*",38.8747467050255,67.5792087199193,18.1952773422215,2.84955949572161,13,832976,836578,3603,2,"Amillepora14945","Amillepora14945-RA",106.977035508668,TRUE,1068,1,"Low expression"
"Amillepora15020",0.109489358246006,"chr13:1652104-1652504","Promoter (<=1kb)",-32,"chr13",1652104,1652504,401,"*",62.797667754272,18.7049595564062,23.1576257082819,37.7566633183114,13,1652536,1653906,1371,1,"Amillepora15020","Amillepora15020-RA",110.018398161971,TRUE,32,1,"Low expression"
"Amillepora15064",40.5887977960219,"chr13:2150726-2151126","Promoter (<=1kb)",0,"chr13",2150726,2151126,401,"*",95.6916841969858,19.9117311406905,51.2775997826242,22.7964759657729,13,2145304,2150952,5649,2,"Amillepora15064","Amillepora15064-RA",135.791392986599,TRUE,0,5,"High expression"
"Amillepora15142",96.2733726629898,"chr13:3079555-3079955","Promoter (<=1kb)",-165,"chr13",3079555,3079955,401,"*",92.70131906583,16.2914163878377,19.8493934642416,46.3053418054762,13,3059180,3079390,20211,2,"Amillepora15142","Amillepora15142-RA",121.438547616593,TRUE,165,5,"High expression"
"Amillepora15279",81.4369510894002,"chr13:4749929-4750329","Promoter (1-2kb)",-1742,"chr13",4749929,4750329,401,"*",0,0,1.65411612202013,4.98672911751282,13,4730025,4748187,18163,2,"Amillepora15279","Amillepora15279-RA",8.09717309089221,TRUE,1742,5,"High expression"
"Amillepora15295",51167.5704011765,"chr13:4928327-4928727","Promoter (<=1kb)",0,"chr13",4928327,4928727,401,"*",176.431542738193,23.5320458935433,33.0823224404027,54.854020292641,13,4922719,4928641,5923,2,"Amillepora15295","Amillepora15295-RA",176.949393054054,TRUE,0,5,"High expression"
"Amillepora15337",27.2424036490268,"chr13:5364092-5364492","Promoter (1-2kb)",1291,"chr13",5364092,5364492,401,"*",8.97109539346742,6.03385792142137,13.2329289761611,17.0973569743297,13,5361680,5365783,4104,2,"Amillepora15337","Amillepora15337-RA",45.6568509944356,TRUE,1291,5,"High expression"
"Amillepora15354",38.076686023402,"chr13:5556776-5557176","Promoter (<=1kb)",-675,"chr13",5556776,5557176,401,"*",140.547161164323,15.0846448035534,24.811741830302,52.0044607969194,13,5557851,5560675,2825,1,"Amillepora15354","Amillepora15354-RA",145.328471015762,TRUE,675,5,"High expression"
"Amillepora15395",0.348921124644131,"chr13:6113360-6113760","Promoter (<=1kb)",549,"chr13",6113360,6113760,401,"*",8.97109539346742,39.2200764892389,34.7364385624228,48.4425114272674,13,6112811,6114288,1478,1,"Amillepora15395","Amillepora15395-RA",145.18485318909,TRUE,549,1,"Low expression"
"Amillepora15460",353.373852698702,"chr13:6805028-6805428","Promoter (1-2kb)",-1303,"chr13",6805028,6805428,401,"*",0,0,6.61646448808054,0,13,6795036,6803725,8690,2,"Amillepora15460","Amillepora15460-RA",8.08642773968145,TRUE,1303,5,"High expression"
"Amillepora15483",0.180538790757642,"chr13:7069688-7070088","Promoter (1-2kb)",-1121,"chr13",7069688,7070088,401,"*",11.9614605246232,0.603385792142137,0,22.0840860918425,13,7071209,7071850,642,1,"Amillepora15483","Amillepora15483-RA",30.5826011782338,TRUE,1121,1,"Low expression"
"Amillepora15508",1613.93016295078,"chr13:7336460-7336860","Promoter (<=1kb)",0,"chr13",7336460,7336860,401,"*",113.633874983921,18.7049595564062,33.0823224404027,44.168172183685,13,7334628,7336804,2177,2,"Amillepora15508","Amillepora15508-RA",142.875687707432,TRUE,0,5,"High expression"
"Amillepora15643",0.115944380436083,"chr13:8914253-8914653","Promoter (<=1kb)",67,"chr13",8914253,8914653,401,"*",32.8940164427139,0,51.2775997826242,25.6460354614945,13,8913207,8914720,1514,2,"Amillepora15643","Amillepora15643-RA",102.273128672286,TRUE,67,1,"Low expression"
"Amillepora15669",0.140228667617097,"chr13:9214114-9214514","Promoter (<=1kb)",130,"chr13",9214114,9214514,401,"*",8.97109539346742,14.4812590114113,6.61646448808054,7.83628861323444,13,9213984,9214056,73,1,"Amillepora15669","Amillepora15669-RA",35.2110425440764,TRUE,130,1,"Low expression"
"Amillepora15706",0.235042889086253,"chr13:9726979-9727379","Promoter (<=1kb)",821,"chr13",9726979,9727379,401,"*",0,20.5151169328326,6.61646448808054,27.7832050832857,13,9719287,9728200,8914,2,"Amillepora15706","Amillepora15706-RA",63.6081293004864,TRUE,821,1,"Low expression"
"Amillepora15760",0.278077593357628,"chr13:10462769-10463169","Promoter (2-3kb)",2083,"chr13",10462769,10463169,401,"*",5.98073026231162,0,3.30823224404027,2.13716962179121,13,10463822,10465252,1431,2,"Amillepora15760","Amillepora15760-RA",8.16658155261559,TRUE,2083,1,"Low expression"
"Amillepora15827",67.3025690778464,"chr13:11313706-11314106","Promoter (<=1kb)",-14,"chr13",11313706,11314106,401,"*",164.470082213569,27.1523606463961,29.7740901963624,54.1416304187106,13,11309105,11313692,4588,2,"Amillepora15827","Amillepora15827-RA",172.823625463922,TRUE,14,5,"High expression"
"Amillepora15878",0.130615055882085,"chr13:11978109-11978509","Promoter (<=1kb)",-116,"chr13",11978109,11978509,401,"*",71.7687631477394,16.8948021799798,64.5105287587852,131.079736803194,13,11970599,11977993,7395,2,"Amillepora15878","Amillepora15878-RA",274.625537110851,TRUE,116,1,"Low expression"
"Amillepora15886",106.392877029397,"chr13:12085525-12085925","Promoter (<=1kb)",-641,"chr13",12085525,12085925,401,"*",0,1.81015737642641,13.2329289761611,0.712389873930403,13,12056166,12084884,28719,2,"Amillepora15886","Amillepora15886-RA",18.9530392685698,TRUE,641,5,"High expression"
"Amillepora15996",0.343725171950759,"chr13:12298058-12298458","Promoter (2-3kb)",-2789,"chr13",12298058,12298458,401,"*",38.8747467050255,85.6807824841834,41.3529030505034,30.6327645790073,13,12301247,12312557,11311,1,"Amillepora15996","Amillepora15996-RA",188.251573135792,TRUE,2789,1,"Low expression"
"Amillepora16012",0.1989456158055,"chr13:12643955-12644355","Promoter (<=1kb)",702,"chr13",12643955,12644355,401,"*",5.98073026231162,4.22370054499496,4.9623483660604,8.54867848716484,13,12643253,12649643,6391,1,"Amillepora16012","Amillepora16012-RA",22.4615374775633,TRUE,702,1,"Low expression"
"Amillepora16045",802.942139276426,"chr13:13262585-13262985","Promoter (<=1kb)",-938,"chr13",13262585,13262985,401,"*",8.97109539346742,4.22370054499496,16.5411612202013,12.8230177307473,13,13263923,13288799,24877,1,"Amillepora16045","Amillepora16045-RA",42.5801909636609,TRUE,938,5,"High expression"
"Amillepora16171",57.8954683230854,"chr13:14904663-14905063","Promoter (1-2kb)",-1522,"chr13",14904663,14905063,401,"*",2.99036513115581,0,0,4.27433924358242,13,14899432,14903141,3710,2,"Amillepora16171","Amillepora16171-RA",5.96740494165505,TRUE,1522,5,"High expression"
"Amillepora16211",24.667126338164,"chr13:15492886-15493286","Promoter (1-2kb)",-1843,"chr13",15492886,15493286,401,"*",5.98073026231162,12.6711016349849,9.92469673212081,8.54867848716484,13,15486035,15491043,5009,2,"Amillepora16211","Amillepora16211-RA",37.4501718613087,TRUE,1843,5,"High expression"
"Amillepora16252",39.6334184200878,"chr13:15910162-15910562","Promoter (1-2kb)",1060,"chr13",15910162,15910562,401,"*",11.9614605246232,9.65417267427418,3.30823224404027,27.0708152093553,13,15909102,15919136,10035,1,"Amillepora16252","Amillepora16252-RA",50.2626100386723,TRUE,1060,5,"High expression"
"Amillepora16326",22.4132627768436,"chr13:16692616-16693016","Promoter (<=1kb)",0,"chr13",16692616,16693016,401,"*",164.470082213569,26.548974854254,39.6987869284832,44.8805620576154,13,16692997,16697522,4526,1,"Amillepora16326","Amillepora16326-RA",173.03265752814,TRUE,0,5,"High expression"
"Amillepora16422",0.298827981916224,"chr13:18308662-18309062","Promoter (<=1kb)",543,"chr13",18308662,18309062,401,"*",26.9132861804023,47.6674775792288,29.7740901963624,59.8407494101539,13,18308119,18309306,1188,1,"Amillepora16422","Amillepora16422-RA",166.48951516761,TRUE,543,1,"Low expression"
"Amillepora16497",0.159280121394049,"chr13:19263823-19264223","Promoter (1-2kb)",1987,"chr13",19263823,19264223,401,"*",2.99036513115581,7.24062950570564,4.9623483660604,7.12389873930403,13,19261836,19263389,1554,1,"Amillepora16497","Amillepora16497-RA",23.1529609032437,TRUE,1987,1,"Low expression"
"Amillepora16546",8846.26948049273,"chr13:19744576-19744976","Promoter (<=1kb)",-262,"chr13",19744576,19744976,401,"*",182.412273000504,6.03385792142137,24.811741830302,61.2655291580147,13,19736653,19744314,7662,2,"Amillepora16546","Amillepora16546-RA",157.687311782307,TRUE,262,5,"High expression"
"Amillepora16647",0.10940899064487,"chr13:20767665-20768065","Promoter (2-3kb)",2126,"chr13",20767665,20768065,401,"*",14.951825655779,36.2031475285282,3.30823224404027,19.9469164700513,13,20767771,20770191,2421,2,"Amillepora16647","Amillepora16647-RA",70.3892778720566,TRUE,2126,1,"Low expression"
"Amillepora16714",39.4187216537493,"chr13:21685984-21686384","Promoter (<=1kb)",0,"chr13",21685984,21686384,401,"*",86.7205888035184,25.3422032699697,28.1199740743423,61.9779190319451,13,21670051,21686251,16201,2,"Amillepora16714","Amillepora16714-RA",158.682894000088,TRUE,0,5,"High expression"
"Amillepora16769",33.3926103421896,"chr10:76175-76575","Promoter (1-2kb)",1793,"chr10",76175,76575,401,"*",2.99036513115581,10.2575584664163,9.92469673212081,3.56194936965202,10,56203,78368,22166,2,"Amillepora16769","Amillepora16769-RA",28.065167874805,TRUE,1793,5,"High expression"
"Amillepora16826",32.4739252994214,"chr10:697090-697490","Promoter (1-2kb)",-1944,"chr10",697090,697490,401,"*",0,10.2575584664163,6.61646448808054,12.1106278568169,10,699434,744377,44944,1,"Amillepora16826","Amillepora16826-RA",33.6774334643797,TRUE,1944,5,"High expression"
"Amillepora16930",92.8878525317798,"chr10:2083866-2084266","Promoter (1-2kb)",1169,"chr10",2083866,2084266,401,"*",0,2.41354316856855,11.5788128541409,17.0973569743297,10,2082697,2084961,2265,1,"Amillepora16930","Amillepora16930-RA",37.5314221017701,TRUE,1169,5,"High expression"
"Amillepora17045",0.144346909967224,"chr10:3272461-3272861","Promoter (1-2kb)",1017,"chr10",3272461,3272861,401,"*",0,9.65417267427418,13.2329289761611,10.685848108956,10,3267959,3273878,5920,2,"Amillepora17045","Amillepora17045-RA",39.390569903856,TRUE,1017,1,"Low expression"
"Amillepora17154",40.7543605275413,"chr10:4747668-4748068","Promoter (1-2kb)",1695,"chr10",4747668,4748068,401,"*",20.9325559180907,0,1.65411612202013,2.84955949572161,10,4745973,4750451,4479,1,"Amillepora17154","Amillepora17154-RA",10.8117966798014,TRUE,1695,5,"High expression"
"Amillepora17200",0.222719460956943,"chr10:5161359-5161759","Promoter (<=1kb)",994,"chr10",5161359,5161759,401,"*",29.9036513115581,120.073772636285,39.6987869284832,76.2257165105531,10,5160365,5164399,4035,1,"Amillepora17200","Amillepora17200-RA",275.831338774583,TRUE,994,1,"Low expression"
"Amillepora17702",0.203642139328936,"chr10:9285337-9285737","Promoter (2-3kb)",-2289,"chr10",9285337,9285737,401,"*",5.98073026231162,6.6372437135635,13.2329289761611,6.41150886537363,10,9282323,9283048,726,2,"Amillepora17702","Amillepora17702-RA",32.515419107887,TRUE,2289,1,"Low expression"
"Amillepora17769",0.176238608475083,"chr10:10201067-10201467","Promoter (<=1kb)",0,"chr10",10201067,10201467,401,"*",68.7783980165836,21.7218885171169,11.5788128541409,49.1549013011978,10,10201346,10203672,2327,1,"Amillepora17769","Amillepora17769-RA",114.460787868174,TRUE,0,1,"Low expression"
"Amillepora17888",96.14399925565,"chr10:11633124-11633524","Promoter (<=1kb)",0,"chr10",11633124,11633524,401,"*",38.8747467050255,7.84401529784777,23.1576257082819,34.9071038225898,10,11629413,11633132,3720,2,"Amillepora17888","Amillepora17888-RA",88.9949570075742,TRUE,0,5,"High expression"
"Amillepora17921",30.5540631786655,"chr10:11877435-11877835","Promoter (<=1kb)",0,"chr10",11877435,11877835,401,"*",20.9325559180907,31.3760611913911,14.8870450981812,27.7832050832857,10,11877676,11917863,40188,1,"Amillepora17921","Amillepora17921-RA",90.5080762323936,TRUE,0,5,"High expression"
"Amillepora17953",639.97141936911,"chr10:12402220-12402620","Promoter (<=1kb)",-491,"chr10",12402220,12402620,401,"*",110.643509852765,15.6880305956955,41.3529030505034,49.8672911751282,10,12395701,12401729,6029,2,"Amillepora17953","Amillepora17953-RA",155.980373474114,TRUE,491,5,"High expression"
"Amillepora17980",0.288575921831584,"chr10:12933912-12934312","Promoter (2-3kb)",-2583,"chr10",12933912,12934312,401,"*",0,0.603385792142137,0,4.98672911751282,10,12936895,12937317,423,1,"Amillepora17980","Amillepora17980-RA",6.71298141161358,TRUE,2583,1,"Low expression"
"Amillepora18088",182.691653346075,"chr10:14715140-14715540","Promoter (<=1kb)",-638,"chr10",14715140,14715540,401,"*",2.99036513115581,83.2672393156148,4.9623483660604,25.6460354614945,10,14703900,14714502,10603,2,"Amillepora18088","Amillepora18088-RA",126.033671693426,TRUE,638,5,"High expression"
"Amillepora18136",98.535608625796,"chr10:15371455-15371855","Promoter (<=1kb)",618,"chr10",15371455,15371855,401,"*",23.9229210492465,46.4607059949445,47.9693675385839,42.7433924358242,10,15360774,15372473,11700,2,"Amillepora18136","Amillepora18136-RA",165.862071597725,TRUE,618,5,"High expression"
"Amillepora18240",29.4020164575711,"chr10:16397960-16398360","Promoter (1-2kb)",-1633,"chr10",16397960,16398360,401,"*",0,13.8778732192691,8.27058061010067,12.1106278568169,10,16399993,16408098,8106,1,"Amillepora18240","Amillepora18240-RA",39.5235319331505,TRUE,1633,5,"High expression"
"Amillepora18242",22.3947735306031,"chr10:16432802-16433202","Promoter (<=1kb)",410,"chr10",16432802,16433202,401,"*",8.97109539346742,13.274487427127,6.61646448808054,14.9601873525385,10,16432392,16456481,24090,1,"Amillepora18242","Amillepora18242-RA",42.6155922556099,TRUE,410,5,"High expression"
"Amillepora18331",0.235229824178081,"chr10:17572774-17573174","Promoter (<=1kb)",-866,"chr10",17572774,17573174,401,"*",2.99036513115581,17.498187972122,0,0.712389873930403,10,17550680,17571908,21229,2,"Amillepora18331","Amillepora18331-RA",20.1127572438569,TRUE,866,1,"Low expression"
"Amillepora18394",0.216680765833882,"chr10:18301434-18301834","Promoter (1-2kb)",-1311,"chr10",18301434,18301834,401,"*",11.9614605246232,0,9.92469673212081,0,10,18303145,18303990,846,1,"Amillepora18394","Amillepora18394-RA",15.1687488413817,TRUE,1311,1,"Low expression"
"Amillepora18550",25.2260255569655,"chr10:20131342-20131742","Promoter (<=1kb)",0,"chr10",20131342,20131742,401,"*",68.7783980165836,15.0846448035534,47.9693675385839,29.9203747050769,10,20131698,20142570,10873,1,"Amillepora18550","Amillepora18550-RA",128.490246022757,TRUE,0,5,"High expression"
"Amillepora18607",0.230150186460842,"chr10:20715812-20716212","Promoter (<=1kb)",-363,"chr10",20715812,20716212,401,"*",5.98073026231162,0,1.65411612202013,0.712389873930403,10,20714357,20715449,1093,2,"Amillepora18607","Amillepora18607-RA",4.40909857313183,TRUE,363,1,"Low expression"
"Amillepora18702",0.216078118251024,"chr6:400785-401185","Promoter (<=1kb)",0,"chr6",400785,401185,401,"*",0,4.22370054499496,0,0.712389873930403,6,394472,400939,6468,2,"Amillepora18702","Amillepora18702-RA",5.32984481177383,TRUE,0,1,"Low expression"
"Amillepora18826",33.0459146797333,"chr6:1883105-1883505","Promoter (<=1kb)",206,"chr6",1883105,1883505,401,"*",20.9325559180907,36.8065333206703,43.0070191725235,39.8938329401026,6,1882899,1898956,16058,1,"Amillepora18826","Amillepora18826-RA",145.367077805604,TRUE,206,5,"High expression"
"Amillepora18835",0.193490249338984,"chr6:1969997-1970397","Promoter (1-2kb)",-1036,"chr6",1969997,1970397,401,"*",2.99036513115581,1.20677158428427,0,4.27433924358242,6,1965454,1968961,3508,2,"Amillepora18835","Amillepora18835-RA",7.24223545293851,TRUE,1036,1,"Low expression"
"Amillepora18884",31.7830155810225,"chr6:2356651-2357051","Promoter (<=1kb)",0,"chr6",2356651,2357051,401,"*",62.797667754272,41.6336196578074,23.1576257082819,49.1549013011978,6,2349498,2356913,7416,2,"Amillepora18884","Amillepora18884-RA",148.127186232864,TRUE,0,5,"High expression"
"Amillepora18891",22.0643571712043,"chr6:2411158-2411558","Promoter (<=1kb)",884,"chr6",2411158,2411558,401,"*",14.951825655779,147.226133282681,9.92469673212081,95.460243106674,6,2409261,2412442,3182,2,"Amillepora18891","Amillepora18891-RA",287.761543011676,TRUE,884,5,"High expression"
"Amillepora18925",0.140819838801567,"chr6:3047348-3047748","Promoter (1-2kb)",1251,"chr6",3047348,3047748,401,"*",0,16.8948021799798,1.65411612202013,0.712389873930403,6,3046097,3053865,7769,1,"Amillepora18925","Amillepora18925-RA",20.7371721151706,TRUE,1251,1,"Low expression"
"Amillepora19015",66.2467977591532,"chr6:3908033-3908433","Promoter (<=1kb)",0,"chr6",3908033,3908433,401,"*",74.7591282788952,23.5320458935433,28.1199740743423,46.3053418054762,6,3908107,3914821,6715,1,"Amillepora19015","Amillepora19015-RA",134.636904511106,TRUE,0,5,"High expression"
"Amillepora19053",0.324366116097947,"chr6:4341565-4341965","Promoter (<=1kb)",-548,"chr6",4341565,4341965,401,"*",0,0,0,9.97345823502565,6,4338933,4341017,2085,2,"Amillepora19053","Amillepora19053-RA",12.1511323119437,TRUE,548,1,"Low expression"
"Amillepora19068",0.149667493931379,"chr6:4589987-4590387","Promoter (2-3kb)",-2987,"chr6",4589987,4590387,401,"*",0,4.82708633713709,4.9623483660604,0,6,4593374,4598042,4669,1,"Amillepora19068","Amillepora19068-RA",11.164142849895,TRUE,2987,1,"Low expression"
"Amillepora19161",0.230779617945919,"chr6:5575324-5575724","Promoter (<=1kb)",414,"chr6",5575324,5575724,401,"*",5.98073026231162,3.01692896071068,0,1.42477974786081,6,5572370,5576138,3769,2,"Amillepora19161","Amillepora19161-RA",6.44250593870184,TRUE,414,1,"Low expression"
"Amillepora19176",51.7551156417018,"chr6:5754969-5755369","Promoter (<=1kb)",98,"chr6",5754969,5755369,401,"*",62.797667754272,32.5828327756754,31.4282063183826,42.7433924358242,6,5740514,5755467,14954,2,"Amillepora19176","Amillepora19176-RA",140.862549872305,TRUE,98,5,"High expression"
"Amillepora19225",19.3970348473398,"chr6:6412784-6413184","Promoter (<=1kb)",222,"chr6",6412784,6413184,401,"*",20.9325559180907,2.41354316856855,6.61646448808054,7.83628861323444,6,6412562,6431922,19361,1,"Amillepora19225","Amillepora19225-RA",25.5018446631013,TRUE,222,5,"High expression"
"Amillepora19245",195.596466305301,"chr6:6623291-6623691","Promoter (<=1kb)",-232,"chr6",6623291,6623691,401,"*",101.672414459297,18.1015737642641,36.390554684443,44.168172183685,6,6616176,6623059,6884,2,"Amillepora19245","Amillepora19245-RA",143.242379089771,TRUE,232,5,"High expression"
"Amillepora19300",0.192893723807695,"chr6:7390897-7391297","Promoter (<=1kb)",621,"chr6",7390897,7391297,401,"*",8.97109539346742,23.5320458935433,18.1952773422215,22.0840860918425,6,7386816,7391918,5103,2,"Amillepora19300","Amillepora19300-RA",76.2822803687788,TRUE,621,1,"Low expression"
"Amillepora19324",33.0059722824673,"chr6:7652206-7652606","Promoter (<=1kb)",0,"chr6",7652206,7652606,401,"*",47.8458420984929,3.62031475285282,36.390554684443,24.9336455875641,6,7652570,7662196,9627,1,"Amillepora19324","Amillepora19324-RA",90.8341038093959,TRUE,0,5,"High expression"
"Amillepora19394",0.172085426904348,"chr6:8516185-8516585","Promoter (2-3kb)",2336,"chr6",8516185,8516585,401,"*",8.97109539346742,0,0,0,6,8517804,8518921,1118,2,"Amillepora19394","Amillepora19394-RA",2.27933042389467,TRUE,2336,1,"Low expression"
"Amillepora19454",55.4626918663387,"chr6:9236285-9236685","Promoter (1-2kb)",-1076,"chr6",9236285,9236685,401,"*",5.98073026231162,0,0,19.2345265961209,6,9237761,9256693,18933,1,"Amillepora19454","Amillepora19454-RA",24.9538802175355,TRUE,1076,5,"High expression"
"Amillepora19570",119.706161913713,"chr6:10351220-10351620","Promoter (<=1kb)",-158,"chr6",10351220,10351620,401,"*",62.797667754272,2.41354316856855,11.5788128541409,33.482324074729,6,10348197,10351062,2866,2,"Amillepora19570","Amillepora19570-RA",73.4493095815118,TRUE,158,5,"High expression"
"Amillepora19616",0.125655317794458,"chr6:10843167-10843567","Promoter (2-3kb)",2533,"chr6",10843167,10843567,401,"*",11.9614605246232,6.03385792142137,19.8493934642416,14.2477974786081,6,10840634,10850375,9742,1,"Amillepora19616","Amillepora19616-RA",51.0313034529551,TRUE,2533,1,"Low expression"
"Amillepora19698",28.6068151891411,"chr6:11896824-11897224","Promoter (2-3kb)",-2603,"chr6",11896824,11897224,401,"*",17.9421907869348,7.84401529784777,4.9623483660604,25.6460354614945,6,11877663,11894221,16559,2,"Amillepora19698","Amillepora19698-RA",50.1556487780339,TRUE,2603,5,"High expression"
"Amillepora19703",418.835426382073,"chr6:11941163-11941563","Promoter (<=1kb)",-132,"chr6",11941163,11941563,401,"*",74.7591282788952,18.1015737642641,21.5035095862617,52.7168506708498,6,11937148,11941031,3884,2,"Amillepora19703","Amillepora19703-RA",128.625181671184,TRUE,132,5,"High expression"
"Amillepora19806",0.265209265396319,"chr6:13201261-13201661","Promoter (<=1kb)",-900,"chr6",13201261,13201661,401,"*",0,7.84401529784777,11.5788128541409,0.712389873930403,6,13202561,13203587,1027,1,"Amillepora19806","Amillepora19806-RA",23.3055848900667,TRUE,900,1,"Low expression"
"Amillepora19808",58.8858145758789,"chr6:13221330-13221730","Promoter (<=1kb)",0,"chr6",13221330,13221730,401,"*",53.8265723608045,28.9625180228226,13.2329289761611,24.9336455875641,6,13221353,13235605,14253,1,"Amillepora19808","Amillepora19808-RA",90.8226010733934,TRUE,0,5,"High expression"
"Amillepora19864",35.7499870964533,"chr6:13925243-13925643","Promoter (<=1kb)",-429,"chr6",13925243,13925643,401,"*",122.604970377388,10.2575584664163,28.1199740743423,54.854020292641,6,13916157,13924814,8658,2,"Amillepora19864","Amillepora19864-RA",143.185454081806,TRUE,429,5,"High expression"
"Amillepora19871",67.3507503531856,"chr6:13973630-13974030","Promoter (<=1kb)",0,"chr6",13973630,13974030,401,"*",56.8169374919603,27.1523606463961,26.4658579523221,25.6460354614945,6,13969147,13973891,4745,2,"Amillepora19871","Amillepora19871-RA",106.710925616078,TRUE,0,5,"High expression"
"Amillepora19950",26.5583818129567,"chr6:14929752-14930152","Promoter (<=1kb)",-831,"chr6",14929752,14930152,401,"*",35.8843815738697,13.274487427127,33.0823224404027,5.69911899144323,6,14930983,14942527,11545,1,"Amillepora19950","Amillepora19950-RA",70.5161001963576,TRUE,831,5,"High expression"
"Amillepora19981",0.25829759342535,"chr6:15390566-15390966","Promoter (1-2kb)",-1683,"chr6",15390566,15390966,401,"*",0,7.24062950570564,23.1576257082819,13.5354076046777,6,15387987,15388883,897,2,"Amillepora19981","Amillepora19981-RA",52.4423025799381,TRUE,1683,1,"Low expression"
"Amillepora19988",69.2990659579594,"chr6:15500590-15500990","Promoter (<=1kb)",-407,"chr6",15500590,15500990,401,"*",20.9325559180907,89.3010972370362,52.9317159046443,53.4292405447802,6,15498537,15500183,1647,2,"Amillepora19988","Amillepora19988-RA",229.442669079309,TRUE,407,5,"High expression"
"Amillepora20008",0.270749476513895,"chr6:15701222-15701622","Promoter (<=1kb)",-434,"chr6",15701222,15701622,401,"*",0,19.3083453485484,6.61646448808054,5.69911899144323,6,15702056,15708027,5972,1,"Amillepora20008","Amillepora20008-RA",35.4272200984705,TRUE,434,1,"Low expression"
"Amillepora20009",0.127797501449389,"chr6:15722250-15722650","Promoter (<=1kb)",957,"chr6",15722250,15722650,401,"*",5.98073026231162,6.6372437135635,14.8870450981812,5.69911899144323,6,15721293,15727052,5760,1,"Amillepora20009","Amillepora20009-RA",33.6690880205256,TRUE,957,1,"Low expression"
"Amillepora20096",45.6984867086775,"chr6:16666103-16666503","Promoter (<=1kb)",731,"chr6",16666103,16666503,401,"*",0,3.01692896071068,1.65411612202013,9.26106836109524,6,16660232,16667234,7003,2,"Amillepora20096","Amillepora20096-RA",16.491877502791,TRUE,731,5,"High expression"
"Amillepora20200",43.1371702729813,"chr6:17942165-17942565","Promoter (<=1kb)",-174,"chr6",17942165,17942565,401,"*",170.450812475881,13.274487427127,29.7740901963624,36.3318835704506,6,17932779,17941991,9213,2,"Amillepora20200","Amillepora20200-RA",137.98417764305,TRUE,174,5,"High expression"
"Amillepora20302",23.7639613676076,"chr6:19260005-19260405","Promoter (2-3kb)",-2771,"chr6",19260005,19260405,401,"*",2.99036513115581,1.81015737642641,19.8493934642416,11.3982379828865,6,19263176,19280663,17488,1,"Amillepora20302","Amillepora20302-RA",40.8183141504416,TRUE,2771,5,"High expression"
"Amillepora20320",42.8435160629561,"chr6:19522181-19522581","Promoter (<=1kb)",0,"chr6",19522181,19522581,401,"*",83.7302236723626,25.9455890621119,26.4658579523221,56.2788000405019,6,19522311,19527478,5168,1,"Amillepora20320","Amillepora20320-RA",149.595421334591,TRUE,0,5,"High expression"
"Amillepora20344",55.2066650958337,"chr6:19812679-19813079","Promoter (<=1kb)",85,"chr6",19812679,19813079,401,"*",41.8651118361813,62.1487365906401,47.9693675385839,52.0044607969194,6,19812658,19813164,507,2,"Amillepora20344","Amillepora20344-RA",198.276723381861,TRUE,85,5,"High expression"
"Amillepora20365",300.533673848495,"chr9:171609-172009","Promoter (<=1kb)",0,"chr9",171609,172009,401,"*",278.10395719749,10.8609442585585,51.2775997826242,71.2389873930403,9,168819,171841,3023,2,"Amillepora20365","Amillepora20365-RA",231.596334952987,TRUE,0,5,"High expression"
"Amillepora20400",35.6766095616978,"chr9:481275-481675","Promoter (<=1kb)",24,"chr9",481275,481675,401,"*",92.70131906583,41.0302338656653,33.0823224404027,40.606222814033,9,478270,481699,3430,2,"Amillepora20400","Amillepora20400-RA",156.801924399013,TRUE,24,5,"High expression"
"Amillepora20406",23.027674123081,"chr9:545004-545404","Promoter (<=1kb)",0,"chr9",545004,545404,401,"*",29.9036513115581,8.44740108998991,6.61646448808054,44.8805620576154,9,536221,545273,9053,2,"Amillepora20406","Amillepora20406-RA",79.2881048020613,TRUE,0,5,"High expression"
"Amillepora20470",28.3550387581949,"chr9:1106394-1106794","Promoter (1-2kb)",-1661,"chr9",1106394,1106794,401,"*",14.951825655779,4.22370054499496,13.2329289761611,10.685848108956,9,1098353,1104733,6381,2,"Amillepora20470","Amillepora20470-RA",37.4527166429048,TRUE,1661,5,"High expression"
"Amillepora20489",116.448873546286,"chr9:1468439-1468839","Promoter (<=1kb)",112,"chr9",1468439,1468839,401,"*",20.9325559180907,8.44740108998991,11.5788128541409,12.1106278568169,9,1461425,1468951,7527,2,"Amillepora20489","Amillepora20489-RA",43.1484461579698,TRUE,112,5,"High expression"
"Amillepora20535",114.469297562572,"chr9:1942734-1943134","Promoter (<=1kb)",-107,"chr9",1942734,1943134,401,"*",143.537526295479,20.5151169328326,49.623483660604,59.1283595362235,9,1939368,1942627,3260,2,"Amillepora20535","Amillepora20535-RA",190.828469371125,TRUE,107,5,"High expression"
"Amillepora20638",24.2985411152086,"chr9:3138302-3138702","Promoter (<=1kb)",-973,"chr9",3138302,3138702,401,"*",0,19.3083453485484,4.9623483660604,2.84955949572161,9,3139675,3160123,20449,1,"Amillepora20638","Amillepora20638-RA",29.9338610744234,TRUE,973,5,"High expression"
"Amillepora20677",33.9451262334529,"chr9:3502454-3502854","Promoter (<=1kb)",0,"chr9",3502454,3502854,401,"*",278.10395719749,21.7218885171169,31.4282063183826,53.4292405447802,9,3491381,3502569,11189,2,"Amillepora20677","Amillepora20677-RA",197.112075778451,TRUE,0,5,"High expression"
"Amillepora20678",41.7745788763727,"chr9:3509254-3509654","Promoter (<=1kb)",279,"chr9",3509254,3509654,401,"*",29.9036513115581,21.7218885171169,26.4658579523221,22.0840860918425,9,3508975,3518591,9617,1,"Amillepora20678","Amillepora20678-RA",89.7965069322095,TRUE,279,5,"High expression"
"Amillepora20694",0.264465436595864,"chr9:3633716-3634116","Promoter (1-2kb)",1320,"chr9",3633716,3634116,401,"*",2.99036513115581,0,24.811741830302,24.2212557136337,9,3630362,3635436,5075,2,"Amillepora20694","Amillepora20694-RA",60.5937735893479,TRUE,1320,1,"Low expression"
"Amillepora20729",24.4392156433738,"chr9:3960705-3961105","Promoter (1-2kb)",-1227,"chr9",3960705,3961105,401,"*",0,4.82708633713709,8.27058061010067,5.69911899144323,9,3962332,3970924,8593,1,"Amillepora20729","Amillepora20729-RA",22.1508608979892,TRUE,1227,5,"High expression"
"Amillepora20782",0.365728422849087,"chr9:4371460-4371860","Promoter (<=1kb)",357,"chr9",4371460,4371860,401,"*",17.9421907869348,83.870625107757,41.3529030505034,11.3982379828865,9,4371103,4373208,2106,1,"Amillepora20782","Amillepora20782-RA",157.586563111507,TRUE,357,1,"Low expression"
"Amillepora20796",0.237815500637738,"chr9:4505971-4506371","Promoter (<=1kb)",491,"chr9",4505971,4506371,401,"*",50.8362072296487,69.3893660963457,44.6611352945436,41.3186126879634,9,4505480,4510852,5373,1,"Amillepora20796","Amillepora20796-RA",191.14275266939,TRUE,491,1,"Low expression"
"Amillepora20820",0.155547813402663,"chr9:4737892-4738292","Promoter (1-2kb)",-1658,"chr9",4737892,4738292,401,"*",5.98073026231162,19.9117311406905,9.92469673212081,30.6327645790073,9,4729807,4736234,6428,2,"Amillepora20820","Amillepora20820-RA",72.0052336197419,TRUE,1658,1,"Low expression"
"Amillepora20945",45.7821728050469,"chr9:6060823-6061223","Promoter (<=1kb)",307,"chr9",6060823,6061223,401,"*",56.8169374919603,31.9794469835332,29.7740901963624,40.606222814033,9,6049961,6061530,11570,2,"Amillepora20945","Amillepora20945-RA",134.080159998968,TRUE,307,5,"High expression"
"Amillepora20955",0.332864098521533,"chr9:6163359-6163759","Promoter (<=1kb)",328,"chr9",6163359,6163759,401,"*",8.97109539346742,19.3083453485484,21.5035095862617,24.9336455875641,9,6163015,6164087,1073,2,"Amillepora20955","Amillepora20955-RA",79.3353395382541,TRUE,328,1,"Low expression"
"Amillepora21079",0.121746732819052,"chr9:7623585-7623985","Promoter (1-2kb)",-1678,"chr9",7623585,7623985,401,"*",20.9325559180907,84.4740108998991,3.30823224404027,29.2079848311465,9,7618965,7621907,2943,2,"Amillepora21079","Amillepora21079-RA",134.185246228987,TRUE,1678,1,"Low expression"
"Amillepora21095",0.125130713922068,"chr9:7817572-7817972","Promoter (<=1kb)",290,"chr9",7817572,7817972,401,"*",0,18.7049595564062,6.61646448808054,13.5354076046777,9,7816641,7818262,1622,2,"Amillepora21095","Amillepora21095-RA",44.3371230879274,TRUE,290,1,"Low expression"
"Amillepora21130",0.334953970320982,"chr9:8202363-8202763","Promoter (2-3kb)",-2427,"chr9",8202363,8202763,401,"*",35.8843815738697,31.9794469835332,28.1199740743423,44.168172183685,9,8205190,8210743,5554,1,"Amillepora21130","Amillepora21130-RA",131.079805519702,TRUE,2427,1,"Low expression"
"Amillepora21142",55.0379645177512,"chr9:8348858-8349258","Promoter (<=1kb)",-144,"chr9",8348858,8349258,401,"*",32.8940164427139,31.3760611913911,33.0823224404027,39.8938329401026,9,8343528,8348714,5187,2,"Amillepora21142","Amillepora21142-RA",130.539806127166,TRUE,144,5,"High expression"
"Amillepora21160",0.204764551618878,"chr9:8545616-8546016","Promoter (2-3kb)",2678,"chr9",8545616,8546016,401,"*",23.9229210492465,0,16.5411612202013,3.56194936965202,9,8542938,8547817,4880,1,"Amillepora21160","Amillepora21160-RA",30.6339739243312,TRUE,2678,1,"Low expression"
"Amillepora21207",0.321595733211907,"chr9:9387888-9388288","Promoter (<=1kb)",-835,"chr9",9387888,9388288,401,"*",11.9614605246232,2.41354316856855,11.5788128541409,12.8230177307473,9,9389123,9404072,14950,1,"Amillepora21207","Amillepora21207-RA",35.3629011999395,TRUE,835,1,"Low expression"
"Amillepora21273",20.6092778023655,"chr9:10649631-10650031","Promoter (1-2kb)",-1459,"chr9",10649631,10650031,401,"*",8.97109539346742,62.1487365906401,67.8187610028255,22.7964759657729,9,10651490,10677307,25818,1,"Amillepora21273","Amillepora21273-RA",178.593002799742,TRUE,1459,5,"High expression"
"Amillepora21284",0.257943457969667,"chr9:10752030-10752430","Promoter (<=1kb)",0,"chr9",10752030,10752430,401,"*",2.99036513115581,38.0133049049546,46.3152514165638,11.3982379828865,9,10751697,10752362,666,2,"Amillepora21284","Amillepora21284-RA",111.408940447671,TRUE,0,1,"Low expression"
"Amillepora21357",27.8536092988154,"chr9:11529105-11529505","Promoter (2-3kb)",2660,"chr9",11529105,11529505,401,"*",2.99036513115581,48.2708633713709,14.8870450981812,17.8097468482601,9,11526445,11539594,13150,1,"Amillepora21357","Amillepora21357-RA",91.6459102306291,TRUE,2660,5,"High expression"
"Amillepora21453",0.240213250872497,"chr9:13220682-13221082","Promoter (2-3kb)",2089,"chr9",13220682,13221082,401,"*",29.9036513115581,81.4570819391884,41.3529030505034,22.7964759657729,9,13218110,13223171,5062,2,"Amillepora21453","Amillepora21453-RA",171.963017677306,TRUE,2089,1,"Low expression"
"Amillepora21557",339.056741802568,"chr9:14817139-14817539","Promoter (<=1kb)",0,"chr9",14817139,14817539,401,"*",107.653144721609,12.6711016349849,39.6987869284832,56.2788000405019,9,14817468,14826883,9416,1,"Amillepora21557","Amillepora21557-RA",157.823355653555,TRUE,0,5,"High expression"
"Amillepora21678",0.180669672854528,"chr9:16865504-16865904","Promoter (1-2kb)",1547,"chr9",16865504,16865904,401,"*",11.9614605246232,20.5151169328326,18.1952773422215,49.8672911751282,9,16865002,16867451,2450,2,"Amillepora21678","Amillepora21678-RA",107.704563767521,TRUE,1547,1,"Low expression"
"Amillepora21775",0.144582417690702,"chr9:18240414-18240814","Promoter (2-3kb)",2342,"chr9",18240414,18240814,401,"*",23.9229210492465,0,74.435225490906,55.5664101665715,9,18238962,18243156,4195,2,"Amillepora21775","Amillepora21775-RA",164.749692273108,TRUE,2342,1,"Low expression"
"Amillepora21856",0.302208587131391,"chr9:19286293-19286693","Promoter (1-2kb)",-1250,"chr9",19286293,19286693,401,"*",5.98073026231162,3.01692896071068,6.61646448808054,29.2079848311465,9,19287943,19288015,73,1,"Amillepora21856","Amillepora21856-RA",48.3785165473693,TRUE,1250,1,"Low expression"
"Amillepora21974",0.251280897229813,"chr3:1055011-1055411","Promoter (<=1kb)",-122,"chr3",1055011,1055411,401,"*",32.8940164427139,19.9117311406905,31.4282063183826,13.5354076046777,3,1055533,1055605,73,1,"Amillepora21974","Amillepora21974-RA",84.2936025106302,TRUE,122,1,"Low expression"
"Amillepora22005",19.1611533423488,"chr3:1364549-1364949","Promoter (<=1kb)",-183,"chr3",1364549,1364949,401,"*",17.9421907869348,8.44740108998991,9.92469673212081,21.3716962179121,3,1360246,1364366,4121,2,"Amillepora22005","Amillepora22005-RA",51.6502567047466,TRUE,183,5,"High expression"
"Amillepora22011",23.7805385497989,"chr3:1415510-1415910","Promoter (<=1kb)",-260,"chr3",1415510,1415910,401,"*",53.8265723608045,22.325274309259,14.8870450981812,45.5929519315458,3,1413301,1415250,1950,2,"Amillepora22011","Amillepora22011-RA",111.002842842424,TRUE,260,5,"High expression"
"Amillepora22267",70.0339957356768,"chr3:4122536-4122936","Promoter (<=1kb)",-477,"chr3",4122536,4122936,401,"*",23.9229210492465,3.01692896071068,8.27058061010067,28.4955949572161,3,4123413,4174879,51467,1,"Amillepora22267","Amillepora22267-RA",54.0908463077973,TRUE,477,5,"High expression"
"Amillepora22364",0.348476182688927,"chr3:5171318-5171718","Promoter (2-3kb)",2805,"chr3",5171318,5171718,401,"*",5.98073026231162,2.41354316856855,4.9623483660604,0.712389873930403,3,5165000,5174523,9524,2,"Amillepora22364","Amillepora22364-RA",11.0019734655395,TRUE,2805,1,"Low expression"
"Amillepora22403",40.1039015318441,"chr3:5869956-5870356","Promoter (<=1kb)",0,"chr3",5869956,5870356,401,"*",32.8940164427139,7.84401529784777,23.1576257082819,23.5088658397033,3,5870263,5883749,13487,1,"Amillepora22403","Amillepora22403-RA",73.5883950351373,TRUE,0,5,"High expression"
"Amillepora22415",0.130728676454705,"chr3:6067126-6067526","Promoter (<=1kb)",-401,"chr3",6067126,6067526,401,"*",0,15.6880305956955,3.30823224404027,21.3716962179121,3,6067927,6068682,756,1,"Amillepora22415","Amillepora22415-RA",46.6541511849765,TRUE,401,1,"Low expression"
"Amillepora22517",24.4683936563666,"chr3:7035509-7035909","Promoter (<=1kb)",0,"chr3",7035509,7035909,401,"*",86.7205888035184,33.1862185678175,57.8940642707047,44.168172183685,3,7023891,7035622,11732,2,"Amillepora22517","Amillepora22517-RA",181.659766594955,TRUE,0,5,"High expression"
"Amillepora22531",223.789773053705,"chr3:7310922-7311322","Promoter (<=1kb)",0,"chr3",7310922,7311322,401,"*",65.7880328854278,11.4643300507006,34.7364385624228,44.8805620576154,3,7280591,7310989,30399,2,"Amillepora22531","Amillepora22531-RA",125.959820669495,TRUE,0,5,"High expression"
"Amillepora22614",0.325967084253878,"chr3:8211470-8211870","Promoter (<=1kb)",-121,"chr3",8211470,8211870,401,"*",44.8554769673371,33.7896043599596,31.4282063183826,29.2079848311465,3,8211991,8214147,2157,1,"Amillepora22614","Amillepora22614-RA",121.087897112447,TRUE,121,1,"Low expression"
"Amillepora22643",217.184078883169,"chr3:8682731-8683131","Promoter (<=1kb)",0,"chr3",8682731,8683131,401,"*",86.7205888035184,19.3083453485484,41.3529030505034,48.4425114272674,3,8682826,8686353,3528,1,"Amillepora22643","Amillepora22643-RA",151.990774499682,TRUE,0,5,"High expression"
"Amillepora22695",0.192535176479726,"chr3:9334312-9334712","Promoter (<=1kb)",817,"chr3",9334312,9334712,401,"*",0,3.01692896071068,0,4.27433924358242,3,9330793,9335529,4737,2,"Amillepora22695","Amillepora22695-RA",8.39470441189883,TRUE,817,1,"Low expression"
"Amillepora22744",0.241283385695575,"chr3:10095430-10095830","Promoter (1-2kb)",-1980,"chr3",10095430,10095830,401,"*",0,0,0,4.27433924358242,3,10097810,10116775,18966,1,"Amillepora22744","Amillepora22744-RA",5.20762813369016,TRUE,1980,1,"Low expression"
"Amillepora22865",0.136727538954306,"chr3:11558475-11558875","Promoter (2-3kb)",2631,"chr3",11558475,11558875,401,"*",0,6.03385792142137,11.5788128541409,7.83628861323444,3,11559286,11561506,2221,2,"Amillepora22865","Amillepora22865-RA",30.0727193459585,TRUE,2631,1,"Low expression"
"Amillepora22867",0.22649039568454,"chr3:11596256-11596656","Promoter (1-2kb)",1277,"chr3",11596256,11596656,401,"*",14.951825655779,6.6372437135635,4.9623483660604,25.6460354614945,3,11594979,11597507,2529,1,"Amillepora22867","Amillepora22867-RA",48.1210414587855,TRUE,1277,1,"Low expression"
"Amillepora23044",0.327721443613762,"chr3:14310386-14310786","Promoter (<=1kb)",-765,"chr3",14310386,14310786,401,"*",17.9421907869348,71.8029092649142,29.7740901963624,23.5088658397033,3,14311551,14315270,3720,1,"Amillepora23044","Amillepora23044-RA",145.441955833018,TRUE,765,1,"Low expression"
"Amillepora23126",1027.90918627245,"chr3:15364133-15364533","Promoter (2-3kb)",2492,"chr3",15364133,15364533,401,"*",5.98073026231162,0,18.1952773422215,7.83628861323444,3,15361641,15366035,4395,1,"Amillepora23126","Amillepora23126-RA",33.3045481451524,TRUE,2492,5,"High expression"
"Amillepora23152",0.234868202912103,"chr3:15830305-15830705","Promoter (<=1kb)",170,"chr3",15830305,15830705,401,"*",0,8.44740108998991,0,0.712389873930403,3,15830135,15831397,1263,1,"Amillepora23152","Amillepora23152-RA",9.79175160126596,TRUE,170,1,"Low expression"
"Amillepora23159",136.469570761006,"chr3:15904465-15904865","Promoter (<=1kb)",984,"chr3",15904465,15904865,401,"*",0,0.603385792142137,9.92469673212081,8.54867848716484,3,15894231,15905849,11619,2,"Amillepora23159","Amillepora23159-RA",23.1823131325442,TRUE,984,5,"High expression"
"Amillepora23184",0.22461686225778,"chr3:16177686-16178086","Promoter (<=1kb)",105,"chr3",16177686,16178086,401,"*",2.99036513115581,4.82708633713709,0,0.712389873930403,3,16177581,16179109,1529,1,"Amillepora23184","Amillepora23184-RA",6.72703687538045,TRUE,105,1,"Low expression"
"Amillepora23185",21.4324931609654,"chr3:16181319-16181719","Promoter (1-2kb)",-1303,"chr3",16181319,16181719,401,"*",14.951825655779,5.43047212927923,9.92469673212081,16.3849671003993,3,16183022,16190330,7309,1,"Amillepora23185","Amillepora23185-RA",41.6278374626012,TRUE,1303,5,"High expression"
"Amillepora23196",169.459132972149,"chr3:16332592-16332992","Promoter (<=1kb)",0,"chr3",16332592,16332992,401,"*",44.8554769673371,21.1185027249748,24.811741830302,31.3451544529377,3,16318344,16332660,14317,2,"Amillepora23196","Amillepora23196-RA",102.219563071134,TRUE,0,5,"High expression"
"Amillepora23213",93.7307279996038,"chr3:16508411-16508811","Promoter (<=1kb)",0,"chr3",16508411,16508811,401,"*",77.749493410051,17.498187972122,36.390554684443,34.1947139486594,3,16508435,16515312,6878,1,"Amillepora23213","Amillepora23213-RA",124.375617058467,TRUE,0,5,"High expression"
"Amillepora23231",23.6819420518184,"chr3:16779572-16779972","Promoter (<=1kb)",0,"chr3",16779572,16779972,401,"*",17.9421907869348,1.81015737642641,11.5788128541409,8.54867848716484,3,16771363,16779688,8326,2,"Amillepora23231","Amillepora23231-RA",31.0374114265373,TRUE,0,5,"High expression"
"Amillepora23238",33.1163248363897,"chr3:16852033-16852433","Promoter (1-2kb)",-1297,"chr3",16852033,16852433,401,"*",2.99036513115581,6.6372437135635,11.5788128541409,15.6725772264689,3,16853730,16872730,19001,1,"Amillepora23238","Amillepora23238-RA",41.0172296546637,TRUE,1297,5,"High expression"
"Amillepora23298",122.708663813042,"chr3:17546231-17546631","Promoter (<=1kb)",22,"chr3",17546231,17546631,401,"*",2.99036513115581,11.4643300507006,8.27058061010067,6.41150886537363,3,17532979,17546653,13675,2,"Amillepora23298","Amillepora23298-RA",30.7901435402949,TRUE,22,5,"High expression"
"Amillepora23305",128.110874809265,"chr3:17621589-17621989","Promoter (<=1kb)",0,"chr3",17621589,17621989,401,"*",65.7880328854278,31.9794469835332,23.1576257082819,65.5398684015971,3,17614852,17621813,6962,2,"Amillepora23305","Amillepora23305-RA",158.65089346304,TRUE,0,5,"High expression"
"Amillepora23342",539.646346814697,"chr3:17957887-17958287","Promoter (<=1kb)",0,"chr3",17957887,17958287,401,"*",95.6916841969858,18.7049595564062,39.6987869284832,41.3186126879634,3,17940314,17958063,17750,2,"Amillepora23342","Amillepora23342-RA",142.931702510197,TRUE,0,5,"High expression"
"Amillepora23402",114.881353926322,"chr3:18900752-18901152","Promoter (1-2kb)",1898,"chr3",18900752,18901152,401,"*",0,3.01692896071068,9.92469673212081,2.84955949572161,3,18891228,18903050,11823,2,"Amillepora23402","Amillepora23402-RA",18.7884699768576,TRUE,1898,5,"High expression"
"Amillepora23417",58.1385609752316,"chr3:19078258-19078658","Promoter (2-3kb)",-2134,"chr3",19078258,19078658,401,"*",5.98073026231162,12.0677158428427,0,4.98672911751282,3,19063912,19076124,12213,2,"Amillepora23417","Amillepora23417-RA",20.3434248847363,TRUE,2134,5,"High expression"
"Amillepora23450",38.9554448942603,"chr3:19450275-19450675","Promoter (<=1kb)",-657,"chr3",19450275,19450675,401,"*",44.8554769673371,19.3083453485484,28.1199740743423,28.4955949572161,3,19436576,19449618,13043,2,"Amillepora23450","Amillepora23450-RA",100.878779084923,TRUE,657,5,"High expression"
"Amillepora23489",19.5205644169002,"chr8:421029-421429","Promoter (2-3kb)",2448,"chr8",421029,421429,401,"*",26.9132861804023,24.7388174778276,24.811741830302,21.3716962179121,8,418581,431303,12723,1,"Amillepora23489","Amillepora23489-RA",89.3342614452513,TRUE,2448,5,"High expression"
"Amillepora23543",0.182953023925014,"chr8:948840-949240","Promoter (<=1kb)",-419,"chr8",948840,949240,401,"*",2.99036513115581,0,1.65411612202013,6.41150886537363,8,947633,948421,789,2,"Amillepora23543","Amillepora23543-RA",10.5928259434205,TRUE,419,1,"Low expression"
"Amillepora23608",0.188515840230691,"chr8:1810203-1810603","Promoter (<=1kb)",0,"chr8",1810203,1810603,401,"*",2.99036513115581,3.01692896071068,4.9623483660604,2.13716962179121,8,1810288,1829020,18733,1,"Amillepora23608","Amillepora23608-RA",12.6154879577797,TRUE,0,1,"Low expression"
"Amillepora23712",28.1584418888181,"chr8:2881646-2882046","Promoter (<=1kb)",-928,"chr8",2881646,2882046,401,"*",17.9421907869348,3.01692896071068,21.5035095862617,4.27433924358242,8,2877255,2880718,3464,2,"Amillepora23712","Amillepora23712-RA",39.2342554136528,TRUE,928,5,"High expression"
"Amillepora23877",22.754205333173,"chr8:5408341-5408741","Promoter (<=1kb)",-268,"chr8",5408341,5408741,401,"*",0,1.81015737642641,0,14.2477974786081,8,5406613,5408073,1461,2,"Amillepora23877","Amillepora23877-RA",19.2710062125591,TRUE,268,5,"High expression"
"Amillepora23904",0.195800065271515,"chr8:5661280-5661680","Promoter (<=1kb)",822,"chr8",5661280,5661680,401,"*",8.97109539346742,16.8948021799798,8.27058061010067,9.97345823502565,8,5660458,5661774,1317,1,"Amillepora23904","Amillepora23904-RA",42.3861245684087,TRUE,822,1,"Low expression"
"Amillepora23945",0.210135102538211,"chr8:6347064-6347464","Promoter (<=1kb)",0,"chr8",6347064,6347464,401,"*",38.8747467050255,48.2708633713709,16.5411612202013,19.9469164700513,8,6347112,6349333,2222,1,"Amillepora23945","Amillepora23945-RA",105.388652927973,TRUE,0,1,"Low expression"
"Amillepora23969",0.279603412662759,"chr8:6702395-6702795","Promoter (1-2kb)",1543,"chr8",6702395,6702795,401,"*",56.8169374919603,116.453457883432,62.8564126367651,64.1150886537363,8,6703848,6704338,491,2,"Amillepora23969","Amillepora23969-RA",292.392389222513,TRUE,1543,1,"Low expression"
"Amillepora24047",27.5886245642945,"chr8:7733558-7733958","Promoter (<=1kb)",0,"chr8",7733558,7733958,401,"*",68.7783980165836,15.6880305956955,11.5788128541409,30.6327645790073,8,7733950,7751607,17658,1,"Amillepora24047","Amillepora24047-RA",85.5202467324327,TRUE,0,5,"High expression"
"Amillepora24049",22.1988164146438,"chr8:7779401-7779801","Promoter (1-2kb)",1003,"chr8",7779401,7779801,401,"*",38.8747467050255,47.0640917870866,3.30823224404027,40.606222814033,8,7760618,7780804,20187,2,"Amillepora24049","Amillepora24049-RA",113.111169583496,TRUE,1003,5,"High expression"
"Amillepora24057",137.3828884953,"chr8:7872717-7873117","Promoter (<=1kb)",0,"chr8",7872717,7873117,401,"*",74.7591282788952,24.1354316856855,16.5411612202013,51.292070922989,8,7872941,7899368,26428,1,"Amillepora24057","Amillepora24057-RA",127.198637378277,TRUE,0,5,"High expression"
"Amillepora24169",0.152725786916914,"chr8:9439657-9440057","Promoter (<=1kb)",45,"chr8",9439657,9440057,401,"*",8.97109539346742,10.8609442585585,13.2329289761611,29.2079848311465,8,9440031,9440102,72,2,"Amillepora24169","Amillepora24169-RA",65.5111194183582,TRUE,45,1,"Low expression"
"Amillepora24237",75.7323254508015,"chr8:10267386-10267786","Promoter (<=1kb)",0,"chr8",10267386,10267786,401,"*",107.653144721609,24.1354316856855,29.7740901963624,56.2788000405019,8,10260693,10267688,6996,2,"Amillepora24237","Amillepora24237-RA",157.804603901226,TRUE,0,5,"High expression"
"Amillepora24374",123.977869241525,"chr8:12405573-12405973","Promoter (<=1kb)",0,"chr8",12405573,12405973,401,"*",104.662779590453,26.548974854254,49.623483660604,42.0310025618938,8,12381077,12405665,24589,2,"Amillepora24374","Amillepora24374-RA",166.495010889238,TRUE,0,5,"High expression"
"Amillepora24400",138.833083843147,"chr8:12708898-12709298","Promoter (1-2kb)",-1851,"chr8",12708898,12709298,401,"*",0,2.41354316856855,33.0823224404027,0.712389873930403,8,12711149,12716609,5461,1,"Amillepora24400","Amillepora24400-RA",43.8497377432559,TRUE,1851,5,"High expression"
"Amillepora24437",98.8822880335796,"chr8:13157886-13158286","Promoter (<=1kb)",17,"chr8",13157886,13158286,401,"*",59.8073026231162,14.4812590114113,13.2329289761611,32.7699342007986,8,13147942,13158303,10362,2,"Amillepora24437","Amillepora24437-RA",86.5915067990203,TRUE,17,5,"High expression"
"Amillepora24555",145.442851510062,"chr8:14567623-14568023","Promoter (<=1kb)",0,"chr8",14567623,14568023,401,"*",53.8265723608045,34.3929901521018,34.7364385624228,37.7566633183114,8,14568001,14593401,25401,1,"Amillepora24555","Amillepora24555-RA",138.463112929204,TRUE,0,5,"High expression"
"Amillepora24572",21.6660690848549,"chr8:14866971-14867371","Promoter (<=1kb)",-38,"chr8",14866971,14867371,401,"*",56.8169374919603,13.274487427127,41.3529030505034,38.4690531922418,8,14856128,14866933,10806,2,"Amillepora24572","Amillepora24572-RA",125.867721551672,TRUE,38,5,"High expression"
"Amillepora24632",24.5961842639607,"chr8:15701522-15701922","Promoter (<=1kb)",0,"chr8",15701522,15701922,401,"*",74.7591282788952,32.5828327756754,31.4282063183826,48.4425114272674,8,15701638,15713970,12333,1,"Amillepora24632","Amillepora24632-RA",150.845161282418,TRUE,0,5,"High expression"
"Amillepora24672",141.139323162666,"chr8:16110533-16110933","Promoter (<=1kb)",0,"chr8",16110533,16110933,401,"*",74.7591282788952,11.4643300507006,26.4658579523221,49.1549013011978,8,16100843,16110559,9717,2,"Amillepora24672","Amillepora24672-RA",123.338744552478,TRUE,0,5,"High expression"
"Amillepora24675",80.4637975883443,"chr8:16133485-16133885","Promoter (2-3kb)",2596,"chr8",16133485,16133885,401,"*",2.99036513115581,1.81015737642641,4.9623483660604,4.98672911751282,8,16130889,16137615,6727,1,"Amillepora24675","Amillepora24675-RA",14.812409535623,TRUE,2596,5,"High expression"
"Amillepora24826",73.6866026487731,"chr8:17510820-17511220","Promoter (<=1kb)",51,"chr8",17510820,17511220,401,"*",59.8073026231162,22.9286601014012,46.3152514165638,49.8672911751282,8,17510769,17526952,16184,1,"Amillepora24826","Amillepora24826-RA",156.777971611172,TRUE,51,5,"High expression"
"Amillepora24883",79.0377077781186,"chr14:307256-307656","Promoter (<=1kb)",-27,"chr14",307256,307656,401,"*",95.6916841969858,17.498187972122,14.8870450981812,32.0575443268681,14,306138,307229,1092,2,"Amillepora24883","Amillepora24883-RA",100.049573685446,TRUE,27,5,"High expression"
"Amillepora24886",220.217688544792,"chr14:328513-328913","Promoter (1-2kb)",-1566,"chr14",328513,328913,401,"*",119.614605246232,27.7557464385383,39.6987869284832,49.1549013011978,14,330479,336190,5712,1,"Amillepora24886","Amillepora24886-RA",168.118464053641,TRUE,1566,5,"High expression"
"Amillepora24892",152.923536762344,"chr14:399881-400281","Promoter (<=1kb)",-437,"chr14",399881,400281,401,"*",71.7687631477394,32.5828327756754,19.8493934642416,50.5796810490586,14,397991,399444,1454,2,"Amillepora24892","Amillepora24892-RA",138.537949996856,TRUE,437,5,"High expression"
"Amillepora24985",194.289648711415,"chr14:1096471-1096871","Promoter (1-2kb)",1654,"chr14",1096471,1096871,401,"*",101.672414459297,21.7218885171169,28.1199740743423,28.4955949572161,14,1085115,1098525,13411,2,"Amillepora24985","Amillepora24985-RA",117.864199458822,TRUE,1654,5,"High expression"
"Amillepora25055",59.6524094824001,"chr14:1702561-1702961","Promoter (2-3kb)",-2827,"chr14",1702561,1702961,401,"*",11.9614605246232,0,13.2329289761611,14.9601873525385,14,1705788,1729196,23409,1,"Amillepora25055","Amillepora25055-RA",37.4386611791381,TRUE,2827,5,"High expression"
"Amillepora25090",160.73389376728,"chr14:2127695-2128095","Promoter (1-2kb)",1808,"chr14",2127695,2128095,401,"*",8.97109539346742,9.65417267427418,11.5788128541409,12.1106278568169,14,2125887,2130930,5044,1,"Amillepora25090","Amillepora25090-RA",41.3841694373937,TRUE,1808,5,"High expression"
"Amillepora25095",32.8188562026886,"chr14:2155193-2155593","Promoter (<=1kb)",-528,"chr14",2155193,2155593,401,"*",122.604970377388,18.7049595564062,18.1952773422215,36.3318835704506,14,2156121,2178974,22854,1,"Amillepora25095","Amillepora25095-RA",117.413237471945,TRUE,528,5,"High expression"
"Amillepora25218",269.648046431004,"chr14:3599289-3599689","Promoter (<=1kb)",0,"chr14",3599289,3599689,401,"*",86.7205888035184,21.1185027249748,51.2775997826242,34.9071038225898,14,3599450,3606331,6882,1,"Amillepora25218","Amillepora25218-RA",149.541839452777,TRUE,0,5,"High expression"
"Amillepora25225",43.9080252550405,"chr14:3694664-3695064","Promoter (<=1kb)",0,"chr14",3694664,3695064,401,"*",47.8458420984929,42.2370054499496,18.1952773422215,24.2212557136337,14,3674335,3694865,20531,2,"Amillepora25225","Amillepora25225-RA",108.523065864061,TRUE,0,5,"High expression"
"Amillepora25247",0.138942684701749,"chr14:3998160-3998560","Promoter (2-3kb)",2554,"chr14",3998160,3998560,401,"*",2.99036513115581,6.03385792142137,11.5788128541409,12.8230177307473,14,3995606,4003556,7951,1,"Amillepora25247","Amillepora25247-RA",36.9080623098953,TRUE,2554,1,"Low expression"
"Amillepora25256",28.2698328701692,"chr14:4146625-4147025","Promoter (<=1kb)",88,"chr14",4146625,4147025,401,"*",8.97109539346742,76.0266098099092,3.30823224404027,20.6593063439817,14,4142729,4147113,4385,2,"Amillepora25256","Amillepora25256-RA",111.807069150763,TRUE,88,5,"High expression"
"Amillepora25258",39.6086368550171,"chr14:4162910-4163310","Promoter (2-3kb)",2081,"chr14",4162910,4163310,401,"*",8.97109539346742,112.229757338437,8.27058061010067,13.5354076046777,14,4158488,4165391,6904,2,"Amillepora25258","Amillepora25258-RA",147.437425071211,TRUE,2081,5,"High expression"
"Amillepora25325",43.6251024971272,"chr14:4837629-4838029","Promoter (<=1kb)",90,"chr14",4837629,4838029,401,"*",14.951825655779,27.7557464385383,4.9623483660604,40.606222814033,14,4837539,4848168,10630,1,"Amillepora25325","Amillepora25325-RA",88.6572738741618,TRUE,90,5,"High expression"
"Amillepora25328",0.200818069523091,"chr14:4856695-4857095","Promoter (2-3kb)",-2224,"chr14",4856695,4857095,401,"*",23.9229210492465,3.62031475285282,4.9623483660604,7.12389873930403,14,4859319,4859804,486,1,"Amillepora25328","Amillepora25328-RA",24.6469070251475,TRUE,2224,1,"Low expression"
"Amillepora25355",88.1078022163242,"chr14:5290863-5291263","Promoter (1-2kb)",-1009,"chr14",5290863,5291263,401,"*",2.99036513115581,3.62031475285282,6.61646448808054,6.41150886537363,14,5271278,5289854,18577,2,"Amillepora25355","Amillepora25355-RA",20.482138282032,TRUE,1009,5,"High expression"
"Amillepora25419",0.236928365807967,"chr14:6073170-6073570","Promoter (<=1kb)",46,"chr14",6073170,6073570,401,"*",41.8651118361813,31.3760611913911,23.1576257082819,32.7699342007986,14,6073124,6075322,2199,1,"Amillepora25419","Amillepora25419-RA",112.010114718722,TRUE,46,1,"Low expression"
"Amillepora25465",0.270769928590168,"chr14:6576518-6576918","Promoter (2-3kb)",2262,"chr14",6576518,6576918,401,"*",0,34.9963759442439,13.2329289761611,17.0973569743297,14,6576979,6579180,2202,2,"Amillepora25465","Amillepora25465-RA",73.9734528413441,TRUE,2262,1,"Low expression"
"Amillepora25513",0.123930472312463,"chr14:7137294-7137694","Promoter (<=1kb)",189,"chr14",7137294,7137694,401,"*",5.98073026231162,4.22370054499496,9.92469673212081,2.84955949572161,14,7137105,7137176,72,1,"Amillepora25513","Amillepora25513-RA",21.5828541040709,TRUE,189,1,"Low expression"
"Amillepora25590",56.926025862636,"chr14:8186300-8186700","Promoter (<=1kb)",0,"chr14",8186300,8186700,401,"*",86.7205888035184,27.1523606463961,26.4658579523221,59.1283595362235,14,8155322,8186516,31195,2,"Amillepora25590","Amillepora25590-RA",155.101780742966,TRUE,0,5,"High expression"
"Amillepora25594",628.265772782222,"chr14:8230977-8231377","Promoter (<=1kb)",118,"chr14",8230977,8231377,401,"*",44.8554769673371,28.3591322306804,11.5788128541409,35.6194936965202,14,8223086,8231495,8410,2,"Amillepora25594","Amillepora25594-RA",98.903318793162,TRUE,118,5,"High expression"
"Amillepora25612",0.262686729318873,"chr14:8378039-8378439","Promoter (1-2kb)",1054,"chr14",8378039,8378439,401,"*",2.99036513115581,11.4643300507006,13.2329289761611,17.8097468482601,14,8376985,8378112,1128,1,"Amillepora25612","Amillepora25612-RA",50.7419727015631,TRUE,1054,1,"Low expression"
"Amillepora25681",41.7140423071767,"chr14:9286460-9286860","Promoter (<=1kb)",-58,"chr14",9286460,9286860,401,"*",2.99036513115581,46.4607059949445,16.5411612202013,2.13716962179121,14,9283665,9286402,2738,2,"Amillepora25681","Amillepora25681-RA",72.660634908427,TRUE,58,5,"High expression"
"Amillepora25766",0.255376904766704,"chr14:10321836-10322236","Promoter (1-2kb)",1087,"chr14",10321836,10322236,401,"*",35.8843815738697,43.4437770342338,33.0823224404027,22.7964759657729,14,10320749,10322161,1413,1,"Amillepora25766","Amillepora25766-RA",123.217375513205,TRUE,1087,1,"Low expression"
"Amillepora25811",0.219387776327056,"chr14:10946909-10947309","Promoter (<=1kb)",142,"chr14",10946909,10947309,401,"*",20.9325559180907,161.10400650195,86.014038345047,27.0708152093553,14,10946767,10949691,2925,1,"Amillepora25811","Amillepora25811-RA",313.61351637466,TRUE,142,1,"Low expression"
"Amillepora25829",30.3623125555596,"chr14:11278043-11278443","Promoter (1-2kb)",-1520,"chr14",11278043,11278443,401,"*",23.9229210492465,0,8.27058061010067,6.41150886537363,14,11257082,11276523,19442,2,"Amillepora25829","Amillepora25829-RA",23.9976913388562,TRUE,1520,5,"High expression"
"Amillepora25839",0.260481742896931,"chr14:11418790-11419190","Promoter (<=1kb)",-666,"chr14",11418790,11419190,401,"*",23.9229210492465,439.264856679475,24.811741830302,5.69911899144323,14,11419856,11425093,5238,1,"Amillepora25839","Amillepora25839-RA",507.38412877296,TRUE,666,1,"Low expression"
"Amillepora25880",0.10866636132872,"chr14:12039858-12040258","Promoter (<=1kb)",-929,"chr14",12039858,12040258,401,"*",2.99036513115581,6.03385792142137,1.65411612202013,4.27433924358242,14,12037782,12038929,1148,2,"Amillepora25880","Amillepora25880-RA",14.3631644329927,TRUE,929,1,"Low expression"
"Amillepora25892",0.339858943299758,"chr14:12135409-12135809","Promoter (1-2kb)",1841,"chr14",12135409,12135809,401,"*",8.97109539346742,44.047162826376,43.0070191725235,17.8097468482601,14,12133568,12138989,5422,1,"Amillepora25892","Amillepora25892-RA",123.070874950713,TRUE,1841,1,"Low expression"
"Amillepora25898",0.28299752096839,"chr14:12239021-12239421","Promoter (2-3kb)",2143,"chr14",12239021,12239421,401,"*",5.98073026231162,4.22370054499496,1.65411612202013,2.84955949572161,14,12236878,12239681,2804,1,"Amillepora25898","Amillepora25898-RA",11.474819429469,TRUE,2143,1,"Low expression"
"Amillepora25902",0.212808733713791,"chr14:12285495-12285895","Promoter (<=1kb)",157,"chr14",12285495,12285895,401,"*",56.8169374919603,140.588889569118,14.8870450981812,39.8938329401026,14,12285338,12291848,6511,1,"Amillepora25902","Amillepora25902-RA",229.752505577915,TRUE,157,1,"Low expression"
"Amillepora25910",0.24349148796949,"chr14:12378577-12378977","Promoter (<=1kb)",0,"chr14",12378577,12378977,401,"*",38.8747467050255,71.8029092649142,33.0823224404027,62.6903089058755,14,12378845,12380488,1644,1,"Amillepora25910","Amillepora25910-RA",202.540198584106,TRUE,0,1,"Low expression"
"Amillepora25936",492.97061035222,"chr14:12860861-12861261","Promoter (<=1kb)",0,"chr14",12860861,12861261,401,"*",65.7880328854278,35.5997617363861,16.5411612202013,30.6327645790073,14,12860948,12869447,8500,1,"Amillepora25936","Amillepora25936-RA",111.859994165406,TRUE,0,5,"High expression"
"Amillepora26013",0.161468479409615,"chr14:14316803-14317203","Promoter (1-2kb)",-1282,"chr14",14316803,14317203,401,"*",8.97109539346742,8.44740108998991,19.8493934642416,7.83628861323444,14,14310255,14315521,5267,2,"Amillepora26013","Amillepora26013-RA",45.0097454670219,TRUE,1282,1,"Low expression"
"Amillepora26068",41.1883298664424,"chr14:15046642-15047042","Promoter (1-2kb)",-1267,"chr14",15046642,15047042,401,"*",0,0,1.65411612202013,16.3849671003993,14,15048309,15057190,8882,1,"Amillepora26068","Amillepora26068-RA",21.9841814473993,TRUE,1267,5,"High expression"
"Amillepora26070",153.515584789857,"chr14:15081145-15081545","Promoter (1-2kb)",-1746,"chr14",15081145,15081545,401,"*",2.99036513115581,84.4740108998991,0,75.5133266366228,14,15060899,15079399,18501,2,"Amillepora26070","Amillepora26070-RA",181.999342959667,TRUE,1746,5,"High expression"
"Amillepora26086",0.24308233055676,"chr14:15324299-15324699","Promoter (<=1kb)",41,"chr14",15324299,15324699,401,"*",0,1.20677158428427,3.30823224404027,14.2477974786081,14,15321268,15324740,3473,2,"Amillepora26086","Amillepora26086-RA",22.6768048267581,TRUE,41,1,"Low expression"
"Amillepora26177",53.4637637349137,"chr14:16474184-16474584","Promoter (1-2kb)",1936,"chr14",16474184,16474584,401,"*",2.99036513115581,5.43047212927923,8.27058061010067,12.1106278568169,14,16472248,16477184,4937,1,"Amillepora26177","Amillepora26177-RA",31.3594951621311,TRUE,1936,5,"High expression"
"Amillepora26236",532.697186257774,"chr14:17202070-17202470","Promoter (<=1kb)",0,"chr14",17202070,17202470,401,"*",62.797667754272,26.548974854254,11.5788128541409,32.7699342007986,14,17194998,17202409,7412,2,"Amillepora26236","Amillepora26236-RA",98.0779817848994,TRUE,0,5,"High expression"
"Amillepora26245",24.2947403033327,"chr14:17297997-17298397","Promoter (2-3kb)",2409,"chr14",17297997,17298397,401,"*",5.98073026231162,3.01692896071068,4.9623483660604,7.12389873930403,14,17295588,17308523,12936,1,"Amillepora26245","Amillepora26245-RA",19.4508309217165,TRUE,2409,5,"High expression"
"Amillepora26258",47.3778443614896,"chr11:4401-4801","Promoter (<=1kb)",-618,"chr11",4401,4801,401,"*",11.9614605246232,0.603385792142137,14.8870450981812,1.42477974786081,11,5419,11637,6219,1,"Amillepora26258","Amillepora26258-RA",23.6068609463479,TRUE,618,5,"High expression"
"Amillepora26315",0.255402158649047,"chr11:558562-558962","Promoter (1-2kb)",-1220,"chr11",558562,558962,401,"*",0,1.81015737642641,92.6305028331275,105.4337013417,11,556830,557342,513,2,"Amillepora26315","Amillepora26315-RA",243.577061420156,TRUE,1220,1,"Low expression"
"Amillepora26409",0.237285976757137,"chr11:1195345-1195745","Promoter (<=1kb)",788,"chr11",1195345,1195745,401,"*",17.9421907869348,1.81015737642641,6.61646448808054,9.97345823502565,11,1183689,1196533,12845,2,"Amillepora26409","Amillepora26409-RA",26.7084666663397,TRUE,788,1,"Low expression"
"Amillepora26413",0.331502753355007,"chr11:1227228-1227628","Promoter (1-2kb)",1778,"chr11",1227228,1227628,401,"*",14.951825655779,18.1015737642641,16.5411612202013,14.9601873525385,11,1223684,1229406,5723,2,"Amillepora26413","Amillepora26413-RA",61.3641095261956,TRUE,1778,1,"Low expression"
"Amillepora26478",142.772612329465,"chr11:1834860-1835260","Promoter (<=1kb)",-16,"chr11",1834860,1835260,401,"*",442.57403941106,27.7557464385383,67.8187610028255,59.1283595362235,11,1835276,1852620,17345,1,"Amillepora26478","Amillepora26478-RA",296.692809519439,TRUE,16,5,"High expression"
"Amillepora26493",0.289109889983646,"chr11:1970496-1970896","Promoter (<=1kb)",19,"chr11",1970496,1970896,401,"*",41.8651118361813,48.8742491635131,129.02105751757,74.8009367626923,11,1968017,1970915,2899,2,"Amillepora26493","Amillepora26493-RA",311.086344281854,TRUE,19,1,"Low expression"
"Amillepora26513",72.3353428336188,"chr11:2298803-2299203","Promoter (<=1kb)",-124,"chr11",2298803,2299203,401,"*",125.595335508544,22.9286601014012,34.7364385624228,31.3451544529377,11,2299327,2311158,11832,1,"Amillepora26513","Amillepora26513-RA",136.775424262633,TRUE,124,5,"High expression"
"Amillepora26548",0.109267738652735,"chr11:2725295-2725695","Promoter (<=1kb)",0,"chr11",2725295,2725695,401,"*",134.566430902011,28.3591322306804,41.3529030505034,54.854020292641,11,2724684,2725434,751,2,"Amillepora26548","Amillepora26548-RA",181.519874462281,TRUE,0,1,"Low expression"
"Amillepora26637",0.369166509275305,"chr11:4018249-4018649","Promoter (1-2kb)",-1922,"chr11",4018249,4018649,401,"*",14.951825655779,5.43047212927923,13.2329289761611,7.12389873930403,11,4013862,4016327,2466,2,"Amillepora26637","Amillepora26637-RA",34.3878570427799,TRUE,1922,1,"Low expression"
"Amillepora26646",0.110337761071811,"chr11:4128788-4129188","Promoter (<=1kb)",-665,"chr11",4128788,4129188,401,"*",2.99036513115581,0.603385792142137,29.7740901963624,7.12389873930403,11,4126675,4128123,1449,2,"Amillepora26646","Amillepora26646-RA",46.4654971149901,TRUE,665,1,"Low expression"
"Amillepora26725",0.179886699475032,"chr11:5227060-5227460","Promoter (<=1kb)",282,"chr11",5227060,5227460,401,"*",5.98073026231162,7.84401529784777,4.9623483660604,22.0840860918425,11,5225723,5227742,2020,2,"Amillepora26725","Amillepora26725-RA",42.7768514347659,TRUE,282,1,"Low expression"
"Amillepora26816",20.65180815364,"chr11:6257988-6258388","Promoter (<=1kb)",0,"chr11",6257988,6258388,401,"*",248.200305885932,30.1692896071068,59.5481803927248,52.7168506708498,11,6240168,6258081,17914,2,"Amillepora26816","Amillepora26816-RA",231.937501149151,TRUE,0,5,"High expression"
"Amillepora26893",194.231901556297,"chr11:7373551-7373951","Promoter (<=1kb)",-107,"chr11",7373551,7373951,401,"*",71.7687631477394,33.1862185678175,26.4658579523221,34.1947139486594,11,7357542,7373444,15903,2,"Amillepora26893","Amillepora26893-RA",127.2992184797,TRUE,107,5,"High expression"
"Amillepora26897",35.5607617769642,"chr11:7391052-7391452","Promoter (2-3kb)",2936,"chr11",7391052,7391452,401,"*",0,0,11.5788128541409,7.12389873930403,11,7388116,7452669,64554,1,"Amillepora26897","Amillepora26897-RA",22.8306287672594,TRUE,2936,5,"High expression"
"Amillepora26978",0.220244737358035,"chr11:8464275-8464675","Promoter (1-2kb)",1649,"chr11",8464275,8464675,401,"*",8.97109539346742,0.603385792142137,3.30823224404027,4.98672911751282,11,8459834,8466324,6491,2,"Amillepora26978","Amillepora26978-RA",13.035525705349,TRUE,1649,1,"Low expression"
"Amillepora26998",0.218445636030822,"chr11:8818142-8818542","Promoter (2-3kb)",-2495,"chr11",8818142,8818542,401,"*",41.8651118361813,33.7896043599596,39.6987869284832,47.0177316794066,11,8821037,8822009,973,1,"Amillepora26998","Amillepora26998-RA",152.134605536126,TRUE,2495,1,"Low expression"
"Amillepora27047",0.247943060277891,"chr11:9506624-9507024","Promoter (1-2kb)",1676,"chr11",9506624,9507024,401,"*",11.9614605246232,1.81015737642641,1.65411612202013,2.13716962179121,11,9504948,9507845,2898,1,"Amillepora27047","Amillepora27047-RA",9.57677400055019,TRUE,1676,1,"Low expression"
"Amillepora27074",180.982070138302,"chr11:9718316-9718716","Promoter (1-2kb)",-1466,"chr11",9718316,9718716,401,"*",0,0,13.2329289761611,4.98672911751282,11,9720182,9736804,16623,1,"Amillepora27074","Amillepora27074-RA",22.2484216353348,TRUE,1466,5,"High expression"
"Amillepora27141",0.364170886939034,"chr11:10477141-10477541","Promoter (2-3kb)",-2442,"chr11",10477141,10477541,401,"*",0,1.20677158428427,0,8.54867848716484,11,10470613,10474699,4087,2,"Amillepora27141","Amillepora27141-RA",11.6900867786638,TRUE,2442,1,"Low expression"
"Amillepora27176",0.177160441193343,"chr11:10827856-10828256","Promoter (<=1kb)",0,"chr11",10827856,10828256,401,"*",0,5.43047212927923,9.92469673212081,0.712389873930403,11,10827815,10828096,282,2,"Amillepora27176","Amillepora27176-RA",18.7343169325795,TRUE,0,1,"Low expression"
"Amillepora27185",0.231975753752881,"chr11:10953988-10954388","Promoter (2-3kb)",2510,"chr11",10953988,10954388,401,"*",0,0,0,4.27433924358242,11,10951478,10955481,4004,1,"Amillepora27185","Amillepora27185-RA",5.20762813369016,TRUE,2510,1,"Low expression"
"Amillepora27207",173.469877957674,"chr11:11294185-11294585","Promoter (2-3kb)",-2326,"chr11",11294185,11294585,401,"*",5.98073026231162,13.274487427127,11.5788128541409,7.83628861323444,11,11296911,11310335,13425,1,"Amillepora27207","Amillepora27207-RA",39.241256029589,TRUE,2326,5,"High expression"
"Amillepora27208",234.94265627618,"chr11:11316097-11316497","Promoter (<=1kb)",-129,"chr11",11316097,11316497,401,"*",74.7591282788952,12.0677158428427,21.5035095862617,61.9779190319451,11,11316626,11326818,10193,1,"Amillepora27208","Amillepora27208-RA",133.534223404429,TRUE,129,5,"High expression"
"Amillepora27276",0.143615844518191,"chr11:12441677-12442077","Promoter (2-3kb)",-3000,"chr11",12441677,12442077,401,"*",0,8.44740108998991,0,0,11,12435509,12438677,3169,2,"Amillepora27276","Amillepora27276-RA",8.92381357898427,TRUE,3000,1,"Low expression"
"Amillepora27325",83.3254187867917,"chr11:13341673-13342073","Promoter (1-2kb)",1365,"chr11",13341673,13342073,401,"*",2.99036513115581,0,13.2329289761611,3.56194936965202,11,13340308,13371922,31615,1,"Amillepora27325","Amillepora27325-RA",21.2723223987363,TRUE,1365,5,"High expression"
"Amillepora27330",335.89744352503,"chr11:13415107-13415507","Promoter (1-2kb)",1220,"chr11",13415107,13415507,401,"*",26.9132861804023,9.05078688213205,19.8493934642416,27.0708152093553,11,13413887,13426088,12202,1,"Amillepora27330","Amillepora27330-RA",73.6401481720587,TRUE,1220,5,"High expression"
"Amillepora27337",140.833619142897,"chr11:13469743-13470143","Promoter (<=1kb)",0,"chr11",13469743,13470143,401,"*",77.749493410051,24.1354316856855,49.623483660604,28.4955949572161,11,13469962,13480283,10322,1,"Amillepora27337","Amillepora27337-RA",140.616536171635,TRUE,0,5,"High expression"
"Amillepora27412",32.7200940392208,"chr11:14454334-14454734","Promoter (<=1kb)",0,"chr11",14454334,14454734,401,"*",158.489351951258,35.5997617363861,31.4282063183826,47.0177316794066,11,14445210,14454492,9283,2,"Amillepora27412","Amillepora27412-RA",173.57011213908,TRUE,0,5,"High expression"
"Amillepora27421",31.3084745775557,"chr11:14610286-14610686","Promoter (<=1kb)",0,"chr11",14610286,14610686,401,"*",83.7302236723626,16.2914163878377,9.92469673212081,53.4292405447802,11,14594784,14610552,15769,2,"Amillepora27421","Amillepora27421-RA",115.708955805993,TRUE,0,5,"High expression"
"Amillepora27472",325.569171297099,"chr11:15234483-15234883","Promoter (<=1kb)",-501,"chr11",15234483,15234883,401,"*",173.441177607037,16.2914163878377,36.390554684443,49.8672911751282,11,15235384,15241049,5666,1,"Amillepora27472","Amillepora27472-RA",166.508280892257,TRUE,501,5,"High expression"
"Amillepora27500",39.0130755510575,"chr11:15574113-15574513","Promoter (<=1kb)",0,"chr11",15574113,15574513,401,"*",74.7591282788952,22.325274309259,19.8493934642416,37.044273444381,11,15560246,15574169,13924,2,"Amillepora27500","Amillepora27500-RA",111.970845035559,TRUE,0,5,"High expression"
"Amillepora27524",0.138700301709111,"chr11:15860146-15860546","Promoter (<=1kb)",-780,"chr11",15860146,15860546,401,"*",5.98073026231162,28.9625180228226,29.7740901963624,13.5354076046777,11,15858793,15859366,574,2,"Amillepora27524","Amillepora27524-RA",84.9952331386518,TRUE,780,1,"Low expression"
"Amillepora27550",0.139397684417847,"chr11:16308781-16309181","Promoter (<=1kb)",0,"chr11",16308781,16309181,401,"*",20.9325559180907,0.603385792142137,6.61646448808054,6.41150886537363,11,16309041,16310508,1468,1,"Amillepora27550","Amillepora27550-RA",21.8537228516127,TRUE,0,1,"Low expression"
"Amillepora27614",43.3787891818726,"Sc0000015:553843-554243","Promoter (1-2kb)",1541,"Sc0000015",553843,554243,401,"*",23.9229210492465,59.7351934220715,11.5788128541409,39.1814430661722,15,536893,555784,18892,2,"Amillepora27614","Amillepora27614-RA",131.070164542186,TRUE,1541,5,"High expression"
"Amillepora27650",0.27600903509715,"Sc0000015:1014068-1014468","Promoter (2-3kb)",2079,"Sc0000015",1014068,1014468,401,"*",2.99036513115581,1.81015737642641,9.92469673212081,7.12389873930403,15,1011989,1019460,7472,1,"Amillepora27650","Amillepora27650-RA",23.4810444072292,TRUE,2079,1,"Low expression"
"Amillepora27744",0.302637653702627,"Sc0000015:2258703-2259103","Promoter (<=1kb)",-806,"Sc0000015",2258703,2259103,401,"*",5.98073026231162,4.82708633713709,19.8493934642416,17.0973569743297,15,2256919,2257897,979,2,"Amillepora27744","Amillepora27744-RA",51.7086714148686,TRUE,806,1,"Low expression"
"Amillepora27833",159.664315579134,"Sc0000028:1076043-1076443","Promoter (<=1kb)",-66,"Sc0000028",1076043,1076443,401,"*",86.7205888035184,36.8065333206703,11.5788128541409,129.654957055333,16,1065381,1075977,10597,2,"Amillepora27833","Amillepora27833-RA",233.031826624838,TRUE,66,5,"High expression"
"Amillepora27854",66.3900219989194,"Sc0000028:1375186-1375586","Promoter (<=1kb)",0,"Sc0000028",1375186,1375586,401,"*",284.084687459802,25.3422032699697,46.3152514165638,80.5000557541356,16,1375487,1378145,2659,1,"Amillepora27854","Amillepora27854-RA",253.632228189219,TRUE,0,5,"High expression"
"Amillepora27873",0.129954151996902,"Sc0000028:1946821-1947221","Promoter (<=1kb)",159,"Sc0000028",1946821,1947221,401,"*",8.97109539346742,7.84401529784777,52.9317159046443,49.8672911751282,16,1946662,1949340,2679,1,"Amillepora27873","Amillepora27873-RA",136.012812224407,TRUE,159,1,"Low expression"
"Amillepora27925",409.303397222153,"Sc0000030:709979-710379","Promoter (<=1kb)",0,"Sc0000030",709979,710379,401,"*",68.7783980165836,25.9455890621119,49.623483660604,30.6327645790073,17,710343,729454,19112,1,"Amillepora27925","Amillepora27925-RA",142.853265581511,TRUE,0,5,"High expression"
"Amillepora27931",40.5446558722812,"Sc0000030:766387-766787","Promoter (<=1kb)",0,"Sc0000030",766387,766787,401,"*",185.40263813166,10.2575584664163,34.7364385624228,34.9071038225898,17,766777,770719,3943,1,"Amillepora27931","Amillepora27931-RA",142.924930164863,TRUE,0,5,"High expression"
"Amillepora28052",0.264003536027392,"Sc0000038:49077-49477","Promoter (<=1kb)",72,"Sc0000038",49077,49477,401,"*",11.9614605246232,71.1995234727721,8.27058061010067,6.41150886537363,18,49005,51951,2947,1,"Amillepora28052","Amillepora28052-RA",96.1735842727211,TRUE,72,1,"Low expression"
"Amillepora28081",0.212670428478532,"Sc0000038:531721-532121","Promoter (<=1kb)",695,"Sc0000038",531721,532121,401,"*",20.9325559180907,21.7218885171169,9.92469673212081,30.6327645790073,18,531026,532309,1284,1,"Amillepora28081","Amillepora28081-RA",77.7163634264916,TRUE,695,1,"Low expression"
"Amillepora28094",0.16631504188113,"Sc0000038:740157-740557","Promoter (2-3kb)",-2712,"Sc0000038",740157,740557,401,"*",23.9229210492465,101.972198872021,47.9693675385839,162.424891256132,18,735351,737445,2095,2,"Amillepora28094","Amillepora28094-RA",370.317862860089,TRUE,2712,1,"Low expression"
"Amillepora28114",0.204917973673447,"Sc0000038:1068751-1069151","Promoter (<=1kb)",0,"Sc0000038",1068751,1069151,401,"*",8.97109539346742,44.047162826376,3.30823224404027,0,18,1068783,1069292,510,1,"Amillepora28114","Amillepora28114-RA",52.853857955582,TRUE,0,1,"Low expression"
"Amillepora28126",0.283060113934354,"Sc0000038:1214766-1215166","Promoter (<=1kb)",-197,"Sc0000038",1214766,1215166,401,"*",0,6.6372437135635,49.623483660604,14.9601873525385,18,1215363,1216806,1444,1,"Amillepora28126","Amillepora28126-RA",85.8864743275855,TRUE,197,1,"Low expression"
"Amillepora28173",0.196105055607086,"Sc0000050:12559-12959","Promoter (<=1kb)",0,"Sc0000050",12559,12959,401,"*",80.7398585412068,0,147.216334859792,27.7832050832857,19,11996,12712,717,2,"Amillepora28173","Amillepora28173-RA",234.28657389195,TRUE,0,1,"Low expression"
"Amillepora28177",0.296413493671806,"Sc0000050:40451-40851","Promoter (<=1kb)",0,"Sc0000050",40451,40851,401,"*",11.9614605246232,0,8.27058061010067,12.8230177307473,19,40694,47718,7025,1,"Amillepora28177","Amillepora28177-RA",28.7700263075319,TRUE,0,1,"Low expression"
"Amillepora28199",0.192560721945486,"Sc0000050:221247-221647","Promoter (<=1kb)",374,"Sc0000050",221247,221647,401,"*",68.7783980165836,142.399046945544,46.3152514165638,113.982379828865,19,220813,222021,1209,2,"Amillepora28199","Amillepora28199-RA",363.379944657483,TRUE,374,1,"Low expression"
"Amillepora28201",0.256905266199101,"Sc0000050:230791-231191","Promoter (1-2kb)",-1099,"Sc0000050",230791,231191,401,"*",29.9036513115581,7.84401529784777,1.65411612202013,0,19,232290,238097,5808,1,"Amillepora28201","Amillepora28201-RA",17.9057733379118,TRUE,1099,1,"Low expression"
"Amillepora28202",0.2652602913835,"Sc0000050:247970-248370","Promoter (<=1kb)",0,"Sc0000050",247970,248370,401,"*",20.9325559180907,0.603385792142137,4.9623483660604,0,19,248327,249626,1300,1,"Amillepora28202","Amillepora28202-RA",12.0206737161571,TRUE,0,1,"Low expression"
"Amillepora28225",0.301165520853355,"Sc0000050:396923-397323","Promoter (<=1kb)",-31,"Sc0000050",396923,397323,401,"*",5.98073026231162,6.03385792142137,1.65411612202013,4.98672911751282,19,397354,398217,864,1,"Amillepora28225","Amillepora28225-RA",15.9908792632393,TRUE,31,1,"Low expression"
"Amillepora28244",0.192525838307852,"Sc0000050:551815-552215","Promoter (1-2kb)",1411,"Sc0000050",551815,552215,401,"*",2.99036513115581,9.65417267427418,0,3.56194936965202,19,543719,553626,9908,2,"Amillepora28244","Amillepora28244-RA",15.2981110096411,TRUE,1411,1,"Low expression"
"Amillepora28300",0.180799182213348,"Sc0000050:899972-900372","Promoter (2-3kb)",-2701,"Sc0000050",899972,900372,401,"*",23.9229210492465,70.59613768063,31.4282063183826,33.482324074729,19,903073,903660,588,1,"Amillepora28300","Amillepora28300-RA",159.859418184529,TRUE,2701,1,"Low expression"
"Amillepora28303",735.662902008139,"Sc0000050:954753-955153","Promoter (<=1kb)",243,"Sc0000050",954753,955153,401,"*",38.8747467050255,176.792037097646,28.1199740743423,54.1416304187106,19,946772,955396,8625,2,"Amillepora28303","Amillepora28303-RA",296.970375993626,TRUE,243,5,"High expression"
"Amillepora28322",0.37041916166252,"Sc0000050:1099466-1099866","Promoter (1-2kb)",1377,"Sc0000050",1099466,1099866,401,"*",0,0,47.9693675385839,0,19,1098089,1104860,6772,1,"Amillepora28322","Amillepora28322-RA",58.6266011126905,TRUE,1377,1,"Low expression"
"Amillepora28425",305.123383221968,"Sc0000055:776430-776830","Promoter (<=1kb)",265,"Sc0000055",776430,776830,401,"*",5.98073026231162,0,1.65411612202013,1.42477974786081,20,763790,777095,13306,2,"Amillepora28425","Amillepora28425-RA",5.27703659541353,TRUE,265,5,"High expression"
"Amillepora28448",22.1926116003976,"Sc0000055:1022337-1022737","Promoter (<=1kb)",271,"Sc0000055",1022337,1022737,401,"*",5.98073026231162,0,3.30823224404027,3.56194936965202,20,1022066,1022521,456,1,"Amillepora28448","Amillepora28448-RA",9.90245759717898,TRUE,271,5,"High expression"
"Amillepora28449",26.636442044343,"Sc0000055:1025052-1025452","Promoter (<=1kb)",344,"Sc0000055",1025052,1025452,401,"*",0,0,6.61646448808054,0,20,1024708,1025755,1048,1,"Amillepora28449","Amillepora28449-RA",8.08642773968145,TRUE,344,5,"High expression"
"Amillepora28450",0.270482521766879,"Sc0000055:1028725-1029125","Promoter (2-3kb)",-2121,"Sc0000055",1028725,1029125,401,"*",17.9421907869348,42.2370054499496,23.1576257082819,6.41150886537363,20,1031246,1032169,924,1,"Amillepora28450","Amillepora28450-RA",85.2916680321311,TRUE,2121,1,"Low expression"
"Amillepora28453",553.744509045375,"Sc0000055:1112868-1113268","Promoter (1-2kb)",1959,"Sc0000055",1112868,1113268,401,"*",5.98073026231162,5.43047212927923,26.4658579523221,20.6593063439817,20,1110909,1111955,1047,1,"Amillepora28453","Amillepora28453-RA",64.7722045216002,TRUE,1959,5,"High expression"
"Amillepora28488",0.353223356369569,"Sc0000059:120090-120490","Promoter (1-2kb)",-1852,"Sc0000059",120090,120490,401,"*",5.98073026231162,1.81015737642641,6.61646448808054,2.84955949572161,21,111740,118238,6499,2,"Amillepora28488","Amillepora28488-RA",14.9899792116632,TRUE,1852,1,"Low expression"
"Amillepora28639",0.26915732771629,"Sc0000061:466426-466826","Promoter (<=1kb)",0,"Sc0000061",466426,466826,401,"*",26.9132861804023,50.0810207477973,26.4658579523221,30.6327645790073,22,466636,469005,2370,1,"Amillepora28639","Amillepora28639-RA",129.410503406786,TRUE,0,1,"Low expression"
"Amillepora28734",114.91942376694,"Sc0000061:1082705-1083105","Promoter (<=1kb)",0,"Sc0000061",1082705,1083105,401,"*",137.556796033167,25.3422032699697,21.5035095862617,40.606222814033,22,1082943,1098123,15181,1,"Amillepora28734","Amillepora28734-RA",137.474531327359,TRUE,0,5,"High expression"
"Amillepora28736",0.180975760205711,"Sc0000061:1102302-1102702","Promoter (2-3kb)",2016,"Sc0000061",1102302,1102702,401,"*",47.8458420984929,44.047162826376,72.7811093688859,52.7168506708498,22,1099223,1104718,5496,2,"Amillepora28736","Amillepora28736-RA",211.865861374626,TRUE,2016,1,"Low expression"
"Amillepora28793",0.335500156568416,"Sc0000066:102455-102855","Promoter (2-3kb)",2304,"Sc0000066",102455,102855,401,"*",83.7302236723626,35.5997617363861,59.5481803927248,22.7964759657729,23,100151,101267,1117,1,"Amillepora28793","Amillepora28793-RA",159.433117076026,TRUE,2304,1,"Low expression"
"Amillepora28804",32.1460323089602,"Sc0000066:187485-187885","Promoter (<=1kb)",0,"Sc0000066",187485,187885,401,"*",74.7591282788952,15.0846448035534,18.1952773422215,40.606222814033,23,187539,191913,4375,1,"Amillepora28804","Amillepora28804-RA",106.639945144346,TRUE,0,5,"High expression"
"Amillepora29052",41.6176841245949,"Sc0000070:485190-485590","Promoter (2-3kb)",2736,"Sc0000070",485190,485590,401,"*",2.99036513115581,0,0,5.69911899144323,24,449471,488326,38856,2,"Amillepora29052","Amillepora29052-RA",7.70328098621844,TRUE,2736,5,"High expression"
"Amillepora29191",140.807021944929,"Sc0000072:919025-919425","Promoter (2-3kb)",-2354,"Sc0000072",919025,919425,401,"*",17.9421907869348,8.44740108998991,9.92469673212081,42.7433924358242,25,921779,924074,2296,1,"Amillepora29191","Amillepora29191-RA",77.6883973731974,TRUE,2354,5,"High expression"
"Amillepora29219",0.206843689727976,"Sc0000077:34275-34675","Promoter (<=1kb)",-756,"Sc0000077",34275,34675,401,"*",173.441177607037,8.44740108998991,90.9763867111074,94.0354633588132,26,35431,36696,1266,1,"Amillepora29219","Amillepora29219-RA",278.747068802751,TRUE,756,1,"Low expression"
"Amillepora29234",0.256515196285944,"Sc0000077:146492-146892","Promoter (1-2kb)",1016,"Sc0000077",146492,146892,401,"*",0,0,1.65411612202013,12.8230177307473,26,145476,177509,32034,1,"Amillepora29234","Amillepora29234-RA",17.6444913359909,TRUE,1016,1,"Low expression"
"Amillepora29278",0.288479751363063,"Sc0000077:439043-439443","Promoter (1-2kb)",-1317,"Sc0000077",439043,439443,401,"*",361.834180869853,2.41354316856855,1.65411612202013,4.27433924358242,26,436810,437726,917,2,"Amillepora29278","Amillepora29278-RA",101.711889854929,TRUE,1317,1,"Low expression"
"Amillepora29314",0.353457252460441,"Sc0000077:624532-624932","Promoter (2-3kb)",2189,"Sc0000077",624532,624932,401,"*",5.98073026231162,2.41354316856855,1.65411612202013,12.1106278568169,26,622343,627766,5424,1,"Amillepora29314","Amillepora29314-RA",20.8457679522059,TRUE,2189,1,"Low expression"
"Amillepora29336",0.327637705148753,"Sc0000077:726108-726508","Promoter (<=1kb)",909,"Sc0000077",726108,726508,401,"*",0,4.22370054499496,4.9623483660604,0.712389873930403,26,725199,726446,1248,1,"Amillepora29336","Amillepora29336-RA",11.3946656165349,TRUE,909,1,"Low expression"
"Amillepora29353",0.166769036053782,"Sc0000077:835637-836037","Promoter (2-3kb)",2908,"Sc0000077",835637,836037,401,"*",0,0,6.61646448808054,0.712389873930403,26,835853,838945,3093,2,"Amillepora29353","Amillepora29353-RA",8.95436576196315,TRUE,2908,1,"Low expression"
"Amillepora29369",0.111623170769951,"Sc0000077:937346-937746","Promoter (<=1kb)",378,"Sc0000077",937346,937746,401,"*",5.98073026231162,4.82708633713709,9.92469673212081,2.84955949572161,26,936968,941013,4046,1,"Amillepora29369","Amillepora29369-RA",22.2202693597126,TRUE,378,1,"Low expression"
"Amillepora29384",0.180084917659711,"Sc0000077:1088900-1089300","Promoter (<=1kb)",382,"Sc0000077",1088900,1089300,401,"*",47.8458420984929,39.823462281381,29.7740901963624,81.9248355019964,26,1088518,1096723,8206,1,"Amillepora29384","Amillepora29384-RA",190.427633190754,TRUE,382,1,"Low expression"
"Amillepora29435",0.320255622598126,"Sc0000080:562349-562749","Promoter (<=1kb)",-980,"Sc0000080",562349,562749,401,"*",5.98073026231162,9.05078688213205,8.27058061010067,1.42477974786081,27,563729,584376,20648,1,"Amillepora29435","Amillepora29435-RA",22.924693169721,TRUE,980,1,"Low expression"
"Amillepora29443",0.288741561925371,"Sc0000080:693792-694192","Promoter (2-3kb)",2108,"Sc0000080",693792,694192,401,"*",29.9036513115581,4.22370054499496,0,0,27,691684,715522,23839,1,"Amillepora29443","Amillepora29443-RA",12.059674869141,TRUE,2108,1,"Low expression"
"Amillepora29444",0.145157214877603,"Sc0000080:725470-725870","Promoter (<=1kb)",0,"Sc0000080",725470,725870,401,"*",11.9614605246232,0,0,0,27,725826,727079,1254,1,"Amillepora29444","Amillepora29444-RA",3.03910723185955,TRUE,0,1,"Low expression"
"Amillepora29448",0.251045591529597,"Sc0000080:753982-754382","Promoter (1-2kb)",1425,"Sc0000080",753982,754382,401,"*",8.97109539346742,5.43047212927923,3.30823224404027,0,27,752557,770606,18050,1,"Amillepora29448","Amillepora29448-RA",12.059281594511,TRUE,1425,1,"Low expression"
"Amillepora29449",0.342049729627326,"Sc0000080:764439-764839","Promoter (<=1kb)",320,"Sc0000080",764439,764839,401,"*",32.8940164427139,25.3422032699697,6.61646448808054,29.2079848311465,27,764320,765159,840,2,"Amillepora29449","Amillepora29449-RA",78.8008722777974,TRUE,320,1,"Low expression"
"Amillepora29587",47.3745263473223,"Sc0000086:329256-329656","Promoter (<=1kb)",0,"Sc0000086",329256,329656,401,"*",113.633874983921,88.6977114448941,23.1576257082819,19.2345265961209,28,324226,329648,5423,2,"Amillepora29587","Amillepora29587-RA",174.308384972492,TRUE,0,5,"High expression"
"Amillepora29652",26.7125951847765,"Sc0000089:40148-40548","Promoter (<=1kb)",0,"Sc0000089",40148,40548,401,"*",35.8843815738697,64.5622797592086,34.7364385624228,56.2788000405019,29,38293,40330,2038,2,"Amillepora29652","Amillepora29652-RA",188.341603442826,TRUE,0,5,"High expression"
"Amillepora29662",0.150971240882292,"Sc0000089:315517-315917","Promoter (<=1kb)",0,"Sc0000089",315517,315917,401,"*",5.98073026231162,1.81015737642641,0,3.56194936965202,29,313063,315680,2618,2,"Amillepora29662","Amillepora29662-RA",7.77148949426345,TRUE,0,1,"Low expression"
"Amillepora29671",0.267345524331363,"Sc0000089:597818-598218","Promoter (1-2kb)",-1317,"Sc0000089",597818,598218,401,"*",2.99036513115581,25.9455890621119,11.5788128541409,28.4955949572161,29,594620,596501,1882,2,"Amillepora29671","Amillepora29671-RA",77.0374022362696,TRUE,1317,1,"Low expression"
"Amillepora29682",0.329811688502659,"Sc0000089:905434-905834","Promoter (<=1kb)",441,"Sc0000089",905434,905834,401,"*",11.9614605246232,34.9963759442439,14.8870450981812,4.98672911751282,29,904993,921843,16851,1,"Amillepora29682","Amillepora29682-RA",64.2792206293352,TRUE,441,1,"Low expression"
"Amillepora29691",0.256368682522277,"Sc0000089:1082709-1083109","Promoter (<=1kb)",605,"Sc0000089",1082709,1083109,401,"*",38.8747467050255,15.0846448035534,31.4282063183826,19.2345265961209,29,1081021,1083714,2694,2,"Amillepora29691","Amillepora29691-RA",87.6573382596796,TRUE,605,1,"Low expression"
"Amillepora29829",0.179659660149573,"Sc0000091:883783-884183","Promoter (<=1kb)",0,"Sc0000091",883783,884183,401,"*",20.9325559180907,10.8609442585585,13.2329289761611,29.2079848311465,30,871993,883963,11971,2,"Amillepora29829","Amillepora29829-RA",68.5502266502178,TRUE,0,1,"Low expression"
"Amillepora29854",0.155221873717532,"Sc0000094:47628-48028","Promoter (<=1kb)",-320,"Sc0000094",47628,48028,401,"*",0,18.1015737642641,4.9623483660604,3.56194936965202,31,48348,58250,9903,1,"Amillepora29854","Amillepora29854-RA",29.5269685854216,TRUE,320,1,"Low expression"
"Amillepora29912",0.299642303841724,"Sc0000094:642181-642581","Promoter (1-2kb)",1056,"Sc0000094",642181,642581,401,"*",5.98073026231162,33.1862185678175,0,0.712389873930403,31,639708,643637,3930,2,"Amillepora29912","Amillepora29912-RA",37.4453306985068,TRUE,1056,1,"Low expression"
"Amillepora29916",0.304472904668123,"Sc0000094:742618-743018","Promoter (<=1kb)",-228,"Sc0000094",742618,743018,401,"*",0,0,6.61646448808054,3.56194936965202,31,743246,744347,1102,1,"Amillepora29916","Amillepora29916-RA",12.4261178510899,TRUE,228,1,"Low expression"
"Amillepora29917",0.233369798418064,"Sc0000094:758563-758963","Promoter (<=1kb)",-878,"Sc0000094",758563,758963,401,"*",29.9036513115581,26.548974854254,43.0070191725235,89.7611241152308,31,759841,760672,832,1,"Amillepora29917","Amillepora29917-RA",197.566010443308,TRUE,878,1,"Low expression"
"Amillepora29939",0.26446450311737,"Sc0000095:86908-87308","Promoter (<=1kb)",244,"Sc0000095",86908,87308,401,"*",68.7783980165836,34.9963759442439,119.09636078545,82.6372253759268,32,84538,87552,3015,2,"Amillepora29939","Amillepora29939-RA",300.681461309356,TRUE,244,1,"Low expression"
"Amillepora29971",0.319680828344283,"Sc0000095:923976-924376","Promoter (<=1kb)",894,"Sc0000095",923976,924376,401,"*",20.9325559180907,0.603385792142137,21.5035095862617,7.12389873930403,32,923082,924020,939,1,"Amillepora29971","Amillepora29971-RA",40.9161232881776,TRUE,894,1,"Low expression"
"Amillepora29976",0.296853141986831,"Sc0000095:939553-939953","Promoter (1-2kb)",1615,"Sc0000095",939553,939953,401,"*",26.9132861804023,2.41354316856855,14.8870450981812,24.2212557136337,32,937938,940692,2755,1,"Amillepora29976","Amillepora29976-RA",57.0920074661118,TRUE,1615,1,"Low expression"
"Amillepora30102",0.348819185139147,"Sc0000098:40781-41181","Promoter (1-2kb)",1897,"Sc0000098",40781,41181,401,"*",41.8651118361813,89.9044830291783,61.202296514745,75.5133266366228,33,38884,41090,2207,1,"Amillepora30102","Amillepora30102-RA",272.41263535604,TRUE,1897,1,"Low expression"
"Amillepora30156",0.280820090653866,"Sc0000102:174455-174855","Promoter (1-2kb)",1014,"Sc0000102",174455,174855,401,"*",0,6.03385792142137,4.9623483660604,5.69911899144323,34,172723,175869,3147,2,"Amillepora30156","Amillepora30156-RA",19.382477539432,TRUE,1014,1,"Low expression"
"Amillepora30239",0.145446378422921,"Sc0000104:18820-19220","Promoter (<=1kb)",0,"Sc0000104",18820,19220,401,"*",122.604970377388,117.660229467717,186.915121788275,46.3053418054762,35,16550,18869,2320,2,"Amillepora30239","Amillepora30239-RA",440.30437907101,TRUE,0,1,"Low expression"
"Amillepora30316",0.144739389194009,"Sc0000104:665318-665718","Promoter (2-3kb)",2745,"Sc0000104",665318,665718,401,"*",0,0.603385792142137,4.9623483660604,7.12389873930403,35,668011,668463,453,2,"Amillepora30316","Amillepora30316-RA",15.3816162832197,TRUE,2745,1,"Low expression"
"Amillepora30361",109.42719570679,"xfSc0000046:148503-148903","Promoter (<=1kb)",-6,"xfSc0000046",148503,148903,401,"*",263.152131541711,16.8948021799798,61.202296514745,82.6372253759268,164,146101,148497,2397,2,"Amillepora30361","Amillepora30361-RA",260.188253435609,TRUE,6,5,"High expression"
"Amillepora30379",0.109969267940422,"xfSc0000046:407587-407987","Promoter (1-2kb)",-1809,"xfSc0000046",407587,407987,401,"*",0,0.603385792142137,0,4.98672911751282,164,409796,414171,4376,1,"Amillepora30379","Amillepora30379-RA",6.71298141161358,TRUE,1809,1,"Low expression"
"Amillepora30381",0.321574374554228,"xfSc0000046:465850-466250","Promoter (<=1kb)",-369,"xfSc0000046",465850,466250,401,"*",0,10.8609442585585,0,4.98672911751282,164,466619,472525,5907,1,"Amillepora30381","Amillepora30381-RA",17.5490407575231,TRUE,369,1,"Low expression"
"Amillepora30412",23.6772298458095,"xfSc0000046:871112-871512","Promoter (<=1kb)",-823,"xfSc0000046",871112,871512,401,"*",5.98073026231162,0,9.92469673212081,2.13716962179121,164,872335,881048,8714,1,"Amillepora30412","Amillepora30412-RA",16.253009292297,TRUE,823,5,"High expression"
"Amillepora30429",41.1858338490506,"xfSc0000047:183973-184373","Promoter (2-3kb)",-2498,"xfSc0000047",183973,184373,401,"*",0,10.2575584664163,23.1576257082819,17.0973569743297,165,153227,181475,28249,2,"Amillepora30429","Amillepora30429-RA",59.9690689695552,TRUE,2498,5,"High expression"
"Amillepora30433",104.354185193225,"xfSc0000047:217060-217460","Promoter (1-2kb)",-1368,"xfSc0000047",217060,217460,401,"*",0,4.82708633713709,0,1.42477974786081,165,200277,215692,15416,2,"Amillepora30433","Amillepora30433-RA",6.83519808969726,TRUE,1368,5,"High expression"
"Amillepora30643",0.195153620691642,"Sc0000115:710942-711342","Promoter (1-2kb)",1501,"Sc0000115",710942,711342,401,"*",11.9614605246232,5.43047212927923,0,5.69911899144323,38,709441,710499,1059,1,"Amillepora30643","Amillepora30643-RA",15.7193487108887,TRUE,1501,1,"Low expression"
"Amillepora30689",0.321222769831549,"Sc0000118:534864-535264","Promoter (<=1kb)",677,"Sc0000118",534864,535264,401,"*",0,34.3929901521018,19.8493934642416,1.42477974786081,39,529852,535941,6090,2,"Amillepora30689","Amillepora30689-RA",62.3278288351866,TRUE,677,1,"Low expression"
"Amillepora30723",62.0212640908536,"Sc0000120:336481-336881","Promoter (<=1kb)",0,"Sc0000120",336481,336881,401,"*",328.940164427139,18.1015737642641,84.3599222230269,92.6106836109524,40,336519,354416,17898,1,"Amillepora30723","Amillepora30723-RA",318.631803122949,TRUE,0,5,"High expression"
"Amillepora30751",287.412066341175,"Sc0000120:701079-701479","Promoter (1-2kb)",-1585,"Sc0000120",701079,701479,401,"*",5.98073026231162,16.8948021799798,4.9623483660604,16.3849671003993,40,703064,716245,13182,1,"Amillepora30751","Amillepora30751-RA",45.3945760911383,TRUE,1585,5,"High expression"
"Amillepora30757",293.104317465979,"Sc0000120:788312-788712","Promoter (<=1kb)",119,"Sc0000120",788312,788712,401,"*",44.8554769673371,43.4437770342338,31.4282063183826,21.3716962179121,40,759894,788831,28938,2,"Amillepora30757","Amillepora30757-RA",121.739222957616,TRUE,119,5,"High expression"
"Amillepora30790",42.3662028357265,"Sc0000120:896327-896727","Promoter (<=1kb)",-675,"Sc0000120",896327,896727,401,"*",98.6820493281416,73.6130666413407,51.2775997826242,12.1106278568169,40,880592,895652,15061,2,"Amillepora30790","Amillepora30790-RA",180.262057212453,TRUE,675,5,"High expression"
"Amillepora30798",0.113336875945277,"Sc0000121:108400-108800","Promoter (1-2kb)",-1848,"Sc0000121",108400,108800,401,"*",14.951825655779,0,13.2329289761611,7.12389873930403,41,110648,111541,894,1,"Amillepora30798","Amillepora30798-RA",28.6511197420043,TRUE,1848,1,"Low expression"
"Amillepora30922",54.9495384501198,"Sc0000122:553402-553802","Promoter (<=1kb)",0,"Sc0000122",553402,553802,401,"*",26.9132861804023,76.6299956020513,29.7740901963624,45.5929519315458,42,553506,562198,8693,1,"Amillepora30922","Amillepora30922-RA",179.726686992779,TRUE,0,5,"High expression"
"Amillepora30923",24.1068858881755,"Sc0000122:562219-562619","Promoter (<=1kb)",640,"Sc0000122",562219,562619,401,"*",29.9036513115581,44.6505486185181,0,21.3716962179121,42,562262,563259,998,2,"Amillepora30923","Amillepora30923-RA",80.804637665588,TRUE,640,5,"High expression"
"Amillepora30956",0.133780600531825,"Sc0000126:119368-119768","Promoter (1-2kb)",1843,"Sc0000126",119368,119768,401,"*",0,0,1.65411612202013,7.12389873930403,43,117525,118088,564,1,"Amillepora30956","Amillepora30956-RA",10.7009871577373,TRUE,1843,1,"Low expression"
"Amillepora30972",18.8007051049424,"Sc0000126:302001-302401","Promoter (<=1kb)",408,"Sc0000126",302001,302401,401,"*",32.8940164427139,2.41354316856855,9.92469673212081,18.5221367221905,43,302008,302809,802,2,"Amillepora30972","Amillepora30972-RA",45.6032360990269,TRUE,408,5,"High expression"
"Amillepora30978",0.354467711628795,"Sc0000126:452298-452698","Promoter (<=1kb)",470,"Sc0000126",452298,452698,401,"*",23.9229210492465,4.22370054499496,33.0823224404027,34.1947139486594,43,451828,454514,2687,1,"Amillepora30978","Amillepora30978-RA",92.6332850211399,TRUE,470,1,"Low expression"
"Amillepora31040",55.2435243103488,"Sc0000127:289104-289504","Promoter (<=1kb)",0,"Sc0000127",289104,289504,401,"*",89.7109539346742,28.3591322306804,43.0070191725235,45.5929519315458,44,289344,292187,2844,1,"Amillepora31040","Amillepora31040-RA",160.861634988066,TRUE,0,5,"High expression"
"Amillepora31045",0.252170014325262,"Sc0000127:307361-307761","Promoter (<=1kb)",116,"Sc0000127",307361,307761,401,"*",23.9229210492465,3.01692896071068,14.8870450981812,6.41150886537363,44,307245,308366,1122,1,"Amillepora31045","Amillepora31045-RA",35.2711953567463,TRUE,116,1,"Low expression"
"Amillepora31090",0.237073837853758,"xfSc0000062:185437-185837","Promoter (1-2kb)",1245,"xfSc0000062",185437,185837,401,"*",11.9614605246232,4.82708633713709,18.1952773422215,52.0044607969194,166,184192,186702,2511,1,"Amillepora31090","Amillepora31090-RA",93.735581187681,TRUE,1245,1,"Low expression"
"Amillepora31133",0.238409314860301,"Sc0000132:222307-222707","Promoter (<=1kb)",0,"Sc0000132",222307,222707,401,"*",0,4.82708633713709,1.65411612202013,2.13716962179121,45,217318,222327,5010,2,"Amillepora31133","Amillepora31133-RA",9.7247430468993,TRUE,0,1,"Low expression"
"Amillepora31148",0.337412610365471,"Sc0000132:532394-532794","Promoter (2-3kb)",-2269,"Sc0000132",532394,532794,401,"*",5.98073026231162,0,0,7.83628861323444,45,535063,539733,4671,1,"Amillepora31148","Amillepora31148-RA",11.0668718610284,TRUE,2269,1,"Low expression"
"Amillepora31167",0.101246941548478,"Sc0000132:757395-757795","Promoter (<=1kb)",486,"Sc0000132",757395,757795,401,"*",11.9614605246232,0.603385792142137,8.27058061010067,7.83628861323444,45,754313,758281,3969,2,"Amillepora31167","Amillepora31167-RA",23.3318754072017,TRUE,486,1,"Low expression"
"Amillepora31168",0.224135868089445,"xfSc0000066:60852-61252","Promoter (<=1kb)",-445,"xfSc0000066",60852,61252,401,"*",11.9614605246232,21.7218885171169,1.65411612202013,14.9601873525385,167,61697,65879,4183,1,"Amillepora31168","Amillepora31168-RA",46.2343618377979,TRUE,445,1,"Low expression"
"Amillepora31308",0.266164517794134,"Sc0000137:237526-237926","Promoter (1-2kb)",1450,"Sc0000137",237526,237926,401,"*",0,21.1185027249748,0,5.69911899144323,48,236076,243970,7895,1,"Amillepora31308","Amillepora31308-RA",29.2530381257142,TRUE,1450,1,"Low expression"
"Amillepora31343",0.26664977512667,"Sc0000137:600092-600492","Promoter (<=1kb)",117,"Sc0000137",600092,600492,401,"*",14.951825655779,23.5320458935433,46.3152514165638,80.5000557541356,48,599975,602539,2565,1,"Amillepora31343","Amillepora31343-RA",183.340069705454,TRUE,117,1,"Low expression"
"Amillepora31386",0.299127707232778,"xpSc0000522:494023-494423","Promoter (<=1kb)",538,"xpSc0000522",494023,494423,401,"*",35.8843815738697,25.3422032699697,64.5105287587852,30.6327645790073,407,493266,494961,1696,2,"Amillepora31386","Amillepora31386-RA",152.052767852538,TRUE,538,1,"Low expression"
"Amillepora31514",377.05789600704,"Sc0000139:515259-515659","Promoter (<=1kb)",0,"Sc0000139",515259,515659,401,"*",95.6916841969858,7.84401529784777,1.65411612202013,7.83628861323444,50,506211,515339,9129,2,"Amillepora31514","Amillepora31514-RA",44.168181358238,TRUE,0,5,"High expression"
"Amillepora31661",200.3881048959,"xpSc0000528:402644-403044","Promoter (<=1kb)",-646,"xpSc0000528",402644,403044,401,"*",98.6820493281416,21.7218885171169,41.3529030505034,52.7168506708498,408,403690,412463,8774,1,"Amillepora31661","Amillepora31661-RA",162.787170887798,TRUE,646,5,"High expression"
"Amillepora31699",0.0986472272317603,"Sc0000146:179157-179557","Promoter (<=1kb)",-40,"Sc0000146",179157,179557,401,"*",5.98073026231162,10.2575584664163,19.8493934642416,0,53,173901,179117,5217,2,"Amillepora31699","Amillepora31699-RA",36.6148961808836,TRUE,40,1,"Low expression"
"Amillepora31855",22.3720022524357,"xfSc0000077:277999-278399","Promoter (<=1kb)",-584,"xfSc0000077",277999,278399,401,"*",5.98073026231162,0.603385792142137,0,9.97345823502565,168,278983,290537,11555,1,"Amillepora31855","Amillepora31855-RA",14.3081011835152,TRUE,584,5,"High expression"
"Amillepora31980",0.253099689795208,"Sc0000150:346667-347067","Promoter (<=1kb)",639,"Sc0000150",346667,347067,401,"*",17.9421907869348,31.3760611913911,9.92469673212081,37.7566633183114,56,346421,347706,1286,2,"Amillepora31980","Amillepora31980-RA",95.8346109316114,TRUE,639,1,"Low expression"
"Amillepora31989",82.5846414235668,"Sc0000150:447478-447878","Promoter (<=1kb)",0,"Sc0000150",447478,447878,401,"*",11.9614605246232,6.03385792142137,0,8.54867848716484,56,415841,447685,31845,2,"Amillepora31989","Amillepora31989-RA",19.8285160556572,TRUE,0,5,"High expression"
"Amillepora32017",0.153534588489322,"xfSc0000078:189318-189718","Promoter (1-2kb)",1935,"xfSc0000078",189318,189718,401,"*",5.98073026231162,0,0,0,169,187383,188783,1401,1,"Amillepora32017","Amillepora32017-RA",1.51955361592978,TRUE,1935,1,"Low expression"
"Amillepora32028",0.18273621958895,"xfSc0000078:355115-355515","Promoter (<=1kb)",843,"xfSc0000078",355115,355515,401,"*",0,0,6.61646448808054,0,169,353994,356358,2365,2,"Amillepora32028","Amillepora32028-RA",8.08642773968145,TRUE,843,1,"Low expression"
"Amillepora32200",221.364875563834,"xfSc0000084:497527-497927","Promoter (<=1kb)",0,"xfSc0000084",497527,497927,401,"*",86.7205888035184,23.5320458935433,34.7364385624228,47.0177316794066,172,494640,497830,3191,2,"Amillepora32200","Amillepora32200-RA",146.630377504929,TRUE,0,5,"High expression"
"Amillepora32220",0.368473372790412,"Sc0000152:87127-87527","Promoter (<=1kb)",865,"Sc0000152",87127,87527,401,"*",5.98073026231162,1.20677158428427,3.30823224404027,0,58,85198,88392,3195,2,"Amillepora32220","Amillepora32220-RA",6.83759799705397,TRUE,865,1,"Low expression"
"Amillepora32267",72.4999756304512,"xpSc0000532:69206-69606","Promoter (<=1kb)",-897,"xpSc0000532",69206,69606,401,"*",158.489351951258,19.3083453485484,34.7364385624228,45.5929519315458,409,58645,68309,9665,2,"Amillepora32267","Amillepora32267-RA",158.667238062031,TRUE,897,5,"High expression"
"Amillepora32292",0.292117791722733,"xpSc0000532:369590-369990","Promoter (<=1kb)",0,"xpSc0000532",369590,369990,401,"*",5.98073026231162,0,0,0,409,364806,369720,4915,2,"Amillepora32292","Amillepora32292-RA",1.51955361592978,TRUE,0,1,"Low expression"
"Amillepora32332",0.345394623540085,"Sc0000155:360555-360955","Promoter (1-2kb)",-1814,"Sc0000155",360555,360955,401,"*",14.951825655779,3.01692896071068,33.0823224404027,25.6460354614945,59,362769,372117,9349,1,"Amillepora32332","Amillepora32332-RA",78.6638678185813,TRUE,1814,1,"Low expression"
"Amillepora32354",0.241200591959779,"Sc0000155:512895-513295","Promoter (2-3kb)",2588,"Sc0000155",512895,513295,401,"*",2.99036513115581,79.646924562762,9.92469673212081,37.044273444381,59,510307,512046,1740,1,"Amillepora32354","Amillepora32354-RA",142.161009320844,TRUE,2588,1,"Low expression"
"Amillepora32430",0.213725837729251,"xfSc0000091:172622-173022","Promoter (1-2kb)",1604,"xfSc0000091",172622,173022,401,"*",0,7.24062950570564,49.623483660604,46.3053418054762,173,171018,193844,22827,1,"Amillepora32430","Amillepora32430-RA",124.713162563622,TRUE,1604,1,"Low expression"
"Amillepora32452",0.214961154270796,"xfSc0000091:491120-491520","Promoter (1-2kb)",1551,"xfSc0000091",491120,491520,401,"*",11.9614605246232,1.81015737642641,6.61646448808054,47.0177316794066,173,489569,521541,31973,1,"Amillepora32452","Amillepora32452-RA",70.321690209058,TRUE,1551,1,"Low expression"
"Amillepora32526",0.368332179785219,"Sc0000160:363014-363414","Promoter (<=1kb)",328,"Sc0000160",363014,363414,401,"*",2.99036513115581,0,8.27058061010067,1.42477974786081,62,321709,363742,42034,2,"Amillepora32526","Amillepora32526-RA",12.6036875271301,TRUE,328,1,"Low expression"
"Amillepora32528",33.114269284966,"Sc0000160:343810-344210","Promoter (<=1kb)",0,"Sc0000160",343810,344210,401,"*",23.9229210492465,39.823462281381,23.1576257082819,31.3451544529377,62,344060,348951,4892,1,"Amillepora32528","Amillepora32528-RA",114.639391405353,TRUE,0,5,"High expression"
"Amillepora32675",0.262769258790603,"Sc0000161:406717-407117","Promoter (<=1kb)",607,"Sc0000161",406717,407117,401,"*",11.9614605246232,62.7521223827822,66.1646448808054,33.482324074729,63,406291,407724,1434,2,"Amillepora32675","Amillepora32675-RA",190.987658262654,TRUE,607,1,"Low expression"
"Amillepora32690",0.122490520676183,"Sc0000161:522757-523157","Promoter (<=1kb)",732,"Sc0000161",522757,523157,401,"*",32.8940164427139,53.097949708508,24.811741830302,65.5398684015971,63,522025,524894,2870,1,"Amillepora32690","Amillepora32690-RA",174.624489457808,TRUE,732,1,"Low expression"
"Amillepora32718",0.226937459405876,"xpSc0000534:265676-266076","Promoter (<=1kb)",539,"xpSc0000534",265676,266076,401,"*",14.951825655779,47.0640917870866,76.0893416129262,24.9336455875641,410,263170,266615,3446,2,"Amillepora32718","Amillepora32718-RA",176.889023766076,TRUE,539,1,"Low expression"
"Amillepora32777",0.233960829424295,"Sc0000165:466534-466934","Promoter (<=1kb)",-866,"Sc0000165",466534,466934,401,"*",0,0.603385792142137,0,10.685848108956,64,464292,465668,1377,2,"Amillepora32777","Amillepora32777-RA",13.6564855898671,TRUE,866,1,"Low expression"
"Amillepora32855",0.173823650287396,"xpSc0000536:6651-7051","Promoter (2-3kb)",2184,"xpSc0000536",6651,7051,401,"*",11.9614605246232,22.325274309259,28.1199740743423,24.2212557136337,412,6560,9235,2676,2,"Amillepora32855","Amillepora32855-RA",90.5006823418274,TRUE,2184,1,"Low expression"
"Amillepora32889",874.547804990827,"xfSc0000102:69349-69749","Promoter (<=1kb)",-39,"xfSc0000102",69349,69749,401,"*",41.8651118361813,59.1318076299294,23.1576257082819,22.0840860918425,176,69788,82019,12232,1,"Amillepora32889","Amillepora32889-RA",128.312146144016,TRUE,39,5,"High expression"
"Amillepora33079",232.461763902416,"xpSc0000539:464601-465001","Promoter (<=1kb)",-673,"xpSc0000539",464601,465001,401,"*",8.97109539346742,22.9286601014012,11.5788128541409,17.0973569743297,414,465674,478089,12416,1,"Amillepora33079","Amillepora33079-RA",61.4828712174837,TRUE,673,5,"High expression"
"Amillepora33125",0.212714756226402,"xfSc0000105:279285-279685","Promoter (1-2kb)",-1278,"xfSc0000105",279285,279685,401,"*",29.9036513115581,0.603385792142137,11.5788128541409,12.8230177307473,178,280963,283866,2904,1,"Amillepora33125","Amillepora33125-RA",38.0093162808037,TRUE,1278,1,"Low expression"
"Amillepora33173",0.129098462261608,"xpSc0000542:170742-171142","Promoter (2-3kb)",-2051,"xpSc0000542",170742,171142,401,"*",5.98073026231162,19.3083453485484,4.9623483660604,0.712389873930403,415,173193,191398,18206,1,"Amillepora33173","Amillepora33173-RA",28.8496006235081,TRUE,2051,1,"Low expression"
"Amillepora33274",0.219600463529948,"xpSc0000546:169743-170143","Promoter (1-2kb)",-1365,"xpSc0000546",169743,170143,401,"*",23.9229210492465,15.0846448035534,29.7740901963624,4.98672911751282,416,171508,181262,9755,1,"Amillepora33274","Amillepora33274-RA",64.4780868393008,TRUE,1365,1,"Low expression"
"Amillepora33276",0.32864296261784,"xpSc0000546:209219-209619","Promoter (<=1kb)",983,"xpSc0000546",209219,209619,401,"*",0,0,4.9623483660604,25.6460354614945,416,208236,213076,4841,1,"Amillepora33276","Amillepora33276-RA",37.310589606902,TRUE,983,1,"Low expression"
"Amillepora33370",55.2760511024548,"xpSc0000548:28318-28718","Promoter (1-2kb)",1432,"xpSc0000548",28318,28718,401,"*",2.99036513115581,4.82708633713709,1.65411612202013,3.56194936965202,417,26886,31161,4276,1,"Amillepora33370","Amillepora33370-RA",12.2203958994276,TRUE,1432,5,"High expression"
"Amillepora33449",0.315029207944835,"Sc0000176:67104-67504","Promoter (2-3kb)",-2002,"Sc0000176",67104,67504,401,"*",20.9325559180907,26.548974854254,8.27058061010067,6.41150886537363,71,61428,65102,3675,2,"Amillepora33449","Amillepora33449-RA",51.2841857791276,TRUE,2002,1,"Low expression"
"Amillepora33511",19.8826122867494,"xpSc0000549:106407-106807","Promoter (<=1kb)",0,"xpSc0000549",106407,106807,401,"*",83.7302236723626,16.8948021799798,21.5035095862617,42.0310025618938,418,101177,106654,5478,2,"Amillepora33511","Amillepora33511-RA",116.61061124957,TRUE,0,5,"High expression"
"Amillepora33539",0.264956697770461,"xpSc0000550:72-472","Promoter (1-2kb)",-1514,"xpSc0000550",72,472,401,"*",14.951825655779,0.603385792142137,1.65411612202013,21.3716962179121,419,1986,2587,602,1,"Amillepora33539","Amillepora33539-RA",32.4960468988373,TRUE,1514,1,"Low expression"
"Amillepora33614",0.343856602263964,"xpSc0000551:287978-288378","Promoter (<=1kb)",-631,"xpSc0000551",287978,288378,401,"*",0,7.84401529784777,1.65411612202013,3.56194936965202,420,289009,292886,3878,1,"Amillepora33614","Amillepora33614-RA",14.6476953696714,TRUE,631,1,"Low expression"
"Amillepora33680",0.264113054568743,"xfSc0000118:177991-178391","Promoter (1-2kb)",-1233,"xfSc0000118",177991,178391,401,"*",65.7880328854278,3.01692896071068,21.5035095862617,27.7832050832857,185,179624,181153,1530,1,"Amillepora33680","Amillepora33680-RA",80.0326390763869,TRUE,1233,1,"Low expression"
"Amillepora33754",199.948910946439,"xfSc0000120:154104-154504","Promoter (<=1kb)",-172,"xfSc0000120",154104,154504,401,"*",68.7783980165836,12.6711016349849,23.1576257082819,40.606222814033,186,154676,172012,17337,1,"Amillepora33754","Amillepora33754-RA",108.635551310611,TRUE,172,5,"High expression"
"Amillepora33880",80.0494751832961,"Sc0000188:60577-60977","Promoter (<=1kb)",0,"Sc0000188",60577,60977,401,"*",119.614605246232,33.1862185678175,34.7364385624228,58.4159696622931,79,32104,60664,28561,2,"Amillepora33880","Amillepora33880-RA",179.073574839317,TRUE,0,5,"High expression"
"Amillepora34041",0.156152808505142,"xpSc0000555:2910-3310","Promoter (<=1kb)",0,"xpSc0000555",2910,3310,401,"*",2.99036513115581,0,3.30823224404027,4.27433924358242,424,3089,9023,5935,1,"Amillepora34041","Amillepora34041-RA",10.0106188114958,TRUE,0,1,"Low expression"
"Amillepora34061",48.6530287436721,"xpSc0000555:225543-225943","Promoter (<=1kb)",0,"xpSc0000555",225543,225943,401,"*",101.672414459297,20.5151169328326,18.1952773422215,45.5929519315458,424,214908,225715,10808,2,"Amillepora34061","Amillepora34061-RA",125.290239872777,TRUE,0,5,"High expression"
"Amillepora34097",0.108324727582733,"xfSc0000129:182795-183195","Promoter (1-2kb)",1407,"xfSc0000129",182795,183195,401,"*",2.99036513115581,12.0677158428427,0,9.97345823502565,190,180961,184602,3642,2,"Amillepora34097","Amillepora34097-RA",25.6592142327432,TRUE,1407,1,"Low expression"
"Amillepora34109",0.211245678678982,"Sc0000193:118986-119386","Promoter (2-3kb)",2805,"Sc0000193",118986,119386,401,"*",2.99036513115581,98.3518841191682,6.61646448808054,0,82,117350,122191,4842,2,"Amillepora34109","Amillepora34109-RA",112.744891217249,TRUE,2805,1,"Low expression"
"Amillepora34127",147.679104027822,"xfSc0000130:99785-100185","Promoter (<=1kb)",0,"xfSc0000130",99785,100185,401,"*",68.7783980165836,39.823462281381,28.1199740743423,45.5929519315458,191,92213,100174,7962,2,"Amillepora34127","Amillepora34127-RA",149.459624775221,TRUE,0,5,"High expression"
"Amillepora34190",0.339122710311973,"Sc0000196:209858-210258","Promoter (<=1kb)",-41,"Sc0000196",209858,210258,401,"*",8.97109539346742,25.9455890621119,3.30823224404027,0,84,210299,260200,49902,1,"Amillepora34190","Amillepora34190-RA",33.73140028633,TRUE,41,1,"Low expression"
"Amillepora34349",0.281318167776012,"xpSc0000559:209329-209729","Promoter (2-3kb)",2566,"xpSc0000559",209329,209729,401,"*",11.9614605246232,1.81015737642641,0,0,425,206763,208319,1557,1,"Amillepora34349","Amillepora34349-RA",4.95135299878475,TRUE,2566,1,"Low expression"
"Amillepora34357",0.136538918690178,"Sc0000200:28647-29047","Promoter (1-2kb)",-1098,"Sc0000200",28647,29047,401,"*",5.98073026231162,3.01692896071068,9.92469673212081,2.13716962179121,87,30145,34488,4344,1,"Amillepora34357","Amillepora34357-RA",19.4400855705057,TRUE,1098,1,"Low expression"
"Amillepora34430",0.335891912520276,"xfSc0000137:288541-288941","Promoter (<=1kb)",-943,"xfSc0000137",288541,288941,401,"*",8.97109539346742,88.0943256527519,13.2329289761611,12.8230177307473,197,283614,287598,3985,2,"Amillepora34430","Amillepora34430-RA",127.137697628021,TRUE,943,1,"Low expression"
"Amillepora34521",0.162245150628616,"Sc0000207:347-747","Promoter (<=1kb)",-90,"Sc0000207",347,747,401,"*",0,8.44740108998991,4.9623483660604,25.6460354614945,92,837,3668,2832,1,"Amillepora34521","Amillepora34521-RA",46.2344031858863,TRUE,90,1,"Low expression"
"Amillepora34581",0.227509679487364,"Sc0000209:87637-88037","Promoter (2-3kb)",-2796,"Sc0000209",87637,88037,401,"*",2.99036513115581,1.81015737642641,0,6.41150886537363,93,82642,84841,2200,2,"Amillepora34581","Amillepora34581-RA",10.4834647754253,TRUE,2796,1,"Low expression"
"Amillepora34588",0.266134182132235,"Sc0000209:207567-207967","Promoter (<=1kb)",0,"Sc0000209",207567,207967,401,"*",0,76.0266098099092,0,2.13716962179121,93,205097,207790,2694,2,"Amillepora34588","Amillepora34588-RA",82.9181362777035,TRUE,0,1,"Low expression"
"Amillepora34643",0.234515188511097,"xfSc0000145:197228-197628","Promoter (1-2kb)",1593,"xfSc0000145",197228,197628,401,"*",0,1.81015737642641,8.27058061010067,7.83628861323444,202,195635,199542,3908,1,"Amillepora34643","Amillepora34643-RA",21.5675986866256,TRUE,1593,1,"Low expression"
"Amillepora34789",3169.045421921,"Sc0000212:240599-240999","Promoter (<=1kb)",-117,"Sc0000212",240599,240999,401,"*",77.749493410051,19.3083453485484,6.61646448808054,58.4159696622931,95,234416,240482,6067,2,"Amillepora34789","Amillepora34789-RA",119.408830754403,TRUE,117,5,"High expression"
"Amillepora34837",0.116146518639602,"xpSc0000566:5757-6157","Promoter (1-2kb)",1619,"xpSc0000566",5757,6157,401,"*",11.9614605246232,11.4643300507006,36.390554684443,14.9601873525385,430,4138,10236,6099,1,"Amillepora34837","Amillepora34837-RA",77.8520481252161,TRUE,1619,1,"Low expression"
"Amillepora34838",0.151284816716113,"xpSc0000566:38482-38882","Promoter (2-3kb)",2009,"xpSc0000566",38482,38882,401,"*",0,18.1015737642641,9.92469673212081,9.97345823502565,430,5479,40891,35413,2,"Amillepora34838","Amillepora34838-RA",43.4032315907179,TRUE,2009,1,"Low expression"
"Amillepora34937",0.183838228222011,"xfSc0000154:102570-102970","Promoter (1-2kb)",-1576,"xfSc0000154",102570,102970,401,"*",0,4.82708633713709,1.65411612202013,4.27433924358242,211,91133,100994,9862,2,"Amillepora34937","Amillepora34937-RA",12.3285571137444,TRUE,1576,1,"Low expression"
"Amillepora34983",0.306575319800723,"Sc0000215:145937-146337","Promoter (<=1kb)",-160,"Sc0000215",145937,146337,401,"*",2.99036513115581,0.603385792142137,1.65411612202013,8.54867848716484,98,146497,147672,1176,1,"Amillepora34983","Amillepora34983-RA",13.8340552659073,TRUE,160,1,"Low expression"
"Amillepora35233",48.8461266751845,"Sc0000223:10106-10506","Promoter (1-2kb)",-1444,"Sc0000223",10106,10506,401,"*",23.9229210492465,1.81015737642641,4.9623483660604,0,104,11950,13919,1970,1,"Amillepora35233","Amillepora35233-RA",14.0552810354054,TRUE,1444,5,"High expression"
"Amillepora35249",0.341905149106054,"Sc0000223:200615-201015","Promoter (<=1kb)",-768,"Sc0000223",200615,201015,401,"*",11.9614605246232,0,0,9.97345823502565,104,195903,199847,3945,2,"Amillepora35249","Amillepora35249-RA",15.1902395438033,TRUE,768,1,"Low expression"
"Amillepora35272",0.284980006825431,"xfSc0000156:990-1390","Promoter (<=1kb)",941,"xfSc0000156",990,1390,401,"*",0,7.84401529784777,6.61646448808054,7.12389873930403,213,2,2331,2330,2,"Amillepora35272","Amillepora35272-RA",25.0522062858409,TRUE,941,1,"Low expression"
"Amillepora35442",54.5558051482124,"xfSc0000163:156603-157003","Promoter (<=1kb)",-69,"xfSc0000163",156603,157003,401,"*",71.7687631477394,10.8609442585585,24.811741830302,39.1814430661722,218,136762,156534,19773,2,"Amillepora35442","Amillepora35442-RA",107.768813242007,TRUE,69,5,"High expression"
"Amillepora35444",0.269018406479427,"xfSc0000164:83-483","Promoter (1-2kb)",1774,"xfSc0000164",83,483,401,"*",8.97109539346742,3.62031475285282,0,7.83628861323444,219,399,2257,1859,2,"Amillepora35444","Amillepora35444-RA",15.6511402028437,TRUE,1774,1,"Low expression"
"Amillepora35554",0.288434258572286,"xpSc0000574:166180-166580","Promoter (<=1kb)",-693,"xpSc0000574",166180,166580,401,"*",5.98073026231162,2.41354316856855,16.5411612202013,22.7964759657729,438,164337,165487,1151,2,"Amillepora35554","Amillepora35554-RA",52.0593007007145,TRUE,693,1,"Low expression"
"Amillepora35749",19.1878472166363,"xfSc0000180:27400-27800","Promoter (1-2kb)",1633,"xfSc0000180",27400,27800,401,"*",35.8843815738697,29.5659038149647,47.9693675385839,32.7699342007986,230,25767,29648,3882,1,"Amillepora35749","Amillepora35749-RA",138.902419359672,TRUE,1633,5,"High expression"
"Amillepora35765",0.281844183912384,"Sc0000228:63381-63781","Promoter (<=1kb)",0,"Sc0000228",63381,63781,401,"*",2.99036513115581,1.81015737642641,6.61646448808054,2.13716962179121,108,62854,63630,777,2,"Amillepora35765","Amillepora35765-RA",13.3622643814166,TRUE,0,1,"Low expression"
"Amillepora35794",0.311614234773466,"xpSc0000580:25836-26236","Promoter (2-3kb)",-2462,"xpSc0000580",25836,26236,401,"*",32.8940164427139,2.41354316856855,14.8870450981812,22.0840860918425,444,28698,33204,4507,1,"Amillepora35794","Amillepora35794-RA",56.0077470151965,TRUE,2462,1,"Low expression"
"Amillepora35887",0.190251005782767,"Sc0000233:74996-75396","Promoter (1-2kb)",-1953,"Sc0000233",74996,75396,401,"*",5.98073026231162,0,3.30823224404027,4.27433924358242,113,57121,73043,15923,2,"Amillepora35887","Amillepora35887-RA",10.7703956194607,TRUE,1953,1,"Low expression"
"Amillepora35897",34.9098683175095,"xfSc0000183:25641-26041","Promoter (1-2kb)",-1649,"xfSc0000183",25641,26041,401,"*",11.9614605246232,7.24062950570564,9.92469673212081,37.7566633183114,233,18711,23992,5282,2,"Amillepora35897","Amillepora35897-RA",68.8184470900123,TRUE,1649,5,"High expression"
"Amillepora35920",0.216762424041359,"xfSc0000184:105275-105675","Promoter (<=1kb)",785,"xfSc0000184",105275,105675,401,"*",14.951825655779,1.81015737642641,21.5035095862617,14.2477974786081,234,93596,106460,12865,2,"Amillepora35920","Amillepora35920-RA",49.3507804063482,TRUE,785,1,"Low expression"
"Amillepora35952",0.220972814138266,"xpSc0000582:165318-165718","Promoter (<=1kb)",0,"xpSc0000582",165318,165718,401,"*",0,0,34.7364385624228,13.5354076046777,445,153663,165538,11876,2,"Amillepora35952","Amillepora35952-RA",58.9445680566798,TRUE,0,1,"Low expression"
"Amillepora36134",0.367798923299173,"xpSc0000586:91727-92127","Promoter (<=1kb)",224,"xpSc0000586",91727,92127,401,"*",0,8.44740108998991,3.30823224404027,4.98672911751282,449,91503,102337,10835,1,"Amillepora36134","Amillepora36134-RA",19.0425936047968,TRUE,224,1,"Low expression"
"Amillepora36193",0.176581664366634,"xpSc0000588:4951-5351","Promoter (<=1kb)",134,"xpSc0000588",4951,5351,401,"*",0,16.2914163878377,0,0,451,3386,5485,2100,2,"Amillepora36193","Amillepora36193-RA",17.2102119023268,TRUE,134,1,"Low expression"
"Amillepora36194",0.198269670951607,"xpSc0000588:7672-8072","Promoter (<=1kb)",724,"xpSc0000588",7672,8072,401,"*",5.98073026231162,28.9625180228226,3.30823224404027,7.83628861323444,451,6175,8796,2622,2,"Amillepora36194","Amillepora36194-RA",45.7060180016724,TRUE,724,1,"Low expression"
"Amillepora36535",25.7520149800153,"xfSc0000211:73316-73716","Promoter (2-3kb)",-2384,"xfSc0000211",73316,73716,401,"*",0,0,1.65411612202013,17.0973569743297,259,60018,70932,10915,2,"Amillepora36535","Amillepora36535-RA",22.852119469681,TRUE,2384,5,"High expression"
"Amillepora36626",0.353690372659819,"xpSc0000601:28765-29165","Promoter (2-3kb)",-2237,"xpSc0000601",28765,29165,401,"*",0,0,3.30823224404027,16.3849671003993,464,31402,32322,921,1,"Amillepora36626","Amillepora36626-RA",24.0057883823197,TRUE,2237,1,"Low expression"
"Amillepora36765",0.193338723012797,"Sc0000255:43111-43511","Promoter (<=1kb)",-191,"Sc0000255",43111,43511,401,"*",5.98073026231162,11.4643300507006,0,2.13716962179121,134,43702,49758,6057,1,"Amillepora36765","Amillepora36765-RA",16.2342575399678,TRUE,191,1,"Low expression"
"Amillepora36800",51.0682402336557,"xpSc0000605:95122-95522","Promoter (<=1kb)",-970,"xpSc0000605",95122,95522,401,"*",2.99036513115581,4.22370054499496,1.65411612202013,7.83628861323444,467,91657,94152,2496,2,"Amillepora36800","Amillepora36800-RA",16.790608777476,TRUE,970,5,"High expression"
"Amillepora36831",0.0902683265183533,"xpSc0000611:15771-16171","Promoter (<=1kb)",-949,"xpSc0000611",15771,16171,401,"*",23.9229210492465,19.9117311406905,36.390554684443,20.6593063439817,472,8719,14822,6104,2,"Amillepora36831","Amillepora36831-RA",96.7584731143135,TRUE,949,1,"Low expression"
"Amillepora36857",0.173579180344329,"xfSc0000224:88425-88825","Promoter (1-2kb)",1806,"xfSc0000224",88425,88825,401,"*",14.951825655779,0,4.9623483660604,2.84955949572161,272,60269,90631,30363,2,"Amillepora36857","Amillepora36857-RA",13.3354569337123,TRUE,1806,1,"Low expression"
"Amillepora36901",0.324125560205376,"xpSc0000616:66481-66881","Promoter (<=1kb)",-85,"xpSc0000616",66481,66881,401,"*",41.8651118361813,267.903291711109,28.1199740743423,85.4867848716484,477,16783,66396,49614,2,"Amillepora36901","Amillepora36901-RA",432.169129383888,TRUE,85,1,"Low expression"
"Amillepora36934",0.134078159717004,"xpSc0000618:650-1050","Promoter (<=1kb)",30,"xpSc0000618",650,1050,401,"*",864.215522904028,69.3893660963457,0,322.712612890473,479,620,3959,3340,1,"Amillepora36934","Amillepora36934-RA",686.05417599426,TRUE,30,1,"Low expression"
"Amillepora37016",0.125621678965746,"xfSc0000232:1190-1590","Promoter (2-3kb)",-2611,"xfSc0000232",1190,1590,401,"*",113.633874983921,146.622747490539,71.1269932468658,24.2212557136337,280,4201,23498,19298,1,"Amillepora37016","Amillepora37016-RA",300.20241678276,TRUE,2611,1,"Low expression"
"Amillepora37045",0.21897958726026,"xpSc0000624:39821-40221","Promoter (1-2kb)",1710,"xpSc0000624",39821,40221,401,"*",2.99036513115581,4.22370054499496,1.65411612202013,1.42477974786081,483,38111,56372,18262,1,"Amillepora37045","Amillepora37045-RA",8.97916657694078,TRUE,1710,1,"Low expression"
"Amillepora37100",0.15059376718902,"xfSc0000240:67081-67481","Promoter (<=1kb)",90,"xfSc0000240",67081,67481,401,"*",14.951825655779,44.047162826376,8.27058061010067,32.0575443268681,287,66991,69725,2735,1,"Amillepora37100","Amillepora37100-RA",99.495443378949,TRUE,90,1,"Low expression"
"Amillepora37178",0.217567039754552,"xpSc0000630:14798-15198","Promoter (1-2kb)",-1404,"xpSc0000630",14798,15198,401,"*",0,50.0810207477973,8.27058061010067,10.685848108956,488,16602,39737,23136,1,"Amillepora37178","Amillepora37178-RA",76.032571227091,TRUE,1404,1,"Low expression"
"Amillepora37306",0.338302098141808,"xpSc0000643:843-1243","Promoter (<=1kb)",39,"xpSc0000643",843,1243,401,"*",5.98073026231162,2.41354316856855,1.65411612202013,0,499,804,6945,6142,1,"Amillepora37306","Amillepora37306-RA",6.09082157341708,TRUE,39,1,"Low expression"
"Amillepora37334",0.322995971901258,"xfSc0000263:51750-52150","Promoter (<=1kb)",-15,"xfSc0000263",51750,52150,401,"*",11.9614605246232,14.4812590114113,21.5035095862617,14.2477974786081,305,52165,53457,1293,1,"Amillepora37334","Amillepora37334-RA",61.9767239668597,TRUE,15,1,"Low expression"
"Amillepora37341",0.275247162905779,"xpSc0000650:1240-1640","Promoter (1-2kb)",-1960,"xpSc0000650",1240,1640,401,"*",23.9229210492465,0,18.1952773422215,22.7964759657729,505,3600,5045,1446,1,"Amillepora37341","Amillepora37341-RA",56.0899074608573,TRUE,1960,1,"Low expression"
"Amillepora37363",0.335705468418192,"xfSc0000264:49728-50128","Promoter (<=1kb)",0,"xfSc0000264",49728,50128,401,"*",14.951825655779,0,6.61646448808054,7.83628861323444,306,50109,52295,2187,1,"Amillepora37363","Amillepora37363-RA",21.4326300246045,TRUE,0,1,"Low expression"
"Amillepora37381",0.325660812306551,"Sc0000269:45251-45651","Promoter (<=1kb)",0,"Sc0000269",45251,45651,401,"*",44.8554769673371,163.517549670519,104.209315687268,71.2389873930403,148,45292,49082,3791,1,"Amillepora37381","Amillepora37381-RA",398.291225526535,TRUE,0,1,"Low expression"
"Amillepora37391",0.143869728666716,"Sc0000270:60365-60765","Promoter (<=1kb)",371,"Sc0000270",60365,60765,401,"*",23.9229210492465,7.24062950570564,11.5788128541409,50.5796810490586,149,59994,60268,275,1,"Amillepora37391","Amillepora37391-RA",89.5020456578626,TRUE,371,1,"Low expression"
"Amillepora37398",0.256272096558478,"Sc0000271:52885-53285","Promoter (1-2kb)",1970,"Sc0000271",52885,53285,401,"*",59.8073026231162,215.408727794743,29.7740901963624,71.9513772669707,150,52367,55255,2889,2,"Amillepora37398","Amillepora37398-RA",366.803447502414,TRUE,1970,1,"Low expression"
"Amillepora37657",385.891590415038,"xpSc0000676:41212-41612","Promoter (<=1kb)",-69,"xpSc0000676",41212,41612,401,"*",62.797667754272,0.603385792142137,19.8493934642416,7.12389873930403,528,6095,41143,35049,2,"Amillepora37657","Amillepora37657-RA",49.5313916647657,TRUE,69,5,"High expression"
"Amillepora37853",0.149539746191443,"xfSc0000330:8359-8759","Promoter (1-2kb)",1196,"xfSc0000330",8359,8759,401,"*",8.97109539346742,7.84401529784777,26.4658579523221,17.8097468482601,348,7163,7234,72,1,"Amillepora37853","Amillepora37853-RA",64.6098902630053,TRUE,1196,1,"Low expression"
"Amillepora37923",0.154891931156928,"xpSc0000714:27840-28240","Promoter (<=1kb)",287,"xpSc0000714",27840,28240,401,"*",5.98073026231162,7.84401529784777,14.8870450981812,14.9601873525385,561,25951,28527,2577,2,"Amillepora37923","Amillepora37923-RA",46.2271128214712,TRUE,287,1,"Low expression"
"Amillepora37941",1072.94344429991,"xfSc0000338:9080-9480","Promoter (<=1kb)",31,"xfSc0000338",9080,9480,401,"*",5.98073026231162,126.107630557707,26.4658579523221,27.0708152093553,355,6132,9511,3380,2,"Amillepora37941","Amillepora37941-RA",200.066697850483,TRUE,31,5,"High expression"
"Amillepora38028",0.142750798104685,"xpSc0000740:9033-9433","Promoter (2-3kb)",2314,"xpSc0000740",9033,9433,401,"*",5.98073026231162,0.603385792142137,4.9623483660604,6.41150886537363,578,6719,9788,3070,1,"Amillepora38028","Amillepora38028-RA",16.0332318768678,TRUE,2314,1,"Low expression"
"Amillepora38094",0.169153377162804,"xpSc0000770:9012-9412","Promoter (<=1kb)",-67,"xpSc0000770",9012,9412,401,"*",0,1.20677158428427,1.65411612202013,134.641686172846,593,467,8945,8479,2,"Amillepora38094","Amillepora38094-RA",167.336723657444,TRUE,67,1,"Low expression"
"Amillepora38114",0.368265119504819,"xpSc0000781:1135-1535","Promoter (<=1kb)",560,"xpSc0000781",1135,1535,401,"*",0,5.43047212927923,0,12.8230177307473,599,575,1825,1251,1,"Amillepora38114","Amillepora38114-RA",21.3596217018461,TRUE,560,1,"Low expression"
"Amillepora38209",0.234875235249684,"xpSc0000856:2282-2682","Promoter (2-3kb)",2898,"xpSc0000856",2282,2682,401,"*",5.98073026231162,0.603385792142137,1.65411612202013,1.42477974786081,623,4290,5580,1291,2,"Amillepora38209","Amillepora38209-RA",5.91445185105526,TRUE,2898,1,"Low expression"
