"annotation","number_of_peaks","percent_of_annotated_peaks"
"Distal Intergenic",5553,50.0450612833453
"Promoter (<=1kb)",1951,17.5829127613554
"Promoter (1-2kb)",1071,9.6521268925739
"Promoter (2-3kb)",951,8.57065609228551
"3' UTR",52,0.468637346791637
"Downstream (<=300bp)",28,0.252343186733958
"Intron (Amillepora36305-RA/Amillepora36305, intron 1 of 1)",10,0.0901225666906993
"Intron (Amillepora29112-RA/Amillepora29112, intron 1 of 4)",7,0.0630857966834895
"Intron (Amillepora04199-RA/Amillepora04199, intron 8 of 8)",5,0.0450612833453497
"Intron (Amillepora27863-RA/Amillepora27863, intron 6 of 8)",5,0.0450612833453497
"Intron (Amillepora09751-RA/Amillepora09751, intron 3 of 3)",4,0.0360490266762797
"Intron (Amillepora10630-RA/Amillepora10630, intron 125 of 126)",4,0.0360490266762797
"Intron (Amillepora14080-RA/Amillepora14080, intron 2 of 2)",4,0.0360490266762797
"Intron (Amillepora21481-RA/Amillepora21481, intron 4 of 4)",4,0.0360490266762797
"Intron (Amillepora21635-RA/Amillepora21635, intron 2 of 4)",4,0.0360490266762797
"Intron (Amillepora29921-RA/Amillepora29921, intron 7 of 7)",4,0.0360490266762797
"Intron (Amillepora32066-RA/Amillepora32066, intron 1 of 1)",4,0.0360490266762797
"Intron (Amillepora02240-RA/Amillepora02240, intron 3 of 3)",3,0.0270367700072098
"Intron (Amillepora05292-RA/Amillepora05292, intron 16 of 17)",3,0.0270367700072098
"Intron (Amillepora06993-RA/Amillepora06993, intron 2 of 3)",3,0.0270367700072098
"Intron (Amillepora07086-RA/Amillepora07086, intron 6 of 7)",3,0.0270367700072098
"Intron (Amillepora10548-RA/Amillepora10548, intron 1 of 18)",3,0.0270367700072098
"Intron (Amillepora16900-RA/Amillepora16900, intron 1 of 11)",3,0.0270367700072098
"Intron (Amillepora21322-RA/Amillepora21322, intron 1 of 2)",3,0.0270367700072098
"Intron (Amillepora21635-RA/Amillepora21635, intron 4 of 4)",3,0.0270367700072098
"Intron (Amillepora25639-RA/Amillepora25639, intron 4 of 4)",3,0.0270367700072098
"Intron (Amillepora26751-RA/Amillepora26751, intron 6 of 6)",3,0.0270367700072098
"Intron (Amillepora29415-RA/Amillepora29415, intron 11 of 11)",3,0.0270367700072098
"Intron (Amillepora30005-RA/Amillepora30005, intron 7 of 7)",3,0.0270367700072098
"Intron (Amillepora30633-RA/Amillepora30633, intron 5 of 5)",3,0.0270367700072098
"Intron (Amillepora32174-RA/Amillepora32174, intron 5 of 5)",3,0.0270367700072098
"Intron (Amillepora32669-RA/Amillepora32669, intron 4 of 6)",3,0.0270367700072098
"Intron (Amillepora34190-RA/Amillepora34190, intron 3 of 9)",3,0.0270367700072098
"Intron (Amillepora35366-RA/Amillepora35366, intron 3 of 4)",3,0.0270367700072098
"Intron (Amillepora36282-RA/Amillepora36282, intron 4 of 5)",3,0.0270367700072098
"Intron (Amillepora36388-RA/Amillepora36388, intron 5 of 8)",3,0.0270367700072098
"Intron (Amillepora36518-RA/Amillepora36518, intron 3 of 4)",3,0.0270367700072098
"5' UTR",2,0.0180245133381399
"Exon (Amillepora03969-RA/Amillepora03969, exon 2 of 2)",2,0.0180245133381399
"Exon (Amillepora07548-RA/Amillepora07548, exon 2 of 7)",2,0.0180245133381399
"Exon (Amillepora07695-RA/Amillepora07695, exon 4 of 5)",2,0.0180245133381399
"Exon (Amillepora09830-RA/Amillepora09830, exon 2 of 4)",2,0.0180245133381399
"Exon (Amillepora10656-RA/Amillepora10656, exon 6 of 10)",2,0.0180245133381399
"Exon (Amillepora15691-RA/Amillepora15691, exon 3 of 3)",2,0.0180245133381399
"Exon (Amillepora19300-RA/Amillepora19300, exon 9 of 9)",2,0.0180245133381399
"Exon (Amillepora20055-RA/Amillepora20055, exon 7 of 9)",2,0.0180245133381399
"Exon (Amillepora28211-RA/Amillepora28211, exon 4 of 4)",2,0.0180245133381399
"Intron (Amillepora00176-RA/Amillepora00176, intron 7 of 18)",2,0.0180245133381399
"Intron (Amillepora00599-RA/Amillepora00599, intron 5 of 5)",2,0.0180245133381399
"Intron (Amillepora03523-RA/Amillepora03523, intron 17 of 23)",2,0.0180245133381399
"Intron (Amillepora04550-RA/Amillepora04550, intron 6 of 15)",2,0.0180245133381399
"Intron (Amillepora04928-RA/Amillepora04928, intron 2 of 4)",2,0.0180245133381399
"Intron (Amillepora05093-RA/Amillepora05093, intron 1 of 6)",2,0.0180245133381399
"Intron (Amillepora05689-RA/Amillepora05689, intron 2 of 9)",2,0.0180245133381399
"Intron (Amillepora06544-RA/Amillepora06544, intron 4 of 4)",2,0.0180245133381399
"Intron (Amillepora06610-RA/Amillepora06610, intron 3 of 4)",2,0.0180245133381399
"Intron (Amillepora07355-RA/Amillepora07355, intron 2 of 11)",2,0.0180245133381399
"Intron (Amillepora07441-RA/Amillepora07441, intron 18 of 18)",2,0.0180245133381399
"Intron (Amillepora07635-RA/Amillepora07635, intron 6 of 22)",2,0.0180245133381399
"Intron (Amillepora09252-RA/Amillepora09252, intron 3 of 3)",2,0.0180245133381399
"Intron (Amillepora09471-RA/Amillepora09471, intron 1 of 3)",2,0.0180245133381399
"Intron (Amillepora09849-RA/Amillepora09849, intron 4 of 4)",2,0.0180245133381399
"Intron (Amillepora09924-RA/Amillepora09924, intron 6 of 35)",2,0.0180245133381399
"Intron (Amillepora10548-RA/Amillepora10548, intron 11 of 18)",2,0.0180245133381399
"Intron (Amillepora10554-RA/Amillepora10554, intron 2 of 2)",2,0.0180245133381399
"Intron (Amillepora11026-RA/Amillepora11026, intron 4 of 5)",2,0.0180245133381399
"Intron (Amillepora11872-RA/Amillepora11872, intron 4 of 5)",2,0.0180245133381399
"Intron (Amillepora12570-RA/Amillepora12570, intron 8 of 10)",2,0.0180245133381399
"Intron (Amillepora14471-RA/Amillepora14471, intron 20 of 24)",2,0.0180245133381399
"Intron (Amillepora14726-RA/Amillepora14726, intron 3 of 7)",2,0.0180245133381399
"Intron (Amillepora16500-RA/Amillepora16500, intron 32 of 40)",2,0.0180245133381399
"Intron (Amillepora17840-RA/Amillepora17840, intron 19 of 23)",2,0.0180245133381399
"Intron (Amillepora17965-RA/Amillepora17965, intron 5 of 12)",2,0.0180245133381399
"Intron (Amillepora18637-RA/Amillepora18637, intron 5 of 6)",2,0.0180245133381399
"Intron (Amillepora23380-RA/Amillepora23380, intron 6 of 6)",2,0.0180245133381399
"Intron (Amillepora23742-RA/Amillepora23742, intron 2 of 5)",2,0.0180245133381399
"Intron (Amillepora23854-RA/Amillepora23854, intron 3 of 6)",2,0.0180245133381399
"Intron (Amillepora24609-RA/Amillepora24609, intron 2 of 28)",2,0.0180245133381399
"Intron (Amillepora25138-RA/Amillepora25138, intron 6 of 9)",2,0.0180245133381399
"Intron (Amillepora25549-RA/Amillepora25549, intron 2 of 7)",2,0.0180245133381399
"Intron (Amillepora26645-RA/Amillepora26645, intron 7 of 13)",2,0.0180245133381399
"Intron (Amillepora27766-RA/Amillepora27766, intron 6 of 21)",2,0.0180245133381399
"Intron (Amillepora28190-RA/Amillepora28190, intron 5 of 9)",2,0.0180245133381399
"Intron (Amillepora29147-RA/Amillepora29147, intron 2 of 46)",2,0.0180245133381399
"Intron (Amillepora29392-RA/Amillepora29392, intron 1 of 2)",2,0.0180245133381399
"Intron (Amillepora29716-RA/Amillepora29716, intron 7 of 7)",2,0.0180245133381399
"Intron (Amillepora29968-RA/Amillepora29968, intron 2 of 2)",2,0.0180245133381399
"Intron (Amillepora30562-RA/Amillepora30562, intron 4 of 8)",2,0.0180245133381399
"Intron (Amillepora31455-RA/Amillepora31455, intron 1 of 1)",2,0.0180245133381399
"Intron (Amillepora31704-RA/Amillepora31704, intron 4 of 4)",2,0.0180245133381399
"Intron (Amillepora31731-RA/Amillepora31731, intron 2 of 2)",2,0.0180245133381399
"Intron (Amillepora31950-RA/Amillepora31950, intron 2 of 9)",2,0.0180245133381399
"Intron (Amillepora32458-RA/Amillepora32458, intron 3 of 3)",2,0.0180245133381399
"Intron (Amillepora32967-RA/Amillepora32967, intron 1 of 1)",2,0.0180245133381399
"Intron (Amillepora33167-RA/Amillepora33167, intron 1 of 4)",2,0.0180245133381399
"Intron (Amillepora33175-RA/Amillepora33175, intron 1 of 4)",2,0.0180245133381399
"Intron (Amillepora33222-RA/Amillepora33222, intron 2 of 8)",2,0.0180245133381399
"Intron (Amillepora33222-RA/Amillepora33222, intron 6 of 8)",2,0.0180245133381399
"Intron (Amillepora33380-RA/Amillepora33380, intron 3 of 3)",2,0.0180245133381399
"Intron (Amillepora34639-RA/Amillepora34639, intron 4 of 7)",2,0.0180245133381399
"Intron (Amillepora34818-RA/Amillepora34818, intron 1 of 2)",2,0.0180245133381399
"Intron (Amillepora34845-RA/Amillepora34845, intron 2 of 2)",2,0.0180245133381399
"Intron (Amillepora35715-RA/Amillepora35715, intron 4 of 4)",2,0.0180245133381399
"Intron (Amillepora36496-RA/Amillepora36496, intron 5 of 5)",2,0.0180245133381399
"Intron (Amillepora36511-RA/Amillepora36511, intron 1 of 3)",2,0.0180245133381399
"Intron (Amillepora36518-RA/Amillepora36518, intron 1 of 4)",2,0.0180245133381399
"Intron (Amillepora36752-RA/Amillepora36752, intron 3 of 3)",2,0.0180245133381399
"Intron (Amillepora37017-RA/Amillepora37017, intron 1 of 16)",2,0.0180245133381399
"Intron (Amillepora37032-RA/Amillepora37032, intron 1 of 4)",2,0.0180245133381399
"Intron (Amillepora37088-RA/Amillepora37088, intron 2 of 6)",2,0.0180245133381399
"Intron (Amillepora37712-RA/Amillepora37712, intron 1 of 2)",2,0.0180245133381399
"Exon (Amillepora00004-RA/Amillepora00004, exon 13 of 17)",1,0.00901225666906993
"Exon (Amillepora00009-RA/Amillepora00009, exon 5 of 33)",1,0.00901225666906993
"Exon (Amillepora00290-RA/Amillepora00290, exon 27 of 29)",1,0.00901225666906993
"Exon (Amillepora00383-RA/Amillepora00383, exon 4 of 5)",1,0.00901225666906993
"Exon (Amillepora00472-RA/Amillepora00472, exon 10 of 17)",1,0.00901225666906993
"Exon (Amillepora00632-RA/Amillepora00632, exon 10 of 11)",1,0.00901225666906993
"Exon (Amillepora00632-RA/Amillepora00632, exon 8 of 11)",1,0.00901225666906993
"Exon (Amillepora00938-RA/Amillepora00938, exon 14 of 18)",1,0.00901225666906993
"Exon (Amillepora01267-RA/Amillepora01267, exon 7 of 29)",1,0.00901225666906993
"Exon (Amillepora01362-RA/Amillepora01362, exon 12 of 25)",1,0.00901225666906993
"Exon (Amillepora01362-RA/Amillepora01362, exon 13 of 25)",1,0.00901225666906993
"Exon (Amillepora01487-RA/Amillepora01487, exon 6 of 11)",1,0.00901225666906993
"Exon (Amillepora01561-RA/Amillepora01561, exon 2 of 2)",1,0.00901225666906993
"Exon (Amillepora01576-RA/Amillepora01576, exon 7 of 7)",1,0.00901225666906993
"Exon (Amillepora01612-RA/Amillepora01612, exon 2 of 2)",1,0.00901225666906993
"Exon (Amillepora01772-RA/Amillepora01772, exon 5 of 28)",1,0.00901225666906993
"Exon (Amillepora01848-RA/Amillepora01848, exon 7 of 13)",1,0.00901225666906993
"Exon (Amillepora01848-RA/Amillepora01848, exon 9 of 13)",1,0.00901225666906993
"Exon (Amillepora01982-RA/Amillepora01982, exon 1 of 1)",1,0.00901225666906993
"Exon (Amillepora01988-RA/Amillepora01988, exon 23 of 27)",1,0.00901225666906993
"Exon (Amillepora02248-RA/Amillepora02248, exon 2 of 2)",1,0.00901225666906993
"Exon (Amillepora02260-RA/Amillepora02260, exon 3 of 7)",1,0.00901225666906993
"Exon (Amillepora02434-RA/Amillepora02434, exon 5 of 7)",1,0.00901225666906993
"Exon (Amillepora02460-RA/Amillepora02460, exon 25 of 58)",1,0.00901225666906993
"Exon (Amillepora02588-RA/Amillepora02588, exon 5 of 8)",1,0.00901225666906993
"Exon (Amillepora02650-RA/Amillepora02650, exon 1 of 1)",1,0.00901225666906993
"Exon (Amillepora02660-RA/Amillepora02660, exon 3 of 3)",1,0.00901225666906993
"Exon (Amillepora02809-RA/Amillepora02809, exon 7 of 9)",1,0.00901225666906993
"Exon (Amillepora02878-RA/Amillepora02878, exon 2 of 3)",1,0.00901225666906993
"Exon (Amillepora02992-RA/Amillepora02992, exon 15 of 20)",1,0.00901225666906993
"Exon (Amillepora03028-RA/Amillepora03028, exon 8 of 31)",1,0.00901225666906993
"Exon (Amillepora03033-RA/Amillepora03033, exon 20 of 36)",1,0.00901225666906993
"Exon (Amillepora03218-RA/Amillepora03218, exon 6 of 6)",1,0.00901225666906993
"Exon (Amillepora03881-RA/Amillepora03881, exon 4 of 6)",1,0.00901225666906993
"Exon (Amillepora04033-RA/Amillepora04033, exon 8 of 8)",1,0.00901225666906993
"Exon (Amillepora04076-RA/Amillepora04076, exon 7 of 12)",1,0.00901225666906993
"Exon (Amillepora04273-RA/Amillepora04273, exon 7 of 7)",1,0.00901225666906993
"Exon (Amillepora04281-RA/Amillepora04281, exon 2 of 2)",1,0.00901225666906993
"Exon (Amillepora04508-RA/Amillepora04508, exon 2 of 3)",1,0.00901225666906993
"Exon (Amillepora04726-RA/Amillepora04726, exon 3 of 6)",1,0.00901225666906993
"Exon (Amillepora04870-RA/Amillepora04870, exon 2 of 2)",1,0.00901225666906993
"Exon (Amillepora05251-RA/Amillepora05251, exon 6 of 8)",1,0.00901225666906993
"Exon (Amillepora05488-RA/Amillepora05488, exon 4 of 6)",1,0.00901225666906993
"Exon (Amillepora05546-RA/Amillepora05546, exon 3 of 3)",1,0.00901225666906993
"Exon (Amillepora05606-RA/Amillepora05606, exon 3 of 3)",1,0.00901225666906993
"Exon (Amillepora05783-RA/Amillepora05783, exon 4 of 4)",1,0.00901225666906993
"Exon (Amillepora05952-RA/Amillepora05952, exon 4 of 4)",1,0.00901225666906993
"Exon (Amillepora05985-RA/Amillepora05985, exon 9 of 9)",1,0.00901225666906993
"Exon (Amillepora06221-RA/Amillepora06221, exon 16 of 71)",1,0.00901225666906993
"Exon (Amillepora06339-RA/Amillepora06339, exon 23 of 30)",1,0.00901225666906993
"Exon (Amillepora06471-RA/Amillepora06471, exon 16 of 47)",1,0.00901225666906993
"Exon (Amillepora06533-RA/Amillepora06533, exon 4 of 7)",1,0.00901225666906993
"Exon (Amillepora06689-RA/Amillepora06689, exon 3 of 3)",1,0.00901225666906993
"Exon (Amillepora06741-RA/Amillepora06741, exon 11 of 11)",1,0.00901225666906993
"Exon (Amillepora06877-RA/Amillepora06877, exon 4 of 6)",1,0.00901225666906993
"Exon (Amillepora06891-RA/Amillepora06891, exon 2 of 2)",1,0.00901225666906993
"Exon (Amillepora06962-RA/Amillepora06962, exon 4 of 6)",1,0.00901225666906993
"Exon (Amillepora07004-RA/Amillepora07004, exon 1 of 1)",1,0.00901225666906993
"Exon (Amillepora07150-RA/Amillepora07150, exon 5 of 5)",1,0.00901225666906993
"Exon (Amillepora07384-RA/Amillepora07384, exon 5 of 5)",1,0.00901225666906993
"Exon (Amillepora07430-RA/Amillepora07430, exon 7 of 8)",1,0.00901225666906993
"Exon (Amillepora07435-RA/Amillepora07435, exon 3 of 3)",1,0.00901225666906993
"Exon (Amillepora07477-RA/Amillepora07477, exon 3 of 3)",1,0.00901225666906993
"Exon (Amillepora07588-RA/Amillepora07588, exon 7 of 12)",1,0.00901225666906993
"Exon (Amillepora07673-RA/Amillepora07673, exon 5 of 5)",1,0.00901225666906993
"Exon (Amillepora07695-RA/Amillepora07695, exon 3 of 5)",1,0.00901225666906993
"Exon (Amillepora07695-RA/Amillepora07695, exon 5 of 5)",1,0.00901225666906993
"Exon (Amillepora07720-RA/Amillepora07720, exon 5 of 6)",1,0.00901225666906993
"Exon (Amillepora07862-RA/Amillepora07862, exon 4 of 4)",1,0.00901225666906993
"Exon (Amillepora07865-RA/Amillepora07865, exon 2 of 5)",1,0.00901225666906993
"Exon (Amillepora07930-RA/Amillepora07930, exon 4 of 5)",1,0.00901225666906993
"Exon (Amillepora07953-RA/Amillepora07953, exon 2 of 14)",1,0.00901225666906993
"Exon (Amillepora08006-RA/Amillepora08006, exon 4 of 4)",1,0.00901225666906993
"Exon (Amillepora08072-RA/Amillepora08072, exon 5 of 24)",1,0.00901225666906993
"Exon (Amillepora08092-RA/Amillepora08092, exon 13 of 14)",1,0.00901225666906993
"Exon (Amillepora08283-RA/Amillepora08283, exon 6 of 11)",1,0.00901225666906993
"Exon (Amillepora08571-RA/Amillepora08571, exon 5 of 8)",1,0.00901225666906993
"Exon (Amillepora08582-RA/Amillepora08582, exon 2 of 4)",1,0.00901225666906993
"Exon (Amillepora08604-RA/Amillepora08604, exon 6 of 10)",1,0.00901225666906993
"Exon (Amillepora08647-RA/Amillepora08647, exon 1 of 1)",1,0.00901225666906993
"Exon (Amillepora08657-RA/Amillepora08657, exon 6 of 7)",1,0.00901225666906993
"Exon (Amillepora08660-RA/Amillepora08660, exon 11 of 12)",1,0.00901225666906993
"Exon (Amillepora08682-RA/Amillepora08682, exon 13 of 36)",1,0.00901225666906993
"Exon (Amillepora08798-RA/Amillepora08798, exon 8 of 8)",1,0.00901225666906993
"Exon (Amillepora08862-RA/Amillepora08862, exon 5 of 17)",1,0.00901225666906993
"Exon (Amillepora08890-RA/Amillepora08890, exon 29 of 31)",1,0.00901225666906993
"Exon (Amillepora08942-RA/Amillepora08942, exon 1 of 1)",1,0.00901225666906993
"Exon (Amillepora08944-RA/Amillepora08944, exon 1 of 1)",1,0.00901225666906993
"Exon (Amillepora09252-RA/Amillepora09252, exon 3 of 4)",1,0.00901225666906993
"Exon (Amillepora09471-RA/Amillepora09471, exon 2 of 4)",1,0.00901225666906993
"Exon (Amillepora09473-RA/Amillepora09473, exon 6 of 8)",1,0.00901225666906993
"Exon (Amillepora09492-RA/Amillepora09492, exon 3 of 3)",1,0.00901225666906993
"Exon (Amillepora09544-RA/Amillepora09544, exon 2 of 3)",1,0.00901225666906993
"Exon (Amillepora09549-RA/Amillepora09549, exon 8 of 10)",1,0.00901225666906993
"Exon (Amillepora09585-RA/Amillepora09585, exon 6 of 7)",1,0.00901225666906993
"Exon (Amillepora09610-RA/Amillepora09610, exon 105 of 179)",1,0.00901225666906993
"Exon (Amillepora09610-RA/Amillepora09610, exon 136 of 179)",1,0.00901225666906993
"Exon (Amillepora09610-RA/Amillepora09610, exon 153 of 179)",1,0.00901225666906993
"Exon (Amillepora09751-RA/Amillepora09751, exon 3 of 4)",1,0.00901225666906993
"Exon (Amillepora09751-RA/Amillepora09751, exon 4 of 4)",1,0.00901225666906993
"Exon (Amillepora09848-RA/Amillepora09848, exon 1 of 3)",1,0.00901225666906993
"Exon (Amillepora09854-RA/Amillepora09854, exon 4 of 4)",1,0.00901225666906993
"Exon (Amillepora09883-RA/Amillepora09883, exon 4 of 8)",1,0.00901225666906993
"Exon (Amillepora09891-RA/Amillepora09891, exon 5 of 6)",1,0.00901225666906993
"Exon (Amillepora10080-RA/Amillepora10080, exon 9 of 17)",1,0.00901225666906993
"Exon (Amillepora10233-RA/Amillepora10233, exon 7 of 7)",1,0.00901225666906993
"Exon (Amillepora10236-RA/Amillepora10236, exon 8 of 8)",1,0.00901225666906993
"Exon (Amillepora10520-RA/Amillepora10520, exon 3 of 3)",1,0.00901225666906993
"Exon (Amillepora10674-RA/Amillepora10674, exon 3 of 3)",1,0.00901225666906993
"Exon (Amillepora10808-RA/Amillepora10808, exon 3 of 5)",1,0.00901225666906993
"Exon (Amillepora10873-RA/Amillepora10873, exon 6 of 8)",1,0.00901225666906993
"Exon (Amillepora11188-RA/Amillepora11188, exon 4 of 5)",1,0.00901225666906993
"Exon (Amillepora11239-RA/Amillepora11239, exon 2 of 3)",1,0.00901225666906993
"Exon (Amillepora11289-RA/Amillepora11289, exon 2 of 4)",1,0.00901225666906993
"Exon (Amillepora11289-RA/Amillepora11289, exon 3 of 4)",1,0.00901225666906993
"Exon (Amillepora11357-RA/Amillepora11357, exon 4 of 9)",1,0.00901225666906993
"Exon (Amillepora11865-RA/Amillepora11865, exon 2 of 2)",1,0.00901225666906993
"Exon (Amillepora11968-RA/Amillepora11968, exon 5 of 5)",1,0.00901225666906993
"Exon (Amillepora12044-RA/Amillepora12044, exon 3 of 5)",1,0.00901225666906993
"Exon (Amillepora12190-RA/Amillepora12190, exon 2 of 4)",1,0.00901225666906993
"Exon (Amillepora12208-RA/Amillepora12208, exon 5 of 7)",1,0.00901225666906993
"Exon (Amillepora12288-RA/Amillepora12288, exon 3 of 7)",1,0.00901225666906993
"Exon (Amillepora12350-RA/Amillepora12350, exon 3 of 4)",1,0.00901225666906993
"Exon (Amillepora12399-RA/Amillepora12399, exon 1 of 1)",1,0.00901225666906993
"Exon (Amillepora12610-RA/Amillepora12610, exon 8 of 30)",1,0.00901225666906993
"Exon (Amillepora12666-RA/Amillepora12666, exon 4 of 19)",1,0.00901225666906993
"Exon (Amillepora12774-RA/Amillepora12774, exon 5 of 6)",1,0.00901225666906993
"Exon (Amillepora12825-RA/Amillepora12825, exon 6 of 15)",1,0.00901225666906993
"Exon (Amillepora13076-RA/Amillepora13076, exon 14 of 15)",1,0.00901225666906993
"Exon (Amillepora13085-RA/Amillepora13085, exon 2 of 2)",1,0.00901225666906993
"Exon (Amillepora13168-RA/Amillepora13168, exon 1 of 1)",1,0.00901225666906993
"Exon (Amillepora13244-RA/Amillepora13244, exon 15 of 20)",1,0.00901225666906993
"Exon (Amillepora13253-RA/Amillepora13253, exon 3 of 4)",1,0.00901225666906993
"Exon (Amillepora13486-RA/Amillepora13486, exon 23 of 86)",1,0.00901225666906993
"Exon (Amillepora13729-RA/Amillepora13729, exon 5 of 12)",1,0.00901225666906993
"Exon (Amillepora13747-RA/Amillepora13747, exon 6 of 7)",1,0.00901225666906993
"Exon (Amillepora13815-RA/Amillepora13815, exon 3 of 7)",1,0.00901225666906993
"Exon (Amillepora13851-RA/Amillepora13851, exon 1 of 1)",1,0.00901225666906993
"Exon (Amillepora13922-RA/Amillepora13922, exon 2 of 2)",1,0.00901225666906993
"Exon (Amillepora13984-RA/Amillepora13984, exon 6 of 9)",1,0.00901225666906993
"Exon (Amillepora14110-RA/Amillepora14110, exon 7 of 46)",1,0.00901225666906993
"Exon (Amillepora14512-RA/Amillepora14512, exon 12 of 13)",1,0.00901225666906993
"Exon (Amillepora14512-RA/Amillepora14512, exon 13 of 13)",1,0.00901225666906993
"Exon (Amillepora14556-RA/Amillepora14556, exon 11 of 19)",1,0.00901225666906993
"Exon (Amillepora14707-RA/Amillepora14707, exon 12 of 16)",1,0.00901225666906993
"Exon (Amillepora14715-RA/Amillepora14715, exon 27 of 37)",1,0.00901225666906993
"Exon (Amillepora15511-RA/Amillepora15511, exon 22 of 39)",1,0.00901225666906993
"Exon (Amillepora15602-RA/Amillepora15602, exon 2 of 2)",1,0.00901225666906993
"Exon (Amillepora15647-RA/Amillepora15647, exon 9 of 13)",1,0.00901225666906993
"Exon (Amillepora15682-RA/Amillepora15682, exon 9 of 13)",1,0.00901225666906993
"Exon (Amillepora15769-RA/Amillepora15769, exon 6 of 11)",1,0.00901225666906993
"Exon (Amillepora16071-RA/Amillepora16071, exon 12 of 18)",1,0.00901225666906993
"Exon (Amillepora16460-RA/Amillepora16460, exon 7 of 14)",1,0.00901225666906993
"Exon (Amillepora16644-RA/Amillepora16644, exon 3 of 5)",1,0.00901225666906993
"Exon (Amillepora16769-RA/Amillepora16769, exon 7 of 7)",1,0.00901225666906993
"Exon (Amillepora16800-RA/Amillepora16800, exon 3 of 5)",1,0.00901225666906993
"Exon (Amillepora17113-RA/Amillepora17113, exon 11 of 11)",1,0.00901225666906993
"Exon (Amillepora17200-RA/Amillepora17200, exon 1 of 1)",1,0.00901225666906993
"Exon (Amillepora17204-RA/Amillepora17204, exon 5 of 5)",1,0.00901225666906993
"Exon (Amillepora17493-RA/Amillepora17493, exon 4 of 7)",1,0.00901225666906993
"Exon (Amillepora18116-RA/Amillepora18116, exon 3 of 4)",1,0.00901225666906993
"Exon (Amillepora18285-RA/Amillepora18285, exon 4 of 5)",1,0.00901225666906993
"Exon (Amillepora18420-RA/Amillepora18420, exon 25 of 29)",1,0.00901225666906993
"Exon (Amillepora18422-RA/Amillepora18422, exon 20 of 32)",1,0.00901225666906993
"Exon (Amillepora18614-RA/Amillepora18614, exon 8 of 13)",1,0.00901225666906993
"Exon (Amillepora18629-RA/Amillepora18629, exon 7 of 7)",1,0.00901225666906993
"Exon (Amillepora18770-RA/Amillepora18770, exon 1 of 1)",1,0.00901225666906993
"Exon (Amillepora18771-RA/Amillepora18771, exon 7 of 8)",1,0.00901225666906993
"Exon (Amillepora19036-RA/Amillepora19036, exon 21 of 23)",1,0.00901225666906993
"Exon (Amillepora19059-RA/Amillepora19059, exon 14 of 20)",1,0.00901225666906993
"Exon (Amillepora19073-RA/Amillepora19073, exon 1 of 1)",1,0.00901225666906993
"Exon (Amillepora19074-RA/Amillepora19074, exon 5 of 5)",1,0.00901225666906993
"Exon (Amillepora19075-RA/Amillepora19075, exon 18 of 19)",1,0.00901225666906993
"Exon (Amillepora19076-RA/Amillepora19076, exon 5 of 6)",1,0.00901225666906993
"Exon (Amillepora19097-RA/Amillepora19097, exon 2 of 3)",1,0.00901225666906993
"Exon (Amillepora19740-RA/Amillepora19740, exon 9 of 16)",1,0.00901225666906993
"Exon (Amillepora20087-RA/Amillepora20087, exon 13 of 13)",1,0.00901225666906993
"Exon (Amillepora20105-RA/Amillepora20105, exon 5 of 14)",1,0.00901225666906993
"Exon (Amillepora20315-RA/Amillepora20315, exon 2 of 3)",1,0.00901225666906993
"Exon (Amillepora20615-RA/Amillepora20615, exon 2 of 6)",1,0.00901225666906993
"Exon (Amillepora20701-RA/Amillepora20701, exon 5 of 5)",1,0.00901225666906993
"Exon (Amillepora20783-RA/Amillepora20783, exon 4 of 9)",1,0.00901225666906993
"Exon (Amillepora20981-RA/Amillepora20981, exon 3 of 3)",1,0.00901225666906993
"Exon (Amillepora21285-RA/Amillepora21285, exon 4 of 4)",1,0.00901225666906993
"Exon (Amillepora21380-RA/Amillepora21380, exon 18 of 18)",1,0.00901225666906993
"Exon (Amillepora21419-RA/Amillepora21419, exon 4 of 7)",1,0.00901225666906993
"Exon (Amillepora21431-RA/Amillepora21431, exon 2 of 5)",1,0.00901225666906993
"Exon (Amillepora21431-RA/Amillepora21431, exon 4 of 5)",1,0.00901225666906993
"Exon (Amillepora21847-RA/Amillepora21847, exon 5 of 5)",1,0.00901225666906993
"Exon (Amillepora21872-RA/Amillepora21872, exon 4 of 5)",1,0.00901225666906993
"Exon (Amillepora21903-RA/Amillepora21903, exon 22 of 51)",1,0.00901225666906993
"Exon (Amillepora21903-RA/Amillepora21903, exon 24 of 51)",1,0.00901225666906993
"Exon (Amillepora22048-RA/Amillepora22048, exon 8 of 8)",1,0.00901225666906993
"Exon (Amillepora22179-RA/Amillepora22179, exon 10 of 10)",1,0.00901225666906993
"Exon (Amillepora22253-RA/Amillepora22253, exon 12 of 33)",1,0.00901225666906993
"Exon (Amillepora22417-RA/Amillepora22417, exon 3 of 6)",1,0.00901225666906993
"Exon (Amillepora22633-RA/Amillepora22633, exon 25 of 30)",1,0.00901225666906993
"Exon (Amillepora22782-RA/Amillepora22782, exon 1 of 1)",1,0.00901225666906993
"Exon (Amillepora23031-RA/Amillepora23031, exon 3 of 5)",1,0.00901225666906993
"Exon (Amillepora23102-RA/Amillepora23102, exon 1 of 6)",1,0.00901225666906993
"Exon (Amillepora23406-RA/Amillepora23406, exon 2 of 2)",1,0.00901225666906993
"Exon (Amillepora23468-RA/Amillepora23468, exon 2 of 12)",1,0.00901225666906993
"Exon (Amillepora24033-RA/Amillepora24033, exon 9 of 9)",1,0.00901225666906993
"Exon (Amillepora24158-RA/Amillepora24158, exon 3 of 3)",1,0.00901225666906993
"Exon (Amillepora25099-RA/Amillepora25099, exon 6 of 20)",1,0.00901225666906993
"Exon (Amillepora25215-RA/Amillepora25215, exon 3 of 3)",1,0.00901225666906993
"Exon (Amillepora25373-RA/Amillepora25373, exon 2 of 2)",1,0.00901225666906993
"Exon (Amillepora25540-RA/Amillepora25540, exon 8 of 8)",1,0.00901225666906993
"Exon (Amillepora25608-RA/Amillepora25608, exon 4 of 5)",1,0.00901225666906993
"Exon (Amillepora25639-RA/Amillepora25639, exon 3 of 5)",1,0.00901225666906993
"Exon (Amillepora25682-RA/Amillepora25682, exon 13 of 19)",1,0.00901225666906993
"Exon (Amillepora25683-RA/Amillepora25683, exon 14 of 24)",1,0.00901225666906993
"Exon (Amillepora25683-RA/Amillepora25683, exon 18 of 24)",1,0.00901225666906993
"Exon (Amillepora25802-RA/Amillepora25802, exon 9 of 9)",1,0.00901225666906993
"Exon (Amillepora25810-RA/Amillepora25810, exon 4 of 5)",1,0.00901225666906993
"Exon (Amillepora25825-RA/Amillepora25825, exon 1 of 1)",1,0.00901225666906993
"Exon (Amillepora25861-RA/Amillepora25861, exon 5 of 6)",1,0.00901225666906993
"Exon (Amillepora26048-RA/Amillepora26048, exon 9 of 10)",1,0.00901225666906993
"Exon (Amillepora26409-RA/Amillepora26409, exon 7 of 10)",1,0.00901225666906993
"Exon (Amillepora26600-RA/Amillepora26600, exon 21 of 21)",1,0.00901225666906993
"Exon (Amillepora26734-RA/Amillepora26734, exon 3 of 4)",1,0.00901225666906993
"Exon (Amillepora26945-RA/Amillepora26945, exon 14 of 24)",1,0.00901225666906993
"Exon (Amillepora27059-RA/Amillepora27059, exon 8 of 9)",1,0.00901225666906993
"Exon (Amillepora27148-RA/Amillepora27148, exon 2 of 2)",1,0.00901225666906993
"Exon (Amillepora27170-RA/Amillepora27170, exon 1 of 1)",1,0.00901225666906993
"Exon (Amillepora27202-RA/Amillepora27202, exon 4 of 10)",1,0.00901225666906993
"Exon (Amillepora27226-RA/Amillepora27226, exon 8 of 8)",1,0.00901225666906993
"Exon (Amillepora27283-RA/Amillepora27283, exon 2 of 5)",1,0.00901225666906993
"Exon (Amillepora27435-RA/Amillepora27435, exon 3 of 5)",1,0.00901225666906993
"Exon (Amillepora27440-RA/Amillepora27440, exon 6 of 7)",1,0.00901225666906993
"Exon (Amillepora27535-RA/Amillepora27535, exon 2 of 2)",1,0.00901225666906993
"Exon (Amillepora27575-RA/Amillepora27575, exon 6 of 7)",1,0.00901225666906993
"Exon (Amillepora27838-RA/Amillepora27838, exon 10 of 12)",1,0.00901225666906993
"Exon (Amillepora27939-RA/Amillepora27939, exon 22 of 26)",1,0.00901225666906993
"Exon (Amillepora28100-RA/Amillepora28100, exon 5 of 18)",1,0.00901225666906993
"Exon (Amillepora28146-RA/Amillepora28146, exon 14 of 35)",1,0.00901225666906993
"Exon (Amillepora28174-RA/Amillepora28174, exon 2 of 2)",1,0.00901225666906993
"Exon (Amillepora28193-RA/Amillepora28193, exon 3 of 6)",1,0.00901225666906993
"Exon (Amillepora28197-RA/Amillepora28197, exon 4 of 6)",1,0.00901225666906993
"Exon (Amillepora28212-RA/Amillepora28212, exon 6 of 7)",1,0.00901225666906993
"Exon (Amillepora28303-RA/Amillepora28303, exon 4 of 4)",1,0.00901225666906993
"Exon (Amillepora28365-RA/Amillepora28365, exon 5 of 7)",1,0.00901225666906993
"Exon (Amillepora28750-RA/Amillepora28750, exon 2 of 5)",1,0.00901225666906993
"Exon (Amillepora29214-RA/Amillepora29214, exon 11 of 24)",1,0.00901225666906993
"Exon (Amillepora29216-RA/Amillepora29216, exon 8 of 10)",1,0.00901225666906993
"Exon (Amillepora29222-RA/Amillepora29222, exon 11 of 11)",1,0.00901225666906993
"Exon (Amillepora29222-RA/Amillepora29222, exon 9 of 11)",1,0.00901225666906993
"Exon (Amillepora29314-RA/Amillepora29314, exon 1 of 1)",1,0.00901225666906993
"Exon (Amillepora29431-RA/Amillepora29431, exon 10 of 19)",1,0.00901225666906993
"Exon (Amillepora29435-RA/Amillepora29435, exon 7 of 13)",1,0.00901225666906993
"Exon (Amillepora29438-RA/Amillepora29438, exon 8 of 17)",1,0.00901225666906993
"Exon (Amillepora29440-RA/Amillepora29440, exon 11 of 27)",1,0.00901225666906993
"Exon (Amillepora29461-RA/Amillepora29461, exon 5 of 9)",1,0.00901225666906993
"Exon (Amillepora29524-RA/Amillepora29524, exon 3 of 3)",1,0.00901225666906993
"Exon (Amillepora29656-RA/Amillepora29656, exon 2 of 5)",1,0.00901225666906993
"Exon (Amillepora29912-RA/Amillepora29912, exon 1 of 1)",1,0.00901225666906993
"Exon (Amillepora29913-RA/Amillepora29913, exon 10 of 20)",1,0.00901225666906993
"Exon (Amillepora29921-RA/Amillepora29921, exon 6 of 8)",1,0.00901225666906993
"Exon (Amillepora29960-RA/Amillepora29960, exon 5 of 5)",1,0.00901225666906993
"Exon (Amillepora30024-RA/Amillepora30024, exon 15 of 29)",1,0.00901225666906993
"Exon (Amillepora30191-RA/Amillepora30191, exon 2 of 2)",1,0.00901225666906993
"Exon (Amillepora30211-RA/Amillepora30211, exon 4 of 4)",1,0.00901225666906993
"Exon (Amillepora30465-RA/Amillepora30465, exon 5 of 7)",1,0.00901225666906993
"Exon (Amillepora30466-RA/Amillepora30466, exon 8 of 9)",1,0.00901225666906993
"Exon (Amillepora30473-RA/Amillepora30473, exon 10 of 14)",1,0.00901225666906993
"Exon (Amillepora30487-RA/Amillepora30487, exon 1 of 1)",1,0.00901225666906993
"Exon (Amillepora30975-RA/Amillepora30975, exon 14 of 14)",1,0.00901225666906993
"Exon (Amillepora31054-RA/Amillepora31054, exon 8 of 36)",1,0.00901225666906993
"Exon (Amillepora31061-RA/Amillepora31061, exon 3 of 7)",1,0.00901225666906993
"Exon (Amillepora31076-RA/Amillepora31076, exon 4 of 4)",1,0.00901225666906993
"Exon (Amillepora31178-RA/Amillepora31178, exon 2 of 10)",1,0.00901225666906993
"Exon (Amillepora31336-RA/Amillepora31336, exon 2 of 2)",1,0.00901225666906993
"Exon (Amillepora31351-RA/Amillepora31351, exon 4 of 4)",1,0.00901225666906993
"Exon (Amillepora31575-RA/Amillepora31575, exon 6 of 6)",1,0.00901225666906993
"Exon (Amillepora31704-RA/Amillepora31704, exon 4 of 5)",1,0.00901225666906993
"Exon (Amillepora31964-RA/Amillepora31964, exon 2 of 4)",1,0.00901225666906993
"Exon (Amillepora32355-RA/Amillepora32355, exon 5 of 5)",1,0.00901225666906993
"Exon (Amillepora32356-RA/Amillepora32356, exon 6 of 6)",1,0.00901225666906993
"Exon (Amillepora32401-RA/Amillepora32401, exon 6 of 8)",1,0.00901225666906993
"Exon (Amillepora32425-RA/Amillepora32425, exon 3 of 27)",1,0.00901225666906993
"Exon (Amillepora32689-RA/Amillepora32689, exon 10 of 13)",1,0.00901225666906993
"Exon (Amillepora32710-RA/Amillepora32710, exon 6 of 7)",1,0.00901225666906993
"Exon (Amillepora32710-RA/Amillepora32710, exon 7 of 7)",1,0.00901225666906993
"Exon (Amillepora32775-RA/Amillepora32775, exon 2 of 3)",1,0.00901225666906993
"Exon (Amillepora32775-RA/Amillepora32775, exon 3 of 3)",1,0.00901225666906993
"Exon (Amillepora33174-RA/Amillepora33174, exon 6 of 6)",1,0.00901225666906993
"Exon (Amillepora33462-RA/Amillepora33462, exon 4 of 5)",1,0.00901225666906993
"Exon (Amillepora33626-RA/Amillepora33626, exon 7 of 15)",1,0.00901225666906993
"Exon (Amillepora33843-RA/Amillepora33843, exon 7 of 9)",1,0.00901225666906993
"Exon (Amillepora33853-RA/Amillepora33853, exon 7 of 8)",1,0.00901225666906993
"Exon (Amillepora33953-RA/Amillepora33953, exon 5 of 5)",1,0.00901225666906993
"Exon (Amillepora33995-RA/Amillepora33995, exon 2 of 2)",1,0.00901225666906993
"Exon (Amillepora34084-RA/Amillepora34084, exon 9 of 17)",1,0.00901225666906993
"Exon (Amillepora34190-RA/Amillepora34190, exon 3 of 10)",1,0.00901225666906993
"Exon (Amillepora34343-RA/Amillepora34343, exon 3 of 6)",1,0.00901225666906993
"Exon (Amillepora34422-RA/Amillepora34422, exon 3 of 6)",1,0.00901225666906993
"Exon (Amillepora34522-RA/Amillepora34522, exon 7 of 10)",1,0.00901225666906993
"Exon (Amillepora34579-RA/Amillepora34579, exon 7 of 11)",1,0.00901225666906993
"Exon (Amillepora34669-RA/Amillepora34669, exon 1 of 1)",1,0.00901225666906993
"Exon (Amillepora35041-RA/Amillepora35041, exon 2 of 2)",1,0.00901225666906993
"Exon (Amillepora35366-RA/Amillepora35366, exon 4 of 5)",1,0.00901225666906993
"Exon (Amillepora35437-RA/Amillepora35437, exon 1 of 1)",1,0.00901225666906993
"Exon (Amillepora35667-RA/Amillepora35667, exon 11 of 12)",1,0.00901225666906993
"Exon (Amillepora35782-RA/Amillepora35782, exon 1 of 1)",1,0.00901225666906993
"Exon (Amillepora35921-RA/Amillepora35921, exon 3 of 3)",1,0.00901225666906993
"Exon (Amillepora35954-RA/Amillepora35954, exon 13 of 15)",1,0.00901225666906993
"Exon (Amillepora35990-RA/Amillepora35990, exon 7 of 12)",1,0.00901225666906993
"Exon (Amillepora36085-RA/Amillepora36085, exon 9 of 11)",1,0.00901225666906993
"Exon (Amillepora36269-RA/Amillepora36269, exon 2 of 18)",1,0.00901225666906993
"Exon (Amillepora36311-RA/Amillepora36311, exon 6 of 6)",1,0.00901225666906993
"Exon (Amillepora36701-RA/Amillepora36701, exon 2 of 2)",1,0.00901225666906993
"Exon (Amillepora36765-RA/Amillepora36765, exon 4 of 4)",1,0.00901225666906993
"Exon (Amillepora36766-RA/Amillepora36766, exon 4 of 15)",1,0.00901225666906993
"Exon (Amillepora36787-RA/Amillepora36787, exon 6 of 7)",1,0.00901225666906993
"Exon (Amillepora36821-RA/Amillepora36821, exon 4 of 8)",1,0.00901225666906993
"Exon (Amillepora36821-RA/Amillepora36821, exon 7 of 8)",1,0.00901225666906993
"Exon (Amillepora36839-RA/Amillepora36839, exon 5 of 5)",1,0.00901225666906993
"Exon (Amillepora37016-RA/Amillepora37016, exon 8 of 14)",1,0.00901225666906993
"Exon (Amillepora37029-RA/Amillepora37029, exon 4 of 13)",1,0.00901225666906993
"Exon (Amillepora37034-RA/Amillepora37034, exon 4 of 5)",1,0.00901225666906993
"Exon (Amillepora37135-RA/Amillepora37135, exon 5 of 6)",1,0.00901225666906993
"Exon (Amillepora37170-RA/Amillepora37170, exon 11 of 19)",1,0.00901225666906993
"Exon (Amillepora37170-RA/Amillepora37170, exon 14 of 19)",1,0.00901225666906993
"Exon (Amillepora37227-RA/Amillepora37227, exon 10 of 33)",1,0.00901225666906993
"Exon (Amillepora37251-RA/Amillepora37251, exon 14 of 37)",1,0.00901225666906993
"Exon (Amillepora37261-RA/Amillepora37261, exon 4 of 4)",1,0.00901225666906993
"Exon (Amillepora37350-RA/Amillepora37350, exon 2 of 2)",1,0.00901225666906993
"Exon (Amillepora37365-RA/Amillepora37365, exon 2 of 3)",1,0.00901225666906993
"Exon (Amillepora37410-RA/Amillepora37410, exon 3 of 3)",1,0.00901225666906993
"Exon (Amillepora37426-RA/Amillepora37426, exon 6 of 8)",1,0.00901225666906993
"Exon (Amillepora37757-RA/Amillepora37757, exon 2 of 2)",1,0.00901225666906993
"Exon (Amillepora37998-RA/Amillepora37998, exon 2 of 2)",1,0.00901225666906993
"Exon (Amillepora38191-RA/Amillepora38191, exon 2 of 2)",1,0.00901225666906993
"Intron (Amillepora00074-RA/Amillepora00074, intron 8 of 9)",1,0.00901225666906993
"Intron (Amillepora00108-RA/Amillepora00108, intron 2 of 12)",1,0.00901225666906993
"Intron (Amillepora00114-RA/Amillepora00114, intron 12 of 15)",1,0.00901225666906993
"Intron (Amillepora00116-RA/Amillepora00116, intron 11 of 15)",1,0.00901225666906993
"Intron (Amillepora00184-RA/Amillepora00184, intron 54 of 90)",1,0.00901225666906993
"Intron (Amillepora00184-RA/Amillepora00184, intron 65 of 90)",1,0.00901225666906993
"Intron (Amillepora00184-RA/Amillepora00184, intron 77 of 90)",1,0.00901225666906993
"Intron (Amillepora00443-RA/Amillepora00443, intron 14 of 21)",1,0.00901225666906993
"Intron (Amillepora00611-RA/Amillepora00611, intron 38 of 76)",1,0.00901225666906993
"Intron (Amillepora00709-RA/Amillepora00709, intron 8 of 19)",1,0.00901225666906993
"Intron (Amillepora00736-RA/Amillepora00736, intron 8 of 18)",1,0.00901225666906993
"Intron (Amillepora00737-RA/Amillepora00737, intron 1 of 1)",1,0.00901225666906993
"Intron (Amillepora00765-RA/Amillepora00765, intron 10 of 60)",1,0.00901225666906993
"Intron (Amillepora00765-RA/Amillepora00765, intron 59 of 60)",1,0.00901225666906993
"Intron (Amillepora00773-RA/Amillepora00773, intron 6 of 8)",1,0.00901225666906993
"Intron (Amillepora00791-RA/Amillepora00791, intron 9 of 22)",1,0.00901225666906993
"Intron (Amillepora00923-RA/Amillepora00923, intron 19 of 23)",1,0.00901225666906993
"Intron (Amillepora00924-RA/Amillepora00924, intron 10 of 10)",1,0.00901225666906993
"Intron (Amillepora00938-RA/Amillepora00938, intron 5 of 17)",1,0.00901225666906993
"Intron (Amillepora00958-RA/Amillepora00958, intron 5 of 63)",1,0.00901225666906993
"Intron (Amillepora00965-RA/Amillepora00965, intron 19 of 32)",1,0.00901225666906993
"Intron (Amillepora00985-RA/Amillepora00985, intron 15 of 27)",1,0.00901225666906993
"Intron (Amillepora01068-RA/Amillepora01068, intron 4 of 6)",1,0.00901225666906993
"Intron (Amillepora01158-RA/Amillepora01158, intron 5 of 6)",1,0.00901225666906993
"Intron (Amillepora01177-RA/Amillepora01177, intron 14 of 15)",1,0.00901225666906993
"Intron (Amillepora01266-RA/Amillepora01266, intron 14 of 26)",1,0.00901225666906993
"Intron (Amillepora01332-RA/Amillepora01332, intron 5 of 19)",1,0.00901225666906993
"Intron (Amillepora01430-RA/Amillepora01430, intron 18 of 31)",1,0.00901225666906993
"Intron (Amillepora01469-RA/Amillepora01469, intron 4 of 52)",1,0.00901225666906993
"Intron (Amillepora01597-RA/Amillepora01597, intron 11 of 28)",1,0.00901225666906993
"Intron (Amillepora01694-RA/Amillepora01694, intron 1 of 3)",1,0.00901225666906993
"Intron (Amillepora01705-RA/Amillepora01705, intron 25 of 33)",1,0.00901225666906993
"Intron (Amillepora01820-RA/Amillepora01820, intron 3 of 3)",1,0.00901225666906993
"Intron (Amillepora01874-RA/Amillepora01874, intron 27 of 27)",1,0.00901225666906993
"Intron (Amillepora01920-RA/Amillepora01920, intron 4 of 7)",1,0.00901225666906993
"Intron (Amillepora01939-RA/Amillepora01939, intron 3 of 5)",1,0.00901225666906993
"Intron (Amillepora02006-RA/Amillepora02006, intron 2 of 2)",1,0.00901225666906993
"Intron (Amillepora02016-RA/Amillepora02016, intron 4 of 6)",1,0.00901225666906993
"Intron (Amillepora02025-RA/Amillepora02025, intron 11 of 13)",1,0.00901225666906993
"Intron (Amillepora02095-RA/Amillepora02095, intron 8 of 18)",1,0.00901225666906993
"Intron (Amillepora02120-RA/Amillepora02120, intron 1 of 3)",1,0.00901225666906993
"Intron (Amillepora02133-RA/Amillepora02133, intron 5 of 6)",1,0.00901225666906993
"Intron (Amillepora02194-RA/Amillepora02194, intron 2 of 2)",1,0.00901225666906993
"Intron (Amillepora02356-RA/Amillepora02356, intron 4 of 6)",1,0.00901225666906993
"Intron (Amillepora02389-RA/Amillepora02389, intron 5 of 6)",1,0.00901225666906993
"Intron (Amillepora02478-RA/Amillepora02478, intron 21 of 32)",1,0.00901225666906993
"Intron (Amillepora02529-RA/Amillepora02529, intron 7 of 13)",1,0.00901225666906993
"Intron (Amillepora02534-RA/Amillepora02534, intron 1 of 2)",1,0.00901225666906993
"Intron (Amillepora02636-RA/Amillepora02636, intron 4 of 4)",1,0.00901225666906993
"Intron (Amillepora02677-RA/Amillepora02677, intron 4 of 13)",1,0.00901225666906993
"Intron (Amillepora02691-RA/Amillepora02691, intron 4 of 13)",1,0.00901225666906993
"Intron (Amillepora02714-RA/Amillepora02714, intron 10 of 11)",1,0.00901225666906993
"Intron (Amillepora02716-RA/Amillepora02716, intron 7 of 13)",1,0.00901225666906993
"Intron (Amillepora02878-RA/Amillepora02878, intron 1 of 2)",1,0.00901225666906993
"Intron (Amillepora02908-RA/Amillepora02908, intron 4 of 25)",1,0.00901225666906993
"Intron (Amillepora02912-RA/Amillepora02912, intron 2 of 18)",1,0.00901225666906993
"Intron (Amillepora02929-RA/Amillepora02929, intron 5 of 8)",1,0.00901225666906993
"Intron (Amillepora02931-RA/Amillepora02931, intron 3 of 6)",1,0.00901225666906993
"Intron (Amillepora02992-RA/Amillepora02992, intron 11 of 19)",1,0.00901225666906993
"Intron (Amillepora03033-RA/Amillepora03033, intron 1 of 35)",1,0.00901225666906993
"Intron (Amillepora03040-RA/Amillepora03040, intron 10 of 14)",1,0.00901225666906993
"Intron (Amillepora03150-RA/Amillepora03150, intron 27 of 31)",1,0.00901225666906993
"Intron (Amillepora03154-RA/Amillepora03154, intron 20 of 32)",1,0.00901225666906993
"Intron (Amillepora03164-RA/Amillepora03164, intron 1 of 7)",1,0.00901225666906993
"Intron (Amillepora03184-RA/Amillepora03184, intron 4 of 4)",1,0.00901225666906993
"Intron (Amillepora03239-RA/Amillepora03239, intron 8 of 30)",1,0.00901225666906993
"Intron (Amillepora03278-RA/Amillepora03278, intron 5 of 5)",1,0.00901225666906993
"Intron (Amillepora03340-RA/Amillepora03340, intron 10 of 15)",1,0.00901225666906993
"Intron (Amillepora03354-RA/Amillepora03354, intron 33 of 58)",1,0.00901225666906993
"Intron (Amillepora03383-RA/Amillepora03383, intron 28 of 50)",1,0.00901225666906993
"Intron (Amillepora03383-RA/Amillepora03383, intron 4 of 50)",1,0.00901225666906993
"Intron (Amillepora03425-RA/Amillepora03425, intron 1 of 1)",1,0.00901225666906993
"Intron (Amillepora03438-RA/Amillepora03438, intron 9 of 14)",1,0.00901225666906993
"Intron (Amillepora03466-RA/Amillepora03466, intron 49 of 53)",1,0.00901225666906993
"Intron (Amillepora03482-RA/Amillepora03482, intron 6 of 6)",1,0.00901225666906993
"Intron (Amillepora03526-RA/Amillepora03526, intron 12 of 19)",1,0.00901225666906993
"Intron (Amillepora03571-RA/Amillepora03571, intron 11 of 20)",1,0.00901225666906993
"Intron (Amillepora03621-RA/Amillepora03621, intron 2 of 39)",1,0.00901225666906993
"Intron (Amillepora03714-RA/Amillepora03714, intron 3 of 25)",1,0.00901225666906993
"Intron (Amillepora03769-RA/Amillepora03769, intron 6 of 32)",1,0.00901225666906993
"Intron (Amillepora03841-RA/Amillepora03841, intron 2 of 2)",1,0.00901225666906993
"Intron (Amillepora03963-RA/Amillepora03963, intron 2 of 14)",1,0.00901225666906993
"Intron (Amillepora03975-RA/Amillepora03975, intron 27 of 33)",1,0.00901225666906993
"Intron (Amillepora03981-RA/Amillepora03981, intron 5 of 13)",1,0.00901225666906993
"Intron (Amillepora04001-RA/Amillepora04001, intron 15 of 24)",1,0.00901225666906993
"Intron (Amillepora04027-RA/Amillepora04027, intron 3 of 3)",1,0.00901225666906993
"Intron (Amillepora04106-RA/Amillepora04106, intron 13 of 27)",1,0.00901225666906993
"Intron (Amillepora04107-RA/Amillepora04107, intron 4 of 27)",1,0.00901225666906993
"Intron (Amillepora04119-RA/Amillepora04119, intron 4 of 9)",1,0.00901225666906993
"Intron (Amillepora04119-RA/Amillepora04119, intron 5 of 9)",1,0.00901225666906993
"Intron (Amillepora04132-RA/Amillepora04132, intron 3 of 13)",1,0.00901225666906993
"Intron (Amillepora04134-RA/Amillepora04134, intron 4 of 4)",1,0.00901225666906993
"Intron (Amillepora04149-RA/Amillepora04149, intron 10 of 12)",1,0.00901225666906993
"Intron (Amillepora04199-RA/Amillepora04199, intron 7 of 8)",1,0.00901225666906993
"Intron (Amillepora04254-RA/Amillepora04254, intron 5 of 10)",1,0.00901225666906993
"Intron (Amillepora04273-RA/Amillepora04273, intron 4 of 6)",1,0.00901225666906993
"Intron (Amillepora04308-RA/Amillepora04308, intron 10 of 10)",1,0.00901225666906993
"Intron (Amillepora04344-RA/Amillepora04344, intron 7 of 8)",1,0.00901225666906993
"Intron (Amillepora04406-RA/Amillepora04406, intron 10 of 25)",1,0.00901225666906993
"Intron (Amillepora04457-RA/Amillepora04457, intron 7 of 23)",1,0.00901225666906993
"Intron (Amillepora04481-RA/Amillepora04481, intron 1 of 3)",1,0.00901225666906993
"Intron (Amillepora04655-RA/Amillepora04655, intron 43 of 61)",1,0.00901225666906993
"Intron (Amillepora04696-RA/Amillepora04696, intron 1 of 13)",1,0.00901225666906993
"Intron (Amillepora04743-RA/Amillepora04743, intron 7 of 9)",1,0.00901225666906993
"Intron (Amillepora04815-RA/Amillepora04815, intron 5 of 18)",1,0.00901225666906993
"Intron (Amillepora04876-RA/Amillepora04876, intron 12 of 14)",1,0.00901225666906993
"Intron (Amillepora04893-RA/Amillepora04893, intron 15 of 18)",1,0.00901225666906993
"Intron (Amillepora04908-RA/Amillepora04908, intron 4 of 13)",1,0.00901225666906993
"Intron (Amillepora04909-RA/Amillepora04909, intron 28 of 36)",1,0.00901225666906993
"Intron (Amillepora04916-RA/Amillepora04916, intron 7 of 19)",1,0.00901225666906993
"Intron (Amillepora04974-RA/Amillepora04974, intron 13 of 23)",1,0.00901225666906993
"Intron (Amillepora05040-RA/Amillepora05040, intron 4 of 10)",1,0.00901225666906993
"Intron (Amillepora05040-RA/Amillepora05040, intron 5 of 10)",1,0.00901225666906993
"Intron (Amillepora05073-RA/Amillepora05073, intron 8 of 10)",1,0.00901225666906993
"Intron (Amillepora05098-RA/Amillepora05098, intron 7 of 8)",1,0.00901225666906993
"Intron (Amillepora05206-RA/Amillepora05206, intron 2 of 2)",1,0.00901225666906993
"Intron (Amillepora05249-RA/Amillepora05249, intron 4 of 6)",1,0.00901225666906993
"Intron (Amillepora05286-RA/Amillepora05286, intron 10 of 15)",1,0.00901225666906993
"Intron (Amillepora05334-RA/Amillepora05334, intron 3 of 11)",1,0.00901225666906993
"Intron (Amillepora05374-RA/Amillepora05374, intron 5 of 5)",1,0.00901225666906993
"Intron (Amillepora05439-RA/Amillepora05439, intron 14 of 14)",1,0.00901225666906993
"Intron (Amillepora05459-RA/Amillepora05459, intron 3 of 10)",1,0.00901225666906993
"Intron (Amillepora05461-RA/Amillepora05461, intron 3 of 7)",1,0.00901225666906993
"Intron (Amillepora05486-RA/Amillepora05486, intron 4 of 9)",1,0.00901225666906993
"Intron (Amillepora05531-RA/Amillepora05531, intron 2 of 3)",1,0.00901225666906993
"Intron (Amillepora05586-RA/Amillepora05586, intron 18 of 23)",1,0.00901225666906993
"Intron (Amillepora05628-RA/Amillepora05628, intron 15 of 18)",1,0.00901225666906993
"Intron (Amillepora05663-RA/Amillepora05663, intron 2 of 3)",1,0.00901225666906993
"Intron (Amillepora05693-RA/Amillepora05693, intron 6 of 13)",1,0.00901225666906993
"Intron (Amillepora05707-RA/Amillepora05707, intron 13 of 18)",1,0.00901225666906993
"Intron (Amillepora05720-RA/Amillepora05720, intron 10 of 10)",1,0.00901225666906993
"Intron (Amillepora05728-RA/Amillepora05728, intron 15 of 15)",1,0.00901225666906993
"Intron (Amillepora05784-RA/Amillepora05784, intron 10 of 27)",1,0.00901225666906993
"Intron (Amillepora05838-RA/Amillepora05838, intron 5 of 11)",1,0.00901225666906993
"Intron (Amillepora05849-RA/Amillepora05849, intron 1 of 1)",1,0.00901225666906993
"Intron (Amillepora05868-RA/Amillepora05868, intron 5 of 6)",1,0.00901225666906993
"Intron (Amillepora05891-RA/Amillepora05891, intron 3 of 3)",1,0.00901225666906993
"Intron (Amillepora05948-RA/Amillepora05948, intron 4 of 5)",1,0.00901225666906993
"Intron (Amillepora06009-RA/Amillepora06009, intron 36 of 52)",1,0.00901225666906993
"Intron (Amillepora06026-RA/Amillepora06026, intron 4 of 12)",1,0.00901225666906993
"Intron (Amillepora06036-RA/Amillepora06036, intron 3 of 5)",1,0.00901225666906993
"Intron (Amillepora06115-RA/Amillepora06115, intron 8 of 8)",1,0.00901225666906993
"Intron (Amillepora06134-RA/Amillepora06134, intron 12 of 25)",1,0.00901225666906993
"Intron (Amillepora06144-RA/Amillepora06144, intron 3 of 4)",1,0.00901225666906993
"Intron (Amillepora06224-RA/Amillepora06224, intron 8 of 28)",1,0.00901225666906993
"Intron (Amillepora06385-RA/Amillepora06385, intron 7 of 8)",1,0.00901225666906993
"Intron (Amillepora06420-RA/Amillepora06420, intron 30 of 30)",1,0.00901225666906993
"Intron (Amillepora06462-RA/Amillepora06462, intron 3 of 29)",1,0.00901225666906993
"Intron (Amillepora06533-RA/Amillepora06533, intron 4 of 6)",1,0.00901225666906993
"Intron (Amillepora06549-RA/Amillepora06549, intron 6 of 9)",1,0.00901225666906993
"Intron (Amillepora06661-RA/Amillepora06661, intron 9 of 10)",1,0.00901225666906993
"Intron (Amillepora06665-RA/Amillepora06665, intron 12 of 27)",1,0.00901225666906993
"Intron (Amillepora06809-RA/Amillepora06809, intron 7 of 32)",1,0.00901225666906993
"Intron (Amillepora06857-RA/Amillepora06857, intron 14 of 14)",1,0.00901225666906993
"Intron (Amillepora06857-RA/Amillepora06857, intron 7 of 14)",1,0.00901225666906993
"Intron (Amillepora06894-RA/Amillepora06894, intron 3 of 3)",1,0.00901225666906993
"Intron (Amillepora06989-RA/Amillepora06989, intron 5 of 11)",1,0.00901225666906993
"Intron (Amillepora06993-RA/Amillepora06993, intron 1 of 3)",1,0.00901225666906993
"Intron (Amillepora06993-RA/Amillepora06993, intron 3 of 3)",1,0.00901225666906993
"Intron (Amillepora06994-RA/Amillepora06994, intron 11 of 12)",1,0.00901225666906993
"Intron (Amillepora07055-RA/Amillepora07055, intron 3 of 3)",1,0.00901225666906993
"Intron (Amillepora07100-RA/Amillepora07100, intron 11 of 11)",1,0.00901225666906993
"Intron (Amillepora07108-RA/Amillepora07108, intron 22 of 55)",1,0.00901225666906993
"Intron (Amillepora07112-RA/Amillepora07112, intron 7 of 11)",1,0.00901225666906993
"Intron (Amillepora07192-RA/Amillepora07192, intron 15 of 19)",1,0.00901225666906993
"Intron (Amillepora07217-RA/Amillepora07217, intron 29 of 37)",1,0.00901225666906993
"Intron (Amillepora07258-RA/Amillepora07258, intron 11 of 28)",1,0.00901225666906993
"Intron (Amillepora07302-RA/Amillepora07302, intron 8 of 17)",1,0.00901225666906993
"Intron (Amillepora07304-RA/Amillepora07304, intron 18 of 23)",1,0.00901225666906993
"Intron (Amillepora07349-RA/Amillepora07349, intron 4 of 9)",1,0.00901225666906993
"Intron (Amillepora07391-RA/Amillepora07391, intron 6 of 8)",1,0.00901225666906993
"Intron (Amillepora07442-RA/Amillepora07442, intron 90 of 90)",1,0.00901225666906993
"Intron (Amillepora07443-RA/Amillepora07443, intron 12 of 22)",1,0.00901225666906993
"Intron (Amillepora07443-RA/Amillepora07443, intron 5 of 22)",1,0.00901225666906993
"Intron (Amillepora07445-RA/Amillepora07445, intron 4 of 5)",1,0.00901225666906993
"Intron (Amillepora07479-RA/Amillepora07479, intron 2 of 5)",1,0.00901225666906993
"Intron (Amillepora07481-RA/Amillepora07481, intron 3 of 6)",1,0.00901225666906993
"Intron (Amillepora07517-RA/Amillepora07517, intron 10 of 51)",1,0.00901225666906993
"Intron (Amillepora07619-RA/Amillepora07619, intron 5 of 12)",1,0.00901225666906993
"Intron (Amillepora07645-RA/Amillepora07645, intron 5 of 6)",1,0.00901225666906993
"Intron (Amillepora07684-RA/Amillepora07684, intron 3 of 6)",1,0.00901225666906993
"Intron (Amillepora07686-RA/Amillepora07686, intron 5 of 26)",1,0.00901225666906993
"Intron (Amillepora07738-RA/Amillepora07738, intron 4 of 5)",1,0.00901225666906993
"Intron (Amillepora07807-RA/Amillepora07807, intron 9 of 14)",1,0.00901225666906993
"Intron (Amillepora07852-RA/Amillepora07852, intron 3 of 5)",1,0.00901225666906993
"Intron (Amillepora07871-RA/Amillepora07871, intron 2 of 2)",1,0.00901225666906993
"Intron (Amillepora07883-RA/Amillepora07883, intron 5 of 6)",1,0.00901225666906993
"Intron (Amillepora07992-RA/Amillepora07992, intron 1 of 2)",1,0.00901225666906993
"Intron (Amillepora07992-RA/Amillepora07992, intron 2 of 2)",1,0.00901225666906993
"Intron (Amillepora08001-RA/Amillepora08001, intron 18 of 19)",1,0.00901225666906993
"Intron (Amillepora08012-RA/Amillepora08012, intron 5 of 11)",1,0.00901225666906993
"Intron (Amillepora08030-RA/Amillepora08030, intron 25 of 51)",1,0.00901225666906993
"Intron (Amillepora08049-RA/Amillepora08049, intron 9 of 15)",1,0.00901225666906993
"Intron (Amillepora08053-RA/Amillepora08053, intron 12 of 13)",1,0.00901225666906993
"Intron (Amillepora08090-RA/Amillepora08090, intron 4 of 5)",1,0.00901225666906993
"Intron (Amillepora08182-RA/Amillepora08182, intron 4 of 4)",1,0.00901225666906993
"Intron (Amillepora08287-RA/Amillepora08287, intron 31 of 52)",1,0.00901225666906993
"Intron (Amillepora08322-RA/Amillepora08322, intron 6 of 6)",1,0.00901225666906993
"Intron (Amillepora08370-RA/Amillepora08370, intron 16 of 16)",1,0.00901225666906993
"Intron (Amillepora08377-RA/Amillepora08377, intron 73 of 91)",1,0.00901225666906993
"Intron (Amillepora08430-RA/Amillepora08430, intron 15 of 17)",1,0.00901225666906993
"Intron (Amillepora08607-RA/Amillepora08607, intron 11 of 29)",1,0.00901225666906993
"Intron (Amillepora08636-RA/Amillepora08636, intron 7 of 9)",1,0.00901225666906993
"Intron (Amillepora08638-RA/Amillepora08638, intron 1 of 5)",1,0.00901225666906993
"Intron (Amillepora08652-RA/Amillepora08652, intron 9 of 25)",1,0.00901225666906993
"Intron (Amillepora08662-RA/Amillepora08662, intron 3 of 15)",1,0.00901225666906993
"Intron (Amillepora08714-RA/Amillepora08714, intron 1 of 4)",1,0.00901225666906993
"Intron (Amillepora08820-RA/Amillepora08820, intron 1 of 10)",1,0.00901225666906993
"Intron (Amillepora08844-RA/Amillepora08844, intron 16 of 16)",1,0.00901225666906993
"Intron (Amillepora08869-RA/Amillepora08869, intron 2 of 22)",1,0.00901225666906993
"Intron (Amillepora08933-RA/Amillepora08933, intron 2 of 2)",1,0.00901225666906993
"Intron (Amillepora08957-RA/Amillepora08957, intron 9 of 29)",1,0.00901225666906993
"Intron (Amillepora08983-RA/Amillepora08983, intron 1 of 1)",1,0.00901225666906993
"Intron (Amillepora09089-RA/Amillepora09089, intron 5 of 7)",1,0.00901225666906993
"Intron (Amillepora09094-RA/Amillepora09094, intron 4 of 7)",1,0.00901225666906993
"Intron (Amillepora09130-RA/Amillepora09130, intron 13 of 25)",1,0.00901225666906993
"Intron (Amillepora09165-RA/Amillepora09165, intron 23 of 37)",1,0.00901225666906993
"Intron (Amillepora09196-RA/Amillepora09196, intron 57 of 73)",1,0.00901225666906993
"Intron (Amillepora09470-RA/Amillepora09470, intron 1 of 2)",1,0.00901225666906993
"Intron (Amillepora09471-RA/Amillepora09471, intron 2 of 3)",1,0.00901225666906993
"Intron (Amillepora09535-RA/Amillepora09535, intron 1 of 3)",1,0.00901225666906993
"Intron (Amillepora09558-RA/Amillepora09558, intron 1 of 1)",1,0.00901225666906993
"Intron (Amillepora09563-RA/Amillepora09563, intron 13 of 26)",1,0.00901225666906993
"Intron (Amillepora09573-RA/Amillepora09573, intron 5 of 7)",1,0.00901225666906993
"Intron (Amillepora09622-RA/Amillepora09622, intron 1 of 1)",1,0.00901225666906993
"Intron (Amillepora09665-RA/Amillepora09665, intron 1 of 1)",1,0.00901225666906993
"Intron (Amillepora09698-RA/Amillepora09698, intron 5 of 13)",1,0.00901225666906993
"Intron (Amillepora09751-RA/Amillepora09751, intron 2 of 3)",1,0.00901225666906993
"Intron (Amillepora09783-RA/Amillepora09783, intron 6 of 7)",1,0.00901225666906993
"Intron (Amillepora09803-RA/Amillepora09803, intron 19 of 30)",1,0.00901225666906993
"Intron (Amillepora09803-RA/Amillepora09803, intron 22 of 30)",1,0.00901225666906993
"Intron (Amillepora09825-RA/Amillepora09825, intron 2 of 4)",1,0.00901225666906993
"Intron (Amillepora09854-RA/Amillepora09854, intron 3 of 3)",1,0.00901225666906993
"Intron (Amillepora09924-RA/Amillepora09924, intron 16 of 35)",1,0.00901225666906993
"Intron (Amillepora09952-RA/Amillepora09952, intron 3 of 4)",1,0.00901225666906993
"Intron (Amillepora10011-RA/Amillepora10011, intron 12 of 13)",1,0.00901225666906993
"Intron (Amillepora10013-RA/Amillepora10013, intron 3 of 4)",1,0.00901225666906993
"Intron (Amillepora10061-RA/Amillepora10061, intron 3 of 8)",1,0.00901225666906993
"Intron (Amillepora10216-RA/Amillepora10216, intron 3 of 4)",1,0.00901225666906993
"Intron (Amillepora10216-RA/Amillepora10216, intron 4 of 4)",1,0.00901225666906993
"Intron (Amillepora10236-RA/Amillepora10236, intron 2 of 7)",1,0.00901225666906993
"Intron (Amillepora10262-RA/Amillepora10262, intron 9 of 10)",1,0.00901225666906993
"Intron (Amillepora10337-RA/Amillepora10337, intron 4 of 4)",1,0.00901225666906993
"Intron (Amillepora10369-RA/Amillepora10369, intron 5 of 5)",1,0.00901225666906993
"Intron (Amillepora10405-RA/Amillepora10405, intron 9 of 14)",1,0.00901225666906993
"Intron (Amillepora10415-RA/Amillepora10415, intron 23 of 31)",1,0.00901225666906993
"Intron (Amillepora10443-RA/Amillepora10443, intron 12 of 14)",1,0.00901225666906993
"Intron (Amillepora10548-RA/Amillepora10548, intron 13 of 18)",1,0.00901225666906993
"Intron (Amillepora10548-RA/Amillepora10548, intron 17 of 18)",1,0.00901225666906993
"Intron (Amillepora10548-RA/Amillepora10548, intron 7 of 18)",1,0.00901225666906993
"Intron (Amillepora10556-RA/Amillepora10556, intron 4 of 5)",1,0.00901225666906993
"Intron (Amillepora10600-RA/Amillepora10600, intron 15 of 23)",1,0.00901225666906993
"Intron (Amillepora10630-RA/Amillepora10630, intron 30 of 126)",1,0.00901225666906993
"Intron (Amillepora10726-RA/Amillepora10726, intron 7 of 14)",1,0.00901225666906993
"Intron (Amillepora10740-RA/Amillepora10740, intron 7 of 9)",1,0.00901225666906993
"Intron (Amillepora10787-RA/Amillepora10787, intron 40 of 45)",1,0.00901225666906993
"Intron (Amillepora10921-RA/Amillepora10921, intron 4 of 60)",1,0.00901225666906993
"Intron (Amillepora10944-RA/Amillepora10944, intron 2 of 3)",1,0.00901225666906993
"Intron (Amillepora10945-RA/Amillepora10945, intron 3 of 52)",1,0.00901225666906993
"Intron (Amillepora10984-RA/Amillepora10984, intron 5 of 6)",1,0.00901225666906993
"Intron (Amillepora11120-RA/Amillepora11120, intron 22 of 25)",1,0.00901225666906993
"Intron (Amillepora11136-RA/Amillepora11136, intron 2 of 9)",1,0.00901225666906993
"Intron (Amillepora11145-RA/Amillepora11145, intron 4 of 9)",1,0.00901225666906993
"Intron (Amillepora11209-RA/Amillepora11209, intron 4 of 4)",1,0.00901225666906993
"Intron (Amillepora11317-RA/Amillepora11317, intron 12 of 21)",1,0.00901225666906993
"Intron (Amillepora11336-RA/Amillepora11336, intron 5 of 6)",1,0.00901225666906993
"Intron (Amillepora11408-RA/Amillepora11408, intron 1 of 1)",1,0.00901225666906993
"Intron (Amillepora11483-RA/Amillepora11483, intron 1 of 1)",1,0.00901225666906993
"Intron (Amillepora11494-RA/Amillepora11494, intron 2 of 2)",1,0.00901225666906993
"Intron (Amillepora11662-RA/Amillepora11662, intron 4 of 18)",1,0.00901225666906993
"Intron (Amillepora11682-RA/Amillepora11682, intron 8 of 20)",1,0.00901225666906993
"Intron (Amillepora11739-RA/Amillepora11739, intron 8 of 10)",1,0.00901225666906993
"Intron (Amillepora11830-RA/Amillepora11830, intron 7 of 9)",1,0.00901225666906993
"Intron (Amillepora11830-RA/Amillepora11830, intron 8 of 9)",1,0.00901225666906993
"Intron (Amillepora11835-RA/Amillepora11835, intron 2 of 4)",1,0.00901225666906993
"Intron (Amillepora11841-RA/Amillepora11841, intron 2 of 4)",1,0.00901225666906993
"Intron (Amillepora11849-RA/Amillepora11849, intron 3 of 3)",1,0.00901225666906993
"Intron (Amillepora11850-RA/Amillepora11850, intron 2 of 3)",1,0.00901225666906993
"Intron (Amillepora12033-RA/Amillepora12033, intron 3 of 9)",1,0.00901225666906993
"Intron (Amillepora12034-RA/Amillepora12034, intron 5 of 9)",1,0.00901225666906993
"Intron (Amillepora12122-RA/Amillepora12122, intron 2 of 5)",1,0.00901225666906993
"Intron (Amillepora12214-RA/Amillepora12214, intron 13 of 16)",1,0.00901225666906993
"Intron (Amillepora12214-RA/Amillepora12214, intron 9 of 16)",1,0.00901225666906993
"Intron (Amillepora12222-RA/Amillepora12222, intron 12 of 16)",1,0.00901225666906993
"Intron (Amillepora12248-RA/Amillepora12248, intron 5 of 7)",1,0.00901225666906993
"Intron (Amillepora12285-RA/Amillepora12285, intron 2 of 3)",1,0.00901225666906993
"Intron (Amillepora12336-RA/Amillepora12336, intron 16 of 27)",1,0.00901225666906993
"Intron (Amillepora12361-RA/Amillepora12361, intron 4 of 28)",1,0.00901225666906993
"Intron (Amillepora12361-RA/Amillepora12361, intron 9 of 28)",1,0.00901225666906993
"Intron (Amillepora12442-RA/Amillepora12442, intron 10 of 21)",1,0.00901225666906993
"Intron (Amillepora12468-RA/Amillepora12468, intron 23 of 27)",1,0.00901225666906993
"Intron (Amillepora12526-RA/Amillepora12526, intron 5 of 5)",1,0.00901225666906993
"Intron (Amillepora12547-RA/Amillepora12547, intron 2 of 3)",1,0.00901225666906993
"Intron (Amillepora12597-RA/Amillepora12597, intron 7 of 11)",1,0.00901225666906993
"Intron (Amillepora12610-RA/Amillepora12610, intron 10 of 29)",1,0.00901225666906993
"Intron (Amillepora12672-RA/Amillepora12672, intron 11 of 18)",1,0.00901225666906993
"Intron (Amillepora12716-RA/Amillepora12716, intron 2 of 30)",1,0.00901225666906993
"Intron (Amillepora12728-RA/Amillepora12728, intron 9 of 11)",1,0.00901225666906993
"Intron (Amillepora12729-RA/Amillepora12729, intron 6 of 11)",1,0.00901225666906993
"Intron (Amillepora12729-RA/Amillepora12729, intron 8 of 11)",1,0.00901225666906993
"Intron (Amillepora12774-RA/Amillepora12774, intron 3 of 5)",1,0.00901225666906993
"Intron (Amillepora12777-RA/Amillepora12777, intron 1 of 3)",1,0.00901225666906993
"Intron (Amillepora12818-RA/Amillepora12818, intron 12 of 14)",1,0.00901225666906993
"Intron (Amillepora12818-RA/Amillepora12818, intron 6 of 14)",1,0.00901225666906993
"Intron (Amillepora12826-RA/Amillepora12826, intron 7 of 9)",1,0.00901225666906993
"Intron (Amillepora12827-RA/Amillepora12827, intron 3 of 13)",1,0.00901225666906993
"Intron (Amillepora12860-RA/Amillepora12860, intron 8 of 20)",1,0.00901225666906993
"Intron (Amillepora12921-RA/Amillepora12921, intron 11 of 32)",1,0.00901225666906993
"Intron (Amillepora12947-RA/Amillepora12947, intron 1 of 9)",1,0.00901225666906993
"Intron (Amillepora12957-RA/Amillepora12957, intron 6 of 13)",1,0.00901225666906993
"Intron (Amillepora13090-RA/Amillepora13090, intron 4 of 6)",1,0.00901225666906993
"Intron (Amillepora13104-RA/Amillepora13104, intron 7 of 10)",1,0.00901225666906993
"Intron (Amillepora13138-RA/Amillepora13138, intron 1 of 2)",1,0.00901225666906993
"Intron (Amillepora13159-RA/Amillepora13159, intron 2 of 8)",1,0.00901225666906993
"Intron (Amillepora13183-RA/Amillepora13183, intron 18 of 23)",1,0.00901225666906993
"Intron (Amillepora13275-RA/Amillepora13275, intron 22 of 24)",1,0.00901225666906993
"Intron (Amillepora13355-RA/Amillepora13355, intron 12 of 15)",1,0.00901225666906993
"Intron (Amillepora13451-RA/Amillepora13451, intron 4 of 13)",1,0.00901225666906993
"Intron (Amillepora13504-RA/Amillepora13504, intron 1 of 1)",1,0.00901225666906993
"Intron (Amillepora13554-RA/Amillepora13554, intron 6 of 10)",1,0.00901225666906993
"Intron (Amillepora13605-RA/Amillepora13605, intron 1 of 2)",1,0.00901225666906993
"Intron (Amillepora13624-RA/Amillepora13624, intron 5 of 20)",1,0.00901225666906993
"Intron (Amillepora13635-RA/Amillepora13635, intron 2 of 9)",1,0.00901225666906993
"Intron (Amillepora13715-RA/Amillepora13715, intron 9 of 14)",1,0.00901225666906993
"Intron (Amillepora13772-RA/Amillepora13772, intron 15 of 21)",1,0.00901225666906993
"Intron (Amillepora14032-RA/Amillepora14032, intron 12 of 20)",1,0.00901225666906993
"Intron (Amillepora14071-RA/Amillepora14071, intron 5 of 9)",1,0.00901225666906993
"Intron (Amillepora14102-RA/Amillepora14102, intron 13 of 14)",1,0.00901225666906993
"Intron (Amillepora14126-RA/Amillepora14126, intron 3 of 7)",1,0.00901225666906993
"Intron (Amillepora14134-RA/Amillepora14134, intron 9 of 18)",1,0.00901225666906993
"Intron (Amillepora14226-RA/Amillepora14226, intron 3 of 6)",1,0.00901225666906993
"Intron (Amillepora14281-RA/Amillepora14281, intron 4 of 13)",1,0.00901225666906993
"Intron (Amillepora14283-RA/Amillepora14283, intron 4 of 10)",1,0.00901225666906993
"Intron (Amillepora14289-RA/Amillepora14289, intron 1 of 1)",1,0.00901225666906993
"Intron (Amillepora14329-RA/Amillepora14329, intron 9 of 14)",1,0.00901225666906993
"Intron (Amillepora14354-RA/Amillepora14354, intron 4 of 5)",1,0.00901225666906993
"Intron (Amillepora14383-RA/Amillepora14383, intron 5 of 14)",1,0.00901225666906993
"Intron (Amillepora14422-RA/Amillepora14422, intron 11 of 30)",1,0.00901225666906993
"Intron (Amillepora14424-RA/Amillepora14424, intron 21 of 24)",1,0.00901225666906993
"Intron (Amillepora14471-RA/Amillepora14471, intron 13 of 24)",1,0.00901225666906993
"Intron (Amillepora14477-RA/Amillepora14477, intron 14 of 14)",1,0.00901225666906993
"Intron (Amillepora14528-RA/Amillepora14528, intron 2 of 2)",1,0.00901225666906993
"Intron (Amillepora14707-RA/Amillepora14707, intron 11 of 15)",1,0.00901225666906993
"Intron (Amillepora14753-RA/Amillepora14753, intron 7 of 9)",1,0.00901225666906993
"Intron (Amillepora14754-RA/Amillepora14754, intron 12 of 25)",1,0.00901225666906993
"Intron (Amillepora14950-RA/Amillepora14950, intron 3 of 3)",1,0.00901225666906993
"Intron (Amillepora15025-RA/Amillepora15025, intron 7 of 29)",1,0.00901225666906993
"Intron (Amillepora15097-RA/Amillepora15097, intron 2 of 4)",1,0.00901225666906993
"Intron (Amillepora15138-RA/Amillepora15138, intron 5 of 7)",1,0.00901225666906993
"Intron (Amillepora15165-RA/Amillepora15165, intron 4 of 10)",1,0.00901225666906993
"Intron (Amillepora15165-RA/Amillepora15165, intron 8 of 10)",1,0.00901225666906993
"Intron (Amillepora15198-RA/Amillepora15198, intron 23 of 55)",1,0.00901225666906993
"Intron (Amillepora15198-RA/Amillepora15198, intron 4 of 55)",1,0.00901225666906993
"Intron (Amillepora15211-RA/Amillepora15211, intron 6 of 14)",1,0.00901225666906993
"Intron (Amillepora15267-RA/Amillepora15267, intron 2 of 4)",1,0.00901225666906993
"Intron (Amillepora15277-RA/Amillepora15277, intron 2 of 22)",1,0.00901225666906993
"Intron (Amillepora15378-RA/Amillepora15378, intron 1 of 4)",1,0.00901225666906993
"Intron (Amillepora15378-RA/Amillepora15378, intron 3 of 4)",1,0.00901225666906993
"Intron (Amillepora15409-RA/Amillepora15409, intron 8 of 12)",1,0.00901225666906993
"Intron (Amillepora15449-RA/Amillepora15449, intron 3 of 3)",1,0.00901225666906993
"Intron (Amillepora15499-RA/Amillepora15499, intron 2 of 6)",1,0.00901225666906993
"Intron (Amillepora15511-RA/Amillepora15511, intron 14 of 38)",1,0.00901225666906993
"Intron (Amillepora15521-RA/Amillepora15521, intron 18 of 40)",1,0.00901225666906993
"Intron (Amillepora15521-RA/Amillepora15521, intron 31 of 40)",1,0.00901225666906993
"Intron (Amillepora15559-RA/Amillepora15559, intron 7 of 10)",1,0.00901225666906993
"Intron (Amillepora15567-RA/Amillepora15567, intron 4 of 4)",1,0.00901225666906993
"Intron (Amillepora15647-RA/Amillepora15647, intron 7 of 12)",1,0.00901225666906993
"Intron (Amillepora15657-RA/Amillepora15657, intron 5 of 10)",1,0.00901225666906993
"Intron (Amillepora15671-RA/Amillepora15671, intron 3 of 3)",1,0.00901225666906993
"Intron (Amillepora15724-RA/Amillepora15724, intron 4 of 5)",1,0.00901225666906993
"Intron (Amillepora15748-RA/Amillepora15748, intron 1 of 1)",1,0.00901225666906993
"Intron (Amillepora15761-RA/Amillepora15761, intron 6 of 6)",1,0.00901225666906993
"Intron (Amillepora15886-RA/Amillepora15886, intron 9 of 24)",1,0.00901225666906993
"Intron (Amillepora16018-RA/Amillepora16018, intron 14 of 18)",1,0.00901225666906993
"Intron (Amillepora16122-RA/Amillepora16122, intron 5 of 16)",1,0.00901225666906993
"Intron (Amillepora16133-RA/Amillepora16133, intron 44 of 53)",1,0.00901225666906993
"Intron (Amillepora16135-RA/Amillepora16135, intron 8 of 9)",1,0.00901225666906993
"Intron (Amillepora16146-RA/Amillepora16146, intron 8 of 10)",1,0.00901225666906993
"Intron (Amillepora16156-RA/Amillepora16156, intron 1 of 1)",1,0.00901225666906993
"Intron (Amillepora16177-RA/Amillepora16177, intron 5 of 7)",1,0.00901225666906993
"Intron (Amillepora16213-RA/Amillepora16213, intron 2 of 5)",1,0.00901225666906993
"Intron (Amillepora16246-RA/Amillepora16246, intron 14 of 24)",1,0.00901225666906993
"Intron (Amillepora16268-RA/Amillepora16268, intron 3 of 7)",1,0.00901225666906993
"Intron (Amillepora16268-RA/Amillepora16268, intron 7 of 7)",1,0.00901225666906993
"Intron (Amillepora16321-RA/Amillepora16321, intron 6 of 8)",1,0.00901225666906993
"Intron (Amillepora16377-RA/Amillepora16377, intron 11 of 12)",1,0.00901225666906993
"Intron (Amillepora16385-RA/Amillepora16385, intron 3 of 5)",1,0.00901225666906993
"Intron (Amillepora16435-RA/Amillepora16435, intron 17 of 19)",1,0.00901225666906993
"Intron (Amillepora16484-RA/Amillepora16484, intron 17 of 21)",1,0.00901225666906993
"Intron (Amillepora16507-RA/Amillepora16507, intron 4 of 11)",1,0.00901225666906993
"Intron (Amillepora16594-RA/Amillepora16594, intron 11 of 20)",1,0.00901225666906993
"Intron (Amillepora16603-RA/Amillepora16603, intron 6 of 13)",1,0.00901225666906993
"Intron (Amillepora16605-RA/Amillepora16605, intron 4 of 6)",1,0.00901225666906993
"Intron (Amillepora16609-RA/Amillepora16609, intron 2 of 3)",1,0.00901225666906993
"Intron (Amillepora16649-RA/Amillepora16649, intron 4 of 4)",1,0.00901225666906993
"Intron (Amillepora16655-RA/Amillepora16655, intron 10 of 31)",1,0.00901225666906993
"Intron (Amillepora16683-RA/Amillepora16683, intron 38 of 39)",1,0.00901225666906993
"Intron (Amillepora16725-RA/Amillepora16725, intron 18 of 29)",1,0.00901225666906993
"Intron (Amillepora16740-RA/Amillepora16740, intron 6 of 22)",1,0.00901225666906993
"Intron (Amillepora16903-RA/Amillepora16903, intron 9 of 15)",1,0.00901225666906993
"Intron (Amillepora16933-RA/Amillepora16933, intron 3 of 4)",1,0.00901225666906993
"Intron (Amillepora17001-RA/Amillepora17001, intron 14 of 15)",1,0.00901225666906993
"Intron (Amillepora17026-RA/Amillepora17026, intron 11 of 22)",1,0.00901225666906993
"Intron (Amillepora17095-RA/Amillepora17095, intron 14 of 21)",1,0.00901225666906993
"Intron (Amillepora17105-RA/Amillepora17105, intron 2 of 2)",1,0.00901225666906993
"Intron (Amillepora17111-RA/Amillepora17111, intron 4 of 5)",1,0.00901225666906993
"Intron (Amillepora17150-RA/Amillepora17150, intron 2 of 14)",1,0.00901225666906993
"Intron (Amillepora17315-RA/Amillepora17315, intron 14 of 19)",1,0.00901225666906993
"Intron (Amillepora17339-RA/Amillepora17339, intron 4 of 4)",1,0.00901225666906993
"Intron (Amillepora17396-RA/Amillepora17396, intron 1 of 1)",1,0.00901225666906993
"Intron (Amillepora17472-RA/Amillepora17472, intron 1 of 2)",1,0.00901225666906993
"Intron (Amillepora17690-RA/Amillepora17690, intron 1 of 1)",1,0.00901225666906993
"Intron (Amillepora17783-RA/Amillepora17783, intron 3 of 3)",1,0.00901225666906993
"Intron (Amillepora17817-RA/Amillepora17817, intron 4 of 5)",1,0.00901225666906993
"Intron (Amillepora17840-RA/Amillepora17840, intron 17 of 23)",1,0.00901225666906993
"Intron (Amillepora17889-RA/Amillepora17889, intron 4 of 5)",1,0.00901225666906993
"Intron (Amillepora17985-RA/Amillepora17985, intron 5 of 6)",1,0.00901225666906993
"Intron (Amillepora18004-RA/Amillepora18004, intron 2 of 5)",1,0.00901225666906993
"Intron (Amillepora18010-RA/Amillepora18010, intron 2 of 4)",1,0.00901225666906993
"Intron (Amillepora18011-RA/Amillepora18011, intron 16 of 25)",1,0.00901225666906993
"Intron (Amillepora18024-RA/Amillepora18024, intron 1 of 7)",1,0.00901225666906993
"Intron (Amillepora18034-RA/Amillepora18034, intron 6 of 10)",1,0.00901225666906993
"Intron (Amillepora18130-RA/Amillepora18130, intron 4 of 6)",1,0.00901225666906993
"Intron (Amillepora18150-RA/Amillepora18150, intron 5 of 8)",1,0.00901225666906993
"Intron (Amillepora18210-RA/Amillepora18210, intron 4 of 4)",1,0.00901225666906993
"Intron (Amillepora18247-RA/Amillepora18247, intron 7 of 11)",1,0.00901225666906993
"Intron (Amillepora18258-RA/Amillepora18258, intron 3 of 6)",1,0.00901225666906993
"Intron (Amillepora18292-RA/Amillepora18292, intron 1 of 2)",1,0.00901225666906993
"Intron (Amillepora18326-RA/Amillepora18326, intron 7 of 9)",1,0.00901225666906993
"Intron (Amillepora18348-RA/Amillepora18348, intron 4 of 4)",1,0.00901225666906993
"Intron (Amillepora18393-RA/Amillepora18393, intron 1 of 1)",1,0.00901225666906993
"Intron (Amillepora18395-RA/Amillepora18395, intron 11 of 11)",1,0.00901225666906993
"Intron (Amillepora18409-RA/Amillepora18409, intron 3 of 7)",1,0.00901225666906993
"Intron (Amillepora18422-RA/Amillepora18422, intron 5 of 31)",1,0.00901225666906993
"Intron (Amillepora18501-RA/Amillepora18501, intron 5 of 5)",1,0.00901225666906993
"Intron (Amillepora18614-RA/Amillepora18614, intron 7 of 12)",1,0.00901225666906993
"Intron (Amillepora18637-RA/Amillepora18637, intron 2 of 6)",1,0.00901225666906993
"Intron (Amillepora18692-RA/Amillepora18692, intron 65 of 69)",1,0.00901225666906993
"Intron (Amillepora18743-RA/Amillepora18743, intron 3 of 5)",1,0.00901225666906993
"Intron (Amillepora18825-RA/Amillepora18825, intron 14 of 21)",1,0.00901225666906993
"Intron (Amillepora18825-RA/Amillepora18825, intron 21 of 21)",1,0.00901225666906993
"Intron (Amillepora18854-RA/Amillepora18854, intron 3 of 9)",1,0.00901225666906993
"Intron (Amillepora18854-RA/Amillepora18854, intron 8 of 9)",1,0.00901225666906993
"Intron (Amillepora18897-RA/Amillepora18897, intron 5 of 6)",1,0.00901225666906993
"Intron (Amillepora18907-RA/Amillepora18907, intron 5 of 6)",1,0.00901225666906993
"Intron (Amillepora18957-RA/Amillepora18957, intron 9 of 14)",1,0.00901225666906993
"Intron (Amillepora18963-RA/Amillepora18963, intron 1 of 1)",1,0.00901225666906993
"Intron (Amillepora18988-RA/Amillepora18988, intron 2 of 2)",1,0.00901225666906993
"Intron (Amillepora19028-RA/Amillepora19028, intron 2 of 3)",1,0.00901225666906993
"Intron (Amillepora19028-RA/Amillepora19028, intron 3 of 3)",1,0.00901225666906993
"Intron (Amillepora19074-RA/Amillepora19074, intron 4 of 4)",1,0.00901225666906993
"Intron (Amillepora19077-RA/Amillepora19077, intron 12 of 15)",1,0.00901225666906993
"Intron (Amillepora19087-RA/Amillepora19087, intron 10 of 15)",1,0.00901225666906993
"Intron (Amillepora19095-RA/Amillepora19095, intron 1 of 2)",1,0.00901225666906993
"Intron (Amillepora19151-RA/Amillepora19151, intron 20 of 20)",1,0.00901225666906993
"Intron (Amillepora19155-RA/Amillepora19155, intron 5 of 5)",1,0.00901225666906993
"Intron (Amillepora19209-RA/Amillepora19209, intron 13 of 14)",1,0.00901225666906993
"Intron (Amillepora19244-RA/Amillepora19244, intron 4 of 4)",1,0.00901225666906993
"Intron (Amillepora19250-RA/Amillepora19250, intron 1 of 74)",1,0.00901225666906993
"Intron (Amillepora19320-RA/Amillepora19320, intron 3 of 5)",1,0.00901225666906993
"Intron (Amillepora19331-RA/Amillepora19331, intron 5 of 5)",1,0.00901225666906993
"Intron (Amillepora19368-RA/Amillepora19368, intron 5 of 21)",1,0.00901225666906993
"Intron (Amillepora19388-RA/Amillepora19388, intron 67 of 72)",1,0.00901225666906993
"Intron (Amillepora19391-RA/Amillepora19391, intron 12 of 13)",1,0.00901225666906993
"Intron (Amillepora19447-RA/Amillepora19447, intron 7 of 10)",1,0.00901225666906993
"Intron (Amillepora19465-RA/Amillepora19465, intron 5 of 5)",1,0.00901225666906993
"Intron (Amillepora19539-RA/Amillepora19539, intron 6 of 9)",1,0.00901225666906993
"Intron (Amillepora19617-RA/Amillepora19617, intron 9 of 10)",1,0.00901225666906993
"Intron (Amillepora19622-RA/Amillepora19622, intron 13 of 33)",1,0.00901225666906993
"Intron (Amillepora19622-RA/Amillepora19622, intron 29 of 33)",1,0.00901225666906993
"Intron (Amillepora19653-RA/Amillepora19653, intron 32 of 42)",1,0.00901225666906993
"Intron (Amillepora19657-RA/Amillepora19657, intron 3 of 42)",1,0.00901225666906993
"Intron (Amillepora19687-RA/Amillepora19687, intron 6 of 9)",1,0.00901225666906993
"Intron (Amillepora19715-RA/Amillepora19715, intron 6 of 13)",1,0.00901225666906993
"Intron (Amillepora19781-RA/Amillepora19781, intron 13 of 13)",1,0.00901225666906993
"Intron (Amillepora19784-RA/Amillepora19784, intron 9 of 14)",1,0.00901225666906993
"Intron (Amillepora19788-RA/Amillepora19788, intron 10 of 10)",1,0.00901225666906993
"Intron (Amillepora19843-RA/Amillepora19843, intron 20 of 31)",1,0.00901225666906993
"Intron (Amillepora19848-RA/Amillepora19848, intron 2 of 7)",1,0.00901225666906993
"Intron (Amillepora19854-RA/Amillepora19854, intron 16 of 26)",1,0.00901225666906993
"Intron (Amillepora19872-RA/Amillepora19872, intron 2 of 4)",1,0.00901225666906993
"Intron (Amillepora19894-RA/Amillepora19894, intron 3 of 9)",1,0.00901225666906993
"Intron (Amillepora19924-RA/Amillepora19924, intron 3 of 7)",1,0.00901225666906993
"Intron (Amillepora20007-RA/Amillepora20007, intron 1 of 2)",1,0.00901225666906993
"Intron (Amillepora20028-RA/Amillepora20028, intron 3 of 10)",1,0.00901225666906993
"Intron (Amillepora20124-RA/Amillepora20124, intron 8 of 9)",1,0.00901225666906993
"Intron (Amillepora20140-RA/Amillepora20140, intron 8 of 17)",1,0.00901225666906993
"Intron (Amillepora20152-RA/Amillepora20152, intron 1 of 2)",1,0.00901225666906993
"Intron (Amillepora20187-RA/Amillepora20187, intron 10 of 12)",1,0.00901225666906993
"Intron (Amillepora20301-RA/Amillepora20301, intron 5 of 5)",1,0.00901225666906993
"Intron (Amillepora20307-RA/Amillepora20307, intron 14 of 14)",1,0.00901225666906993
"Intron (Amillepora20381-RA/Amillepora20381, intron 14 of 21)",1,0.00901225666906993
"Intron (Amillepora20553-RA/Amillepora20553, intron 8 of 8)",1,0.00901225666906993
"Intron (Amillepora20556-RA/Amillepora20556, intron 9 of 11)",1,0.00901225666906993
"Intron (Amillepora20609-RA/Amillepora20609, intron 5 of 6)",1,0.00901225666906993
"Intron (Amillepora20696-RA/Amillepora20696, intron 3 of 3)",1,0.00901225666906993
"Intron (Amillepora20697-RA/Amillepora20697, intron 3 of 3)",1,0.00901225666906993
"Intron (Amillepora20705-RA/Amillepora20705, intron 2 of 10)",1,0.00901225666906993
"Intron (Amillepora20788-RA/Amillepora20788, intron 3 of 4)",1,0.00901225666906993
"Intron (Amillepora20867-RA/Amillepora20867, intron 4 of 4)",1,0.00901225666906993
"Intron (Amillepora20901-RA/Amillepora20901, intron 3 of 3)",1,0.00901225666906993
"Intron (Amillepora20996-RA/Amillepora20996, intron 2 of 2)",1,0.00901225666906993
"Intron (Amillepora21220-RA/Amillepora21220, intron 2 of 7)",1,0.00901225666906993
"Intron (Amillepora21259-RA/Amillepora21259, intron 2 of 15)",1,0.00901225666906993
"Intron (Amillepora21261-RA/Amillepora21261, intron 2 of 17)",1,0.00901225666906993
"Intron (Amillepora21319-RA/Amillepora21319, intron 1 of 3)",1,0.00901225666906993
"Intron (Amillepora21329-RA/Amillepora21329, intron 4 of 9)",1,0.00901225666906993
"Intron (Amillepora21358-RA/Amillepora21358, intron 7 of 9)",1,0.00901225666906993
"Intron (Amillepora21401-RA/Amillepora21401, intron 3 of 11)",1,0.00901225666906993
"Intron (Amillepora21473-RA/Amillepora21473, intron 5 of 7)",1,0.00901225666906993
"Intron (Amillepora21481-RA/Amillepora21481, intron 2 of 4)",1,0.00901225666906993
"Intron (Amillepora21500-RA/Amillepora21500, intron 4 of 5)",1,0.00901225666906993
"Intron (Amillepora21560-RA/Amillepora21560, intron 2 of 7)",1,0.00901225666906993
"Intron (Amillepora21560-RA/Amillepora21560, intron 4 of 7)",1,0.00901225666906993
"Intron (Amillepora21560-RA/Amillepora21560, intron 5 of 7)",1,0.00901225666906993
"Intron (Amillepora21560-RA/Amillepora21560, intron 7 of 7)",1,0.00901225666906993
"Intron (Amillepora21635-RA/Amillepora21635, intron 3 of 4)",1,0.00901225666906993
"Intron (Amillepora21659-RA/Amillepora21659, intron 1 of 29)",1,0.00901225666906993
"Intron (Amillepora21669-RA/Amillepora21669, intron 3 of 4)",1,0.00901225666906993
"Intron (Amillepora21670-RA/Amillepora21670, intron 4 of 17)",1,0.00901225666906993
"Intron (Amillepora21683-RA/Amillepora21683, intron 3 of 4)",1,0.00901225666906993
"Intron (Amillepora21884-RA/Amillepora21884, intron 32 of 46)",1,0.00901225666906993
"Intron (Amillepora21886-RA/Amillepora21886, intron 1 of 8)",1,0.00901225666906993
"Intron (Amillepora21912-RA/Amillepora21912, intron 36 of 40)",1,0.00901225666906993
"Intron (Amillepora21956-RA/Amillepora21956, intron 6 of 19)",1,0.00901225666906993
"Intron (Amillepora22055-RA/Amillepora22055, intron 3 of 4)",1,0.00901225666906993
"Intron (Amillepora22189-RA/Amillepora22189, intron 18 of 26)",1,0.00901225666906993
"Intron (Amillepora22203-RA/Amillepora22203, intron 11 of 12)",1,0.00901225666906993
"Intron (Amillepora22300-RA/Amillepora22300, intron 9 of 12)",1,0.00901225666906993
"Intron (Amillepora22360-RA/Amillepora22360, intron 78 of 84)",1,0.00901225666906993
"Intron (Amillepora22366-RA/Amillepora22366, intron 34 of 34)",1,0.00901225666906993
"Intron (Amillepora22370-RA/Amillepora22370, intron 28 of 30)",1,0.00901225666906993
"Intron (Amillepora22409-RA/Amillepora22409, intron 3 of 4)",1,0.00901225666906993
"Intron (Amillepora22434-RA/Amillepora22434, intron 12 of 15)",1,0.00901225666906993
"Intron (Amillepora22468-RA/Amillepora22468, intron 4 of 10)",1,0.00901225666906993
"Intron (Amillepora22479-RA/Amillepora22479, intron 2 of 4)",1,0.00901225666906993
"Intron (Amillepora22985-RA/Amillepora22985, intron 3 of 20)",1,0.00901225666906993
"Intron (Amillepora23130-RA/Amillepora23130, intron 1 of 2)",1,0.00901225666906993
"Intron (Amillepora23141-RA/Amillepora23141, intron 1 of 7)",1,0.00901225666906993
"Intron (Amillepora23218-RA/Amillepora23218, intron 13 of 23)",1,0.00901225666906993
"Intron (Amillepora23246-RA/Amillepora23246, intron 24 of 34)",1,0.00901225666906993
"Intron (Amillepora23294-RA/Amillepora23294, intron 23 of 34)",1,0.00901225666906993
"Intron (Amillepora23300-RA/Amillepora23300, intron 6 of 6)",1,0.00901225666906993
"Intron (Amillepora23368-RA/Amillepora23368, intron 4 of 19)",1,0.00901225666906993
"Intron (Amillepora23392-RA/Amillepora23392, intron 6 of 6)",1,0.00901225666906993
"Intron (Amillepora23397-RA/Amillepora23397, intron 9 of 57)",1,0.00901225666906993
"Intron (Amillepora23464-RA/Amillepora23464, intron 10 of 12)",1,0.00901225666906993
"Intron (Amillepora23464-RA/Amillepora23464, intron 12 of 12)",1,0.00901225666906993
"Intron (Amillepora23562-RA/Amillepora23562, intron 6 of 13)",1,0.00901225666906993
"Intron (Amillepora23590-RA/Amillepora23590, intron 9 of 10)",1,0.00901225666906993
"Intron (Amillepora23674-RA/Amillepora23674, intron 4 of 52)",1,0.00901225666906993
"Intron (Amillepora23727-RA/Amillepora23727, intron 7 of 38)",1,0.00901225666906993
"Intron (Amillepora23737-RA/Amillepora23737, intron 4 of 7)",1,0.00901225666906993
"Intron (Amillepora23748-RA/Amillepora23748, intron 11 of 23)",1,0.00901225666906993
"Intron (Amillepora23930-RA/Amillepora23930, intron 3 of 9)",1,0.00901225666906993
"Intron (Amillepora23930-RA/Amillepora23930, intron 4 of 9)",1,0.00901225666906993
"Intron (Amillepora23956-RA/Amillepora23956, intron 3 of 17)",1,0.00901225666906993
"Intron (Amillepora23959-RA/Amillepora23959, intron 7 of 22)",1,0.00901225666906993
"Intron (Amillepora24163-RA/Amillepora24163, intron 2 of 3)",1,0.00901225666906993
"Intron (Amillepora24189-RA/Amillepora24189, intron 2 of 3)",1,0.00901225666906993
"Intron (Amillepora24197-RA/Amillepora24197, intron 2 of 7)",1,0.00901225666906993
"Intron (Amillepora24208-RA/Amillepora24208, intron 1 of 1)",1,0.00901225666906993
"Intron (Amillepora24211-RA/Amillepora24211, intron 2 of 27)",1,0.00901225666906993
"Intron (Amillepora24289-RA/Amillepora24289, intron 5 of 6)",1,0.00901225666906993
"Intron (Amillepora24307-RA/Amillepora24307, intron 1 of 7)",1,0.00901225666906993
"Intron (Amillepora24364-RA/Amillepora24364, intron 11 of 17)",1,0.00901225666906993
"Intron (Amillepora24400-RA/Amillepora24400, intron 6 of 8)",1,0.00901225666906993
"Intron (Amillepora24403-RA/Amillepora24403, intron 5 of 15)",1,0.00901225666906993
"Intron (Amillepora24410-RA/Amillepora24410, intron 10 of 14)",1,0.00901225666906993
"Intron (Amillepora24555-RA/Amillepora24555, intron 20 of 31)",1,0.00901225666906993
"Intron (Amillepora24566-RA/Amillepora24566, intron 2 of 2)",1,0.00901225666906993
"Intron (Amillepora24597-RA/Amillepora24597, intron 13 of 16)",1,0.00901225666906993
"Intron (Amillepora24629-RA/Amillepora24629, intron 74 of 90)",1,0.00901225666906993
"Intron (Amillepora24629-RA/Amillepora24629, intron 8 of 90)",1,0.00901225666906993
"Intron (Amillepora24685-RA/Amillepora24685, intron 8 of 28)",1,0.00901225666906993
"Intron (Amillepora24694-RA/Amillepora24694, intron 15 of 15)",1,0.00901225666906993
"Intron (Amillepora24812-RA/Amillepora24812, intron 6 of 9)",1,0.00901225666906993
"Intron (Amillepora24835-RA/Amillepora24835, intron 12 of 26)",1,0.00901225666906993
"Intron (Amillepora24902-RA/Amillepora24902, intron 9 of 13)",1,0.00901225666906993
"Intron (Amillepora25164-RA/Amillepora25164, intron 24 of 86)",1,0.00901225666906993
"Intron (Amillepora25336-RA/Amillepora25336, intron 10 of 11)",1,0.00901225666906993
"Intron (Amillepora25348-RA/Amillepora25348, intron 22 of 42)",1,0.00901225666906993
"Intron (Amillepora25431-RA/Amillepora25431, intron 5 of 5)",1,0.00901225666906993
"Intron (Amillepora25573-RA/Amillepora25573, intron 2 of 5)",1,0.00901225666906993
"Intron (Amillepora25683-RA/Amillepora25683, intron 2 of 23)",1,0.00901225666906993
"Intron (Amillepora25713-RA/Amillepora25713, intron 1 of 12)",1,0.00901225666906993
"Intron (Amillepora25727-RA/Amillepora25727, intron 1 of 13)",1,0.00901225666906993
"Intron (Amillepora25767-RA/Amillepora25767, intron 7 of 30)",1,0.00901225666906993
"Intron (Amillepora25768-RA/Amillepora25768, intron 1 of 31)",1,0.00901225666906993
"Intron (Amillepora25800-RA/Amillepora25800, intron 1 of 9)",1,0.00901225666906993
"Intron (Amillepora25816-RA/Amillepora25816, intron 3 of 5)",1,0.00901225666906993
"Intron (Amillepora25816-RA/Amillepora25816, intron 4 of 5)",1,0.00901225666906993
"Intron (Amillepora25816-RA/Amillepora25816, intron 5 of 5)",1,0.00901225666906993
"Intron (Amillepora25830-RA/Amillepora25830, intron 2 of 5)",1,0.00901225666906993
"Intron (Amillepora25838-RA/Amillepora25838, intron 6 of 6)",1,0.00901225666906993
"Intron (Amillepora25870-RA/Amillepora25870, intron 4 of 6)",1,0.00901225666906993
"Intron (Amillepora25929-RA/Amillepora25929, intron 1 of 3)",1,0.00901225666906993
"Intron (Amillepora25945-RA/Amillepora25945, intron 6 of 6)",1,0.00901225666906993
"Intron (Amillepora25963-RA/Amillepora25963, intron 2 of 2)",1,0.00901225666906993
"Intron (Amillepora26002-RA/Amillepora26002, intron 10 of 12)",1,0.00901225666906993
"Intron (Amillepora26133-RA/Amillepora26133, intron 19 of 44)",1,0.00901225666906993
"Intron (Amillepora26136-RA/Amillepora26136, intron 18 of 23)",1,0.00901225666906993
"Intron (Amillepora26192-RA/Amillepora26192, intron 7 of 12)",1,0.00901225666906993
"Intron (Amillepora26291-RA/Amillepora26291, intron 30 of 39)",1,0.00901225666906993
"Intron (Amillepora26297-RA/Amillepora26297, intron 37 of 51)",1,0.00901225666906993
"Intron (Amillepora26298-RA/Amillepora26298, intron 5 of 9)",1,0.00901225666906993
"Intron (Amillepora26299-RA/Amillepora26299, intron 8 of 20)",1,0.00901225666906993
"Intron (Amillepora26332-RA/Amillepora26332, intron 4 of 9)",1,0.00901225666906993
"Intron (Amillepora26337-RA/Amillepora26337, intron 12 of 12)",1,0.00901225666906993
"Intron (Amillepora26352-RA/Amillepora26352, intron 2 of 12)",1,0.00901225666906993
"Intron (Amillepora26398-RA/Amillepora26398, intron 4 of 4)",1,0.00901225666906993
"Intron (Amillepora26413-RA/Amillepora26413, intron 4 of 4)",1,0.00901225666906993
"Intron (Amillepora26450-RA/Amillepora26450, intron 2 of 3)",1,0.00901225666906993
"Intron (Amillepora26502-RA/Amillepora26502, intron 3 of 4)",1,0.00901225666906993
"Intron (Amillepora26546-RA/Amillepora26546, intron 12 of 12)",1,0.00901225666906993
"Intron (Amillepora26562-RA/Amillepora26562, intron 3 of 24)",1,0.00901225666906993
"Intron (Amillepora26569-RA/Amillepora26569, intron 2 of 11)",1,0.00901225666906993
"Intron (Amillepora26603-RA/Amillepora26603, intron 5 of 38)",1,0.00901225666906993
"Intron (Amillepora26634-RA/Amillepora26634, intron 5 of 6)",1,0.00901225666906993
"Intron (Amillepora26677-RA/Amillepora26677, intron 5 of 17)",1,0.00901225666906993
"Intron (Amillepora26713-RA/Amillepora26713, intron 8 of 30)",1,0.00901225666906993
"Intron (Amillepora26776-RA/Amillepora26776, intron 4 of 4)",1,0.00901225666906993
"Intron (Amillepora26819-RA/Amillepora26819, intron 2 of 10)",1,0.00901225666906993
"Intron (Amillepora26874-RA/Amillepora26874, intron 9 of 10)",1,0.00901225666906993
"Intron (Amillepora26890-RA/Amillepora26890, intron 5 of 6)",1,0.00901225666906993
"Intron (Amillepora26897-RA/Amillepora26897, intron 31 of 56)",1,0.00901225666906993
"Intron (Amillepora27035-RA/Amillepora27035, intron 4 of 4)",1,0.00901225666906993
"Intron (Amillepora27079-RA/Amillepora27079, intron 3 of 5)",1,0.00901225666906993
"Intron (Amillepora27079-RA/Amillepora27079, intron 5 of 5)",1,0.00901225666906993
"Intron (Amillepora27203-RA/Amillepora27203, intron 5 of 8)",1,0.00901225666906993
"Intron (Amillepora27307-RA/Amillepora27307, intron 2 of 3)",1,0.00901225666906993
"Intron (Amillepora27337-RA/Amillepora27337, intron 7 of 10)",1,0.00901225666906993
"Intron (Amillepora27379-RA/Amillepora27379, intron 1 of 2)",1,0.00901225666906993
"Intron (Amillepora27382-RA/Amillepora27382, intron 16 of 22)",1,0.00901225666906993
"Intron (Amillepora27382-RA/Amillepora27382, intron 4 of 22)",1,0.00901225666906993
"Intron (Amillepora27405-RA/Amillepora27405, intron 1 of 3)",1,0.00901225666906993
"Intron (Amillepora27497-RA/Amillepora27497, intron 5 of 14)",1,0.00901225666906993
"Intron (Amillepora27507-RA/Amillepora27507, intron 12 of 16)",1,0.00901225666906993
"Intron (Amillepora27600-RA/Amillepora27600, intron 1 of 4)",1,0.00901225666906993
"Intron (Amillepora27648-RA/Amillepora27648, intron 3 of 3)",1,0.00901225666906993
"Intron (Amillepora27662-RA/Amillepora27662, intron 3 of 16)",1,0.00901225666906993
"Intron (Amillepora27662-RA/Amillepora27662, intron 4 of 16)",1,0.00901225666906993
"Intron (Amillepora27724-RA/Amillepora27724, intron 10 of 11)",1,0.00901225666906993
"Intron (Amillepora27755-RA/Amillepora27755, intron 37 of 40)",1,0.00901225666906993
"Intron (Amillepora27807-RA/Amillepora27807, intron 5 of 7)",1,0.00901225666906993
"Intron (Amillepora27848-RA/Amillepora27848, intron 6 of 8)",1,0.00901225666906993
"Intron (Amillepora27919-RA/Amillepora27919, intron 7 of 15)",1,0.00901225666906993
"Intron (Amillepora27939-RA/Amillepora27939, intron 14 of 25)",1,0.00901225666906993
"Intron (Amillepora28031-RA/Amillepora28031, intron 18 of 30)",1,0.00901225666906993
"Intron (Amillepora28076-RA/Amillepora28076, intron 5 of 11)",1,0.00901225666906993
"Intron (Amillepora28080-RA/Amillepora28080, intron 1 of 1)",1,0.00901225666906993
"Intron (Amillepora28146-RA/Amillepora28146, intron 14 of 34)",1,0.00901225666906993
"Intron (Amillepora28146-RA/Amillepora28146, intron 25 of 34)",1,0.00901225666906993
"Intron (Amillepora28174-RA/Amillepora28174, intron 1 of 1)",1,0.00901225666906993
"Intron (Amillepora28186-RA/Amillepora28186, intron 2 of 7)",1,0.00901225666906993
"Intron (Amillepora28240-RA/Amillepora28240, intron 3 of 8)",1,0.00901225666906993
"Intron (Amillepora28240-RA/Amillepora28240, intron 7 of 8)",1,0.00901225666906993
"Intron (Amillepora28331-RA/Amillepora28331, intron 2 of 4)",1,0.00901225666906993
"Intron (Amillepora28432-RA/Amillepora28432, intron 4 of 4)",1,0.00901225666906993
"Intron (Amillepora28535-RA/Amillepora28535, intron 2 of 3)",1,0.00901225666906993
"Intron (Amillepora28555-RA/Amillepora28555, intron 3 of 3)",1,0.00901225666906993
"Intron (Amillepora28811-RA/Amillepora28811, intron 8 of 9)",1,0.00901225666906993
"Intron (Amillepora28852-RA/Amillepora28852, intron 2 of 10)",1,0.00901225666906993
"Intron (Amillepora28858-RA/Amillepora28858, intron 5 of 5)",1,0.00901225666906993
"Intron (Amillepora28916-RA/Amillepora28916, intron 2 of 5)",1,0.00901225666906993
"Intron (Amillepora28918-RA/Amillepora28918, intron 9 of 9)",1,0.00901225666906993
"Intron (Amillepora28934-RA/Amillepora28934, intron 3 of 12)",1,0.00901225666906993
"Intron (Amillepora28960-RA/Amillepora28960, intron 6 of 14)",1,0.00901225666906993
"Intron (Amillepora29026-RA/Amillepora29026, intron 12 of 35)",1,0.00901225666906993
"Intron (Amillepora29043-RA/Amillepora29043, intron 3 of 24)",1,0.00901225666906993
"Intron (Amillepora29052-RA/Amillepora29052, intron 20 of 25)",1,0.00901225666906993
"Intron (Amillepora29100-RA/Amillepora29100, intron 2 of 2)",1,0.00901225666906993
"Intron (Amillepora29114-RA/Amillepora29114, intron 3 of 3)",1,0.00901225666906993
"Intron (Amillepora29222-RA/Amillepora29222, intron 7 of 10)",1,0.00901225666906993
"Intron (Amillepora29234-RA/Amillepora29234, intron 3 of 15)",1,0.00901225666906993
"Intron (Amillepora29435-RA/Amillepora29435, intron 9 of 12)",1,0.00901225666906993
"Intron (Amillepora29436-RA/Amillepora29436, intron 8 of 14)",1,0.00901225666906993
"Intron (Amillepora29440-RA/Amillepora29440, intron 13 of 26)",1,0.00901225666906993
"Intron (Amillepora29443-RA/Amillepora29443, intron 7 of 17)",1,0.00901225666906993
"Intron (Amillepora29445-RA/Amillepora29445, intron 1 of 7)",1,0.00901225666906993
"Intron (Amillepora29445-RA/Amillepora29445, intron 3 of 7)",1,0.00901225666906993
"Intron (Amillepora29451-RA/Amillepora29451, intron 2 of 12)",1,0.00901225666906993
"Intron (Amillepora29538-RA/Amillepora29538, intron 2 of 4)",1,0.00901225666906993
"Intron (Amillepora29599-RA/Amillepora29599, intron 3 of 13)",1,0.00901225666906993
"Intron (Amillepora29619-RA/Amillepora29619, intron 3 of 3)",1,0.00901225666906993
"Intron (Amillepora29716-RA/Amillepora29716, intron 1 of 7)",1,0.00901225666906993
"Intron (Amillepora29716-RA/Amillepora29716, intron 2 of 7)",1,0.00901225666906993
"Intron (Amillepora29716-RA/Amillepora29716, intron 4 of 7)",1,0.00901225666906993
"Intron (Amillepora29716-RA/Amillepora29716, intron 5 of 7)",1,0.00901225666906993
"Intron (Amillepora29731-RA/Amillepora29731, intron 17 of 17)",1,0.00901225666906993
"Intron (Amillepora29753-RA/Amillepora29753, intron 2 of 5)",1,0.00901225666906993
"Intron (Amillepora29800-RA/Amillepora29800, intron 5 of 5)",1,0.00901225666906993
"Intron (Amillepora29823-RA/Amillepora29823, intron 1 of 1)",1,0.00901225666906993
"Intron (Amillepora29831-RA/Amillepora29831, intron 3 of 7)",1,0.00901225666906993
"Intron (Amillepora29949-RA/Amillepora29949, intron 3 of 5)",1,0.00901225666906993
"Intron (Amillepora30028-RA/Amillepora30028, intron 5 of 7)",1,0.00901225666906993
"Intron (Amillepora30067-RA/Amillepora30067, intron 5 of 13)",1,0.00901225666906993
"Intron (Amillepora30149-RA/Amillepora30149, intron 14 of 21)",1,0.00901225666906993
"Intron (Amillepora30165-RA/Amillepora30165, intron 2 of 4)",1,0.00901225666906993
"Intron (Amillepora30212-RA/Amillepora30212, intron 4 of 4)",1,0.00901225666906993
"Intron (Amillepora30281-RA/Amillepora30281, intron 3 of 3)",1,0.00901225666906993
"Intron (Amillepora30292-RA/Amillepora30292, intron 3 of 5)",1,0.00901225666906993
"Intron (Amillepora30364-RA/Amillepora30364, intron 19 of 26)",1,0.00901225666906993
"Intron (Amillepora30384-RA/Amillepora30384, intron 6 of 6)",1,0.00901225666906993
"Intron (Amillepora30456-RA/Amillepora30456, intron 3 of 3)",1,0.00901225666906993
"Intron (Amillepora30473-RA/Amillepora30473, intron 4 of 13)",1,0.00901225666906993
"Intron (Amillepora30484-RA/Amillepora30484, intron 1 of 1)",1,0.00901225666906993
"Intron (Amillepora30579-RA/Amillepora30579, intron 3 of 9)",1,0.00901225666906993
"Intron (Amillepora30636-RA/Amillepora30636, intron 1 of 4)",1,0.00901225666906993
"Intron (Amillepora30636-RA/Amillepora30636, intron 4 of 4)",1,0.00901225666906993
"Intron (Amillepora30665-RA/Amillepora30665, intron 3 of 3)",1,0.00901225666906993
"Intron (Amillepora30676-RA/Amillepora30676, intron 1 of 1)",1,0.00901225666906993
"Intron (Amillepora30691-RA/Amillepora30691, intron 1 of 2)",1,0.00901225666906993
"Intron (Amillepora30724-RA/Amillepora30724, intron 11 of 26)",1,0.00901225666906993
"Intron (Amillepora30737-RA/Amillepora30737, intron 7 of 15)",1,0.00901225666906993
"Intron (Amillepora30753-RA/Amillepora30753, intron 2 of 10)",1,0.00901225666906993
"Intron (Amillepora30841-RA/Amillepora30841, intron 3 of 8)",1,0.00901225666906993
"Intron (Amillepora30964-RA/Amillepora30964, intron 4 of 11)",1,0.00901225666906993
"Intron (Amillepora31029-RA/Amillepora31029, intron 1 of 3)",1,0.00901225666906993
"Intron (Amillepora31061-RA/Amillepora31061, intron 3 of 6)",1,0.00901225666906993
"Intron (Amillepora31069-RA/Amillepora31069, intron 17 of 17)",1,0.00901225666906993
"Intron (Amillepora31120-RA/Amillepora31120, intron 1 of 2)",1,0.00901225666906993
"Intron (Amillepora31144-RA/Amillepora31144, intron 2 of 6)",1,0.00901225666906993
"Intron (Amillepora31215-RA/Amillepora31215, intron 1 of 7)",1,0.00901225666906993
"Intron (Amillepora31219-RA/Amillepora31219, intron 5 of 7)",1,0.00901225666906993
"Intron (Amillepora31253-RA/Amillepora31253, intron 3 of 3)",1,0.00901225666906993
"Intron (Amillepora31270-RA/Amillepora31270, intron 1 of 4)",1,0.00901225666906993
"Intron (Amillepora31379-RA/Amillepora31379, intron 1 of 6)",1,0.00901225666906993
"Intron (Amillepora31390-RA/Amillepora31390, intron 1 of 1)",1,0.00901225666906993
"Intron (Amillepora31448-RA/Amillepora31448, intron 1 of 8)",1,0.00901225666906993
"Intron (Amillepora31497-RA/Amillepora31497, intron 3 of 3)",1,0.00901225666906993
"Intron (Amillepora31506-RA/Amillepora31506, intron 2 of 6)",1,0.00901225666906993
"Intron (Amillepora31506-RA/Amillepora31506, intron 4 of 6)",1,0.00901225666906993
"Intron (Amillepora31522-RA/Amillepora31522, intron 15 of 16)",1,0.00901225666906993
"Intron (Amillepora31533-RA/Amillepora31533, intron 7 of 7)",1,0.00901225666906993
"Intron (Amillepora31581-RA/Amillepora31581, intron 10 of 15)",1,0.00901225666906993
"Intron (Amillepora31646-RA/Amillepora31646, intron 10 of 10)",1,0.00901225666906993
"Intron (Amillepora31676-RA/Amillepora31676, intron 2 of 3)",1,0.00901225666906993
"Intron (Amillepora31713-RA/Amillepora31713, intron 1 of 5)",1,0.00901225666906993
"Intron (Amillepora31794-RA/Amillepora31794, intron 6 of 12)",1,0.00901225666906993
"Intron (Amillepora31800-RA/Amillepora31800, intron 22 of 90)",1,0.00901225666906993
"Intron (Amillepora31840-RA/Amillepora31840, intron 3 of 3)",1,0.00901225666906993
"Intron (Amillepora31894-RA/Amillepora31894, intron 14 of 14)",1,0.00901225666906993
"Intron (Amillepora31894-RA/Amillepora31894, intron 5 of 14)",1,0.00901225666906993
"Intron (Amillepora31937-RA/Amillepora31937, intron 3 of 11)",1,0.00901225666906993
"Intron (Amillepora31983-RA/Amillepora31983, intron 3 of 3)",1,0.00901225666906993
"Intron (Amillepora32013-RA/Amillepora32013, intron 1 of 1)",1,0.00901225666906993
"Intron (Amillepora32056-RA/Amillepora32056, intron 1 of 4)",1,0.00901225666906993
"Intron (Amillepora32062-RA/Amillepora32062, intron 1 of 1)",1,0.00901225666906993
"Intron (Amillepora32086-RA/Amillepora32086, intron 2 of 3)",1,0.00901225666906993
"Intron (Amillepora32128-RA/Amillepora32128, intron 33 of 35)",1,0.00901225666906993
"Intron (Amillepora32211-RA/Amillepora32211, intron 2 of 2)",1,0.00901225666906993
"Intron (Amillepora32290-RA/Amillepora32290, intron 26 of 45)",1,0.00901225666906993
"Intron (Amillepora32316-RA/Amillepora32316, intron 11 of 20)",1,0.00901225666906993
"Intron (Amillepora32316-RA/Amillepora32316, intron 5 of 20)",1,0.00901225666906993
"Intron (Amillepora32319-RA/Amillepora32319, intron 9 of 9)",1,0.00901225666906993
"Intron (Amillepora32332-RA/Amillepora32332, intron 2 of 5)",1,0.00901225666906993
"Intron (Amillepora32452-RA/Amillepora32452, intron 3 of 8)",1,0.00901225666906993
"Intron (Amillepora32458-RA/Amillepora32458, intron 2 of 3)",1,0.00901225666906993
"Intron (Amillepora32470-RA/Amillepora32470, intron 5 of 5)",1,0.00901225666906993
"Intron (Amillepora32544-RA/Amillepora32544, intron 2 of 4)",1,0.00901225666906993
"Intron (Amillepora32550-RA/Amillepora32550, intron 14 of 22)",1,0.00901225666906993
"Intron (Amillepora32606-RA/Amillepora32606, intron 1 of 6)",1,0.00901225666906993
"Intron (Amillepora32640-RA/Amillepora32640, intron 15 of 19)",1,0.00901225666906993
"Intron (Amillepora32640-RA/Amillepora32640, intron 2 of 19)",1,0.00901225666906993
"Intron (Amillepora32678-RA/Amillepora32678, intron 12 of 24)",1,0.00901225666906993
"Intron (Amillepora32723-RA/Amillepora32723, intron 3 of 6)",1,0.00901225666906993
"Intron (Amillepora32724-RA/Amillepora32724, intron 3 of 3)",1,0.00901225666906993
"Intron (Amillepora32775-RA/Amillepora32775, intron 1 of 2)",1,0.00901225666906993
"Intron (Amillepora32836-RA/Amillepora32836, intron 4 of 4)",1,0.00901225666906993
"Intron (Amillepora32858-RA/Amillepora32858, intron 1 of 11)",1,0.00901225666906993
"Intron (Amillepora32920-RA/Amillepora32920, intron 3 of 7)",1,0.00901225666906993
"Intron (Amillepora32920-RA/Amillepora32920, intron 4 of 7)",1,0.00901225666906993
"Intron (Amillepora32957-RA/Amillepora32957, intron 3 of 7)",1,0.00901225666906993
"Intron (Amillepora32957-RA/Amillepora32957, intron 6 of 7)",1,0.00901225666906993
"Intron (Amillepora32972-RA/Amillepora32972, intron 2 of 2)",1,0.00901225666906993
"Intron (Amillepora32982-RA/Amillepora32982, intron 28 of 30)",1,0.00901225666906993
"Intron (Amillepora32983-RA/Amillepora32983, intron 4 of 16)",1,0.00901225666906993
"Intron (Amillepora32984-RA/Amillepora32984, intron 1 of 6)",1,0.00901225666906993
"Intron (Amillepora33074-RA/Amillepora33074, intron 7 of 16)",1,0.00901225666906993
"Intron (Amillepora33176-RA/Amillepora33176, intron 3 of 6)",1,0.00901225666906993
"Intron (Amillepora33222-RA/Amillepora33222, intron 3 of 8)",1,0.00901225666906993
"Intron (Amillepora33249-RA/Amillepora33249, intron 4 of 8)",1,0.00901225666906993
"Intron (Amillepora33263-RA/Amillepora33263, intron 3 of 11)",1,0.00901225666906993
"Intron (Amillepora33263-RA/Amillepora33263, intron 6 of 11)",1,0.00901225666906993
"Intron (Amillepora33274-RA/Amillepora33274, intron 5 of 5)",1,0.00901225666906993
"Intron (Amillepora33308-RA/Amillepora33308, intron 34 of 44)",1,0.00901225666906993
"Intron (Amillepora33317-RA/Amillepora33317, intron 18 of 31)",1,0.00901225666906993
"Intron (Amillepora33317-RA/Amillepora33317, intron 6 of 31)",1,0.00901225666906993
"Intron (Amillepora33350-RA/Amillepora33350, intron 2 of 3)",1,0.00901225666906993
"Intron (Amillepora33396-RA/Amillepora33396, intron 1 of 4)",1,0.00901225666906993
"Intron (Amillepora33400-RA/Amillepora33400, intron 3 of 3)",1,0.00901225666906993
"Intron (Amillepora33443-RA/Amillepora33443, intron 3 of 3)",1,0.00901225666906993
"Intron (Amillepora33462-RA/Amillepora33462, intron 2 of 4)",1,0.00901225666906993
"Intron (Amillepora33473-RA/Amillepora33473, intron 2 of 3)",1,0.00901225666906993
"Intron (Amillepora33476-RA/Amillepora33476, intron 2 of 4)",1,0.00901225666906993
"Intron (Amillepora33505-RA/Amillepora33505, intron 6 of 9)",1,0.00901225666906993
"Intron (Amillepora33506-RA/Amillepora33506, intron 13 of 20)",1,0.00901225666906993
"Intron (Amillepora33589-RA/Amillepora33589, intron 8 of 12)",1,0.00901225666906993
"Intron (Amillepora33604-RA/Amillepora33604, intron 5 of 5)",1,0.00901225666906993
"Intron (Amillepora33674-RA/Amillepora33674, intron 5 of 5)",1,0.00901225666906993
"Intron (Amillepora33686-RA/Amillepora33686, intron 1 of 8)",1,0.00901225666906993
"Intron (Amillepora33688-RA/Amillepora33688, intron 1 of 2)",1,0.00901225666906993
"Intron (Amillepora33692-RA/Amillepora33692, intron 1 of 1)",1,0.00901225666906993
"Intron (Amillepora33695-RA/Amillepora33695, intron 3 of 5)",1,0.00901225666906993
"Intron (Amillepora33738-RA/Amillepora33738, intron 2 of 5)",1,0.00901225666906993
"Intron (Amillepora33744-RA/Amillepora33744, intron 16 of 35)",1,0.00901225666906993
"Intron (Amillepora33860-RA/Amillepora33860, intron 2 of 2)",1,0.00901225666906993
"Intron (Amillepora33880-RA/Amillepora33880, intron 12 of 21)",1,0.00901225666906993
"Intron (Amillepora33927-RA/Amillepora33927, intron 2 of 8)",1,0.00901225666906993
"Intron (Amillepora33940-RA/Amillepora33940, intron 10 of 10)",1,0.00901225666906993
"Intron (Amillepora33941-RA/Amillepora33941, intron 3 of 3)",1,0.00901225666906993
"Intron (Amillepora34035-RA/Amillepora34035, intron 4 of 6)",1,0.00901225666906993
"Intron (Amillepora34043-RA/Amillepora34043, intron 14 of 18)",1,0.00901225666906993
"Intron (Amillepora34084-RA/Amillepora34084, intron 10 of 16)",1,0.00901225666906993
"Intron (Amillepora34085-RA/Amillepora34085, intron 4 of 4)",1,0.00901225666906993
"Intron (Amillepora34165-RA/Amillepora34165, intron 4 of 4)",1,0.00901225666906993
"Intron (Amillepora34190-RA/Amillepora34190, intron 8 of 9)",1,0.00901225666906993
"Intron (Amillepora34190-RA/Amillepora34190, intron 9 of 9)",1,0.00901225666906993
"Intron (Amillepora34204-RA/Amillepora34204, intron 1 of 2)",1,0.00901225666906993
"Intron (Amillepora34316-RA/Amillepora34316, intron 8 of 13)",1,0.00901225666906993
"Intron (Amillepora34401-RA/Amillepora34401, intron 1 of 1)",1,0.00901225666906993
"Intron (Amillepora34403-RA/Amillepora34403, intron 2 of 2)",1,0.00901225666906993
"Intron (Amillepora34422-RA/Amillepora34422, intron 3 of 5)",1,0.00901225666906993
"Intron (Amillepora34478-RA/Amillepora34478, intron 3 of 4)",1,0.00901225666906993
"Intron (Amillepora34514-RA/Amillepora34514, intron 14 of 21)",1,0.00901225666906993
"Intron (Amillepora34564-RA/Amillepora34564, intron 1 of 3)",1,0.00901225666906993
"Intron (Amillepora34571-RA/Amillepora34571, intron 2 of 2)",1,0.00901225666906993
"Intron (Amillepora34732-RA/Amillepora34732, intron 3 of 5)",1,0.00901225666906993
"Intron (Amillepora34768-RA/Amillepora34768, intron 2 of 3)",1,0.00901225666906993
"Intron (Amillepora34817-RA/Amillepora34817, intron 5 of 30)",1,0.00901225666906993
"Intron (Amillepora34825-RA/Amillepora34825, intron 3 of 3)",1,0.00901225666906993
"Intron (Amillepora34849-RA/Amillepora34849, intron 2 of 3)",1,0.00901225666906993
"Intron (Amillepora34855-RA/Amillepora34855, intron 5 of 7)",1,0.00901225666906993
"Intron (Amillepora34855-RA/Amillepora34855, intron 6 of 7)",1,0.00901225666906993
"Intron (Amillepora34922-RA/Amillepora34922, intron 1 of 5)",1,0.00901225666906993
"Intron (Amillepora34942-RA/Amillepora34942, intron 17 of 24)",1,0.00901225666906993
"Intron (Amillepora34980-RA/Amillepora34980, intron 3 of 11)",1,0.00901225666906993
"Intron (Amillepora35003-RA/Amillepora35003, intron 8 of 8)",1,0.00901225666906993
"Intron (Amillepora35246-RA/Amillepora35246, intron 4 of 9)",1,0.00901225666906993
"Intron (Amillepora35273-RA/Amillepora35273, intron 9 of 10)",1,0.00901225666906993
"Intron (Amillepora35285-RA/Amillepora35285, intron 3 of 6)",1,0.00901225666906993
"Intron (Amillepora35366-RA/Amillepora35366, intron 4 of 4)",1,0.00901225666906993
"Intron (Amillepora35655-RA/Amillepora35655, intron 3 of 9)",1,0.00901225666906993
"Intron (Amillepora35683-RA/Amillepora35683, intron 4 of 7)",1,0.00901225666906993
"Intron (Amillepora35715-RA/Amillepora35715, intron 1 of 4)",1,0.00901225666906993
"Intron (Amillepora35719-RA/Amillepora35719, intron 7 of 20)",1,0.00901225666906993
"Intron (Amillepora35852-RA/Amillepora35852, intron 3 of 4)",1,0.00901225666906993
"Intron (Amillepora35900-RA/Amillepora35900, intron 5 of 6)",1,0.00901225666906993
"Intron (Amillepora35920-RA/Amillepora35920, intron 4 of 5)",1,0.00901225666906993
"Intron (Amillepora35922-RA/Amillepora35922, intron 2 of 3)",1,0.00901225666906993
"Intron (Amillepora35958-RA/Amillepora35958, intron 4 of 7)",1,0.00901225666906993
"Intron (Amillepora36056-RA/Amillepora36056, intron 6 of 9)",1,0.00901225666906993
"Intron (Amillepora36058-RA/Amillepora36058, intron 1 of 20)",1,0.00901225666906993
"Intron (Amillepora36147-RA/Amillepora36147, intron 24 of 29)",1,0.00901225666906993
"Intron (Amillepora36176-RA/Amillepora36176, intron 7 of 9)",1,0.00901225666906993
"Intron (Amillepora36269-RA/Amillepora36269, intron 1 of 17)",1,0.00901225666906993
"Intron (Amillepora36299-RA/Amillepora36299, intron 1 of 1)",1,0.00901225666906993
"Intron (Amillepora36388-RA/Amillepora36388, intron 1 of 8)",1,0.00901225666906993
"Intron (Amillepora36402-RA/Amillepora36402, intron 5 of 6)",1,0.00901225666906993
"Intron (Amillepora36424-RA/Amillepora36424, intron 4 of 6)",1,0.00901225666906993
"Intron (Amillepora36508-RA/Amillepora36508, intron 2 of 2)",1,0.00901225666906993
"Intron (Amillepora36517-RA/Amillepora36517, intron 10 of 16)",1,0.00901225666906993
"Intron (Amillepora36531-RA/Amillepora36531, intron 2 of 6)",1,0.00901225666906993
"Intron (Amillepora36561-RA/Amillepora36561, intron 1 of 8)",1,0.00901225666906993
"Intron (Amillepora36591-RA/Amillepora36591, intron 3 of 34)",1,0.00901225666906993
"Intron (Amillepora36703-RA/Amillepora36703, intron 9 of 15)",1,0.00901225666906993
"Intron (Amillepora36710-RA/Amillepora36710, intron 8 of 9)",1,0.00901225666906993
"Intron (Amillepora36829-RA/Amillepora36829, intron 1 of 2)",1,0.00901225666906993
"Intron (Amillepora36865-RA/Amillepora36865, intron 2 of 3)",1,0.00901225666906993
"Intron (Amillepora36891-RA/Amillepora36891, intron 30 of 32)",1,0.00901225666906993
"Intron (Amillepora36937-RA/Amillepora36937, intron 5 of 6)",1,0.00901225666906993
"Intron (Amillepora36977-RA/Amillepora36977, intron 1 of 4)",1,0.00901225666906993
"Intron (Amillepora37017-RA/Amillepora37017, intron 10 of 16)",1,0.00901225666906993
"Intron (Amillepora37045-RA/Amillepora37045, intron 1 of 11)",1,0.00901225666906993
"Intron (Amillepora37045-RA/Amillepora37045, intron 11 of 11)",1,0.00901225666906993
"Intron (Amillepora37086-RA/Amillepora37086, intron 2 of 4)",1,0.00901225666906993
"Intron (Amillepora37119-RA/Amillepora37119, intron 6 of 6)",1,0.00901225666906993
"Intron (Amillepora37139-RA/Amillepora37139, intron 5 of 5)",1,0.00901225666906993
"Intron (Amillepora37183-RA/Amillepora37183, intron 14 of 49)",1,0.00901225666906993
"Intron (Amillepora37213-RA/Amillepora37213, intron 13 of 13)",1,0.00901225666906993
"Intron (Amillepora37227-RA/Amillepora37227, intron 21 of 32)",1,0.00901225666906993
"Intron (Amillepora37233-RA/Amillepora37233, intron 2 of 2)",1,0.00901225666906993
"Intron (Amillepora37251-RA/Amillepora37251, intron 14 of 36)",1,0.00901225666906993
"Intron (Amillepora37263-RA/Amillepora37263, intron 3 of 5)",1,0.00901225666906993
"Intron (Amillepora37263-RA/Amillepora37263, intron 5 of 5)",1,0.00901225666906993
"Intron (Amillepora37268-RA/Amillepora37268, intron 3 of 7)",1,0.00901225666906993
"Intron (Amillepora37442-RA/Amillepora37442, intron 1 of 3)",1,0.00901225666906993
"Intron (Amillepora37750-RA/Amillepora37750, intron 7 of 9)",1,0.00901225666906993
"Intron (Amillepora37766-RA/Amillepora37766, intron 4 of 5)",1,0.00901225666906993
"Intron (Amillepora37794-RA/Amillepora37794, intron 3 of 18)",1,0.00901225666906993
"Intron (Amillepora37877-RA/Amillepora37877, intron 1 of 4)",1,0.00901225666906993
"Intron (Amillepora37995-RA/Amillepora37995, intron 3 of 12)",1,0.00901225666906993
"Intron (Amillepora38094-RA/Amillepora38094, intron 1 of 1)",1,0.00901225666906993
