"GO.ID","Term","Annotated","Significant","Expected","classic","classic_p","FDR"
"GO:0042445","hormone metabolic process",118,39,15.61,"2.2e-08",2.2e-08,6.915e-05
"GO:0010828","positive regulation of glucose transmembrane transport",16,12,2.12,"3.0e-08",3e-08,6.915e-05
"GO:0015749","monosaccharide transmembrane transport",42,20,5.56,"6.7e-08",6.7e-08,9.10475e-05
"GO:0034219","carbohydrate transmembrane transport",46,21,6.09,"7.9e-08",7.9e-08,9.10475e-05
"GO:0010827","regulation of glucose transmembrane transport",28,15,3.7,"4.3e-07",4.3e-07,0.00039646
"GO:0009653","anatomical structure morphogenesis",1587,273,209.96,"5.4e-07",5.4e-07,0.0004149
"GO:0009719","response to endogenous stimulus",827,157,109.41,"7.7e-07",7.7e-07,0.0005071
"GO:0001822","kidney development",224,56,29.64,"1.2e-06",1.2e-06,0.000614666666666667
"GO:0071495","cellular response to endogenous stimulus",687,134,90.89,"1.2e-06",1.2e-06,0.000614666666666667
"GO:0048513","animal organ development",1560,266,206.39,"1.7e-06",1.7e-06,0.000712454545454545
"GO:0035295","tube development",742,142,98.17,"1.7e-06",1.7e-06,0.000712454545454545
"GO:0010817","regulation of hormone levels",233,57,30.83,"2.0e-06",2e-06,0.000768333333333333
"GO:0008645","hexose transmembrane transport",39,17,5.16,"3.0e-06",3e-06,0.000987857142857143
"GO:1904659","glucose transmembrane transport",39,17,5.16,"3.0e-06",3e-06,0.000987857142857143
"GO:0072001","renal system development",239,57,31.62,"4.7e-06",4.7e-06,0.00140861111111111
"GO:0048731","system development",2197,355,290.67,"4.9e-06",4.9e-06,0.00140861111111111
"GO:0046326","positive regulation of glucose import",13,9,1.72,"5.3e-06",5.3e-06,0.00140861111111111
"GO:0050896","response to stimulus",4499,672,595.23,"5.5e-06",5.5e-06,0.00140861111111111
"GO:0008643","carbohydrate transport",67,23,8.86,"8.2e-06",8.2e-06,0.00198957894736842
"GO:0043367","CD4-positive, alpha-beta T cell differentiation",30,14,3.97,"8.7e-06",8.7e-06,0.00200535
"GO:0051173","positive regulation of nitrogen compound metabolic process",1265,217,167.36,"1.3e-05",1.3e-05,0.00268916666666667
"GO:0016486","peptide hormone processing",31,14,4.1,"1.4e-05",1.4e-05,0.00268916666666667
"GO:0035710","CD4-positive, alpha-beta T cell activation",31,14,4.1,"1.4e-05",1.4e-05,0.00268916666666667
"GO:0140448","signaling receptor ligand precursor processing",31,14,4.1,"1.4e-05",1.4e-05,0.00268916666666667
"GO:0072006","nephron development",119,33,15.74,"1.9e-05",1.9e-05,0.0035036
"GO:0045582","positive regulation of T cell differentiation",36,15,4.76,"2.2e-05",2.2e-05,0.00390076923076923
"GO:0034097","response to cytokine",316,68,41.81,"2.5e-05",2.5e-05,0.00426851851851852
"GO:0042221","response to chemical",1615,266,213.67,"2.7e-05",2.7e-05,0.00444535714285714
"GO:0048518","positive regulation of biological process",2763,428,365.55,"3.3e-05",3.3e-05,0.00523297297297297
"GO:0051094","positive regulation of developmental process",610,115,80.7,"3.5e-05",3.5e-05,0.00523297297297297
"GO:0007275","multicellular organism development",2837,438,375.34,"3.6e-05",3.6e-05,0.00523297297297297
"GO:0008219","cell death",1037,180,137.2,"3.9e-05",3.9e-05,0.00523297297297297
"GO:0009893","positive regulation of metabolic process",1492,247,197.39,"4.0e-05",4e-05,0.00523297297297297
"GO:0012501","programmed cell death",1031,179,136.4,"4.1e-05",4.1e-05,0.00523297297297297
"GO:1901700","response to oxygen-containing compound",826,148,109.28,"4.1e-05",4.1e-05,0.00523297297297297
"GO:0010604","positive regulation of macromolecule metabolic process",1397,233,184.83,"4.2e-05",4.2e-05,0.00523297297297297
"GO:0006915","apoptotic process",1005,175,132.96,"4.2e-05",4.2e-05,0.00523297297297297
"GO:0048514","blood vessel morphogenesis",347,72,45.91,"5.1e-05",5.1e-05,0.0061871052631579
"GO:0060429","epithelium development",701,128,92.74,"5.9e-05",5.9e-05,0.00676787234042553
"GO:0030217","T cell differentiation",75,23,9.92,"6.4e-05",6.4e-05,0.00676787234042553
"GO:0051093","negative regulation of developmental process",392,79,51.86,"6.4e-05",6.4e-05,0.00676787234042553
"GO:0071345","cellular response to cytokine stimulus",260,57,34.4,"6.4e-05",6.4e-05,0.00676787234042553
"GO:0035239","tube morphogenesis",574,108,75.94,"6.6e-05",6.6e-05,0.00676787234042553
"GO:0009887","animal organ morphogenesis",632,117,83.61,"6.8e-05",6.8e-05,0.00676787234042553
"GO:0045580","regulation of T cell differentiation",52,18,6.88,"6.9e-05",6.9e-05,0.00676787234042553
"GO:0071356","cellular response to tumor necrosis factor",52,18,6.88,"6.9e-05",6.9e-05,0.00676787234042553
"GO:0006749","glutathione metabolic process",39,15,5.16,"6.9e-05",6.9e-05,0.00676787234042553
"GO:0001944","vasculature development",418,83,55.3,"7.2e-05",7.2e-05,0.006915
"GO:0030856","regulation of epithelial cell differentiation",48,17,6.35,"7.8e-05",7.8e-05,0.00733836734693877
"GO:0001819","positive regulation of cytokine production",101,28,13.36,"8.1e-05",8.1e-05,0.00744692307692308
"GO:0009888","tissue development",1071,183,141.7,"8.3e-05",8.3e-05,0.00744692307692308
"GO:0051240","positive regulation of multicellular organismal process",648,119,85.73,"8.4e-05",8.4e-05,0.00744692307692308
"GO:0051239","regulation of multicellular organismal process",1282,214,169.61,"8.6e-05",8.6e-05,0.00748037735849057
"GO:0034612","response to tumor necrosis factor",72,22,9.53,"9.7e-05",9.7e-05,0.0078135593220339
"GO:0043370","regulation of CD4-positive, alpha-beta T cell differentiation",24,11,3.18,"1.0e-04",1e-04,0.0078135593220339
"GO:2000514","regulation of CD4-positive, alpha-beta T cell activation",24,11,3.18,"1.0e-04",1e-04,0.0078135593220339
"GO:1903825","organic acid transmembrane transport",58,19,7.67,"0.00010",1e-04,0.0078135593220339
"GO:1905039","carboxylic acid transmembrane transport",58,19,7.67,"0.00010",1e-04,0.0078135593220339
"GO:0032787","monocarboxylic acid metabolic process",288,61,38.1,"0.00010",1e-04,0.0078135593220339
"GO:0031325","positive regulation of cellular metabolic process",1300,216,171.99,"0.00011",0.00011,0.00817903225806452
"GO:0019752","carboxylic acid metabolic process",543,102,71.84,"0.00011",0.00011,0.00817903225806452
"GO:0072359","circulatory system development",646,118,85.47,"0.00011",0.00011,0.00817903225806452
"GO:0050793","regulation of developmental process",1186,199,156.91,"0.00012",0.00012,0.00878095238095238
"GO:0001568","blood vessel development",400,79,52.92,"0.00013",0.00013,0.00908030303030303
"GO:0033993","response to lipid",357,72,47.23,"0.00013",0.00013,0.00908030303030303
"GO:0030903","notochord development",14,8,1.85,"0.00013",0.00013,0.00908030303030303
"GO:0009414","response to water deprivation",11,7,1.46,"0.00014",0.00014,0.00963283582089552
"GO:0051247","positive regulation of protein metabolic process",658,119,87.05,"0.00016",0.00016,0.0108470588235294
"GO:0045596","negative regulation of cell differentiation",275,58,36.38,"0.00017",0.00017,0.0111957142857143
"GO:0043436","oxoacid metabolic process",549,102,72.63,"0.00017",0.00017,0.0111957142857143
"GO:0032501","multicellular organismal process",3789,562,501.29,"0.00018",0.00018,0.011525
"GO:0008202","steroid metabolic process",154,37,20.37,"0.00018",0.00018,0.011525
"GO:0006082","organic acid metabolic process",550,102,72.77,"0.00019",0.00019,0.0118364864864865
"GO:0089718","amino acid import across plasma membrane",18,9,2.38,"0.00019",0.00019,0.0118364864864865
"GO:0003333","amino acid transmembrane transport",38,14,5.03,"0.00021",0.00021,0.0127381578947368
"GO:0046632","alpha-beta T cell differentiation",38,14,5.03,"0.00021",0.00021,0.0127381578947368
"GO:0046324","regulation of glucose import",22,10,2.91,"0.00023",0.00023,0.0135935897435897
"GO:0010033","response to organic substance",1317,216,174.24,"0.00023",0.00023,0.0135935897435897
"GO:0006631","fatty acid metabolic process",190,43,25.14,"0.00024",0.00024,0.0136592592592593
"GO:0046635","positive regulation of alpha-beta T cell activation",26,11,3.44,"0.00024",0.00024,0.0136592592592593
"GO:0006950","response to stress",2074,324,274.39,"0.00024",0.00024,0.0136592592592593
"GO:0070887","cellular response to chemical stimulus",1079,181,142.75,"0.00025",0.00025,0.0138855421686747
"GO:0001525","angiogenesis",297,61,39.29,"0.00025",0.00025,0.0138855421686747
"GO:0072009","nephron epithelium development",82,23,10.85,"0.00028",0.00028,0.0153666666666667
"GO:0072080","nephron tubule development",72,21,9.53,"0.00029",0.00029,0.0153666666666667
"GO:0071363","cellular response to growth factor stimulus",379,74,50.14,"0.00030",3e-04,0.0153666666666667
"GO:0009415","response to water",12,7,1.59,"0.00030",3e-04,0.0153666666666667
"GO:0043371","negative regulation of CD4-positive, alpha-beta T cell differentiation",12,7,1.59,"0.00030",3e-04,0.0153666666666667
"GO:0048570","notochord morphogenesis",12,7,1.59,"0.00030",3e-04,0.0153666666666667
"GO:2000515","negative regulation of CD4-positive, alpha-beta T cell activation",12,7,1.59,"0.00030",3e-04,0.0153666666666667
"GO:0001501","skeletal system development",281,58,37.18,"0.00031",0.00031,0.0155284210526316
"GO:0002223","stimulatory C-type lectin receptor signaling pathway",19,9,2.51,"0.00032",0.00032,0.0155284210526316
"GO:1990840","response to lectin",19,9,2.51,"0.00032",0.00032,0.0155284210526316
"GO:1990858","cellular response to lectin",19,9,2.51,"0.00032",0.00032,0.0155284210526316
"GO:0072073","kidney epithelium development",125,31,16.54,"0.00032",0.00032,0.0155284210526316
"GO:0045621","positive regulation of lymphocyte differentiation",44,15,5.82,"0.00033",0.00033,0.0158186274509804
"GO:0045619","regulation of lymphocyte differentiation",63,19,8.34,"0.00034",0.00034,0.0158186274509804
"GO:0019221","cytokine-mediated signaling pathway",131,32,17.33,"0.00035",0.00035,0.0158186274509804
"GO:0002287","alpha-beta T cell activation involved in immune response",23,10,3.04,"0.00035",0.00035,0.0158186274509804
"GO:0002293","alpha-beta T cell differentiation involved in immune response",23,10,3.04,"0.00035",0.00035,0.0158186274509804
"GO:0002294","CD4-positive, alpha-beta T cell differentiation involved in immune response",23,10,3.04,"0.00035",0.00035,0.0158186274509804
"GO:0042093","T-helper cell differentiation",23,10,3.04,"0.00035",0.00035,0.0158186274509804
"GO:0030098","lymphocyte differentiation",115,29,15.21,"0.00037",0.00037,0.0165601941747573
"GO:0001932","regulation of protein phosphorylation",496,92,65.62,"0.00038",0.00038,0.0166838095238095
"GO:0042446","hormone biosynthetic process",40,14,5.29,"0.00038",0.00038,0.0166838095238095
"GO:2000026","regulation of multicellular organismal development",659,117,87.19,"0.00039",0.00039,0.016961320754717
"GO:0042981","regulation of apoptotic process",752,131,99.49,"0.00041",0.00041,0.0175009259259259
"GO:0033674","positive regulation of kinase activity",224,48,29.64,"0.00041",0.00041,0.0175009259259259
"GO:0045860","positive regulation of protein kinase activity",195,43,25.8,"0.00043",0.00043,0.0181862385321101
"GO:0031328","positive regulation of cellular biosynthetic process",921,156,121.85,"0.00044",0.00044,0.0182738738738739
"GO:0022602","ovulation cycle process",16,8,2.12,"0.00044",0.00044,0.0182738738738739
"GO:0070848","response to growth factor",403,77,53.32,"0.00045",0.00045,0.0185223214285714
"GO:0032496","response to lipopolysaccharide",122,30,16.14,"0.00047",0.00047,0.0190061403508772
"GO:0043067","regulation of programmed cell death",768,133,101.61,"0.00047",0.00047,0.0190061403508772
"GO:0001934","positive regulation of protein phosphorylation",329,65,43.53,"0.00049",0.00049,0.0196426086956522
"GO:0097237","cellular response to toxic substance",20,9,2.65,"0.00052",0.00052,0.0205319327731092
"GO:0043549","regulation of kinase activity",361,70,47.76,"0.00053",0.00053,0.0205319327731092
"GO:0009064","glutamine family amino acid metabolic process",65,19,8.6,"0.00053",0.00053,0.0205319327731092
"GO:0046638","positive regulation of alpha-beta T cell differentiation",24,10,3.18,"0.00053",0.00053,0.0205319327731092
"GO:0048646","anatomical structure formation involved in morphogenesis",737,128,97.51,"0.00054",0.00054,0.020745
"GO:0006357","regulation of transcription by RNA polymerase II",691,121,91.42,"0.00055",0.00055,0.0209545454545455
"GO:0097190","apoptotic signaling pathway",269,55,35.59,"0.00056",0.00056,0.0211606557377049
"GO:0006629","lipid metabolic process",785,135,103.86,"0.00058",0.00058,0.0213904
"GO:0046639","negative regulation of alpha-beta T cell differentiation",13,7,1.72,"0.00058",0.00058,0.0213904
"GO:1902895","positive regulation of miRNA transcription",13,7,1.72,"0.00058",0.00058,0.0213904
"GO:0009725","response to hormone",350,68,46.31,"0.00060",6e-04,0.021952380952381
"GO:0050870","positive regulation of T cell activation",66,19,8.73,"0.00066",0.00066,0.0235860465116279
"GO:1903039","positive regulation of leukocyte cell-cell adhesion",66,19,8.73,"0.00066",0.00066,0.0235860465116279
"GO:0045859","regulation of protein kinase activity",320,63,42.34,"0.00066",0.00066,0.0235860465116279
"GO:0001658","branching involved in ureteric bud morphogenesis",42,14,5.56,"0.00067",0.00067,0.0237592307692308
"GO:0002376","immune system process",1018,169,134.68,"0.00068",0.00068,0.0239165413533835
"GO:0009891","positive regulation of biosynthetic process",930,156,123.04,"0.00069",0.00069,0.0239165413533835
"GO:0006691","leukotriene metabolic process",10,6,1.32,"0.00069",0.00069,0.0239165413533835
"GO:0007166","cell surface receptor signaling pathway",1398,224,184.96,"0.00070",7e-04,0.0240820895522388
"GO:0046323","glucose import",29,11,3.84,"0.00074",0.00074,0.0249007299270073
"GO:0046637","regulation of alpha-beta T cell differentiation",29,11,3.84,"0.00074",0.00074,0.0249007299270073
"GO:0061326","renal tubule development",82,22,10.85,"0.00074",0.00074,0.0249007299270073
"GO:0002443","leukocyte mediated immunity",171,38,22.62,"0.00077",0.00077,0.0257224637681159
"GO:0002292","T cell differentiation involved in immune response",25,10,3.31,"0.00079",0.00079,0.0261560283687943
"GO:0048522","positive regulation of cellular process",2438,370,322.55,"0.00080",8e-04,0.0261560283687943
"GO:0009628","response to abiotic stimulus",691,120,91.42,"0.00080",8e-04,0.0261560283687943
"GO:0046634","regulation of alpha-beta T cell activation",34,12,4.5,"0.00091",0.00091,0.0295429577464789
"GO:0042327","positive regulation of phosphorylation",350,67,46.31,"0.00099",0.00099,0.0319153846153846
"GO:0010557","positive regulation of macromolecule biosynthetic process",897,150,118.67,"0.00100",0.001,0.0320138888888889
"GO:1902893","regulation of miRNA transcription",14,7,1.85,"0.00103",0.00103,0.032522602739726
"GO:1990748","cellular detoxification",14,7,1.85,"0.00103",0.00103,0.032522602739726
"GO:0032502","developmental process",3460,509,457.76,"0.00105",0.00105,0.0327060810810811
"GO:0016477","cell migration",676,117,89.44,"0.00105",0.00105,0.0327060810810811
"GO:0001657","ureteric bud development",84,22,11.11,"0.00106",0.00106,0.0327959731543624
"GO:0044281","small molecule metabolic process",1097,179,145.14,"0.00109",0.00109,0.0332774834437086
"GO:0006955","immune response",670,116,88.64,"0.00109",0.00109,0.0332774834437086
"GO:0002460","adaptive immune response based on somatic recombination of immune receptors built from immunoglobuli...",95,24,12.57,"0.00111",0.00111,0.0333109677419355
"GO:0002252","immune effector process",240,49,31.75,"0.00112",0.00112,0.0333109677419355
"GO:0010562","positive regulation of phosphorus metabolic process",377,71,49.88,"0.00112",0.00112,0.0333109677419355
"GO:0045937","positive regulation of phosphate metabolic process",377,71,49.88,"0.00112",0.00112,0.0333109677419355
"GO:0019184","nonribosomal peptide biosynthetic process",18,8,2.38,"0.00117",0.00117,0.0336558282208589
"GO:0015849","organic acid transport",163,36,21.57,"0.00118",0.00118,0.0336558282208589
"GO:0046942","carboxylic acid transport",163,36,21.57,"0.00118",0.00118,0.0336558282208589
"GO:0071900","regulation of protein serine/threonine kinase activity",163,36,21.57,"0.00118",0.00118,0.0336558282208589
"GO:0002366","leukocyte activation involved in immune response",140,32,18.52,"0.00119",0.00119,0.0336558282208589
"GO:0008210","estrogen metabolic process",22,9,2.91,"0.00119",0.00119,0.0336558282208589
"GO:0042698","ovulation cycle",22,9,2.91,"0.00119",0.00119,0.0336558282208589
"GO:1902475","L-alpha-amino acid transmembrane transport",22,9,2.91,"0.00119",0.00119,0.0336558282208589
"GO:0045893","positive regulation of DNA-templated transcription",612,107,80.97,"0.00121",0.00121,0.0338066666666667
"GO:0051402","neuron apoptotic process",112,27,14.82,"0.00121",0.00121,0.0338066666666667
"GO:0002237","response to molecule of bacterial origin",152,34,20.11,"0.00126",0.00126,0.0349915662650602
"GO:1902680","positive regulation of RNA biosynthetic process",613,107,81.1,"0.00128",0.00128,0.035334131736527
"GO:1902107","positive regulation of leukocyte differentiation",80,21,10.58,"0.00132",0.00132,0.0355628571428571
"GO:1903708","positive regulation of hemopoiesis",80,21,10.58,"0.00132",0.00132,0.0355628571428571
"GO:0002263","cell activation involved in immune response",141,32,18.65,"0.00135",0.00135,0.0355628571428571
"GO:0001990","regulation of systemic arterial blood pressure by hormone",11,6,1.46,"0.00135",0.00135,0.0355628571428571
"GO:0015740","C4-dicarboxylate transport",11,6,1.46,"0.00135",0.00135,0.0355628571428571
"GO:0060602","branch elongation of an epithelium",11,6,1.46,"0.00135",0.00135,0.0355628571428571
"GO:1990776","response to angiotensin",11,6,1.46,"0.00135",0.00135,0.0355628571428571
"GO:0002220","innate immune response activating cell surface receptor signaling pathway",40,13,5.29,"0.00135",0.00135,0.0355628571428571
"GO:0042325","regulation of phosphorylation",535,95,70.78,"0.00136",0.00136,0.0356227272727273
"GO:1902105","regulation of leukocyte differentiation",113,27,14.95,"0.00140",0.0014,0.0360558659217877
"GO:0045944","positive regulation of transcription by RNA polymerase II",412,76,54.51,"0.00140",0.0014,0.0360558659217877
"GO:0042743","hydrogen peroxide metabolic process",31,11,4.1,"0.00140",0.0014,0.0360558659217877
"GO:0045765","regulation of angiogenesis",130,30,17.2,"0.00142",0.00142,0.0363677777777778
"GO:0060675","ureteric bud morphogenesis",45,14,5.95,"0.00145",0.00145,0.0365273224043716
"GO:0072171","mesonephric tubule morphogenesis",45,14,5.95,"0.00145",0.00145,0.0365273224043716
"GO:0051254","positive regulation of RNA metabolic process",702,120,92.88,"0.00145",0.00145,0.0365273224043716
"GO:0046631","alpha-beta T cell activation",50,15,6.62,"0.00150",0.0015,0.0375815217391304
"GO:0006536","glutamate metabolic process",36,12,4.76,"0.00161",0.00161,0.0401194594594595
"GO:0055085","transmembrane transport",611,106,80.84,"0.00166",0.00166,0.041109793814433
"GO:0051347","positive regulation of transferase activity",269,53,35.59,"0.00167",0.00167,0.041109793814433
"GO:0046636","negative regulation of alpha-beta T cell activation",15,7,1.98,"0.00170",0.0017,0.041109793814433
"GO:0072160","nephron tubule epithelial cell differentiation",15,7,1.98,"0.00170",0.0017,0.041109793814433
"GO:1905710","positive regulation of membrane permeability",23,9,3.04,"0.00173",0.00173,0.041109793814433
"GO:0001823","mesonephros development",87,22,11.51,"0.00173",0.00173,0.041109793814433
"GO:0072163","mesonephric epithelium development",87,22,11.51,"0.00173",0.00173,0.041109793814433
"GO:0072164","mesonephric tubule development",87,22,11.51,"0.00173",0.00173,0.041109793814433
"GO:0007169","transmembrane receptor protein tyrosine kinase signaling pathway",383,71,50.67,"0.00173",0.00173,0.041109793814433
"GO:0045595","regulation of cell differentiation",699,119,92.48,"0.00176",0.00176,0.0416082051282051
"GO:0002335","mature B cell differentiation",19,8,2.51,"0.00180",0.0018,0.0421218274111675
"GO:0098754","detoxification",19,8,2.51,"0.00180",0.0018,0.0421218274111675
"GO:0048856","anatomical structure development",3268,480,432.36,"0.00186",0.00186,0.0433060606060606
"GO:0007154","cell communication",3115,459,412.12,"0.00191",0.00191,0.0442467336683417
"GO:0051716","cellular response to stimulus",3564,520,471.52,"0.00193",0.00193,0.0444865
"GO:1901342","regulation of vasculature development",133,30,17.6,"0.00207",0.00207,0.0474761194029851
"GO:0002286","T cell activation involved in immune response",28,10,3.7,"0.00217",0.00217,0.0492793103448276
"GO:0035850","epithelial cell differentiation involved in kidney development",28,10,3.7,"0.00217",0.00217,0.0492793103448276
"GO:0007167","enzyme-linked receptor protein signaling pathway",530,93,70.12,"0.00221",0.00221,0.0499229268292683
"GO:0061333","renal tubule morphogenesis",62,17,8.2,"0.00222",0.00222,0.0499229268292683
"GO:0043066","negative regulation of apoptotic process",419,76,55.43,"0.00224",0.00224,0.0501281553398058
"GO:0030183","B cell differentiation",57,16,7.54,"0.00228",0.00228,0.0505326923076923
"GO:0045935","positive regulation of nucleobase-containing compound metabolic process",792,132,104.78,"0.00228",0.00228,0.0505326923076923
"GO:0002521","leukocyte differentiation",187,39,24.74,"0.00231",0.00231,0.0509526315789474
"GO:0006952","defense response",671,114,88.77,"0.00235",0.00235,0.0514604651162791
"GO:1903131","mononuclear cell differentiation",140,31,18.52,"0.00239",0.00239,0.0514604651162791
"GO:0002455","humoral immune response mediated by circulating immunoglobulin",12,6,1.59,"0.00240",0.0024,0.0514604651162791
"GO:0019852","L-ascorbic acid metabolic process",12,6,1.59,"0.00240",0.0024,0.0514604651162791
"GO:0045589","regulation of regulatory T cell differentiation",12,6,1.59,"0.00240",0.0024,0.0514604651162791
"GO:1901334","lactone metabolic process",12,6,1.59,"0.00240",0.0024,0.0514604651162791
"GO:0061005","cell differentiation involved in kidney development",33,11,4.37,"0.00249",0.00249,0.0531430555555556
"GO:0001503","ossification",206,42,27.25,"0.00252",0.00252,0.0535354838709677
"GO:0051338","regulation of transferase activity",434,78,57.42,"0.00255",0.00255,0.0539243119266055
"GO:0035794","positive regulation of mitochondrial membrane permeability",20,8,2.65,"0.00265",0.00265,0.054794298245614
"GO:0045622","regulation of T-helper cell differentiation",20,8,2.65,"0.00265",0.00265,0.054794298245614
"GO:0001937","negative regulation of endothelial cell proliferation",16,7,2.12,"0.00269",0.00269,0.054794298245614
"GO:0006750","glutathione biosynthetic process",16,7,2.12,"0.00269",0.00269,0.054794298245614
"GO:0043372","positive regulation of CD4-positive, alpha-beta T cell differentiation",16,7,2.12,"0.00269",0.00269,0.054794298245614
"GO:0045624","positive regulation of T-helper cell differentiation",16,7,2.12,"0.00269",0.00269,0.054794298245614
"GO:2000516","positive regulation of CD4-positive, alpha-beta T cell activation",16,7,2.12,"0.00269",0.00269,0.054794298245614
"GO:0042127","regulation of cell population proliferation",1112,178,147.12,"0.00270",0.0027,0.054794298245614
"GO:0031401","positive regulation of protein modification process",448,80,59.27,"0.00271",0.00271,0.054794298245614
"GO:0009636","response to toxic substance",79,20,10.45,"0.00271",0.00271,0.054794298245614
"GO:0007155","cell adhesion",789,131,104.39,"0.00273",0.00273,0.0548163865546218
"GO:0002449","lymphocyte mediated immunity",90,22,11.91,"0.00275",0.00275,0.0548163865546218
"GO:0043405","regulation of MAP kinase activity",90,22,11.91,"0.00275",0.00275,0.0548163865546218
"GO:0120254","olefinic compound metabolic process",58,16,7.67,"0.00277",0.00277,0.0548163865546218
"GO:0006635","fatty acid beta-oxidation",43,13,5.69,"0.00281",0.00281,0.0548163865546218
"GO:0051781","positive regulation of cell division",43,13,5.69,"0.00281",0.00281,0.0548163865546218
"GO:0015711","organic anion transport",189,39,25.01,"0.00282",0.00282,0.0548163865546218
"GO:0050866","negative regulation of cell activation",53,15,7.01,"0.00283",0.00283,0.0548163865546218
"GO:0072078","nephron tubule morphogenesis",53,15,7.01,"0.00283",0.00283,0.0548163865546218
"GO:0072088","nephron epithelium morphogenesis",53,15,7.01,"0.00283",0.00283,0.0548163865546218
"GO:0006690","icosanoid metabolic process",48,14,6.35,"0.00285",0.00285,0.0549728033472803
"GO:0045444","fat cell differentiation",85,21,11.25,"0.00296",0.00296,0.0568566666666667
"GO:0090287","regulation of cellular response to growth factor stimulus",148,32,19.58,"0.00306",0.00306,0.0585336099585062
"GO:0007165","signal transduction",2775,410,367.14,"0.00311",0.00311,0.059244214876033
"GO:0045785","positive regulation of cell adhesion",178,37,23.55,"0.00313",0.00313,0.0593798353909465
"GO:0019220","regulation of phosphate metabolic process",603,103,79.78,"0.00317",0.00317,0.0598922131147541
"GO:0001101","response to acid chemical",64,17,8.47,"0.00321",0.00321,0.0604004081632653
"GO:0003073","regulation of systemic arterial blood pressure",34,11,4.5,"0.00325",0.00325,0.0606578947368421
"GO:0033209","tumor necrosis factor-mediated signaling pathway",34,11,4.5,"0.00325",0.00325,0.0606578947368421
"GO:0043069","negative regulation of programmed cell death",425,76,56.23,"0.00329",0.00329,0.0611568548387097
"GO:0051174","regulation of phosphorus metabolic process",604,103,79.91,"0.00334",0.00334,0.0618369477911647
"GO:0002040","sprouting angiogenesis",75,19,9.92,"0.00339",0.00339,0.0620154761904762
"GO:0002819","regulation of adaptive immune response",75,19,9.92,"0.00339",0.00339,0.0620154761904762
"GO:0030154","cell differentiation",2176,327,287.89,"0.00339",0.00339,0.0620154761904762
"GO:0071902","positive regulation of protein serine/threonine kinase activity",86,21,11.38,"0.00344",0.00344,0.0624346456692913
"GO:1903037","regulation of leukocyte cell-cell adhesion",86,21,11.38,"0.00344",0.00344,0.0624346456692913
"GO:0006979","response to oxidative stress",228,45,30.16,"0.00348",0.00348,0.062847265625
"GO:0048869","cellular developmental process",2177,327,288.02,"0.00349",0.00349,0.062847265625
"GO:0006468","protein phosphorylation",740,123,97.9,"0.00351",0.00351,0.0629614785992218
"GO:0009605","response to external stimulus",1294,203,171.2,"0.00356",0.00356,0.0636108527131783
"GO:1901701","cellular response to oxygen-containing compound",512,89,67.74,"0.00359",0.00359,0.0638307692307692
"GO:0008610","lipid biosynthetic process",355,65,46.97,"0.00360",0.0036,0.0638307692307692
"GO:0044344","cellular response to fibroblast growth factor stimulus",132,29,17.46,"0.00366",0.00366,0.0646459770114943
"GO:0045766","positive regulation of angiogenesis",81,20,10.72,"0.00370",0.0037,0.0648555133079848
"GO:1904018","positive regulation of vasculature development",81,20,10.72,"0.00370",0.0037,0.0648555133079848
"GO:0003044","regulation of systemic arterial blood pressure mediated by a chemical signal",21,8,2.78,"0.00379",0.00379,0.0656838345864662
"GO:0060612","adipose tissue development",21,8,2.78,"0.00379",0.00379,0.0656838345864662
"GO:0140747","regulation of ncRNA transcription",21,8,2.78,"0.00379",0.00379,0.0656838345864662
"GO:1903706","regulation of hemopoiesis",156,33,20.64,"0.00382",0.00382,0.0659558052434457
"GO:0050863","regulation of T cell activation",98,23,12.97,"0.00388",0.00388,0.0664936802973978
"GO:0050886","endocrine process",30,10,3.97,"0.00388",0.00388,0.0664936802973978
"GO:0048880","sensory system development",286,54,37.84,"0.00396",0.00396,0.0675339483394834
"GO:0045066","regulatory T cell differentiation",13,6,1.72,"0.00397",0.00397,0.0675339483394834
"GO:0015698","inorganic anion transport",60,16,7.94,"0.00401",0.00401,0.0679636029411765
"GO:0045581","negative regulation of T cell differentiation",17,7,2.25,"0.00405",0.00405,0.0680603636363636
"GO:2000630","positive regulation of miRNA metabolic process",17,7,2.25,"0.00405",0.00405,0.0680603636363636
"GO:0007159","leukocyte cell-cell adhesion",104,24,13.76,"0.00406",0.00406,0.0680603636363636
"GO:0019395","fatty acid oxidation",55,15,7.28,"0.00418",0.00418,0.0689853571428572
"GO:0034440","lipid oxidation",55,15,7.28,"0.00418",0.00418,0.0689853571428572
"GO:0072028","nephron morphogenesis",55,15,7.28,"0.00418",0.00418,0.0689853571428572
"GO:0032508","DNA duplex unwinding",35,11,4.63,"0.00418",0.00418,0.0689853571428572
"GO:0048468","cell development",1362,212,180.2,"0.00419",0.00419,0.0689853571428572
"GO:0002768","immune response-regulating cell surface receptor signaling pathway",110,25,14.55,"0.00421",0.00421,0.0690679715302491
"GO:0000122","negative regulation of transcription by RNA polymerase II",287,54,37.97,"0.00426",0.00426,0.0696404255319149
"GO:0060021","roof of mouth development",50,14,6.62,"0.00430",0.0043,0.0697992957746479
"GO:0006694","steroid biosynthetic process",82,20,10.85,"0.00430",0.0043,0.0697992957746479
"GO:0072593","reactive oxygen species metabolic process",99,23,13.1,"0.00444",0.00444,0.0718189473684211
"GO:0040011","locomotion",536,92,70.91,"0.00448",0.00448,0.0722125874125874
"GO:0050854","regulation of antigen receptor-mediated signaling pathway",26,9,3.44,"0.00457",0.00457,0.0731517361111111
"GO:0120178","steroid hormone biosynthetic process",26,9,3.44,"0.00457",0.00457,0.0731517361111111
"GO:0001656","metanephros development",77,19,10.19,"0.00464",0.00464,0.07376
"GO:0060993","kidney morphogenesis",77,19,10.19,"0.00464",0.00464,0.07376
"GO:0023052","signaling",3033,443,401.27,"0.00475",0.00475,0.0752491408934708
"GO:0002822","regulation of adaptive immune response based on somatic recombination of immune receptors built from...",72,18,9.53,"0.00499",0.00499,0.0787804794520548
"GO:0071466","cellular response to xenobiotic stimulus",31,10,4.1,"0.00506",0.00506,0.0793421768707483
"GO:1902106","negative regulation of leukocyte differentiation",31,10,4.1,"0.00506",0.00506,0.0793421768707483
"GO:0006366","transcription by RNA polymerase II",755,124,99.89,"0.00510",0.0051,0.0796983050847458
"GO:0071310","cellular response to organic substance",831,135,109.94,"0.00523",0.00523,0.0814537162162162
"GO:0043627","response to estrogen",36,11,4.76,"0.00532",0.00532,0.082576430976431
"GO:0008543","fibroblast growth factor receptor signaling pathway",124,27,16.41,"0.00561",0.00561,0.086207
"GO:0001654","eye development",278,52,36.78,"0.00561",0.00561,0.086207
"GO:0150063","visual system development",278,52,36.78,"0.00561",0.00561,0.086207
"GO:0008217","regulation of blood pressure",62,16,8.2,"0.00568",0.00568,0.0864375
"GO:0031214","biomineral tissue development",62,16,8.2,"0.00568",0.00568,0.0864375
"GO:0000303","response to superoxide",10,5,1.32,"0.00570",0.0057,0.0864375
"GO:0033504","floor plate development",10,5,1.32,"0.00570",0.0057,0.0864375
"GO:0045620","negative regulation of lymphocyte differentiation",18,7,2.38,"0.00588",0.00588,0.0885843137254902
"GO:0061614","miRNA transcription",18,7,2.38,"0.00588",0.00588,0.0885843137254902
"GO:0048870","cell motility",759,124,100.42,"0.00609",0.00609,0.0914491856677524
"GO:0072182","regulation of nephron tubule epithelial cell differentiation",14,6,1.85,"0.00617",0.00617,0.0917538709677419
"GO:0140112","extracellular vesicle biogenesis",14,6,1.85,"0.00617",0.00617,0.0917538709677419
"GO:2000696","regulation of epithelial cell differentiation involved in kidney development",14,6,1.85,"0.00617",0.00617,0.0917538709677419
"GO:0009617","response to bacterium",299,55,39.56,"0.00639",0.00639,0.0947199356913183
"GO:1903707","negative regulation of hemopoiesis",32,10,4.23,"0.00651",0.00651,0.0961766773162939
"GO:0030282","bone mineralization",47,13,6.22,"0.00653",0.00653,0.0961766773162939
"GO:0030258","lipid modification",85,20,11.25,"0.00661",0.00661,0.096983962264151
"GO:0002711","positive regulation of T cell mediated immunity",42,12,5.56,"0.00667",0.00667,0.096983962264151
"GO:0032392","DNA geometric change",37,11,4.9,"0.00668",0.00668,0.096983962264151
"GO:0042462","eye photoreceptor cell development",37,11,4.9,"0.00668",0.00668,0.096983962264151
"GO:0002429","immune response-activating cell surface receptor signaling pathway",108,24,14.29,"0.00669",0.00669,0.096983962264151
"GO:0048534","hematopoietic or lymphoid organ development",74,18,9.79,"0.00676",0.00676,0.0976915360501567
"GO:0035556","intracellular signal transduction",1391,214,184.03,"0.00688",0.00688,0.099115
"GO:0034764","positive regulation of transmembrane transport",91,21,12.04,"0.00691",0.00691,0.0992152173913044
"GO:0061448","connective tissue development",120,26,15.88,"0.00693",0.00693,0.0992152173913044
"GO:0043065","positive regulation of apoptotic process",262,49,34.66,"0.00705",0.00705,0.100620743034056
"GO:0042744","hydrogen peroxide catabolic process",23,8,3.04,"0.00717",0.00717,0.101703692307692
"GO:0043068","positive regulation of programmed cell death",275,51,36.38,"0.00717",0.00717,0.101703692307692
"GO:0007399","nervous system development",1471,225,194.62,"0.00731",0.00731,0.103371472392638
"GO:0016310","phosphorylation",791,128,104.65,"0.00738",0.00738,0.104042201834862
"GO:1902652","secondary alcohol metabolic process",86,20,11.38,"0.00756",0.00756,0.10625487804878
"GO:1901653","cellular response to peptide",127,27,16.8,"0.00781",0.00781,0.109025816023739
"GO:0071774","response to fibroblast growth factor",145,30,19.18,"0.00782",0.00782,0.109025816023739
"GO:0009314","response to radiation",238,45,31.49,"0.00784",0.00784,0.109025816023739
"GO:0006805","xenobiotic metabolic process",28,9,3.7,"0.00791",0.00791,0.109025816023739
"GO:0045638","negative regulation of myeloid cell differentiation",28,9,3.7,"0.00791",0.00791,0.109025816023739
"GO:0046466","membrane lipid catabolic process",28,9,3.7,"0.00791",0.00791,0.109025816023739
"GO:0043207","response to external biotic stimulus",683,112,90.36,"0.00797",0.00797,0.109025816023739
"GO:0051707","response to other organism",683,112,90.36,"0.00797",0.00797,0.109025816023739
"GO:0032870","cellular response to hormone stimulus",213,41,28.18,"0.00797",0.00797,0.109025816023739
"GO:0009790","embryo development",745,121,98.56,"0.00808",0.00808,0.110203550295858
"GO:0009607","response to biotic stimulus",711,116,94.07,"0.00819",0.00819,0.111150728862974
"GO:0002043","blood vessel endothelial cell proliferation involved in sprouting angiogenesis",19,7,2.51,"0.00827",0.00827,0.111150728862974
"GO:0045604","regulation of epidermal cell differentiation",19,7,2.51,"0.00827",0.00827,0.111150728862974
"GO:0070828","heterochromatin organization",19,7,2.51,"0.00827",0.00827,0.111150728862974
"GO:0072202","cell differentiation involved in metanephros development",19,7,2.51,"0.00827",0.00827,0.111150728862974
"GO:0051249","regulation of lymphocyte activation",134,28,17.73,"0.00869",0.00869,0.116456104651163
"GO:0032835","glomerulus development",54,14,7.14,"0.00897",0.00897,0.119833429394813
"GO:0006665","sphingolipid metabolic process",76,18,10.05,"0.00902",0.00902,0.119833429394813
"GO:0036230","granulocyte activation",76,18,10.05,"0.00902",0.00902,0.119833429394813
"GO:0048699","generation of neurons",914,145,120.92,"0.00910",0.0091,0.120518571428571
"GO:0006751","glutathione catabolic process",15,6,1.98,"0.00915",0.00915,0.120518571428571
"GO:0051938","L-glutamate import",15,6,1.98,"0.00915",0.00915,0.120518571428571
"GO:0045597","positive regulation of cell differentiation",403,70,53.32,"0.00931",0.00931,0.121714447592068
"GO:0006703","estrogen biosynthetic process",11,5,1.46,"0.00932",0.00932,0.121714447592068
"GO:0072350","tricarboxylic acid metabolic process",11,5,1.46,"0.00932",0.00932,0.121714447592068
"GO:0022409","positive regulation of cell-cell adhesion",82,19,10.85,"0.00946",0.00946,0.122933333333333
"GO:0030947","regulation of vascular endothelial growth factor receptor signaling pathway",24,8,3.18,"0.00952",0.00952,0.122933333333333
"GO:0072234","metanephric nephron tubule development",24,8,3.18,"0.00952",0.00952,0.122933333333333
"GO:1901658","glycosyl compound catabolic process",24,8,3.18,"0.00952",0.00952,0.122933333333333
"GO:0065008","regulation of biological quality",1288,198,170.4,"0.00961",0.00961,0.123748882681564
"GO:0051251","positive regulation of lymphocyte activation",88,20,11.64,"0.00982",0.00982,0.126100835654596
"GO:0030097","hemopoiesis",371,65,49.08,"0.00989",0.00989,0.126646944444444
"GO:0050865","regulation of cell activation",172,34,22.76,"0.00993",0.00993,0.126806925207756
"GO:0090559","regulation of membrane permeability",29,9,3.84,"0.01015",0.01015,0.128902203856749
"GO:1904035","regulation of epithelial cell apoptotic process",29,9,3.84,"0.01015",0.01015,0.128902203856749
"GO:0008283","cell population proliferation",1819,272,240.66,"0.01023",0.01023,0.129561263736264
"GO:0043523","regulation of neuron apoptotic process",100,22,13.23,"0.01033",0.01033,0.130469315068493
"GO:0045862","positive regulation of proteolysis",210,40,27.78,"0.01036",0.01036,0.130490710382514
"GO:0007409","axonogenesis",313,56,41.41,"0.01053",0.01053,0.132270572207084
"GO:0072329","monocarboxylic acid catabolic process",66,16,8.73,"0.01067",0.01067,0.133664945652174
"GO:0016125","sterol metabolic process",83,19,10.98,"0.01079",0.01079,0.13480189701897
"GO:0006865","amino acid transport",89,20,11.77,"0.01114",0.01114,0.138798378378378
"GO:0002698","negative regulation of immune effector process",20,7,2.65,"0.01129",0.01129,0.139162834224599
"GO:0045682","regulation of epidermis development",20,7,2.65,"0.01129",0.01129,0.139162834224599
"GO:0046426","negative regulation of receptor signaling pathway via JAK-STAT",20,7,2.65,"0.01129",0.01129,0.139162834224599
"GO:1904893","negative regulation of receptor signaling pathway via STAT",20,7,2.65,"0.01129",0.01129,0.139162834224599
"GO:0043406","positive regulation of MAP kinase activity",61,15,8.07,"0.01155",0.01155,0.141988
"GO:0044283","small molecule biosynthetic process",328,58,43.4,"0.01186",0.01186,0.145411170212766
"GO:0032355","response to estradiol",45,12,5.95,"0.01193",0.01193,0.145881432360743
"GO:0031399","regulation of protein modification process",672,109,88.91,"0.01205",0.01205,0.146958994708995
"GO:0002275","myeloid cell activation involved in immune response",84,19,11.11,"0.01227",0.01227,0.148425322997416
"GO:0003401","axis elongation",25,8,3.31,"0.01242",0.01242,0.148425322997416
"GO:0046889","positive regulation of lipid biosynthetic process",25,8,3.31,"0.01242",0.01242,0.148425322997416
"GO:0046902","regulation of mitochondrial membrane permeability",25,8,3.31,"0.01242",0.01242,0.148425322997416
"GO:2000628","regulation of miRNA metabolic process",25,8,3.31,"0.01242",0.01242,0.148425322997416
"GO:0006081","cellular aldehyde metabolic process",40,11,5.29,"0.01245",0.01245,0.148425322997416
"GO:0051250","negative regulation of lymphocyte activation",40,11,5.29,"0.01245",0.01245,0.148425322997416
"GO:0071103","DNA conformation change",40,11,5.29,"0.01245",0.01245,0.148425322997416
"GO:0002708","positive regulation of lymphocyte mediated immunity",56,14,7.41,"0.01246",0.01246,0.148425322997416
"GO:0034599","cellular response to oxidative stress",96,21,12.7,"0.01283",0.01283,0.151387212276215
"GO:0030587","sorocarp development",30,9,3.97,"0.01284",0.01284,0.151387212276215
"GO:0042133","neurotransmitter metabolic process",30,9,3.97,"0.01284",0.01284,0.151387212276215
"GO:0099120","socially cooperative development",30,9,3.97,"0.01284",0.01284,0.151387212276215
"GO:0032147","activation of protein kinase activity",102,22,13.49,"0.01300",0.013,0.152493638676845
"GO:0071375","cellular response to peptide hormone stimulus",102,22,13.49,"0.01300",0.013,0.152493638676845
"GO:0006643","membrane lipid metabolic process",126,26,16.67,"0.01311",0.01311,0.153393654822335
"GO:0044242","cellular lipid catabolic process",114,24,15.08,"0.01315",0.01315,0.153472151898734
"GO:0035264","multicellular organism growth",79,18,10.45,"0.01350",0.0135,0.157159090909091
"GO:0048592","eye morphogenesis",157,31,20.77,"0.01359",0.01359,0.157808312342569
"GO:0002009","morphogenesis of an epithelium",377,65,49.88,"0.01392",0.01392,0.161234170854271
"GO:1901652","response to peptide",195,37,25.8,"0.01410",0.0141,0.161406633906634
"GO:0051246","regulation of protein metabolic process",1194,183,157.97,"0.01419",0.01419,0.161406633906634
"GO:0043312","neutrophil degranulation",68,16,9,"0.01422",0.01422,0.161406633906634
"GO:0002695","negative regulation of leukocyte activation",46,12,6.09,"0.01425",0.01425,0.161406633906634
"GO:0002709","regulation of T cell mediated immunity",46,12,6.09,"0.01425",0.01425,0.161406633906634
"GO:0001912","positive regulation of leukocyte mediated cytotoxicity",12,5,1.59,"0.01425",0.01425,0.161406633906634
"GO:0036037","CD8-positive, alpha-beta T cell activation",12,5,1.59,"0.01425",0.01425,0.161406633906634
"GO:0072257","metanephric nephron tubule epithelial cell differentiation",12,5,1.59,"0.01425",0.01425,0.161406633906634
"GO:0072307","regulation of metanephric nephron tubule epithelial cell differentiation",12,5,1.59,"0.01425",0.01425,0.161406633906634
"GO:0043408","regulation of MAPK cascade",351,61,46.44,"0.01435",0.01435,0.162140931372549
"GO:0000302","response to reactive oxygen species",97,21,12.83,"0.01440",0.0144,0.162308068459658
"GO:0048666","neuron development",711,114,94.07,"0.01452",0.01452,0.163261463414634
"GO:0002705","positive regulation of leukocyte mediated immunity",57,14,7.54,"0.01456",0.01456,0.163312895377129
"GO:0042119","neutrophil activation",74,17,9.79,"0.01485",0.01485,0.16616140776699
"GO:1902074","response to salt",177,34,23.42,"0.01516",0.01516,0.169219370460048
"GO:0001935","endothelial cell proliferation",80,18,10.58,"0.01533",0.01533,0.170703623188406
"GO:0009410","response to xenobiotic stimulus",36,10,4.76,"0.01567",0.01567,0.173234292565947
"GO:0032743","positive regulation of interleukin-2 production",36,10,4.76,"0.01567",0.01567,0.173234292565947
"GO:0060324","face development",36,10,4.76,"0.01567",0.01567,0.173234292565947
"GO:0007565","female pregnancy",52,13,6.88,"0.01573",0.01573,0.173481578947368
"GO:0072170","metanephric tubule development",26,8,3.44,"0.01590",0.0159,0.174521428571429
"GO:2000351","regulation of endothelial cell apoptotic process",26,8,3.44,"0.01590",0.0159,0.174521428571429
"GO:0045892","negative regulation of DNA-templated transcription",440,74,58.21,"0.01610",0.0161,0.175572340425532
"GO:1902679","negative regulation of RNA biosynthetic process",440,74,58.21,"0.01610",0.0161,0.175572340425532
"GO:0007162","negative regulation of cell adhesion",98,21,12.97,"0.01611",0.01611,0.175572340425532
"GO:0007422","peripheral nervous system development",47,12,6.22,"0.01689",0.01689,0.18278056206089
"GO:0008203","cholesterol metabolic process",75,17,9.92,"0.01690",0.0169,0.18278056206089
"GO:0061564","axon development",334,58,44.19,"0.01691",0.01691,0.18278056206089
"GO:0009062","fatty acid catabolic process",58,14,7.67,"0.01693",0.01693,0.18278056206089
"GO:0043434","response to peptide hormone",141,28,18.65,"0.01706",0.01706,0.183753738317757
"GO:0098542","defense response to other organism",516,85,68.27,"0.01728",0.01728,0.18568951048951
"GO:0002250","adaptive immune response",129,26,17.07,"0.01754",0.01754,0.18804511627907
"GO:0051253","negative regulation of RNA metabolic process",496,82,65.62,"0.01761",0.01761,0.188126327944573
"GO:0034762","regulation of transmembrane transport",230,42,30.43,"0.01765",0.01765,0.188126327944573
"GO:0002699","positive regulation of immune effector process",87,19,11.51,"0.01767",0.01767,0.188126327944573
"GO:0030149","sphingolipid catabolic process",17,6,2.25,"0.01793",0.01793,0.189230523917995
"GO:0045668","negative regulation of osteoblast differentiation",17,6,2.25,"0.01793",0.01793,0.189230523917995
"GO:0062197","cellular response to chemical stress",111,23,14.69,"0.01797",0.01797,0.189230523917995
"GO:0043506","regulation of JUN kinase activity",42,11,5.56,"0.01801",0.01801,0.189230523917995
"GO:1904019","epithelial cell apoptotic process",42,11,5.56,"0.01801",0.01801,0.189230523917995
"GO:0044419","biological process involved in interspecies interaction between organisms",793,125,104.92,"0.01802",0.01802,0.189230523917995
"GO:0048589","developmental growth",402,68,53.19,"0.01814",0.01814,0.190057727272727
"GO:0001817","regulation of cytokine production",237,43,31.36,"0.01832",0.01832,0.191508390022676
"GO:0046394","carboxylic acid biosynthetic process",186,35,24.61,"0.01873",0.01873,0.195351357466063
"GO:0048010","vascular endothelial growth factor receptor signaling pathway",37,10,4.9,"0.01900",0.019,0.197720090293454
"GO:0030155","regulation of cell adhesion",303,53,40.09,"0.01905",0.01905,0.197793918918919
"GO:0003008","system process",739,117,97.77,"0.01921",0.01921,0.198974215246637
"GO:0005996","monosaccharide metabolic process",130,26,17.2,"0.01925",0.01925,0.198974215246637
"GO:0030182","neuron differentiation",858,134,113.52,"0.01941",0.01941,0.200179194630872
"GO:0006919","activation of cysteine-type endopeptidase activity involved in apoptotic process",82,18,10.85,"0.01957",0.01957,0.200448115299335
"GO:0043524","negative regulation of neuron apoptotic process",59,14,7.81,"0.01958",0.01958,0.200448115299335
"GO:0009310","amine catabolic process",22,7,2.91,"0.01961",0.01961,0.200448115299335
"GO:0042402","cellular biogenic amine catabolic process",22,7,2.91,"0.01961",0.01961,0.200448115299335
"GO:0014029","neural crest formation",32,9,4.23,"0.01974",0.01974,0.201330530973451
"GO:0042113","B cell activation",88,19,11.64,"0.01983",0.01983,0.201522857142857
"GO:0002456","T cell mediated immunity",48,12,6.35,"0.01989",0.01989,0.201522857142857
"GO:0015807","L-amino acid transport",48,12,6.35,"0.01989",0.01989,0.201522857142857
"GO:0048754","branching morphogenesis of an epithelial tube",106,22,14.02,"0.01998",0.01998,0.201775381263617
"GO:0072577","endothelial cell apoptotic process",27,8,3.57,"0.02005",0.02005,0.201775381263617
"GO:0044255","cellular lipid metabolic process",533,87,70.52,"0.02007",0.02007,0.201775381263617
"GO:1901699","cellular response to nitrogen compound",271,48,35.85,"0.02009",0.02009,0.201775381263617
"GO:0010035","response to inorganic substance",304,53,40.22,"0.02020",0.0202,0.201980508474576
"GO:0016053","organic acid biosynthetic process",187,35,24.74,"0.02021",0.02021,0.201980508474576
"GO:2000145","regulation of cell motility",411,69,54.38,"0.02035",0.02035,0.201980508474576
"GO:0048583","regulation of response to stimulus",1817,268,240.39,"0.02058",0.02058,0.201980508474576
"GO:0001958","endochondral ossification",13,5,1.72,"0.02068",0.02068,0.201980508474576
"GO:0034351","negative regulation of glial cell apoptotic process",13,5,1.72,"0.02068",0.02068,0.201980508474576
"GO:0036075","replacement ossification",13,5,1.72,"0.02068",0.02068,0.201980508474576
"GO:0045616","regulation of keratinocyte differentiation",13,5,1.72,"0.02068",0.02068,0.201980508474576
"GO:0051602","response to electrical stimulus",13,5,1.72,"0.02068",0.02068,0.201980508474576
"GO:0051926","negative regulation of calcium ion transport",13,5,1.72,"0.02068",0.02068,0.201980508474576
"GO:0071361","cellular response to ethanol",13,5,1.72,"0.02068",0.02068,0.201980508474576
"GO:2000316","regulation of T-helper 17 type immune response",13,5,1.72,"0.02068",0.02068,0.201980508474576
"GO:2000319","regulation of T-helper 17 cell differentiation",13,5,1.72,"0.02068",0.02068,0.201980508474576
"GO:0002694","regulation of leukocyte activation",162,31,21.43,"0.02074",0.02074,0.202138266384778
"GO:0002824","positive regulation of adaptive immune response based on somatic recombination of immune receptors b...",54,13,7.14,"0.02138",0.02138,0.207159453781513
"GO:0044703","multi-organism reproductive process",54,13,7.14,"0.02138",0.02138,0.207159453781513
"GO:0032663","regulation of interleukin-2 production",43,11,5.69,"0.02139",0.02139,0.207159453781513
"GO:0043491","phosphatidylinositol 3-kinase/protein kinase B signal transduction",107,22,14.16,"0.02212",0.02212,0.21342949790795
"GO:0045321","leukocyte activation",379,64,50.14,"0.02213",0.02213,0.21342949790795
"GO:0007127","meiosis I",60,14,7.94,"0.02252",0.02252,0.216737369519833
"GO:0071417","cellular response to organonitrogen compound",247,44,32.68,"0.02304",0.02304,0.22128
"GO:0032526","response to retinoic acid",66,15,8.73,"0.02338",0.02338,0.223613692946058
"GO:0042476","odontogenesis",66,15,8.73,"0.02338",0.02338,0.223613692946058
"GO:0048863","stem cell differentiation",126,25,16.67,"0.02348",0.02348,0.224105175983437
"GO:0008284","positive regulation of cell population proliferation",578,93,76.47,"0.02358",0.02358,0.224594628099174
"GO:0007632","visual behavior",18,6,2.38,"0.02396",0.02396,0.22672131147541
"GO:0031507","heterochromatin formation",18,6,2.38,"0.02396",0.02396,0.22672131147541
"GO:0050818","regulation of coagulation",18,6,2.38,"0.02396",0.02396,0.22672131147541
"GO:0002283","neutrophil activation involved in immune response",72,16,9.53,"0.02400",0.024,0.22672131147541
"GO:0070661","leukocyte proliferation",90,19,11.91,"0.02475",0.02475,0.232823588709677
"GO:0022008","neurogenesis",1049,160,138.78,"0.02487",0.02487,0.232823588709677
"GO:0072243","metanephric nephron epithelium development",28,8,3.7,"0.02490",0.0249,0.232823588709677
"GO:0006312","mitotic recombination",23,7,3.04,"0.02505",0.02505,0.232823588709677
"GO:0019377","glycolipid catabolic process",23,7,3.04,"0.02505",0.02505,0.232823588709677
"GO:0046039","GTP metabolic process",23,7,3.04,"0.02505",0.02505,0.232823588709677
"GO:1901568","fatty acid derivative metabolic process",23,7,3.04,"0.02505",0.02505,0.232823588709677
"GO:2000352","negative regulation of endothelial cell apoptotic process",23,7,3.04,"0.02505",0.02505,0.232823588709677
"GO:0001676","long-chain fatty acid metabolic process",44,11,5.82,"0.02522",0.02522,0.233462248995984
"GO:0032623","interleukin-2 production",44,11,5.82,"0.02522",0.02522,0.233462248995984
"GO:0001754","eye photoreceptor cell differentiation",61,14,8.07,"0.02579",0.02579,0.238260320641283
"GO:1901605","alpha-amino acid metabolic process",184,34,24.34,"0.02598",0.02598,0.2395356
"GO:0045471","response to ethanol",67,15,8.86,"0.02657",0.02657,0.244486427145709
"GO:0061053","somite development",50,12,6.62,"0.02705",0.02705,0.248407370517928
"GO:0008585","female gonad development",39,10,5.16,"0.02716",0.02716,0.248921669980119
"GO:0000165","MAPK cascade",390,65,51.6,"0.02738",0.02738,0.249814624505929
"GO:0043299","leukocyte degranulation",79,17,10.45,"0.02740",0.0274,0.249814624505929
"GO:0002682","regulation of immune system process",561,90,74.22,"0.02742",0.02742,0.249814624505929
"GO:0002821","positive regulation of adaptive immune response",56,13,7.41,"0.02842",0.02842,0.252452380952381
"GO:0010721","negative regulation of cell development",122,24,16.14,"0.02860",0.0286,0.252452380952381
"GO:0000305","response to oxygen radical",14,5,1.85,"0.02875",0.02875,0.252452380952381
"GO:0008207","C21-steroid hormone metabolic process",14,5,1.85,"0.02875",0.02875,0.252452380952381
"GO:0008542","visual learning",14,5,1.85,"0.02875",0.02875,0.252452380952381
"GO:0009584","detection of visible light",14,5,1.85,"0.02875",0.02875,0.252452380952381
"GO:0035019","somatic stem cell population maintenance",14,5,1.85,"0.02875",0.02875,0.252452380952381
"GO:0040018","positive regulation of multicellular organism growth",14,5,1.85,"0.02875",0.02875,0.252452380952381
"GO:0042415","norepinephrine metabolic process",14,5,1.85,"0.02875",0.02875,0.252452380952381
"GO:0046456","icosanoid biosynthetic process",14,5,1.85,"0.02875",0.02875,0.252452380952381
"GO:0050819","negative regulation of coagulation",14,5,1.85,"0.02875",0.02875,0.252452380952381
"GO:0072137","condensed mesenchymal cell proliferation",14,5,1.85,"0.02875",0.02875,0.252452380952381
"GO:0072538","T-helper 17 type immune response",14,5,1.85,"0.02875",0.02875,0.252452380952381
"GO:0072539","T-helper 17 cell differentiation",14,5,1.85,"0.02875",0.02875,0.252452380952381
"GO:0120163","negative regulation of cold-induced thermogenesis",14,5,1.85,"0.02875",0.02875,0.252452380952381
"GO:1902108","regulation of mitochondrial membrane permeability involved in apoptotic process",14,5,1.85,"0.02875",0.02875,0.252452380952381
"GO:1902110","positive regulation of mitochondrial membrane permeability involved in apoptotic process",14,5,1.85,"0.02875",0.02875,0.252452380952381
"GO:1902686","mitochondrial outer membrane permeabilization involved in programmed cell death",14,5,1.85,"0.02875",0.02875,0.252452380952381
"GO:0048667","cell morphogenesis involved in neuron differentiation",391,65,51.73,"0.02875",0.02875,0.252452380952381
"GO:0007131","reciprocal meiotic recombination",34,9,4.5,"0.02899",0.02899,0.252634971644612
"GO:0035825","homologous recombination",34,9,4.5,"0.02899",0.02899,0.252634971644612
"GO:0120192","tight junction assembly",34,9,4.5,"0.02899",0.02899,0.252634971644612
"GO:0140527","reciprocal homologous recombination",34,9,4.5,"0.02899",0.02899,0.252634971644612
"GO:0048562","embryonic organ morphogenesis",205,37,27.12,"0.02915",0.02915,0.253332956685499
"GO:0043281","regulation of cysteine-type endopeptidase activity involved in apoptotic process",141,27,18.65,"0.02918",0.02918,0.253332956685499
"GO:0044248","cellular catabolic process",828,128,109.55,"0.02936",0.02936,0.253808988764045
"GO:0051703","biological process involved in intraspecies interaction between organisms",62,14,8.2,"0.02940",0.0294,0.253808988764045
"GO:0061982","meiosis I cell cycle process",62,14,8.2,"0.02940",0.0294,0.253808988764045
"GO:0033559","unsaturated fatty acid metabolic process",45,11,5.95,"0.02952",0.02952,0.253894029850746
"GO:0001816","cytokine production",251,44,33.21,"0.02952",0.02952,0.253894029850746
"GO:0009952","anterior/posterior pattern specification",110,22,14.55,"0.02958",0.02958,0.253936312849162
"GO:0050778","positive regulation of immune response",331,56,43.79,"0.02977",0.02977,0.255092379182156
"GO:0007259","receptor signaling pathway via JAK-STAT",68,15,9,"0.03006",0.03006,0.256623333333333
"GO:0097696","receptor signaling pathway via STAT",68,15,9,"0.03006",0.03006,0.256623333333333
"GO:0043009","chordate embryonic development",392,65,51.86,"0.03016",0.03016,0.257001109057301
"GO:0002696","positive regulation of leukocyte activation",98,20,12.97,"0.03032",0.03032,0.257216087751371
"GO:0032101","regulation of response to external stimulus",474,77,62.71,"0.03037",0.03037,0.257216087751371
"GO:0007009","plasma membrane organization",74,16,9.79,"0.03046",0.03046,0.257216087751371
"GO:0043648","dicarboxylic acid metabolic process",74,16,9.79,"0.03046",0.03046,0.257216087751371
"GO:0015800","acidic amino acid transport",29,8,3.84,"0.03052",0.03052,0.257216087751371
"GO:0098656","monoatomic anion transmembrane transport",29,8,3.84,"0.03052",0.03052,0.257216087751371
"GO:0050776","regulation of immune response",372,62,49.22,"0.03063",0.03063,0.257672080291971
"GO:1901570","fatty acid derivative biosynthetic process",19,6,2.51,"0.03120",0.0312,0.261848
"GO:0048705","skeletal system morphogenesis",123,24,16.27,"0.03124",0.03124,0.261848
"GO:1904036","negative regulation of epithelial cell apoptotic process",24,7,3.18,"0.03144",0.03144,0.26304609800363
"GO:0048568","embryonic organ development",272,47,35.99,"0.03160",0.0316,0.263905797101449
"GO:0007157","heterophilic cell-cell adhesion via plasma membrane cell adhesion molecules",40,10,5.29,"0.03206",0.03206,0.266382373472949
"GO:1900182","positive regulation of protein localization to nucleus",40,10,5.29,"0.03206",0.03206,0.266382373472949
"GO:0048519","negative regulation of biological process",2413,347,319.24,"0.03209",0.03209,0.266382373472949
"GO:0031175","neuron projection development",621,98,82.16,"0.03273",0.03273,0.266382373472949
"GO:0007423","sensory organ development",387,64,51.2,"0.03284",0.03284,0.266382373472949
"GO:0006589","octopamine biosynthetic process",10,4,1.32,"0.03311",0.03311,0.266382373472949
"GO:0007595","lactation",10,4,1.32,"0.03311",0.03311,0.266382373472949
"GO:0010893","positive regulation of steroid biosynthetic process",10,4,1.32,"0.03311",0.03311,0.266382373472949
"GO:0032148","activation of protein kinase B activity",10,4,1.32,"0.03311",0.03311,0.266382373472949
"GO:0042421","norepinephrine biosynthetic process",10,4,1.32,"0.03311",0.03311,0.266382373472949
"GO:0042761","very long-chain fatty acid biosynthetic process",10,4,1.32,"0.03311",0.03311,0.266382373472949
"GO:0043368","positive T cell selection",10,4,1.32,"0.03311",0.03311,0.266382373472949
"GO:0045058","T cell selection",10,4,1.32,"0.03311",0.03311,0.266382373472949
"GO:0045940","positive regulation of steroid metabolic process",10,4,1.32,"0.03311",0.03311,0.266382373472949
"GO:0046333","octopamine metabolic process",10,4,1.32,"0.03311",0.03311,0.266382373472949
"GO:0060295","regulation of cilium movement involved in cell motility",10,4,1.32,"0.03311",0.03311,0.266382373472949
"GO:1902019","regulation of cilium-dependent cell motility",10,4,1.32,"0.03311",0.03311,0.266382373472949
"GO:1902932","positive regulation of alcohol biosynthetic process",10,4,1.32,"0.03311",0.03311,0.266382373472949
"GO:1904262","negative regulation of TORC1 signaling",10,4,1.32,"0.03311",0.03311,0.266382373472949
"GO:2000318","positive regulation of T-helper 17 type immune response",10,4,1.32,"0.03311",0.03311,0.266382373472949
"GO:2000321","positive regulation of T-helper 17 cell differentiation",10,4,1.32,"0.03311",0.03311,0.266382373472949
"GO:0002274","myeloid leukocyte activation",130,25,17.2,"0.03327",0.03327,0.266738608695652
"GO:0051091","positive regulation of DNA-binding transcription factor activity",130,25,17.2,"0.03327",0.03327,0.266738608695652
"GO:2000116","regulation of cysteine-type endopeptidase activity",149,28,19.71,"0.03335",0.03335,0.266915798611111
"GO:0051896","regulation of phosphatidylinositol 3-kinase/protein kinase B signal transduction",99,20,13.1,"0.03344",0.03344,0.267172270363951
"GO:0043410","positive regulation of MAPK cascade",240,42,31.75,"0.03369",0.03369,0.268703979238754
"GO:0033673","negative regulation of kinase activity",93,19,12.3,"0.03381",0.03381,0.269195336787565
"GO:0051241","negative regulation of multicellular organismal process",463,75,61.26,"0.03416",0.03416,0.271513103448276
"GO:0042461","photoreceptor cell development",46,11,6.09,"0.03432",0.03432,0.272315318416523
"GO:0002684","positive regulation of immune system process",429,70,56.76,"0.03455",0.03455,0.272581025641026
"GO:0048812","neuron projection morphogenesis",429,70,56.76,"0.03455",0.03455,0.272581025641026
"GO:0008340","determination of adult lifespan",35,9,4.63,"0.03459",0.03459,0.272581025641026
"GO:0120193","tight junction organization",35,9,4.63,"0.03459",0.03459,0.272581025641026
"GO:0061138","morphogenesis of a branching epithelium",118,23,15.61,"0.03481",0.03481,0.273846587030717
"GO:0048585","negative regulation of response to stimulus",735,114,97.24,"0.03527",0.03527,0.276992674616695
"GO:0006672","ceramide metabolic process",52,12,6.88,"0.03592",0.03592,0.280188155668359
"GO:0046890","regulation of lipid biosynthetic process",52,12,6.88,"0.03592",0.03592,0.280188155668359
"GO:0051048","negative regulation of secretion",52,12,6.88,"0.03592",0.03592,0.280188155668359
"GO:0071901","negative regulation of protein serine/threonine kinase activity",52,12,6.88,"0.03592",0.03592,0.280188155668359
"GO:0002520","immune system development",106,21,14.02,"0.03619",0.03619,0.28134215851602
"GO:0048565","digestive tract development",106,21,14.02,"0.03619",0.03619,0.28134215851602
"GO:0060560","developmental growth involved in morphogenesis",163,30,21.57,"0.03653",0.03653,0.283418151260504
"GO:0009896","positive regulation of catabolic process",248,43,32.81,"0.03658",0.03658,0.283418151260504
"GO:0050867","positive regulation of cell activation",100,20,13.23,"0.03679",0.03679,0.284566946308725
"GO:0072207","metanephric epithelium development",30,8,3.97,"0.03695",0.03695,0.285325795644891
"GO:0048523","negative regulation of cellular process",2281,328,301.78,"0.03735",0.03735,0.28648384
"GO:0006066","alcohol metabolic process",222,39,29.37,"0.03752",0.03752,0.28648384
"GO:0046545","development of primary female sexual characteristics",41,10,5.42,"0.03755",0.03755,0.28648384
"GO:0090288","negative regulation of cellular response to growth factor stimulus",41,10,5.42,"0.03755",0.03755,0.28648384
"GO:0002706","regulation of lymphocyte mediated immunity",64,14,8.47,"0.03769",0.03769,0.28648384
"GO:0048598","embryonic morphogenesis",486,78,64.3,"0.03772",0.03772,0.28648384
"GO:0006469","negative regulation of protein kinase activity",88,18,11.64,"0.03773",0.03773,0.28648384
"GO:0048858","cell projection morphogenesis",431,70,57.02,"0.03774",0.03774,0.28648384
"GO:0120039","plasma membrane bounded cell projection morphogenesis",431,70,57.02,"0.03774",0.03774,0.28648384
"GO:0001936","regulation of endothelial cell proliferation",70,15,9.26,"0.03804",0.03804,0.28648384
"GO:2000147","positive regulation of cell motility",282,48,37.31,"0.03804",0.03804,0.28648384
"GO:0009266","response to temperature stimulus",138,26,18.26,"0.03813",0.03813,0.28648384
"GO:0001736","establishment of planar polarity",76,16,10.05,"0.03813",0.03813,0.28648384
"GO:0002446","neutrophil mediated immunity",76,16,10.05,"0.03813",0.03813,0.28648384
"GO:0007164","establishment of tissue polarity",76,16,10.05,"0.03813",0.03813,0.28648384
"GO:0000038","very long-chain fatty acid metabolic process",15,5,1.98,"0.03854",0.03854,0.28648384
"GO:0001910","regulation of leukocyte mediated cytotoxicity",15,5,1.98,"0.03854",0.03854,0.28648384
"GO:0010165","response to X-ray",15,5,1.98,"0.03854",0.03854,0.28648384
"GO:0031343","positive regulation of cell killing",15,5,1.98,"0.03854",0.03854,0.28648384
"GO:0034350","regulation of glial cell apoptotic process",15,5,1.98,"0.03854",0.03854,0.28648384
"GO:0035456","response to interferon-beta",15,5,1.98,"0.03854",0.03854,0.28648384
"GO:0035458","cellular response to interferon-beta",15,5,1.98,"0.03854",0.03854,0.28648384
"GO:0050853","B cell receptor signaling pathway",15,5,1.98,"0.03854",0.03854,0.28648384
"GO:0001909","leukocyte mediated cytotoxicity",25,7,3.31,"0.03884",0.03884,0.28648384
"GO:0035767","endothelial cell chemotaxis",25,7,3.31,"0.03884",0.03884,0.28648384
"GO:0042088","T-helper 1 type immune response",25,7,3.31,"0.03884",0.03884,0.28648384
"GO:0043407","negative regulation of MAP kinase activity",25,7,3.31,"0.03884",0.03884,0.28648384
"GO:0098661","inorganic anion transmembrane transport",25,7,3.31,"0.03884",0.03884,0.28648384
"GO:0050673","epithelial cell proliferation",256,44,33.87,"0.03954",0.03954,0.290261965134707
"GO:0030334","regulation of cell migration",391,64,51.73,"0.03954",0.03954,0.290261965134707
"GO:0043171","peptide catabolic process",20,6,2.65,"0.03973",0.03973,0.290261965134707
"GO:0050732","negative regulation of peptidyl-tyrosine phosphorylation",20,6,2.65,"0.03973",0.03973,0.290261965134707
"GO:0050918","positive chemotaxis",20,6,2.65,"0.03973",0.03973,0.290261965134707
"GO:1902930","regulation of alcohol biosynthetic process",20,6,2.65,"0.03973",0.03973,0.290261965134707
"GO:0040012","regulation of locomotion",460,74,60.86,"0.04026",0.04026,0.293668670886076
"GO:0045934","negative regulation of nucleobase-containing compound metabolic process",571,90,75.54,"0.04051",0.04051,0.295025434439179
"GO:0010720","positive regulation of cell development",230,40,30.43,"0.04083",0.04083,0.29688690851735
"GO:0043507","positive regulation of JUN kinase activity",36,9,4.76,"0.04090",0.0409,0.296927559055118
"GO:0015908","fatty acid transport",53,12,7.01,"0.04106",0.04106,0.297620440251572
"GO:0046903","secretion",502,80,66.42,"0.04119",0.04119,0.297882472613459
"GO:0022407","regulation of cell-cell adhesion",139,26,18.39,"0.04123",0.04123,0.297882472613459
"GO:1901888","regulation of cell junction assembly",120,23,15.88,"0.04129",0.04129,0.297882472613459
"GO:0009408","response to heat",89,18,11.77,"0.04167",0.04167,0.30015421875
"GO:0040007","growth",551,87,72.9,"0.04187",0.04187,0.30090466562986
"GO:0002285","lymphocyte activation involved in immune response",59,13,7.81,"0.04194",0.04194,0.30090466562986
"GO:0022603","regulation of anatomical structure morphogenesis",461,74,60.99,"0.04197",0.04197,0.30090466562986
"GO:0050678","regulation of epithelial cell proliferation",224,39,29.64,"0.04235",0.04235,0.302464451313756
"GO:0002244","hematopoietic progenitor cell differentiation",65,14,8.6,"0.04241",0.04241,0.302464451313756
"GO:0006633","fatty acid biosynthetic process",65,14,8.6,"0.04241",0.04241,0.302464451313756
"GO:0046165","alcohol biosynthetic process",77,16,10.19,"0.04245",0.04245,0.302464451313756
"GO:0014070","response to organic cyclic compound",386,63,51.07,"0.04296",0.04296,0.305625925925926
"GO:0042330","taxis",146,27,19.32,"0.04316",0.04316,0.306575654853621
"GO:0050790","regulation of catalytic activity",826,126,109.28,"0.04331",0.04331,0.307167846153846
"GO:0010463","mesenchymal cell proliferation",42,10,5.56,"0.04366",0.04366,0.309174500768049
"GO:0051252","regulation of RNA metabolic process",1704,248,225.44,"0.04378",0.04378,0.309548773006135
"GO:0044282","small molecule catabolic process",218,38,28.84,"0.04393",0.04393,0.310133690658499
"GO:0060284","regulation of cell development",380,62,50.27,"0.04461",0.04461,0.314452752293578
"GO:0002764","immune response-regulating signaling pathway",225,39,29.77,"0.04494",0.04494,0.316295267175573
"GO:0016042","lipid catabolic process",179,32,23.68,"0.04512",0.04512,0.316595433789954
"GO:0097485","neuron projection guidance",179,32,23.68,"0.04512",0.04512,0.316595433789954
"GO:0034614","cellular response to reactive oxygen species",48,11,6.35,"0.04551",0.04551,0.318846656534954
"GO:0006767","water-soluble vitamin metabolic process",54,12,7.14,"0.04668",0.04668,0.3194853115727
"GO:0090101","negative regulation of transmembrane receptor protein serine/threonine kinase signaling pathway",54,12,7.14,"0.04668",0.04668,0.3194853115727
"GO:0098781","ncRNA transcription",54,12,7.14,"0.04668",0.04668,0.3194853115727
"GO:0001913","T cell mediated cytotoxicity",11,4,1.46,"0.04671",0.04671,0.3194853115727
"GO:0001923","B-1 B cell differentiation",11,4,1.46,"0.04671",0.04671,0.3194853115727
"GO:0007497","posterior midgut development",11,4,1.46,"0.04671",0.04671,0.3194853115727
"GO:0010224","response to UV-B",11,4,1.46,"0.04671",0.04671,0.3194853115727
"GO:0016999","antibiotic metabolic process",11,4,1.46,"0.04671",0.04671,0.3194853115727
"GO:0030497","fatty acid elongation",11,4,1.46,"0.04671",0.04671,0.3194853115727
"GO:0032330","regulation of chondrocyte differentiation",11,4,1.46,"0.04671",0.04671,0.3194853115727
"GO:0035886","vascular associated smooth muscle cell differentiation",11,4,1.46,"0.04671",0.04671,0.3194853115727
"GO:0045577","regulation of B cell differentiation",11,4,1.46,"0.04671",0.04671,0.3194853115727
"GO:0045652","regulation of megakaryocyte differentiation",11,4,1.46,"0.04671",0.04671,0.3194853115727
"GO:0060416","response to growth hormone",11,4,1.46,"0.04671",0.04671,0.3194853115727
"GO:0097021","lymphocyte migration into lymphoid organs",11,4,1.46,"0.04671",0.04671,0.3194853115727
"GO:1903170","negative regulation of calcium ion transmembrane transport",11,4,1.46,"0.04671",0.04671,0.3194853115727
"GO:0006687","glycosphingolipid metabolic process",26,7,3.44,"0.04729",0.04729,0.321680088495575
"GO:0060395","SMAD protein signal transduction",26,7,3.44,"0.04729",0.04729,0.321680088495575
"GO:1905954","positive regulation of lipid localization",26,7,3.44,"0.04729",0.04729,0.321680088495575
"GO:0022408","negative regulation of cell-cell adhesion",60,13,7.94,"0.04731",0.04731,0.321680088495575
"GO:0044706","multi-multicellular organism process",66,14,8.73,"0.04754",0.04754,0.322767893961708
"GO:0006821","chloride transport",37,9,4.9,"0.04794",0.04794,0.324527753303965
"GO:0006835","dicarboxylic acid transport",37,9,4.9,"0.04794",0.04794,0.324527753303965
"GO:0010761","fibroblast migration",21,6,2.78,"0.04960",0.0496,0.330099573863636
"GO:0030707","follicle cell of egg chamber development",21,6,2.78,"0.04960",0.0496,0.330099573863636
"GO:0031331","positive regulation of cellular catabolic process",148,27,19.58,"0.04995",0.04995,0.330099573863636
"GO:0046777","protein autophosphorylation",148,27,19.58,"0.04995",0.04995,0.330099573863636
"GO:0016485","protein processing",161,29,21.3,"0.05007",0.05007,0.330099573863636
"GO:0052548","regulation of endopeptidase activity",161,29,21.3,"0.05007",0.05007,0.330099573863636
"GO:0000722","telomere maintenance via recombination",16,5,2.12,"0.05013",0.05013,0.330099573863636
"GO:0001919","regulation of receptor recycling",16,5,2.12,"0.05013",0.05013,0.330099573863636
"GO:0002762","negative regulation of myeloid leukocyte differentiation",16,5,2.12,"0.05013",0.05013,0.330099573863636
"GO:0007494","midgut development",16,5,2.12,"0.05013",0.05013,0.330099573863636
"GO:0007589","body fluid secretion",16,5,2.12,"0.05013",0.05013,0.330099573863636
"GO:0010669","epithelial structure maintenance",16,5,2.12,"0.05013",0.05013,0.330099573863636
"GO:0014823","response to activity",16,5,2.12,"0.05013",0.05013,0.330099573863636
"GO:0030193","regulation of blood coagulation",16,5,2.12,"0.05013",0.05013,0.330099573863636
"GO:0034349","glial cell apoptotic process",16,5,2.12,"0.05013",0.05013,0.330099573863636
"GO:0038095","Fc-epsilon receptor signaling pathway",16,5,2.12,"0.05013",0.05013,0.330099573863636
"GO:0048538","thymus development",16,5,2.12,"0.05013",0.05013,0.330099573863636
"GO:1900046","regulation of hemostasis",16,5,2.12,"0.05013",0.05013,0.330099573863636
"GO:1904031","positive regulation of cyclin-dependent protein kinase activity",16,5,2.12,"0.05013",0.05013,0.330099573863636
"GO:0010628","positive regulation of gene expression",369,60,48.82,"0.05032",0.05032,0.330099573863636
"GO:0001906","cell killing",43,10,5.69,"0.05041",0.05041,0.330099573863636
"GO:0016525","negative regulation of angiogenesis",43,10,5.69,"0.05041",0.05041,0.330099573863636
"GO:0048799","animal organ maturation",43,10,5.69,"0.05041",0.05041,0.330099573863636
"GO:0048729","tissue morphogenesis",438,70,57.95,"0.05072",0.05072,0.331658439716312
"GO:0006935","chemotaxis",142,26,18.79,"0.05162",0.05162,0.337065439093484
"GO:0002062","chondrocyte differentiation",49,11,6.48,"0.05195",0.05195,0.338262005649718
"GO:1903531","negative regulation of secretion by cell",49,11,6.48,"0.05195",0.05195,0.338262005649718
"GO:0050868","negative regulation of T cell activation",32,8,4.23,"0.05240",0.0524,0.339674058577406
"GO:0072337","modified amino acid transport",32,8,4.23,"0.05240",0.0524,0.339674058577406
"GO:1903038","negative regulation of leukocyte cell-cell adhesion",32,8,4.23,"0.05240",0.0524,0.339674058577406
"GO:0002697","regulation of immune effector process",123,23,16.27,"0.05262",0.05262,0.339674058577406
"GO:0006664","glycolipid metabolic process",73,15,9.66,"0.05271",0.05271,0.339674058577406
"GO:0046530","photoreceptor cell differentiation",73,15,9.66,"0.05271",0.05271,0.339674058577406
"GO:0007043","cell-cell junction assembly",55,12,7.28,"0.05281",0.05281,0.339674058577406
"GO:2001238","positive regulation of extrinsic apoptotic signaling pathway",55,12,7.28,"0.05281",0.05281,0.339674058577406
"GO:0032990","cell part morphogenesis",439,70,58.08,"0.05283",0.05283,0.339674058577406
"GO:0042542","response to hydrogen peroxide",67,14,8.86,"0.05308",0.05308,0.340396244784423
"GO:0044093","positive regulation of molecular function",691,106,91.42,"0.05309",0.05309,0.340396244784423
"GO:2001233","regulation of apoptotic signaling pathway",175,31,23.15,"0.05329",0.05329,0.341152770083102
"GO:0030335","positive regulation of cell migration",275,46,36.38,"0.05340",0.0534,0.341152770083102
"GO:0006355","regulation of DNA-templated transcription",1553,226,205.46,"0.05343",0.05343,0.341152770083102
"GO:0016055","Wnt signaling pathway",282,47,37.31,"0.05406",0.05406,0.344697925311203
"GO:0001775","cell activation",412,66,54.51,"0.05423",0.05423,0.345304281767956
"GO:2001141","regulation of RNA biosynthetic process",1554,226,205.6,"0.05463",0.05463,0.347371448275862
"GO:0060255","regulation of macromolecule metabolic process",2796,395,369.92,"0.05571",0.05571,0.353538873626374
"GO:0097191","extrinsic apoptotic signaling pathway",111,21,14.69,"0.05578",0.05578,0.353538873626374
"GO:0019219","regulation of nucleobase-containing compound metabolic process",1854,267,245.29,"0.05583",0.05583,0.353538873626374
"GO:0002444","myeloid leukocyte mediated immunity",86,17,11.38,"0.05643",0.05643,0.356443945578231
"GO:0009792","embryo development ending in birth or egg hatching",420,67,55.57,"0.05672",0.05672,0.356443945578231
"GO:0007411","axon guidance",176,31,23.29,"0.05682",0.05682,0.356443945578231
"GO:0198738","cell-cell signaling by wnt",283,47,37.44,"0.05683",0.05683,0.356443945578231
"GO:0007064","mitotic sister chromatid cohesion",27,7,3.57,"0.05683",0.05683,0.356443945578231
"GO:0014044","Schwann cell development",27,7,3.57,"0.05683",0.05683,0.356443945578231
"GO:0060191","regulation of lipase activity",27,7,3.57,"0.05683",0.05683,0.356443945578231
"GO:0052547","regulation of peptidase activity",163,29,21.57,"0.05728",0.05728,0.358778260869565
"GO:2001235","positive regulation of apoptotic signaling pathway",80,16,10.58,"0.05748",0.05748,0.359542469470828
"GO:0008637","apoptotic mitochondrial changes",44,10,5.82,"0.05782",0.05782,0.360202972972973
"GO:0038034","signal transduction in absence of ligand",44,10,5.82,"0.05782",0.05782,0.360202972972973
"GO:0097192","extrinsic apoptotic signaling pathway in absence of ligand",44,10,5.82,"0.05782",0.05782,0.360202972972973
"GO:1903509","liposaccharide metabolic process",74,15,9.79,"0.05836",0.05836,0.363076383265857
"GO:0008015","blood circulation",170,30,22.49,"0.05895",0.05895,0.364845040214477
"GO:0017015","regulation of transforming growth factor beta receptor signaling pathway",50,11,6.62,"0.05898",0.05898,0.364845040214477
"GO:1903844","regulation of cellular response to transforming growth factor beta stimulus",50,11,6.62,"0.05898",0.05898,0.364845040214477
"GO:0006766","vitamin metabolic process",68,14,9,"0.05904",0.05904,0.364845040214477
"GO:0015718","monocarboxylic acid transport",68,14,9,"0.05904",0.05904,0.364845040214477
"GO:0046425","regulation of receptor signaling pathway via JAK-STAT",56,12,7.41,"0.05946",0.05946,0.365749687890137
"GO:1904892","regulation of receptor signaling pathway via STAT",56,12,7.41,"0.05946",0.05946,0.365749687890137
"GO:0048732","gland development",210,36,27.78,"0.05989",0.05989,0.365749687890137
"GO:2001234","negative regulation of apoptotic signaling pathway",93,18,12.3,"0.06042",0.06042,0.365749687890137
"GO:0006520","amino acid metabolic process",237,40,31.36,"0.06061",0.06061,0.365749687890137
"GO:0001569","branching involved in blood vessel morphogenesis",22,6,2.91,"0.06084",0.06084,0.365749687890137
"GO:0033077","T cell differentiation in thymus",22,6,2.91,"0.06084",0.06084,0.365749687890137
"GO:0038093","Fc receptor signaling pathway",22,6,2.91,"0.06084",0.06084,0.365749687890137
"GO:0070830","bicellular tight junction assembly",22,6,2.91,"0.06084",0.06084,0.365749687890137
"GO:0002726","positive regulation of T cell cytokine production",33,8,4.37,"0.06147",0.06147,0.365749687890137
"GO:0001738","morphogenesis of a polarized epithelium",87,17,11.51,"0.06186",0.06186,0.365749687890137
"GO:0046651","lymphocyte proliferation",87,17,11.51,"0.06186",0.06186,0.365749687890137
"GO:0002757","immune response-activating signaling pathway",224,38,29.64,"0.06203",0.06203,0.365749687890137
"GO:0002253","activation of immune response",278,46,36.78,"0.06206",0.06206,0.365749687890137
"GO:0060562","epithelial tube morphogenesis",278,46,36.78,"0.06206",0.06206,0.365749687890137
"GO:0001562","response to protozoan",12,4,1.59,"0.06293",0.06293,0.365749687890137
"GO:0003085","negative regulation of systemic arterial blood pressure",12,4,1.59,"0.06293",0.06293,0.365749687890137
"GO:0006525","arginine metabolic process",12,4,1.59,"0.06293",0.06293,0.365749687890137
"GO:0006700","C21-steroid hormone biosynthetic process",12,4,1.59,"0.06293",0.06293,0.365749687890137
"GO:0010661","positive regulation of muscle cell apoptotic process",12,4,1.59,"0.06293",0.06293,0.365749687890137
"GO:0019320","hexose catabolic process",12,4,1.59,"0.06293",0.06293,0.365749687890137
"GO:0019336","phenol-containing compound catabolic process",12,4,1.59,"0.06293",0.06293,0.365749687890137
"GO:0019614","catechol-containing compound catabolic process",12,4,1.59,"0.06293",0.06293,0.365749687890137
"GO:0030195","negative regulation of blood coagulation",12,4,1.59,"0.06293",0.06293,0.365749687890137
"GO:0033539","fatty acid beta-oxidation using acyl-CoA dehydrogenase",12,4,1.59,"0.06293",0.06293,0.365749687890137
"GO:0042135","neurotransmitter catabolic process",12,4,1.59,"0.06293",0.06293,0.365749687890137
"GO:0042420","dopamine catabolic process",12,4,1.59,"0.06293",0.06293,0.365749687890137
"GO:0042424","catecholamine catabolic process",12,4,1.59,"0.06293",0.06293,0.365749687890137
"GO:0042832","defense response to protozoan",12,4,1.59,"0.06293",0.06293,0.365749687890137
"GO:0045187","regulation of circadian sleep/wake cycle, sleep",12,4,1.59,"0.06293",0.06293,0.365749687890137
"GO:0045737","positive regulation of cyclin-dependent protein serine/threonine kinase activity",12,4,1.59,"0.06293",0.06293,0.365749687890137
"GO:0046479","glycosphingolipid catabolic process",12,4,1.59,"0.06293",0.06293,0.365749687890137
"GO:0050667","homocysteine metabolic process",12,4,1.59,"0.06293",0.06293,0.365749687890137
"GO:0050884","neuromuscular process controlling posture",12,4,1.59,"0.06293",0.06293,0.365749687890137
"GO:0071265","L-methionine biosynthetic process",12,4,1.59,"0.06293",0.06293,0.365749687890137
"GO:0071498","cellular response to fluid shear stress",12,4,1.59,"0.06293",0.06293,0.365749687890137
"GO:0071732","cellular response to nitric oxide",12,4,1.59,"0.06293",0.06293,0.365749687890137
"GO:0072012","glomerulus vasculature development",12,4,1.59,"0.06293",0.06293,0.365749687890137
"GO:0097734","extracellular exosome biogenesis",12,4,1.59,"0.06293",0.06293,0.365749687890137
"GO:1900047","negative regulation of hemostasis",12,4,1.59,"0.06293",0.06293,0.365749687890137
"GO:1900151","regulation of nuclear-transcribed mRNA catabolic process, deadenylation-dependent decay",12,4,1.59,"0.06293",0.06293,0.365749687890137
"GO:1900153","positive regulation of nuclear-transcribed mRNA catabolic process, deadenylation-dependent decay",12,4,1.59,"0.06293",0.06293,0.365749687890137
"GO:1902170","cellular response to reactive nitrogen species",12,4,1.59,"0.06293",0.06293,0.365749687890137
"GO:1990182","exosomal secretion",12,4,1.59,"0.06293",0.06293,0.365749687890137
"GO:2000036","regulation of stem cell population maintenance",12,4,1.59,"0.06293",0.06293,0.365749687890137
"GO:0001889","liver development",81,16,10.72,"0.06321",0.06321,0.365749687890137
"GO:0009968","negative regulation of signal transduction",633,97,83.75,"0.06351",0.06351,0.365749687890137
"GO:0006817","phosphate ion transport",17,5,2.25,"0.06355",0.06355,0.365749687890137
"GO:0008209","androgen metabolic process",17,5,2.25,"0.06355",0.06355,0.365749687890137
"GO:0015697","quaternary ammonium group transport",17,5,2.25,"0.06355",0.06355,0.365749687890137
"GO:0043931","ossification involved in bone maturation",17,5,2.25,"0.06355",0.06355,0.365749687890137
"GO:0048859","formation of anatomical boundary",17,5,2.25,"0.06355",0.06355,0.365749687890137
"GO:0060218","hematopoietic stem cell differentiation",17,5,2.25,"0.06355",0.06355,0.365749687890137
"GO:0090169","regulation of spindle assembly",17,5,2.25,"0.06355",0.06355,0.365749687890137
"GO:1903432","regulation of TORC1 signaling",17,5,2.25,"0.06355",0.06355,0.365749687890137
"GO:0001570","vasculogenesis",39,9,5.16,"0.06431",0.06431,0.369662219451372
"GO:0023057","negative regulation of signaling",676,103,89.44,"0.06466",0.06466,0.371211207970112
"GO:0031347","regulation of defense response",320,52,42.34,"0.06527",0.06527,0.374247139303483
"GO:0051648","vesicle localization",94,18,12.44,"0.06589",0.06589,0.376921836228288
"GO:2000181","negative regulation of blood vessel morphogenesis",45,10,5.95,"0.06590",0.0659,0.376921836228288
"GO:0001763","morphogenesis of a branching structure",126,23,16.67,"0.06602",0.06602,0.377140272614622
"GO:0001708","cell fate specification",57,12,7.54,"0.06664",0.06664,0.379613580246914
"GO:0045834","positive regulation of lipid metabolic process",57,12,7.54,"0.06664",0.06664,0.379613580246914
"GO:0010648","negative regulation of cell communication",677,103,89.57,"0.06670",0.0667,0.379613580246914
"GO:0014037","Schwann cell differentiation",28,7,3.7,"0.06748",0.06748,0.382165601965602
"GO:0019218","regulation of steroid metabolic process",28,7,3.7,"0.06748",0.06748,0.382165601965602
"GO:0048008","platelet-derived growth factor receptor signaling pathway",28,7,3.7,"0.06748",0.06748,0.382165601965602
"GO:0090183","regulation of kidney development",28,7,3.7,"0.06748",0.06748,0.382165601965602
"GO:0032943","mononuclear cell proliferation",88,17,11.64,"0.06764",0.06764,0.382601717791411
"GO:0001666","response to hypoxia",133,24,17.6,"0.06850",0.0685,0.386687025703794
"GO:0051171","regulation of nitrogen compound metabolic process",2549,360,337.24,"0.06853",0.06853,0.386687025703794
"GO:0061008","hepaticobiliary system development",82,16,10.85,"0.06931",0.06931,0.390610146699266
"GO:0042110","T cell activation",206,35,27.25,"0.06969",0.06969,0.392272161172161
"GO:0036293","response to decreased oxygen levels",140,25,18.52,"0.07081",0.07081,0.397549939686369
"GO:0003013","circulatory system process",173,30,22.89,"0.07109",0.07109,0.397549939686369
"GO:0002369","T cell cytokine production",34,8,4.5,"0.07146",0.07146,0.397549939686369
"GO:0002724","regulation of T cell cytokine production",34,8,4.5,"0.07146",0.07146,0.397549939686369
"GO:0016064","immunoglobulin mediated immune response",34,8,4.5,"0.07146",0.07146,0.397549939686369
"GO:0019724","B cell mediated immunity",34,8,4.5,"0.07146",0.07146,0.397549939686369
"GO:0021545","cranial nerve development",34,8,4.5,"0.07146",0.07146,0.397549939686369
"GO:0035329","hippo signaling",34,8,4.5,"0.07146",0.07146,0.397549939686369
"GO:0060323","head morphogenesis",34,8,4.5,"0.07146",0.07146,0.397549939686369
"GO:0045087","innate immune response",405,64,53.58,"0.07149",0.07149,0.397549939686369
"GO:0043280","positive regulation of cysteine-type endopeptidase activity involved in apoptotic process",95,18,12.57,"0.07169",0.07169,0.397702647412756
"GO:0045637","regulation of myeloid cell differentiation",95,18,12.57,"0.07169",0.07169,0.397702647412756
"GO:0090596","sensory organ morphogenesis",220,37,29.11,"0.07187",0.07187,0.398221995192308
"GO:0050851","antigen receptor-mediated signaling pathway",70,14,9.26,"0.07230",0.0723,0.400123649459784
"GO:0018108","peptidyl-tyrosine phosphorylation",108,20,14.29,"0.07298",0.07298,0.402461183431953
"GO:0018212","peptidyl-tyrosine modification",108,20,14.29,"0.07298",0.07298,0.402461183431953
"GO:0098609","cell-cell adhesion",357,57,47.23,"0.07301",0.07301,0.402461183431953
"GO:0006801","superoxide metabolic process",23,6,3.04,"0.07347",0.07347,0.402461183431953
"GO:0006809","nitric oxide biosynthetic process",23,6,3.04,"0.07347",0.07347,0.402461183431953
"GO:0009309","amine biosynthetic process",23,6,3.04,"0.07347",0.07347,0.402461183431953
"GO:0042401","biogenic amine biosynthetic process",23,6,3.04,"0.07347",0.07347,0.402461183431953
"GO:0060343","trabecula formation",23,6,3.04,"0.07347",0.07347,0.402461183431953
"GO:0043010","camera-type eye development",207,35,27.39,"0.07365",0.07365,0.402461183431953
"GO:0008625","extrinsic apoptotic signaling pathway via death domain receptors",40,9,5.29,"0.07367",0.07367,0.402461183431953
"GO:0050900","leukocyte migration",89,17,11.77,"0.07377",0.07377,0.402461183431953
"GO:0034329","cell junction assembly",234,39,30.96,"0.07377",0.07377,0.402461183431953
"GO:0006820","monoatomic anion transport",58,12,7.67,"0.07437",0.07437,0.404890023474178
"GO:0009991","response to extracellular stimulus",241,40,31.88,"0.07463",0.07463,0.404890023474178
"GO:0045639","positive regulation of myeloid cell differentiation",46,10,6.09,"0.07468",0.07468,0.404890023474178
"GO:0051881","regulation of mitochondrial membrane potential",46,10,6.09,"0.07468",0.07468,0.404890023474178
"GO:1901343","negative regulation of vasculature development",46,10,6.09,"0.07468",0.07468,0.404890023474178
"GO:0001959","regulation of cytokine-mediated signaling pathway",52,11,6.88,"0.07483",0.07483,0.404890023474178
"GO:0043279","response to alkaloid",52,11,6.88,"0.07483",0.07483,0.404890023474178
"GO:0071496","cellular response to external stimulus",154,27,20.37,"0.07494",0.07494,0.405009847596717
"GO:0055123","digestive system development",115,21,15.21,"0.07611",0.07611,0.410851405152225
"GO:0001667","ameboidal-type cell migration",269,44,35.59,"0.07753",0.07753,0.417443448275862
"GO:0051963","regulation of synapse assembly",77,15,10.19,"0.07776",0.07776,0.417443448275862
"GO:0060348","bone development",96,18,12.7,"0.07782",0.07782,0.417443448275862
"GO:0016054","organic acid catabolic process",148,26,19.58,"0.07785",0.07785,0.417443448275862
"GO:0046395","carboxylic acid catabolic process",148,26,19.58,"0.07785",0.07785,0.417443448275862
"GO:0030855","epithelial cell differentiation",283,46,37.44,"0.07869",0.07869,0.417443448275862
"GO:0002119","nematode larval development",18,5,2.38,"0.07878",0.07878,0.417443448275862
"GO:0006541","glutamine metabolic process",18,5,2.38,"0.07878",0.07878,0.417443448275862
"GO:0006677","glycosylceramide metabolic process",18,5,2.38,"0.07878",0.07878,0.417443448275862
"GO:0009110","vitamin biosynthetic process",18,5,2.38,"0.07878",0.07878,0.417443448275862
"GO:0010823","negative regulation of mitochondrion organization",18,5,2.38,"0.07878",0.07878,0.417443448275862
"GO:0032370","positive regulation of lipid transport",18,5,2.38,"0.07878",0.07878,0.417443448275862
"GO:0042044","fluid transport",18,5,2.38,"0.07878",0.07878,0.417443448275862
"GO:0042136","neurotransmitter biosynthetic process",18,5,2.38,"0.07878",0.07878,0.417443448275862
"GO:0042364","water-soluble vitamin biosynthetic process",18,5,2.38,"0.07878",0.07878,0.417443448275862
"GO:2001222","regulation of neuron migration",18,5,2.38,"0.07878",0.07878,0.417443448275862
"GO:0032481","positive regulation of type I interferon production",29,7,3.84,"0.07923",0.07923,0.419345924225029
"GO:0005975","carbohydrate metabolic process",304,49,40.22,"0.08013",0.08013,0.422719623059867
"GO:0007601","visual perception",103,19,13.63,"0.08151",0.08151,0.422719623059867
"GO:2001056","positive regulation of cysteine-type endopeptidase activity",103,19,13.63,"0.08151",0.08151,0.422719623059867
"GO:0009437","carnitine metabolic process",13,4,1.72,"0.08171",0.08171,0.422719623059867
"GO:0039694","viral RNA genome replication",13,4,1.72,"0.08171",0.08171,0.422719623059867
"GO:0042749","regulation of circadian sleep/wake cycle",13,4,1.72,"0.08171",0.08171,0.422719623059867
"GO:0045540","regulation of cholesterol biosynthetic process",13,4,1.72,"0.08171",0.08171,0.422719623059867
"GO:0046184","aldehyde biosynthetic process",13,4,1.72,"0.08171",0.08171,0.422719623059867
"GO:0046514","ceramide catabolic process",13,4,1.72,"0.08171",0.08171,0.422719623059867
"GO:0046717","acid secretion",13,4,1.72,"0.08171",0.08171,0.422719623059867
"GO:0050802","circadian sleep/wake cycle, sleep",13,4,1.72,"0.08171",0.08171,0.422719623059867
"GO:0061437","renal system vasculature development",13,4,1.72,"0.08171",0.08171,0.422719623059867
"GO:0061440","kidney vasculature development",13,4,1.72,"0.08171",0.08171,0.422719623059867
"GO:0106118","regulation of sterol biosynthetic process",13,4,1.72,"0.08171",0.08171,0.422719623059867
"GO:1902176","negative regulation of oxidative stress-induced intrinsic apoptotic signaling pathway",13,4,1.72,"0.08171",0.08171,0.422719623059867
"GO:1903409","reactive oxygen species biosynthetic process",13,4,1.72,"0.08171",0.08171,0.422719623059867
"GO:0002720","positive regulation of cytokine production involved in immune response",35,8,4.63,"0.08238",0.08238,0.422719623059867
"GO:0002793","positive regulation of peptide secretion",35,8,4.63,"0.08238",0.08238,0.422719623059867
"GO:0015695","organic cation transport",35,8,4.63,"0.08238",0.08238,0.422719623059867
"GO:0021766","hippocampus development",35,8,4.63,"0.08238",0.08238,0.422719623059867
"GO:0033273","response to vitamin",35,8,4.63,"0.08238",0.08238,0.422719623059867
"GO:0040014","regulation of multicellular organism growth",35,8,4.63,"0.08238",0.08238,0.422719623059867
"GO:0070207","protein homotrimerization",35,8,4.63,"0.08238",0.08238,0.422719623059867
"GO:0071806","protein transmembrane transport",35,8,4.63,"0.08238",0.08238,0.422719623059867
"GO:0090277","positive regulation of peptide hormone secretion",35,8,4.63,"0.08238",0.08238,0.422719623059867
"GO:0034250","positive regulation of amide metabolic process",59,12,7.81,"0.08266",0.08266,0.422719623059867
"GO:0050730","regulation of peptidyl-tyrosine phosphorylation",59,12,7.81,"0.08266",0.08266,0.422719623059867
"GO:0070663","regulation of leukocyte proliferation",59,12,7.81,"0.08266",0.08266,0.422719623059867
"GO:0008406","gonad development",84,16,11.11,"0.08268",0.08268,0.422719623059867
"GO:0090087","regulation of peptide transport",84,16,11.11,"0.08268",0.08268,0.422719623059867
"GO:0030162","regulation of proteolysis",367,58,48.55,"0.08271",0.08271,0.422719623059867
"GO:0045055","regulated exocytosis",189,32,25.01,"0.08293",0.08293,0.422795580110497
"GO:0032989","cellular component morphogenesis",493,76,65.22,"0.08296",0.08296,0.422795580110497
"GO:0007507","heart development",381,60,50.41,"0.08300",0.083,0.422795580110497
"GO:0040017","positive regulation of locomotion",298,48,39.43,"0.08330",0.0833,0.423855408388521
"GO:1901615","organic hydroxy compound metabolic process",305,49,40.35,"0.08371",0.08371,0.425471995589857
"GO:0030148","sphingolipid biosynthetic process",41,9,5.42,"0.08383",0.08383,0.425612665198238
"GO:0001933","negative regulation of protein phosphorylation",136,24,17.99,"0.08404",0.08404,0.425616228070175
"GO:0000096","sulfur amino acid metabolic process",47,10,6.22,"0.08414",0.08414,0.425616228070175
"GO:0007250","activation of NF-kappaB-inducing kinase activity",47,10,6.22,"0.08414",0.08414,0.425616228070175
"GO:0060485","mesenchyme development",196,33,25.93,"0.08420",0.0842,0.425616228070175
"GO:0002758","innate immune response-activating signaling pathway",156,27,20.64,"0.08490",0.0849,0.428684556407448
"GO:0006954","inflammatory response",292,47,38.63,"0.08660",0.0866,0.436463715846995
"GO:0000902","cell morphogenesis",572,87,75.68,"0.08663",0.08663,0.436463715846995
"GO:0048864","stem cell development",72,14,9.53,"0.08737",0.08737,0.437874918566775
"GO:0000289","nuclear-transcribed mRNA poly(A) tail shortening",24,6,3.18,"0.08748",0.08748,0.437874918566775
"GO:0030514","negative regulation of BMP signaling pathway",24,6,3.18,"0.08748",0.08748,0.437874918566775
"GO:0045600","positive regulation of fat cell differentiation",24,6,3.18,"0.08748",0.08748,0.437874918566775
"GO:0046209","nitric oxide metabolic process",24,6,3.18,"0.08748",0.08748,0.437874918566775
"GO:0070670","response to interleukin-4",24,6,3.18,"0.08748",0.08748,0.437874918566775
"GO:0097305","response to alcohol",104,19,13.76,"0.08794",0.08794,0.4397
"GO:1901607","alpha-amino acid biosynthetic process",66,13,8.73,"0.08953",0.08953,0.447165005417118
"GO:0051216","cartilage development",98,18,12.97,"0.09110",0.0911,0.454514069264069
"GO:0002761","regulation of myeloid leukocyte differentiation",54,11,7.14,"0.09313",0.09313,0.463555650319829
"GO:0045598","regulation of fat cell differentiation",54,11,7.14,"0.09313",0.09313,0.463555650319829
"GO:0097193","intrinsic apoptotic signaling pathway",131,23,17.33,"0.09328",0.09328,0.463555650319829
"GO:0045089","positive regulation of innate immune response",198,33,26.2,"0.09371",0.09371,0.463555650319829
"GO:0010975","regulation of neuron projection development",287,46,37.97,"0.09408",0.09408,0.463555650319829
"GO:0007586","digestion",36,8,4.76,"0.09424",0.09424,0.463555650319829
"GO:0050864","regulation of B cell activation",36,8,4.76,"0.09424",0.09424,0.463555650319829
"GO:0051492","regulation of stress fiber assembly",36,8,4.76,"0.09424",0.09424,0.463555650319829
"GO:0061041","regulation of wound healing",36,8,4.76,"0.09424",0.09424,0.463555650319829
"GO:0002702","positive regulation of production of molecular mediator of immune response",48,10,6.35,"0.09431",0.09431,0.463555650319829
"GO:0046660","female sex differentiation",48,10,6.35,"0.09431",0.09431,0.463555650319829
"GO:0071346","cellular response to type II interferon",48,10,6.35,"0.09431",0.09431,0.463555650319829
"GO:0098739","import across plasma membrane",48,10,6.35,"0.09431",0.09431,0.463555650319829
"GO:0001649","osteoblast differentiation",92,17,12.17,"0.09432",0.09432,0.463555650319829
"GO:0021675","nerve development",73,14,9.66,"0.09559",0.09559,0.465274815595364
"GO:0009311","oligosaccharide metabolic process",19,5,2.51,"0.09578",0.09578,0.465274815595364
"GO:0031341","regulation of cell killing",19,5,2.51,"0.09578",0.09578,0.465274815595364
"GO:0035307","positive regulation of protein dephosphorylation",19,5,2.51,"0.09578",0.09578,0.465274815595364
"GO:0042100","B cell proliferation",19,5,2.51,"0.09578",0.09578,0.465274815595364
"GO:0042307","positive regulation of protein import into nucleus",19,5,2.51,"0.09578",0.09578,0.465274815595364
"GO:0045776","negative regulation of blood pressure",19,5,2.51,"0.09578",0.09578,0.465274815595364
"GO:0050856","regulation of T cell receptor signaling pathway",19,5,2.51,"0.09578",0.09578,0.465274815595364
"GO:0051851","modulation by host of symbiont process",19,5,2.51,"0.09578",0.09578,0.465274815595364
"GO:0070977","bone maturation",19,5,2.51,"0.09578",0.09578,0.465274815595364
"GO:1902476","chloride transmembrane transport",19,5,2.51,"0.09578",0.09578,0.465274815595364
"GO:0031349","positive regulation of defense response",219,36,28.97,"0.09673",0.09673,0.469395052631579
"GO:0043085","positive regulation of catalytic activity",519,79,68.66,"0.09731",0.09731,0.471713038906414
"GO:0007600","sensory perception",281,45,37.18,"0.09783",0.09783,0.473735609243697
"GO:0021510","spinal cord development",67,13,8.86,"0.09831",0.09831,0.475061949685535
"GO:1902075","cellular response to salt",67,13,8.86,"0.09831",0.09831,0.475061949685535
"GO:0072330","monocarboxylic acid biosynthetic process",80,15,10.58,"0.10093",0.10093,0.487211832460733
"GO:0002218","activation of innate immune response",186,31,24.61,"0.10165",0.10165,0.48753237410072
"GO:0010212","response to ionizing radiation",93,17,12.3,"0.10191",0.10191,0.48753237410072
"GO:0044089","positive regulation of cellular component biogenesis",227,37,30.03,"0.10240",0.1024,0.48753237410072
"GO:0001751","compound eye photoreceptor cell differentiation",25,6,3.31,"0.10285",0.10285,0.48753237410072
"GO:2001057","reactive nitrogen species metabolic process",25,6,3.31,"0.10285",0.10285,0.48753237410072
"GO:0006103","2-oxoglutarate metabolic process",14,4,1.85,"0.10290",0.1029,0.48753237410072
"GO:0019755","one-carbon compound transport",14,4,1.85,"0.10290",0.1029,0.48753237410072
"GO:0022410","circadian sleep/wake cycle process",14,4,1.85,"0.10290",0.1029,0.48753237410072
"GO:0030219","megakaryocyte differentiation",14,4,1.85,"0.10290",0.1029,0.48753237410072
"GO:0030888","regulation of B cell proliferation",14,4,1.85,"0.10290",0.1029,0.48753237410072
"GO:0031154","culmination involved in sorocarp development",14,4,1.85,"0.10290",0.1029,0.48753237410072
"GO:0040036","regulation of fibroblast growth factor receptor signaling pathway",14,4,1.85,"0.10290",0.1029,0.48753237410072
"GO:0045428","regulation of nitric oxide biosynthetic process",14,4,1.85,"0.10290",0.1029,0.48753237410072
"GO:0045661","regulation of myoblast differentiation",14,4,1.85,"0.10290",0.1029,0.48753237410072
"GO:0048566","embryonic digestive tract development",14,4,1.85,"0.10290",0.1029,0.48753237410072
"GO:0071320","cellular response to cAMP",14,4,1.85,"0.10290",0.1029,0.48753237410072
"GO:0080164","regulation of nitric oxide metabolic process",14,4,1.85,"0.10290",0.1029,0.48753237410072
"GO:0090181","regulation of cholesterol metabolic process",14,4,1.85,"0.10290",0.1029,0.48753237410072
"GO:0032436","positive regulation of proteasomal ubiquitin-dependent protein catabolic process",55,11,7.28,"0.10322",0.10322,0.488045333333333
"GO:0042475","odontogenesis of dentin-containing tooth",55,11,7.28,"0.10322",0.10322,0.488045333333333
"GO:0050680","negative regulation of epithelial cell proliferation",126,22,16.67,"0.10356",0.10356,0.488650562947799
"GO:0060041","retina development in camera-type eye",126,22,16.67,"0.10356",0.10356,0.488650562947799
"GO:0046467","membrane lipid biosynthetic process",74,14,9.79,"0.10427",0.10427,0.490041590214067
"GO:0060326","cell chemotaxis",74,14,9.79,"0.10427",0.10427,0.490041590214067
"GO:0072089","stem cell proliferation",74,14,9.79,"0.10427",0.10427,0.490041590214067
"GO:0044087","regulation of cellular component biogenesis",507,77,67.08,"0.10428",0.10428,0.490041590214067
"GO:0051262","protein tetramerization",113,20,14.95,"0.10495",0.10495,0.492216954314721
"GO:0007006","mitochondrial membrane organization",49,10,6.48,"0.10517",0.10517,0.492216954314721
"GO:0008630","intrinsic apoptotic signaling pathway in response to DNA damage",49,10,6.48,"0.10517",0.10517,0.492216954314721
"GO:0034341","response to type II interferon",49,10,6.48,"0.10517",0.10517,0.492216954314721
"GO:0045137","development of primary sexual characteristics",87,16,11.51,"0.10566",0.10566,0.492696663296259
"GO:0051650","establishment of vesicle localization",87,16,11.51,"0.10566",0.10566,0.492696663296259
"GO:0090092","regulation of transmembrane receptor protein serine/threonine kinase signaling pathway",87,16,11.51,"0.10566",0.10566,0.492696663296259
"GO:0042886","amide transport",153,26,20.24,"0.10570",0.1057,0.492696663296259
"GO:0051124","synaptic assembly at neuromuscular junction",31,7,4.1,"0.10606",0.10606,0.493376992936428
"GO:0051293","establishment of spindle localization",31,7,4.1,"0.10606",0.10606,0.493376992936428
"GO:0032231","regulation of actin filament bundle assembly",43,9,5.69,"0.10654",0.10654,0.494304709418838
"GO:0046649","lymphocyte activation",283,45,37.44,"0.10658",0.10658,0.494304709418838
"GO:0002718","regulation of cytokine production involved in immune response",37,8,4.9,"0.10701",0.10701,0.494304709418838
"GO:0030512","negative regulation of transforming growth factor beta receptor signaling pathway",37,8,4.9,"0.10701",0.10701,0.494304709418838
"GO:0043297","apical junction assembly",37,8,4.9,"0.10701",0.10701,0.494304709418838
"GO:0048048","embryonic eye morphogenesis",37,8,4.9,"0.10701",0.10701,0.494304709418838
"GO:0060349","bone morphogenesis",37,8,4.9,"0.10701",0.10701,0.494304709418838
"GO:1903052","positive regulation of proteolysis involved in protein catabolic process",68,13,9,"0.10759",0.10759,0.496486386386386
"GO:0051348","negative regulation of transferase activity",120,21,15.88,"0.10781",0.10781,0.4970041
"GO:0051050","positive regulation of transport",360,56,47.63,"0.10806",0.10806,0.497658941058941
"GO:0009416","response to light stimulus",167,28,22.09,"0.10895",0.10895,0.500317892644135
"GO:0010950","positive regulation of endopeptidase activity",107,19,14.16,"0.10918",0.10918,0.500317892644135
"GO:0021543","pallium development",107,19,14.16,"0.10918",0.10918,0.500317892644135
"GO:0045732","positive regulation of protein catabolic process",107,19,14.16,"0.10918",0.10918,0.500317892644135
"GO:0050953","sensory perception of light stimulus",107,19,14.16,"0.10918",0.10918,0.500317892644135
"GO:0021537","telencephalon development",147,25,19.45,"0.11015",0.11015,0.504261668321748
"GO:1901800","positive regulation of proteasomal protein catabolic process",62,12,8.2,"0.11083",0.11083,0.506871329365079
"GO:0051604","protein maturation",333,52,44.06,"0.11218",0.11218,0.512394653465347
"GO:0006839","mitochondrial transport",114,20,15.08,"0.11226",0.11226,0.512394653465347
"GO:0001764","neuron migration",101,18,13.36,"0.11359",0.11359,0.517577272727273
"GO:0080090","regulation of primary metabolic process",2610,364,345.31,"0.11362",0.11362,0.517577272727273
"GO:0060759","regulation of response to cytokine stimulus",56,11,7.41,"0.11391",0.11391,0.51838608094768
"GO:0001881","receptor recycling",20,5,2.65,"0.11446",0.11446,0.518840314650934
"GO:0035461","vitamin transmembrane transport",20,5,2.65,"0.11446",0.11446,0.518840314650934
"GO:0044070","regulation of monoatomic anion transport",20,5,2.65,"0.11446",0.11446,0.518840314650934
"GO:0046365","monosaccharide catabolic process",20,5,2.65,"0.11446",0.11446,0.518840314650934
"GO:0042326","negative regulation of phosphorylation",141,24,18.65,"0.11482",0.11482,0.519960903732809
"GO:0023051","regulation of signaling",1636,232,216.45,"0.11679",0.11679,0.528363002944063
"GO:0002064","epithelial cell development",108,19,14.29,"0.11691",0.11691,0.528387352941176
"GO:0046328","regulation of JNK cascade",69,13,9.13,"0.11738",0.11738,0.529991968658178
"GO:0035108","limb morphogenesis",95,17,12.57,"0.11818",0.11818,0.533081996086106
"GO:0051897","positive regulation of phosphatidylinositol 3-kinase/protein kinase B signal transduction",82,15,10.85,"0.11851",0.11851,0.534047996089932
"GO:0010517","regulation of phospholipase activity",26,6,3.44,"0.11951",0.11951,0.535414091350826
"GO:0048537","mucosa-associated lymphoid tissue development",26,6,3.44,"0.11951",0.11951,0.535414091350826
"GO:0048541","Peyer's patch development",26,6,3.44,"0.11951",0.11951,0.535414091350826
"GO:0050810","regulation of steroid biosynthetic process",26,6,3.44,"0.11951",0.11951,0.535414091350826
"GO:0050829","defense response to Gram-negative bacterium",26,6,3.44,"0.11951",0.11951,0.535414091350826
"GO:0070301","cellular response to hydrogen peroxide",26,6,3.44,"0.11951",0.11951,0.535414091350826
"GO:0002763","positive regulation of myeloid leukocyte differentiation",38,8,5.03,"0.12068",0.12068,0.538854816955684
"GO:1904029","regulation of cyclin-dependent protein kinase activity",38,8,5.03,"0.12068",0.12068,0.538854816955684
"GO:0030500","regulation of bone mineralization",32,7,4.23,"0.12109",0.12109,0.538854816955684
"GO:0051653","spindle localization",32,7,4.23,"0.12109",0.12109,0.538854816955684
"GO:0060325","face morphogenesis",32,7,4.23,"0.12109",0.12109,0.538854816955684
"GO:0065002","intracellular protein transmembrane transport",32,7,4.23,"0.12109",0.12109,0.538854816955684
"GO:0009199","ribonucleoside triphosphate metabolic process",63,12,8.34,"0.12133",0.12133,0.538854816955684
"GO:0033138","positive regulation of peptidyl-serine phosphorylation",63,12,8.34,"0.12133",0.12133,0.538854816955684
"GO:2000060","positive regulation of ubiquitin-dependent protein catabolic process",63,12,8.34,"0.12133",0.12133,0.538854816955684
"GO:0007584","response to nutrient",76,14,10.05,"0.12303",0.12303,0.545879018286814
"GO:0006351","DNA-templated transcription",1720,243,227.56,"0.12325",0.12325,0.546329326923077
"GO:0031668","cellular response to extracellular stimulus",129,22,17.07,"0.12487",0.12487,0.550844843897824
"GO:0010952","positive regulation of peptidase activity",109,19,14.42,"0.12496",0.12496,0.550844843897824
"GO:1901617","organic hydroxy compound biosynthetic process",109,19,14.42,"0.12496",0.12496,0.550844843897824
"GO:0065009","regulation of molecular function",1149,165,152.01,"0.12544",0.12544,0.550844843897824
"GO:0000423","mitophagy",15,4,1.98,"0.12630",0.1263,0.550844843897824
"GO:0007297","follicle cell of egg chamber migration",15,4,1.98,"0.12630",0.1263,0.550844843897824
"GO:0009164","nucleoside catabolic process",15,4,1.98,"0.12630",0.1263,0.550844843897824
"GO:0015804","neutral amino acid transport",15,4,1.98,"0.12630",0.1263,0.550844843897824
"GO:0021952","central nervous system projection neuron axonogenesis",15,4,1.98,"0.12630",0.1263,0.550844843897824
"GO:0030718","germ-line stem cell population maintenance",15,4,1.98,"0.12630",0.1263,0.550844843897824
"GO:0042745","circadian sleep/wake cycle",15,4,1.98,"0.12630",0.1263,0.550844843897824
"GO:0043616","keratinocyte proliferation",15,4,1.98,"0.12630",0.1263,0.550844843897824
"GO:0048854","brain morphogenesis",15,4,1.98,"0.12630",0.1263,0.550844843897824
"GO:0051150","regulation of smooth muscle cell differentiation",15,4,1.98,"0.12630",0.1263,0.550844843897824
"GO:0051898","negative regulation of phosphatidylinositol 3-kinase/protein kinase B signal transduction",15,4,1.98,"0.12630",0.1263,0.550844843897824
"GO:0071731","response to nitric oxide",15,4,1.98,"0.12630",0.1263,0.550844843897824
"GO:1904646","cellular response to amyloid-beta",15,4,1.98,"0.12630",0.1263,0.550844843897824
"GO:0010171","body morphogenesis",83,15,10.98,"0.12793",0.12793,0.557335505193579
"GO:0061024","membrane organization",400,61,52.92,"0.12803",0.12803,0.557335505193579
"GO:0051051","negative regulation of transport",143,24,18.92,"0.12887",0.12887,0.560238831291235
"GO:0034446","substrate adhesion-dependent cell spreading",51,10,6.75,"0.12894",0.12894,0.560238831291235
"GO:0070482","response to oxygen levels",150,25,19.85,"0.13055",0.13055,0.564361926192619
"GO:0009966","regulation of signal transduction",1466,208,193.95,"0.13083",0.13083,0.564361926192619
"GO:0048675","axon extension",90,16,11.91,"0.13219",0.13219,0.564361926192619
"GO:0071560","cellular response to transforming growth factor beta stimulus",90,16,11.91,"0.13219",0.13219,0.564361926192619
"GO:0002224","toll-like receptor signaling pathway",45,9,5.95,"0.13236",0.13236,0.564361926192619
"GO:0002833","positive regulation of response to biotic stimulus",219,35,28.97,"0.13367",0.13367,0.564361926192619
"GO:0008582","regulation of synaptic assembly at neuromuscular junction",21,5,2.78,"0.13473",0.13473,0.564361926192619
"GO:0009070","serine family amino acid biosynthetic process",21,5,2.78,"0.13473",0.13473,0.564361926192619
"GO:0010803","regulation of tumor necrosis factor-mediated signaling pathway",21,5,2.78,"0.13473",0.13473,0.564361926192619
"GO:0016925","protein sumoylation",21,5,2.78,"0.13473",0.13473,0.564361926192619
"GO:0019835","cytolysis",21,5,2.78,"0.13473",0.13473,0.564361926192619
"GO:0030866","cortical actin cytoskeleton organization",21,5,2.78,"0.13473",0.13473,0.564361926192619
"GO:0071364","cellular response to epidermal growth factor stimulus",21,5,2.78,"0.13473",0.13473,0.564361926192619
"GO:1904396","regulation of neuromuscular junction development",21,5,2.78,"0.13473",0.13473,0.564361926192619
"GO:2001026","regulation of endothelial cell chemotaxis",21,5,2.78,"0.13473",0.13473,0.564361926192619
"GO:0001824","blastocyst development",39,8,5.16,"0.13523",0.13523,0.564361926192619
"GO:0006284","base-excision repair",39,8,5.16,"0.13523",0.13523,0.564361926192619
"GO:0030038","contractile actin filament bundle assembly",39,8,5.16,"0.13523",0.13523,0.564361926192619
"GO:0043149","stress fiber assembly",39,8,5.16,"0.13523",0.13523,0.564361926192619
"GO:0051302","regulation of cell division",97,17,12.83,"0.13591",0.13591,0.564361926192619
"GO:0002228","natural killer cell mediated immunity",10,3,1.32,"0.13600",0.136,0.564361926192619
"GO:0006012","galactose metabolic process",10,3,1.32,"0.13600",0.136,0.564361926192619
"GO:0007306","egg chorion assembly",10,3,1.32,"0.13600",0.136,0.564361926192619
"GO:0008211","glucocorticoid metabolic process",10,3,1.32,"0.13600",0.136,0.564361926192619
"GO:0010543","regulation of platelet activation",10,3,1.32,"0.13600",0.136,0.564361926192619
"GO:0010837","regulation of keratinocyte proliferation",10,3,1.32,"0.13600",0.136,0.564361926192619
"GO:0014072","response to isoquinoline alkaloid",10,3,1.32,"0.13600",0.136,0.564361926192619
"GO:0019344","cysteine biosynthetic process",10,3,1.32,"0.13600",0.136,0.564361926192619
"GO:0022416","chaeta development",10,3,1.32,"0.13600",0.136,0.564361926192619
"GO:0031952","regulation of protein autophosphorylation",10,3,1.32,"0.13600",0.136,0.564361926192619
"GO:0032609","type II interferon production",10,3,1.32,"0.13600",0.136,0.564361926192619
"GO:0035218","leg disc development",10,3,1.32,"0.13600",0.136,0.564361926192619
"GO:0035766","cell chemotaxis to fibroblast growth factor",10,3,1.32,"0.13600",0.136,0.564361926192619
"GO:0035768","endothelial cell chemotaxis to fibroblast growth factor",10,3,1.32,"0.13600",0.136,0.564361926192619
"GO:0042267","natural killer cell mediated cytotoxicity",10,3,1.32,"0.13600",0.136,0.564361926192619
"GO:0043278","response to morphine",10,3,1.32,"0.13600",0.136,0.564361926192619
"GO:0045601","regulation of endothelial cell differentiation",10,3,1.32,"0.13600",0.136,0.564361926192619
"GO:0046477","glycosylceramide catabolic process",10,3,1.32,"0.13600",0.136,0.564361926192619
"GO:0048882","lateral line development",10,3,1.32,"0.13600",0.136,0.564361926192619
"GO:0051043","regulation of membrane protein ectodomain proteolysis",10,3,1.32,"0.13600",0.136,0.564361926192619
"GO:0051131","chaperone-mediated protein complex assembly",10,3,1.32,"0.13600",0.136,0.564361926192619
"GO:0070199","establishment of protein localization to chromosome",10,3,1.32,"0.13600",0.136,0.564361926192619
"GO:0071267","L-methionine salvage",10,3,1.32,"0.13600",0.136,0.564361926192619
"GO:0072236","metanephric loop of Henle development",10,3,1.32,"0.13600",0.136,0.564361926192619
"GO:0098779","positive regulation of mitophagy in response to mitochondrial depolarization",10,3,1.32,"0.13600",0.136,0.564361926192619
"GO:1902036","regulation of hematopoietic stem cell differentiation",10,3,1.32,"0.13600",0.136,0.564361926192619
"GO:1904847","regulation of cell chemotaxis to fibroblast growth factor",10,3,1.32,"0.13600",0.136,0.564361926192619
"GO:2000544","regulation of endothelial cell chemotaxis to fibroblast growth factor",10,3,1.32,"0.13600",0.136,0.564361926192619
"GO:2001044","regulation of integrin-mediated signaling pathway",10,3,1.32,"0.13600",0.136,0.564361926192619
"GO:0032956","regulation of actin cytoskeleton organization",117,20,15.48,"0.13601",0.13601,0.564361926192619
"GO:0045667","regulation of osteoblast differentiation",58,11,7.67,"0.13712",0.13712,0.56512595896521
"GO:0031638","zymogen activation",33,7,4.37,"0.13714",0.13714,0.56512595896521
"GO:0061383","trabecula morphogenesis",33,7,4.37,"0.13714",0.13714,0.56512595896521
"GO:0002088","lens development in camera-type eye",27,6,3.57,"0.13742",0.13742,0.56512595896521
"GO:0008347","glial cell migration",27,6,3.57,"0.13742",0.13742,0.56512595896521
"GO:0009067","aspartate family amino acid biosynthetic process",27,6,3.57,"0.13742",0.13742,0.56512595896521
"GO:0033143","regulation of intracellular steroid hormone receptor signaling pathway",27,6,3.57,"0.13742",0.13742,0.56512595896521
"GO:0034405","response to fluid shear stress",27,6,3.57,"0.13742",0.13742,0.56512595896521
"GO:0048484","enteric nervous system development",27,6,3.57,"0.13742",0.13742,0.56512595896521
"GO:0051145","smooth muscle cell differentiation",27,6,3.57,"0.13742",0.13742,0.56512595896521
"GO:0051092","positive regulation of NF-kappaB transcription factor activity",84,15,11.11,"0.13776",0.13776,0.566019251336898
"GO:0008652","amino acid biosynthetic process",71,13,9.39,"0.13843",0.13843,0.568265627782725
"GO:0009743","response to carbohydrate",104,18,13.76,"0.13917",0.13917,0.570795106761566
"GO:0048584","positive regulation of response to stimulus",1001,144,132.43,"0.13942",0.13942,0.571312177777778
"GO:0031667","response to nutrient levels",220,35,29.11,"0.13973",0.13973,0.572073978685613
"GO:0006959","humoral immune response",52,10,6.88,"0.14183",0.14183,0.579642109929078
"GO:0043200","response to amino acid",52,10,6.88,"0.14183",0.14183,0.579642109929078
"GO:0050770","regulation of axonogenesis",118,20,15.61,"0.14452",0.14452,0.590112666076174
"GO:0071300","cellular response to retinoic acid",46,9,6.09,"0.14639",0.14639,0.59669133510168
"GO:0097306","cellular response to alcohol",46,9,6.09,"0.14639",0.14639,0.59669133510168
"GO:0032103","positive regulation of response to external stimulus",291,45,38.5,"0.14659",0.14659,0.59697871024735
"GO:0060322","head development",426,64,56.36,"0.14893",0.14893,0.604355872193437
"GO:0009205","purine ribonucleoside triphosphate metabolic process",59,11,7.81,"0.14960",0.1496,0.604355872193437
"GO:1900180","regulation of protein localization to nucleus",59,11,7.81,"0.14960",0.1496,0.604355872193437
"GO:0046661","male sex differentiation",72,13,9.53,"0.14968",0.14968,0.604355872193437
"GO:1901890","positive regulation of cell junction assembly",72,13,9.53,"0.14968",0.14968,0.604355872193437
"GO:0007178","transmembrane receptor protein serine/threonine kinase signaling pathway",139,23,18.39,"0.15032",0.15032,0.604355872193437
"GO:0006721","terpenoid metabolic process",40,8,5.29,"0.15061",0.15061,0.604355872193437
"GO:0045665","negative regulation of neuron differentiation",40,8,5.29,"0.15061",0.15061,0.604355872193437
"GO:0001961","positive regulation of cytokine-mediated signaling pathway",16,4,2.12,"0.15169",0.15169,0.604355872193437
"GO:0003176","aortic valve development",16,4,2.12,"0.15169",0.15169,0.604355872193437
"GO:0003177","pulmonary valve development",16,4,2.12,"0.15169",0.15169,0.604355872193437
"GO:0003352","regulation of cilium movement",16,4,2.12,"0.15169",0.15169,0.604355872193437
"GO:0009235","cobalamin metabolic process",16,4,2.12,"0.15169",0.15169,0.604355872193437
"GO:0009713","catechol-containing compound biosynthetic process",16,4,2.12,"0.15169",0.15169,0.604355872193437
"GO:0010863","positive regulation of phospholipase C activity",16,4,2.12,"0.15169",0.15169,0.604355872193437
"GO:0014046","dopamine secretion",16,4,2.12,"0.15169",0.15169,0.604355872193437
"GO:0014059","regulation of dopamine secretion",16,4,2.12,"0.15169",0.15169,0.604355872193437
"GO:0015909","long-chain fatty acid transport",16,4,2.12,"0.15169",0.15169,0.604355872193437
"GO:0019730","antimicrobial humoral response",16,4,2.12,"0.15169",0.15169,0.604355872193437
"GO:0035583","sequestering of TGFbeta in extracellular matrix",16,4,2.12,"0.15169",0.15169,0.604355872193437
"GO:0042423","catecholamine biosynthetic process",16,4,2.12,"0.15169",0.15169,0.604355872193437
"GO:0042572","retinol metabolic process",16,4,2.12,"0.15169",0.15169,0.604355872193437
"GO:0045332","phospholipid translocation",16,4,2.12,"0.15169",0.15169,0.604355872193437
"GO:0045838","positive regulation of membrane potential",16,4,2.12,"0.15169",0.15169,0.604355872193437
"GO:0071694","maintenance of protein location in extracellular region",16,4,2.12,"0.15169",0.15169,0.604355872193437
"GO:0071559","response to transforming growth factor beta",92,16,12.17,"0.15181",0.15181,0.604355872193437
"GO:0140352","export from cell",470,70,62.18,"0.15415",0.15415,0.609220253164557
"GO:0000079","regulation of cyclin-dependent protein serine/threonine kinase activity",34,7,4.5,"0.15417",0.15417,0.609220253164557
"GO:0001745","compound eye morphogenesis",34,7,4.5,"0.15417",0.15417,0.609220253164557
"GO:0015844","monoamine transport",34,7,4.5,"0.15417",0.15417,0.609220253164557
"GO:0016239","positive regulation of macroautophagy",34,7,4.5,"0.15417",0.15417,0.609220253164557
"GO:1902369","negative regulation of RNA catabolic process",34,7,4.5,"0.15417",0.15417,0.609220253164557
"GO:0032774","RNA biosynthetic process",1741,244,230.34,"0.15442",0.15442,0.609220253164557
"GO:0002703","regulation of leukocyte mediated immunity",79,14,10.45,"0.15453",0.15453,0.609220253164557
"GO:0032940","secretion by cell",463,69,61.26,"0.15485",0.15485,0.609220253164557
"GO:0030278","regulation of ossification",53,10,7.01,"0.15535",0.15535,0.609220253164557
"GO:0046683","response to organophosphorus",53,10,7.01,"0.15535",0.15535,0.609220253164557
"GO:0048706","embryonic skeletal system development",53,10,7.01,"0.15535",0.15535,0.609220253164557
"GO:1903034","regulation of response to wounding",53,10,7.01,"0.15535",0.15535,0.609220253164557
"GO:0019827","stem cell population maintenance",66,12,8.73,"0.15603",0.15603,0.609220253164557
"GO:0098727","maintenance of cell number",66,12,8.73,"0.15603",0.15603,0.609220253164557
"GO:0006027","glycosaminoglycan catabolic process",22,5,2.91,"0.15646",0.15646,0.609220253164557
"GO:0006577","amino-acid betaine metabolic process",22,5,2.91,"0.15646",0.15646,0.609220253164557
"GO:0022600","digestive system process",22,5,2.91,"0.15646",0.15646,0.609220253164557
"GO:0038202","TORC1 signaling",22,5,2.91,"0.15646",0.15646,0.609220253164557
"GO:0042051","compound eye photoreceptor development",22,5,2.91,"0.15646",0.15646,0.609220253164557
"GO:0046888","negative regulation of hormone secretion",22,5,2.91,"0.15646",0.15646,0.609220253164557
"GO:0042306","regulation of protein import into nucleus",28,6,3.7,"0.15649",0.15649,0.609220253164557
"GO:0044743","protein transmembrane import into intracellular organelle",28,6,3.7,"0.15649",0.15649,0.609220253164557
"GO:0045814","negative regulation of gene expression, epigenetic",28,6,3.7,"0.15649",0.15649,0.609220253164557
"GO:0070192","chromosome organization involved in meiotic cell cycle",28,6,3.7,"0.15649",0.15649,0.609220253164557
"GO:0097479","synaptic vesicle localization",28,6,3.7,"0.15649",0.15649,0.609220253164557
"GO:0065007","biological regulation",5918,801,782.96,"0.15660",0.1566,0.609220253164557
"GO:1901362","organic cyclic compound biosynthetic process",2143,298,283.52,"0.15939",0.15939,0.619551349072513
"GO:0045165","cell fate commitment",147,24,19.45,"0.15992",0.15992,0.621087784330244
"GO:0035282","segmentation",73,13,9.66,"0.16140",0.1614,0.626308080808081
"GO:0043588","skin development",93,16,12.3,"0.16218",0.16218,0.628805550883095
"GO:0010811","positive regulation of cell-substrate adhesion",60,11,7.94,"0.16264",0.16264,0.630059159663866
"GO:0050890","cognition",127,21,16.8,"0.16425",0.16425,0.635761964735516
"GO:0015850","organic hydroxy compound transport",100,17,13.23,"0.16518",0.16518,0.63882533557047
"GO:0009791","post-embryonic development",134,22,17.73,"0.16581",0.16581,0.639401718494272
"GO:0016052","carbohydrate catabolic process",80,14,10.58,"0.16590",0.1659,0.639401718494272
"GO:0030326","embryonic limb morphogenesis",80,14,10.58,"0.16590",0.1659,0.639401718494272
"GO:0032309","icosanoid secretion",41,8,5.42,"0.16680",0.1668,0.639401718494272
"GO:0048704","embryonic skeletal system morphogenesis",41,8,5.42,"0.16680",0.1668,0.639401718494272
"GO:0070167","regulation of biomineral tissue development",41,8,5.42,"0.16680",0.1668,0.639401718494272
"GO:0071229","cellular response to acid chemical",41,8,5.42,"0.16680",0.1668,0.639401718494272
"GO:0071715","icosanoid transport",41,8,5.42,"0.16680",0.1668,0.639401718494272
"GO:0006740","NADPH regeneration",11,3,1.46,"0.16949",0.16949,0.639401718494272
"GO:0007298","border follicle cell migration",11,3,1.46,"0.16949",0.16949,0.639401718494272
"GO:0010002","cardioblast differentiation",11,3,1.46,"0.16949",0.16949,0.639401718494272
"GO:0021781","glial cell fate commitment",11,3,1.46,"0.16949",0.16949,0.639401718494272
"GO:0030878","thyroid gland development",11,3,1.46,"0.16949",0.16949,0.639401718494272
"GO:0032303","regulation of icosanoid secretion",11,3,1.46,"0.16949",0.16949,0.639401718494272
"GO:0033617","mitochondrial cytochrome c oxidase assembly",11,3,1.46,"0.16949",0.16949,0.639401718494272
"GO:0034776","response to histamine",11,3,1.46,"0.16949",0.16949,0.639401718494272
"GO:0043102","amino acid salvage",11,3,1.46,"0.16949",0.16949,0.639401718494272
"GO:0045745","positive regulation of G protein-coupled receptor signaling pathway",11,3,1.46,"0.16949",0.16949,0.639401718494272
"GO:0050482","arachidonic acid secretion",11,3,1.46,"0.16949",0.16949,0.639401718494272
"GO:0060333","type II interferon-mediated signaling pathway",11,3,1.46,"0.16949",0.16949,0.639401718494272
"GO:0070527","platelet aggregation",11,3,1.46,"0.16949",0.16949,0.639401718494272
"GO:0071420","cellular response to histamine",11,3,1.46,"0.16949",0.16949,0.639401718494272
"GO:0072070","loop of Henle development",11,3,1.46,"0.16949",0.16949,0.639401718494272
"GO:0120255","olefinic compound biosynthetic process",11,3,1.46,"0.16949",0.16949,0.639401718494272
"GO:1900746","regulation of vascular endothelial growth factor signaling pathway",11,3,1.46,"0.16949",0.16949,0.639401718494272
"GO:1902547","regulation of cellular response to vascular endothelial growth factor stimulus",11,3,1.46,"0.16949",0.16949,0.639401718494272
"GO:1903401","L-lysine transmembrane transport",11,3,1.46,"0.16949",0.16949,0.639401718494272
"GO:1903963","arachidonate transport",11,3,1.46,"0.16949",0.16949,0.639401718494272
"GO:2000191","regulation of fatty acid transport",11,3,1.46,"0.16949",0.16949,0.639401718494272
"GO:0002700","regulation of production of molecular mediator of immune response",54,10,7.14,"0.16949",0.16949,0.639401718494272
"GO:0071702","organic substance transport",1511,212,199.91,"0.17086",0.17086,0.644043008994276
"GO:0021915","neural tube development",176,28,23.29,"0.17127",0.17127,0.644538317757009
"GO:0007416","synapse assembly",121,20,16.01,"0.17183",0.17183,0.644538317757009
"GO:0062013","positive regulation of small molecule metabolic process",35,7,4.63,"0.17212",0.17212,0.644538317757009
"GO:0051493","regulation of cytoskeleton organization",204,32,26.99,"0.17244",0.17244,0.644538317757009
"GO:0071322","cellular response to carbohydrate stimulus",74,13,9.79,"0.17357",0.17357,0.644538317757009
"GO:0038061","non-canonical NF-kappaB signal transduction",135,22,17.86,"0.17478",0.17478,0.644538317757009
"GO:0048511","rhythmic process",135,22,17.86,"0.17478",0.17478,0.644538317757009
"GO:0019318","hexose metabolic process",101,17,13.36,"0.17562",0.17562,0.644538317757009
"GO:0043542","endothelial cell migration",101,17,13.36,"0.17562",0.17562,0.644538317757009
"GO:0060249","anatomical structure homeostasis",142,23,18.79,"0.17593",0.17593,0.644538317757009
"GO:0014074","response to purine-containing compound",61,11,8.07,"0.17623",0.17623,0.644538317757009
"GO:0071222","cellular response to lipopolysaccharide",61,11,8.07,"0.17623",0.17623,0.644538317757009
"GO:0010646","regulation of cell communication",1646,230,217.77,"0.17645",0.17645,0.644538317757009
"GO:0009066","aspartate family amino acid metabolic process",48,9,6.35,"0.17655",0.17655,0.644538317757009
"GO:0048483","autonomic nervous system development",48,9,6.35,"0.17655",0.17655,0.644538317757009
"GO:0070206","protein trimerization",48,9,6.35,"0.17655",0.17655,0.644538317757009
"GO:0007566","embryo implantation",29,6,3.84,"0.17665",0.17665,0.644538317757009
"GO:0016137","glycoside metabolic process",29,6,3.84,"0.17665",0.17665,0.644538317757009
"GO:0045880","positive regulation of smoothened signaling pathway",29,6,3.84,"0.17665",0.17665,0.644538317757009
"GO:0046189","phenol-containing compound biosynthetic process",29,6,3.84,"0.17665",0.17665,0.644538317757009
"GO:0072224","metanephric glomerulus development",29,6,3.84,"0.17665",0.17665,0.644538317757009
"GO:1902041","regulation of extrinsic apoptotic signaling pathway via death domain receptors",29,6,3.84,"0.17665",0.17665,0.644538317757009
"GO:0031329","regulation of cellular catabolic process",275,42,36.38,"0.17716",0.17716,0.644538317757009
"GO:0009308","amine metabolic process",81,14,10.72,"0.17769",0.17769,0.644538317757009
"GO:0045216","cell-cell junction organization",81,14,10.72,"0.17769",0.17769,0.644538317757009
"GO:0000132","establishment of mitotic spindle orientation",17,4,2.25,"0.17881",0.17881,0.644538317757009
"GO:0001825","blastocyst formation",17,4,2.25,"0.17881",0.17881,0.644538317757009
"GO:0006206","pyrimidine nucleobase metabolic process",17,4,2.25,"0.17881",0.17881,0.644538317757009
"GO:0019374","galactolipid metabolic process",17,4,2.25,"0.17881",0.17881,0.644538317757009
"GO:0034204","lipid translocation",17,4,2.25,"0.17881",0.17881,0.644538317757009
"GO:0034390","smooth muscle cell apoptotic process",17,4,2.25,"0.17881",0.17881,0.644538317757009
"GO:0034391","regulation of smooth muscle cell apoptotic process",17,4,2.25,"0.17881",0.17881,0.644538317757009
"GO:0035581","sequestering of extracellular ligand from receptor",17,4,2.25,"0.17881",0.17881,0.644538317757009
"GO:0045124","regulation of bone resorption",17,4,2.25,"0.17881",0.17881,0.644538317757009
"GO:0048525","negative regulation of viral process",17,4,2.25,"0.17881",0.17881,0.644538317757009
"GO:0060561","apoptotic process involved in morphogenesis",17,4,2.25,"0.17881",0.17881,0.644538317757009
"GO:0061035","regulation of cartilage development",17,4,2.25,"0.17881",0.17881,0.644538317757009
"GO:0097035","regulation of membrane lipid distribution",17,4,2.25,"0.17881",0.17881,0.644538317757009
"GO:1900115","extracellular regulation of signal transduction",17,4,2.25,"0.17881",0.17881,0.644538317757009
"GO:1900116","extracellular negative regulation of signal transduction",17,4,2.25,"0.17881",0.17881,0.644538317757009
"GO:1900274","regulation of phospholipase C activity",17,4,2.25,"0.17881",0.17881,0.644538317757009
"GO:1901532","regulation of hematopoietic progenitor cell differentiation",17,4,2.25,"0.17881",0.17881,0.644538317757009
"GO:1902042","negative regulation of extrinsic apoptotic signaling pathway via death domain receptors",17,4,2.25,"0.17881",0.17881,0.644538317757009
"GO:1903146","regulation of autophagy of mitochondrion",17,4,2.25,"0.17881",0.17881,0.644538317757009
"GO:1904705","regulation of vascular associated smooth muscle cell proliferation",17,4,2.25,"0.17881",0.17881,0.644538317757009
"GO:1990874","vascular associated smooth muscle cell proliferation",17,4,2.25,"0.17881",0.17881,0.644538317757009
"GO:0023061","signal release",233,36,30.83,"0.17931",0.17931,0.644538317757009
"GO:0030900","forebrain development",233,36,30.83,"0.17931",0.17931,0.644538317757009
"GO:0000266","mitochondrial fission",23,5,3.04,"0.17952",0.17952,0.644538317757009
"GO:0001836","release of cytochrome c from mitochondria",23,5,3.04,"0.17952",0.17952,0.644538317757009
"GO:0006555","methionine metabolic process",23,5,3.04,"0.17952",0.17952,0.644538317757009
"GO:0006695","cholesterol biosynthetic process",23,5,3.04,"0.17952",0.17952,0.644538317757009
"GO:0015872","dopamine transport",23,5,3.04,"0.17952",0.17952,0.644538317757009
"GO:0044273","sulfur compound catabolic process",23,5,3.04,"0.17952",0.17952,0.644538317757009
"GO:0045879","negative regulation of smoothened signaling pathway",23,5,3.04,"0.17952",0.17952,0.644538317757009
"GO:0050830","defense response to Gram-positive bacterium",23,5,3.04,"0.17952",0.17952,0.644538317757009
"GO:0070849","response to epidermal growth factor",23,5,3.04,"0.17952",0.17952,0.644538317757009
"GO:0071353","cellular response to interleukin-4",23,5,3.04,"0.17952",0.17952,0.644538317757009
"GO:1902373","negative regulation of mRNA catabolic process",23,5,3.04,"0.17952",0.17952,0.644538317757009
"GO:1902653","secondary alcohol biosynthetic process",23,5,3.04,"0.17952",0.17952,0.644538317757009
"GO:1905330","regulation of morphogenesis of an epithelium",23,5,3.04,"0.17952",0.17952,0.644538317757009
"GO:0010586","miRNA metabolic process",88,15,11.64,"0.18112",0.18112,0.648767055167055
"GO:0032872","regulation of stress-activated MAPK cascade",88,15,11.64,"0.18112",0.18112,0.648767055167055
"GO:0070302","regulation of stress-activated protein kinase signaling cascade",88,15,11.64,"0.18112",0.18112,0.648767055167055
"GO:0019222","regulation of metabolic process",3010,413,398.23,"0.18226",0.18226,0.652343633540373
"GO:0051047","positive regulation of secretion",129,21,17.07,"0.18287",0.18287,0.654019162141195
"GO:0002367","cytokine production involved in immune response",42,8,5.56,"0.18375",0.18375,0.65427904468413
"GO:0043271","negative regulation of monoatomic ion transport",42,8,5.56,"0.18375",0.18375,0.65427904468413
"GO:0045727","positive regulation of translation",42,8,5.56,"0.18375",0.18375,0.65427904468413
"GO:0110020","regulation of actomyosin structure organization",42,8,5.56,"0.18375",0.18375,0.65427904468413
"GO:1902117","positive regulation of organelle assembly",42,8,5.56,"0.18375",0.18375,0.65427904468413
"GO:1901698","response to nitrogen compound",534,78,70.65,"0.18387",0.18387,0.65427904468413
"GO:0048588","developmental cell growth",136,22,17.99,"0.18401",0.18401,0.65427904468413
"GO:0006796","phosphate-containing compound metabolic process",1368,192,180.99,"0.18409",0.18409,0.65427904468413
"GO:0007606","sensory perception of chemical stimulus",55,10,7.28,"0.18422",0.18422,0.65427904468413
"GO:0031323","regulation of cellular metabolic process",2750,378,363.83,"0.18570",0.1857,0.659027713625866
"GO:0000003","reproduction",694,100,91.82,"0.18597",0.18597,0.659478230769231
"GO:0010558","negative regulation of macromolecule biosynthetic process",957,136,126.61,"0.18650",0.1865,0.660849346656418
"GO:0042742","defense response to bacterium",109,18,14.42,"0.18840",0.1884,0.666557175748273
"GO:1990138","neuron projection extension",109,18,14.42,"0.18840",0.1884,0.666557175748273
"GO:0060173","limb development",116,19,15.35,"0.19007",0.19007,0.670328408225438
"GO:0014032","neural crest cell development",62,11,8.2,"0.19033",0.19033,0.670328408225438
"GO:0035270","endocrine system development",62,11,8.2,"0.19033",0.19033,0.670328408225438
"GO:0001756","somitogenesis",36,7,4.76,"0.19092",0.19092,0.670328408225438
"GO:0010043","response to zinc ion",36,7,4.76,"0.19092",0.19092,0.670328408225438
"GO:0043525","positive regulation of neuron apoptotic process",36,7,4.76,"0.19092",0.19092,0.670328408225438
"GO:0045494","photoreceptor cell maintenance",36,7,4.76,"0.19092",0.19092,0.670328408225438
"GO:0046330","positive regulation of JNK cascade",36,7,4.76,"0.19092",0.19092,0.670328408225438
"GO:0048749","compound eye development",36,7,4.76,"0.19092",0.19092,0.670328408225438
"GO:0051591","response to cAMP",36,7,4.76,"0.19092",0.19092,0.670328408225438
"GO:0007417","central nervous system development",550,80,72.77,"0.19112",0.19112,0.670519939117199
"GO:0050877","nervous system process",485,71,64.17,"0.19141",0.19141,0.671026692015209
"GO:0045088","regulation of innate immune response",235,36,31.09,"0.19359",0.19359,0.678153419452888
"GO:0008285","negative regulation of cell population proliferation",428,63,56.63,"0.19489",0.19489,0.680547516198704
"GO:0045786","negative regulation of cell cycle",200,31,26.46,"0.19536",0.19536,0.680547516198704
"GO:0000724","double-strand break repair via homologous recombination",96,16,12.7,"0.19542",0.19542,0.680547516198704
"GO:0006091","generation of precursor metabolites and energy",165,26,21.83,"0.19545",0.19545,0.680547516198704
"GO:0010876","lipid localization",193,30,25.53,"0.19554",0.19554,0.680547516198704
"GO:0033554","cellular response to stress",1136,160,150.29,"0.19621",0.19621,0.680547516198704
"GO:0043487","regulation of RNA stability",103,17,13.63,"0.19748",0.19748,0.680547516198704
"GO:0140013","meiotic nuclear division",103,17,13.63,"0.19748",0.19748,0.680547516198704
"GO:0000097","sulfur amino acid biosynthetic process",30,6,3.97,"0.19779",0.19779,0.680547516198704
"GO:0007552","metamorphosis",30,6,3.97,"0.19779",0.19779,0.680547516198704
"GO:0009620","response to fungus",30,6,3.97,"0.19779",0.19779,0.680547516198704
"GO:0032024","positive regulation of insulin secretion",30,6,3.97,"0.19779",0.19779,0.680547516198704
"GO:0032368","regulation of lipid transport",30,6,3.97,"0.19779",0.19779,0.680547516198704
"GO:0070169","positive regulation of biomineral tissue development",30,6,3.97,"0.19779",0.19779,0.680547516198704
"GO:0008584","male gonad development",56,10,7.41,"0.19951",0.19951,0.680547516198704
"GO:0060840","artery development",56,10,7.41,"0.19951",0.19951,0.680547516198704
"GO:0009967","positive regulation of signal transduction",661,95,87.45,"0.20063",0.20063,0.680547516198704
"GO:0006900","vesicle budding from membrane",43,8,5.69,"0.20139",0.20139,0.680547516198704
"GO:0007062","sister chromatid cohesion",43,8,5.69,"0.20139",0.20139,0.680547516198704
"GO:0030216","keratinocyte differentiation",43,8,5.69,"0.20139",0.20139,0.680547516198704
"GO:0060976","coronary vasculature development",43,8,5.69,"0.20139",0.20139,0.680547516198704
"GO:1990845","adaptive thermogenesis",43,8,5.69,"0.20139",0.20139,0.680547516198704
"GO:0019216","regulation of lipid metabolic process",124,20,16.41,"0.20165",0.20165,0.680547516198704
"GO:0050920","regulation of chemotaxis",83,14,10.98,"0.20244",0.20244,0.680547516198704
"GO:0007143","female meiotic nuclear division",24,5,3.18,"0.20374",0.20374,0.680547516198704
"GO:0033141","positive regulation of peptidyl-serine phosphorylation of STAT protein",24,5,3.18,"0.20374",0.20374,0.680547516198704
"GO:0035306","positive regulation of dephosphorylation",24,5,3.18,"0.20374",0.20374,0.680547516198704
"GO:0035799","ureter maturation",24,5,3.18,"0.20374",0.20374,0.680547516198704
"GO:0045143","homologous chromosome segregation",24,5,3.18,"0.20374",0.20374,0.680547516198704
"GO:0046850","regulation of bone remodeling",24,5,3.18,"0.20374",0.20374,0.680547516198704
"GO:0060350","endochondral bone morphogenesis",24,5,3.18,"0.20374",0.20374,0.680547516198704
"GO:0072215","regulation of metanephros development",24,5,3.18,"0.20374",0.20374,0.680547516198704
"GO:0072216","positive regulation of metanephros development",24,5,3.18,"0.20374",0.20374,0.680547516198704
"GO:0072298","regulation of metanephric glomerulus development",24,5,3.18,"0.20374",0.20374,0.680547516198704
"GO:0072300","positive regulation of metanephric glomerulus development",24,5,3.18,"0.20374",0.20374,0.680547516198704
"GO:0090192","regulation of glomerulus development",24,5,3.18,"0.20374",0.20374,0.680547516198704
"GO:0090193","positive regulation of glomerulus development",24,5,3.18,"0.20374",0.20374,0.680547516198704
"GO:0090305","nucleic acid phosphodiester bond hydrolysis",24,5,3.18,"0.20374",0.20374,0.680547516198704
"GO:1901998","toxin transport",24,5,3.18,"0.20374",0.20374,0.680547516198704
"GO:2001241","positive regulation of extrinsic apoptotic signaling pathway in absence of ligand",24,5,3.18,"0.20374",0.20374,0.680547516198704
"GO:0003007","heart morphogenesis",180,28,23.81,"0.20419",0.20419,0.680547516198704
"GO:0030111","regulation of Wnt signaling pathway",173,27,22.89,"0.20430",0.2043,0.680547516198704
"GO:0010243","response to organonitrogen compound",502,73,66.42,"0.20439",0.20439,0.680547516198704
"GO:0009144","purine nucleoside triphosphate metabolic process",63,11,8.34,"0.20493",0.20493,0.680547516198704
"GO:0003338","metanephros morphogenesis",12,3,1.59,"0.20501",0.20501,0.680547516198704
"GO:0006692","prostanoid metabolic process",12,3,1.59,"0.20501",0.20501,0.680547516198704
"GO:0006693","prostaglandin metabolic process",12,3,1.59,"0.20501",0.20501,0.680547516198704
"GO:0007028","cytoplasm organization",12,3,1.59,"0.20501",0.20501,0.680547516198704
"GO:0007205","protein kinase C-activating G protein-coupled receptor signaling pathway",12,3,1.59,"0.20501",0.20501,0.680547516198704
"GO:0008298","intracellular mRNA localization",12,3,1.59,"0.20501",0.20501,0.680547516198704
"GO:0010225","response to UV-C",12,3,1.59,"0.20501",0.20501,0.680547516198704
"GO:0018195","peptidyl-arginine modification",12,3,1.59,"0.20501",0.20501,0.680547516198704
"GO:0022010","central nervous system myelination",12,3,1.59,"0.20501",0.20501,0.680547516198704
"GO:0030150","protein import into mitochondrial matrix",12,3,1.59,"0.20501",0.20501,0.680547516198704
"GO:0030913","paranodal junction assembly",12,3,1.59,"0.20501",0.20501,0.680547516198704
"GO:0032291","axon ensheathment in central nervous system",12,3,1.59,"0.20501",0.20501,0.680547516198704
"GO:0035172","hemocyte proliferation",12,3,1.59,"0.20501",0.20501,0.680547516198704
"GO:0038084","vascular endothelial growth factor signaling pathway",12,3,1.59,"0.20501",0.20501,0.680547516198704
"GO:0044179","hemolysis in another organism",12,3,1.59,"0.20501",0.20501,0.680547516198704
"GO:0045071","negative regulation of viral genome replication",12,3,1.59,"0.20501",0.20501,0.680547516198704
"GO:0045736","negative regulation of cyclin-dependent protein serine/threonine kinase activity",12,3,1.59,"0.20501",0.20501,0.680547516198704
"GO:0046835","carbohydrate phosphorylation",12,3,1.59,"0.20501",0.20501,0.680547516198704
"GO:0048925","lateral line system development",12,3,1.59,"0.20501",0.20501,0.680547516198704
"GO:0050923","regulation of negative chemotaxis",12,3,1.59,"0.20501",0.20501,0.680547516198704
"GO:0051715","cytolysis in another organism",12,3,1.59,"0.20501",0.20501,0.680547516198704
"GO:0055093","response to hyperoxia",12,3,1.59,"0.20501",0.20501,0.680547516198704
"GO:0060211","regulation of nuclear-transcribed mRNA poly(A) tail shortening",12,3,1.59,"0.20501",0.20501,0.680547516198704
"GO:0060213","positive regulation of nuclear-transcribed mRNA poly(A) tail shortening",12,3,1.59,"0.20501",0.20501,0.680547516198704
"GO:0097345","mitochondrial outer membrane permeabilization",12,3,1.59,"0.20501",0.20501,0.680547516198704
"GO:1904030","negative regulation of cyclin-dependent protein kinase activity",12,3,1.59,"0.20501",0.20501,0.680547516198704
"GO:1904923","regulation of autophagy of mitochondrion in response to mitochondrial depolarization",12,3,1.59,"0.20501",0.20501,0.680547516198704
"GO:1904925","positive regulation of autophagy of mitochondrion in response to mitochondrial depolarization",12,3,1.59,"0.20501",0.20501,0.680547516198704
"GO:0006814","sodium ion transport",90,15,11.91,"0.20505",0.20505,0.680547516198704
"GO:0000725","recombinational repair",97,16,12.83,"0.20717",0.20717,0.680960042735043
"GO:0006458","'de novo' protein folding",18,4,2.38,"0.20739",0.20739,0.680960042735043
"GO:0007635","chemosensory behavior",18,4,2.38,"0.20739",0.20739,0.680960042735043
"GO:0008156","negative regulation of DNA replication",18,4,2.38,"0.20739",0.20739,0.680960042735043
"GO:0014910","regulation of smooth muscle cell migration",18,4,2.38,"0.20739",0.20739,0.680960042735043
"GO:0034260","negative regulation of GTPase activity",18,4,2.38,"0.20739",0.20739,0.680960042735043
"GO:0042439","ethanolamine-containing compound metabolic process",18,4,2.38,"0.20739",0.20739,0.680960042735043
"GO:0060425","lung morphogenesis",18,4,2.38,"0.20739",0.20739,0.680960042735043
"GO:0060760","positive regulation of response to cytokine stimulus",18,4,2.38,"0.20739",0.20739,0.680960042735043
"GO:0061045","negative regulation of wound healing",18,4,2.38,"0.20739",0.20739,0.680960042735043
"GO:0070664","negative regulation of leukocyte proliferation",18,4,2.38,"0.20739",0.20739,0.680960042735043
"GO:0071542","dopaminergic neuron differentiation",18,4,2.38,"0.20739",0.20739,0.680960042735043
"GO:0140888","interferon-mediated signaling pathway",18,4,2.38,"0.20739",0.20739,0.680960042735043
"GO:1902175","regulation of oxidative stress-induced intrinsic apoptotic signaling pathway",18,4,2.38,"0.20739",0.20739,0.680960042735043
"GO:1905314","semi-lunar valve development",18,4,2.38,"0.20739",0.20739,0.680960042735043
"GO:1902531","regulation of intracellular signal transduction",875,124,115.76,"0.20915",0.20915,0.684727324343506
"GO:0006576","biogenic amine metabolic process",70,12,9.26,"0.20922",0.20922,0.684727324343506
"GO:0042098","T cell proliferation",70,12,9.26,"0.20922",0.20922,0.684727324343506
"GO:0048265","response to pain",50,9,6.62,"0.20928",0.20928,0.684727324343506
"GO:0051965","positive regulation of synapse assembly",50,9,6.62,"0.20928",0.20928,0.684727324343506
"GO:0048545","response to steroid hormone",111,18,14.69,"0.21023",0.21023,0.686769285208776
"GO:0050919","negative chemotaxis",37,7,4.9,"0.21050",0.2105,0.686769285208776
"GO:0090329","regulation of DNA-templated DNA replication",37,7,4.9,"0.21050",0.2105,0.686769285208776
"GO:2001239","regulation of extrinsic apoptotic signaling pathway in absence of ligand",37,7,4.9,"0.21050",0.2105,0.686769285208776
"GO:0006887","exocytosis",280,42,37.04,"0.21066",0.21066,0.686805233380481
"GO:0007548","sex differentiation",125,20,16.54,"0.21211",0.21211,0.690138396624473
"GO:0032970","regulation of actin filament-based process",125,20,16.54,"0.21211",0.21211,0.690138396624473
"GO:0007179","transforming growth factor beta receptor signaling pathway",77,13,10.19,"0.21265",0.21265,0.690138396624473
"GO:0030336","negative regulation of cell migration",77,13,10.19,"0.21265",0.21265,0.690138396624473
"GO:0032434","regulation of proteasomal ubiquitin-dependent protein catabolic process",77,13,10.19,"0.21265",0.21265,0.690138396624473
"GO:0033135","regulation of peptidyl-serine phosphorylation",77,13,10.19,"0.21265",0.21265,0.690138396624473
"GO:0010563","negative regulation of phosphorus metabolic process",181,28,23.95,"0.21288",0.21288,0.690138396624473
"GO:0045936","negative regulation of phosphate metabolic process",181,28,23.95,"0.21288",0.21288,0.690138396624473
"GO:0006869","lipid transport",174,27,23.02,"0.21317",0.21317,0.690592902319044
"GO:0048608","reproductive structure development",146,23,19.32,"0.21338",0.21338,0.690787780898876
"GO:0009890","negative regulation of biosynthetic process",979,138,129.52,"0.21381",0.21381,0.691694105263158
"GO:0031327","negative regulation of cellular biosynthetic process",972,137,128.6,"0.21518",0.21518,0.694111258741259
"GO:0032944","regulation of mononuclear cell proliferation",57,10,7.54,"0.21531",0.21531,0.694111258741259
"GO:0046546","development of primary male sexual characteristics",57,10,7.54,"0.21531",0.21531,0.694111258741259
"GO:0050670","regulation of lymphocyte proliferation",57,10,7.54,"0.21531",0.21531,0.694111258741259
"GO:0050852","T cell receptor signaling pathway",57,10,7.54,"0.21531",0.21531,0.694111258741259
"GO:0003002","regionalization",324,48,42.87,"0.21784",0.21784,0.701640712290503
"GO:0031344","regulation of cell projection organization",396,58,52.39,"0.21795",0.21795,0.701640712290503
"GO:0010468","regulation of gene expression",2174,299,287.62,"0.21958",0.21958,0.705134307585247
"GO:1905952","regulation of lipid localization",44,8,5.82,"0.21969",0.21969,0.705134307585247
"GO:0048066","developmental pigmentation",31,6,4.1,"0.21980",0.2198,0.705134307585247
"GO:0051180","vitamin transport",31,6,4.1,"0.21980",0.2198,0.705134307585247
"GO:0072189","ureter development",31,6,4.1,"0.21980",0.2198,0.705134307585247
"GO:1902115","regulation of organelle assembly",105,17,13.89,"0.22057",0.22057,0.707112447844228
"GO:0080134","regulation of response to stress",607,87,80.31,"0.22079",0.22079,0.707325851285615
"GO:0042593","glucose homeostasis",112,18,14.82,"0.22157",0.22157,0.709331736111111
"GO:0051046","regulation of secretion",253,38,33.47,"0.22188",0.22188,0.709831228313671
"GO:0001894","tissue homeostasis",140,22,18.52,"0.22329",0.22329,0.713383922383922
"GO:0061458","reproductive system development",147,23,19.45,"0.22330",0.2233,0.713383922383922
"GO:0007420","brain development",397,58,52.52,"0.22401",0.22401,0.715156578947368
"GO:0120035","regulation of plasma membrane bounded cell projection organization",390,57,51.6,"0.22539",0.22539,0.718758298755187
"GO:0022414","reproductive process",681,97,90.1,"0.22545",0.22545,0.718758298755187
"GO:0002831","regulation of response to biotic stimulus",275,41,36.38,"0.22607",0.22607,0.719585733976568
"GO:0014033","neural crest cell differentiation",78,13,10.32,"0.22646",0.22646,0.719585733976568
"GO:0006970","response to osmotic stress",51,9,6.75,"0.22649",0.22649,0.719585733976568
"GO:0070555","response to interleukin-1",51,9,6.75,"0.22649",0.22649,0.719585733976568
"GO:2001243","negative regulation of intrinsic apoptotic signaling pathway",51,9,6.75,"0.22649",0.22649,0.719585733976568
"GO:0007267","cell-cell signaling",784,111,103.72,"0.22750",0.2275,0.720973770491803
"GO:0001655","urogenital system development",25,5,3.31,"0.22896",0.22896,0.720973770491803
"GO:0010464","regulation of mesenchymal cell proliferation",25,5,3.31,"0.22896",0.22896,0.720973770491803
"GO:0019369","arachidonic acid metabolic process",25,5,3.31,"0.22896",0.22896,0.720973770491803
"GO:0032007","negative regulation of TOR signaling",25,5,3.31,"0.22896",0.22896,0.720973770491803
"GO:0035860","glial cell-derived neurotrophic factor receptor signaling pathway",25,5,3.31,"0.22896",0.22896,0.720973770491803
"GO:0042632","cholesterol homeostasis",25,5,3.31,"0.22896",0.22896,0.720973770491803
"GO:0043489","RNA stabilization",25,5,3.31,"0.22896",0.22896,0.720973770491803
"GO:0051702","biological process involved in interaction with symbiont",25,5,3.31,"0.22896",0.22896,0.720973770491803
"GO:0060219","camera-type eye photoreceptor cell differentiation",25,5,3.31,"0.22896",0.22896,0.720973770491803
"GO:0061146","Peyer's patch morphogenesis",25,5,3.31,"0.22896",0.22896,0.720973770491803
"GO:0071260","cellular response to mechanical stimulus",25,5,3.31,"0.22896",0.22896,0.720973770491803
"GO:2000736","regulation of stem cell differentiation",25,5,3.31,"0.22896",0.22896,0.720973770491803
"GO:0010631","epithelial cell migration",197,30,26.06,"0.22928",0.22928,0.720996452933151
"GO:0090132","epithelium migration",197,30,26.06,"0.22928",0.22928,0.720996452933151
"GO:0010556","regulation of macromolecule biosynthetic process",2230,306,295.03,"0.23030",0.2303,0.722755298913044
"GO:0071216","cellular response to biotic stimulus",92,15,12.17,"0.23034",0.23034,0.722755298913044
"GO:0010657","muscle cell apoptotic process",38,7,5.03,"0.23078",0.23078,0.722755298913044
"GO:0010660","regulation of muscle cell apoptotic process",38,7,5.03,"0.23078",0.23078,0.722755298913044
"GO:0072210","metanephric nephron development",38,7,5.03,"0.23078",0.23078,0.722755298913044
"GO:0097529","myeloid leukocyte migration",38,7,5.03,"0.23078",0.23078,0.722755298913044
"GO:0048639","positive regulation of developmental growth",99,16,13.1,"0.23161",0.23161,0.724862253903598
"GO:0006986","response to unfolded protein",106,17,14.02,"0.23254",0.23254,0.727279104477612
"GO:0033500","carbohydrate homeostasis",113,18,14.95,"0.23317",0.23317,0.728755050847458
"GO:1901136","carbohydrate derivative catabolic process",120,19,15.88,"0.23357",0.23357,0.729510636856369
"GO:0006793","phosphorus metabolic process",1391,193,184.03,"0.23505",0.23505,0.732258204956464
"GO:0009954","proximal/distal pattern formation",19,4,2.51,"0.23715",0.23715,0.732258204956464
"GO:0015936","coenzyme A metabolic process",19,4,2.51,"0.23715",0.23715,0.732258204956464
"GO:0021955","central nervous system neuron axonogenesis",19,4,2.51,"0.23715",0.23715,0.732258204956464
"GO:0031407","oxylipin metabolic process",19,4,2.51,"0.23715",0.23715,0.732258204956464
"GO:0031408","oxylipin biosynthetic process",19,4,2.51,"0.23715",0.23715,0.732258204956464
"GO:0033344","cholesterol efflux",19,4,2.51,"0.23715",0.23715,0.732258204956464
"GO:0034311","diol metabolic process",19,4,2.51,"0.23715",0.23715,0.732258204956464
"GO:0034656","nucleobase-containing small molecule catabolic process",19,4,2.51,"0.23715",0.23715,0.732258204956464
"GO:0042310","vasoconstriction",19,4,2.51,"0.23715",0.23715,0.732258204956464
"GO:0043605","amide catabolic process",19,4,2.51,"0.23715",0.23715,0.732258204956464
"GO:0048668","collateral sprouting",19,4,2.51,"0.23715",0.23715,0.732258204956464
"GO:0050909","sensory perception of taste",19,4,2.51,"0.23715",0.23715,0.732258204956464
"GO:0051294","establishment of spindle orientation",19,4,2.51,"0.23715",0.23715,0.732258204956464
"GO:0060986","endocrine hormone secretion",19,4,2.51,"0.23715",0.23715,0.732258204956464
"GO:1902882","regulation of response to oxidative stress",19,4,2.51,"0.23715",0.23715,0.732258204956464
"GO:2001028","positive regulation of endothelial cell chemotaxis",19,4,2.51,"0.23715",0.23715,0.732258204956464
"GO:0090130","tissue migration",198,30,26.2,"0.23812",0.23812,0.732808794137242
"GO:0007519","skeletal muscle tissue development",72,12,9.53,"0.23841",0.23841,0.732808794137242
"GO:0061640","cytoskeleton-dependent cytokinesis",72,12,9.53,"0.23841",0.23841,0.732808794137242
"GO:0071772","response to BMP",72,12,9.53,"0.23841",0.23841,0.732808794137242
"GO:0071773","cellular response to BMP stimulus",72,12,9.53,"0.23841",0.23841,0.732808794137242
"GO:0000288","nuclear-transcribed mRNA catabolic process, deadenylation-dependent decay",45,8,5.95,"0.23857",0.23857,0.732808794137242
"GO:2000377","regulation of reactive oxygen species metabolic process",45,8,5.95,"0.23857",0.23857,0.732808794137242
"GO:0051172","negative regulation of nitrogen compound metabolic process",941,132,124.5,"0.23860",0.2386,0.732808794137242
"GO:0030534","adult behavior",79,13,10.45,"0.24062",0.24062,0.733307409836066
"GO:0006636","unsaturated fatty acid biosynthetic process",13,3,1.72,"0.24200",0.242,0.733307409836066
"GO:0006953","acute-phase response",13,3,1.72,"0.24200",0.242,0.733307409836066
"GO:0010762","regulation of fibroblast migration",13,3,1.72,"0.24200",0.242,0.733307409836066
"GO:0032104","regulation of response to extracellular stimulus",13,3,1.72,"0.24200",0.242,0.733307409836066
"GO:0032107","regulation of response to nutrient levels",13,3,1.72,"0.24200",0.242,0.733307409836066
"GO:0033687","osteoblast proliferation",13,3,1.72,"0.24200",0.242,0.733307409836066
"GO:0042693","muscle cell fate commitment",13,3,1.72,"0.24200",0.242,0.733307409836066
"GO:0045610","regulation of hemocyte differentiation",13,3,1.72,"0.24200",0.242,0.733307409836066
"GO:0045920","negative regulation of exocytosis",13,3,1.72,"0.24200",0.242,0.733307409836066
"GO:0048670","regulation of collateral sprouting",13,3,1.72,"0.24200",0.242,0.733307409836066
"GO:0060216","definitive hemopoiesis",13,3,1.72,"0.24200",0.242,0.733307409836066
"GO:0060347","heart trabecula formation",13,3,1.72,"0.24200",0.242,0.733307409836066
"GO:0072010","glomerular epithelium development",13,3,1.72,"0.24200",0.242,0.733307409836066
"GO:0072017","distal tubule development",13,3,1.72,"0.24200",0.242,0.733307409836066
"GO:0072112","podocyte differentiation",13,3,1.72,"0.24200",0.242,0.733307409836066
"GO:0072311","glomerular epithelial cell differentiation",13,3,1.72,"0.24200",0.242,0.733307409836066
"GO:0090140","regulation of mitochondrial fission",13,3,1.72,"0.24200",0.242,0.733307409836066
"GO:0140354","lipid import into cell",13,3,1.72,"0.24200",0.242,0.733307409836066
"GO:0007389","pattern specification process",342,50,45.25,"0.24208",0.24208,0.733307409836066
"GO:0009267","cellular response to starvation",86,14,11.38,"0.24227",0.24227,0.733307409836066
"GO:1903322","positive regulation of protein modification by small protein conjugation or removal",86,14,11.38,"0.24227",0.24227,0.733307409836066
"GO:0045646","regulation of erythrocyte differentiation",32,6,4.23,"0.24258",0.24258,0.733307409836066
"GO:0071277","cellular response to calcium ion",32,6,4.23,"0.24258",0.24258,0.733307409836066
"GO:0031032","actomyosin structure organization",93,15,12.3,"0.24345",0.24345,0.734053846153846
"GO:0035113","embryonic appendage morphogenesis",93,15,12.3,"0.24345",0.24345,0.734053846153846
"GO:0042391","regulation of membrane potential",220,33,29.11,"0.24353",0.24353,0.734053846153846
"GO:0051090","regulation of DNA-binding transcription factor activity",263,39,34.8,"0.24380",0.2438,0.734053846153846
"GO:0007040","lysosome organization",52,9,6.88,"0.24421",0.24421,0.734053846153846
"GO:0010508","positive regulation of autophagy",52,9,6.88,"0.24421",0.24421,0.734053846153846
"GO:0046887","positive regulation of hormone secretion",52,9,6.88,"0.24421",0.24421,0.734053846153846
"GO:0080171","lytic vacuole organization",52,9,6.88,"0.24421",0.24421,0.734053846153846
"GO:0046883","regulation of hormone secretion",100,16,13.23,"0.24426",0.24426,0.734053846153846
"GO:0031098","stress-activated protein kinase signaling cascade",135,21,17.86,"0.24467",0.24467,0.734722496749025
"GO:0046879","hormone secretion",114,18,15.08,"0.24503",0.24503,0.734722496749025
"GO:1903532","positive regulation of secretion by cell",121,19,16.01,"0.24508",0.24508,0.734722496749025
"GO:0031326","regulation of cellular biosynthetic process",2265,310,299.66,"0.24512",0.24512,0.734722496749025
"GO:0023056","positive regulation of signaling",737,104,97.51,"0.24768",0.24768,0.741913450292398
"GO:0007249","canonical NF-kappaB signal transduction",192,29,25.4,"0.24824",0.24824,0.742924983776768
"GO:0021782","glial cell development",59,10,7.81,"0.24834",0.24834,0.742924983776768
"GO:0048871","multicellular organismal-level homeostasis",307,45,40.62,"0.24991",0.24991,0.747136900129702
"GO:0006275","regulation of DNA replication",66,11,8.73,"0.25137",0.25137,0.750340906148867
"GO:0050905","neuromuscular process",66,11,8.73,"0.25137",0.25137,0.750340906148867
"GO:0031589","cell-substrate adhesion",171,26,22.62,"0.25147",0.25147,0.750340906148867
"GO:0070059","intrinsic apoptotic signaling pathway in response to endoplasmic reticulum stress",39,7,5.16,"0.25168",0.25168,0.750481759379043
"GO:0010594","regulation of endothelial cell migration",73,12,9.66,"0.25356",0.25356,0.753912307692308
"GO:0014042","positive regulation of neuron maturation",26,5,3.44,"0.25502",0.25502,0.753912307692308
"GO:0021602","cranial nerve morphogenesis",26,5,3.44,"0.25502",0.25502,0.753912307692308
"GO:0030431","sleep",26,5,3.44,"0.25502",0.25502,0.753912307692308
"GO:0033139","regulation of peptidyl-serine phosphorylation of STAT protein",26,5,3.44,"0.25502",0.25502,0.753912307692308
"GO:0042220","response to cocaine",26,5,3.44,"0.25502",0.25502,0.753912307692308
"GO:0048546","digestive tract morphogenesis",26,5,3.44,"0.25502",0.25502,0.753912307692308
"GO:0055092","sterol homeostasis",26,5,3.44,"0.25502",0.25502,0.753912307692308
"GO:0060236","regulation of mitotic spindle organization",26,5,3.44,"0.25502",0.25502,0.753912307692308
"GO:0090184","positive regulation of kidney development",26,5,3.44,"0.25502",0.25502,0.753912307692308
"GO:0002573","myeloid leukocyte differentiation",80,13,10.58,"0.25512",0.25512,0.753912307692308
"GO:0002791","regulation of peptide secretion",80,13,10.58,"0.25512",0.25512,0.753912307692308
"GO:0032869","cellular response to insulin stimulus",80,13,10.58,"0.25512",0.25512,0.753912307692308
"GO:0090276","regulation of peptide hormone secretion",80,13,10.58,"0.25512",0.25512,0.753912307692308
"GO:0006457","protein folding",136,21,17.99,"0.25574",0.25574,0.755097380191693
"GO:0050768","negative regulation of neurogenesis",87,14,11.51,"0.25618",0.25618,0.755097380191693
"GO:2001236","regulation of extrinsic apoptotic signaling pathway",87,14,11.51,"0.25618",0.25618,0.755097380191693
"GO:0071214","cellular response to abiotic stimulus",129,20,17.07,"0.25634",0.25634,0.755097380191693
"GO:0104004","cellular response to environmental stimulus",129,20,17.07,"0.25634",0.25634,0.755097380191693
"GO:0034284","response to monosaccharide",94,15,12.44,"0.25684",0.25684,0.756087100893998
"GO:0042594","response to starvation",108,17,14.29,"0.25726",0.25726,0.75684020421187
"GO:0003158","endothelium development",46,8,6.09,"0.25797",0.25797,0.757961567877629
"GO:0097746","blood vessel diameter maintenance",46,8,6.09,"0.25797",0.25797,0.757961567877629
"GO:0051234","establishment of localization",2562,349,338.96,"0.26081",0.26081,0.765817898089172
"GO:0050772","positive regulation of axonogenesis",53,9,7.01,"0.26239",0.26239,0.769568411214953
"GO:0018105","peptidyl-serine phosphorylation",165,25,21.83,"0.26264",0.26264,0.769568411214953
"GO:0035150","regulation of tube size",60,10,7.94,"0.26548",0.26548,0.769568411214953
"GO:0043154","negative regulation of cysteine-type endopeptidase activity involved in apoptotic process",60,10,7.94,"0.26548",0.26548,0.769568411214953
"GO:2000117","negative regulation of cysteine-type endopeptidase activity",60,10,7.94,"0.26548",0.26548,0.769568411214953
"GO:1902533","positive regulation of intracellular signal transduction",440,63,58.21,"0.26565",0.26565,0.769568411214953
"GO:0001709","cell fate determination",33,6,4.37,"0.26601",0.26601,0.769568411214953
"GO:0008344","adult locomotory behavior",33,6,4.37,"0.26601",0.26601,0.769568411214953
"GO:0051952","regulation of amine transport",33,6,4.37,"0.26601",0.26601,0.769568411214953
"GO:0060384","innervation",33,6,4.37,"0.26601",0.26601,0.769568411214953
"GO:0070988","demethylation",33,6,4.37,"0.26601",0.26601,0.769568411214953
"GO:0071479","cellular response to ionizing radiation",33,6,4.37,"0.26601",0.26601,0.769568411214953
"GO:1903350","response to dopamine",33,6,4.37,"0.26601",0.26601,0.769568411214953
"GO:1903351","cellular response to dopamine",33,6,4.37,"0.26601",0.26601,0.769568411214953
"GO:0010605","negative regulation of macromolecule metabolic process",1192,165,157.7,"0.26705",0.26705,0.769568411214953
"GO:0040029","epigenetic regulation of gene expression",67,11,8.86,"0.26762",0.26762,0.769568411214953
"GO:0043473","pigmentation",67,11,8.86,"0.26762",0.26762,0.769568411214953
"GO:0071326","cellular response to monosaccharide stimulus",67,11,8.86,"0.26762",0.26762,0.769568411214953
"GO:0071331","cellular response to hexose stimulus",67,11,8.86,"0.26762",0.26762,0.769568411214953
"GO:0007351","tripartite regional subdivision",20,4,2.65,"0.26782",0.26782,0.769568411214953
"GO:0008595","anterior/posterior axis specification, embryo",20,4,2.65,"0.26782",0.26782,0.769568411214953
"GO:0009086","methionine biosynthetic process",20,4,2.65,"0.26782",0.26782,0.769568411214953
"GO:0038066","p38MAPK cascade",20,4,2.65,"0.26782",0.26782,0.769568411214953
"GO:0045724","positive regulation of cilium assembly",20,4,2.65,"0.26782",0.26782,0.769568411214953
"GO:0046839","phospholipid dephosphorylation",20,4,2.65,"0.26782",0.26782,0.769568411214953
"GO:0051149","positive regulation of muscle cell differentiation",20,4,2.65,"0.26782",0.26782,0.769568411214953
"GO:0051932","synaptic transmission, GABAergic",20,4,2.65,"0.26782",0.26782,0.769568411214953
"GO:0060632","regulation of microtubule-based movement",20,4,2.65,"0.26782",0.26782,0.769568411214953
"GO:0070979","protein K11-linked ubiquitination",20,4,2.65,"0.26782",0.26782,0.769568411214953
"GO:0072676","lymphocyte migration",20,4,2.65,"0.26782",0.26782,0.769568411214953
"GO:0090073","positive regulation of protein homodimerization activity",20,4,2.65,"0.26782",0.26782,0.769568411214953
"GO:1904353","regulation of telomere capping",20,4,2.65,"0.26782",0.26782,0.769568411214953
"GO:1904645","response to amyloid-beta",20,4,2.65,"0.26782",0.26782,0.769568411214953
"GO:2000378","negative regulation of reactive oxygen species metabolic process",20,4,2.65,"0.26782",0.26782,0.769568411214953
"GO:0035107","appendage morphogenesis",130,20,17.2,"0.26793",0.26793,0.769568411214953
"GO:0006006","glucose metabolic process",74,12,9.79,"0.26905",0.26905,0.771823584318606
"GO:0060538","skeletal muscle organ development",74,12,9.79,"0.26905",0.26905,0.771823584318606
"GO:0015833","peptide transport",116,18,15.35,"0.26944",0.26944,0.772089205955335
"GO:0051259","protein complex oligomerization",375,54,49.61,"0.26952",0.26952,0.772089205955335
"GO:0010977","negative regulation of neuron projection development",81,13,10.72,"0.26993",0.26993,0.772089205955335
"GO:2000146","negative regulation of cell motility",81,13,10.72,"0.26993",0.26993,0.772089205955335
"GO:0031669","cellular response to nutrient levels",109,17,14.42,"0.26998",0.26998,0.772089205955335
"GO:0051961","negative regulation of nervous system development",102,16,13.49,"0.27035",0.27035,0.772668009919405
"GO:1903829","positive regulation of protein localization",216,32,28.58,"0.27147",0.27147,0.775388289962825
"GO:0006810","transport",2476,337,327.58,"0.27205",0.27205,0.776253514180025
"GO:0022900","electron transport chain",40,7,5.29,"0.27312",0.27312,0.776253514180025
"GO:0030879","mammary gland development",40,7,5.29,"0.27312",0.27312,0.776253514180025
"GO:0034763","negative regulation of transmembrane transport",40,7,5.29,"0.27312",0.27312,0.776253514180025
"GO:0043467","regulation of generation of precursor metabolites and energy",40,7,5.29,"0.27312",0.27312,0.776253514180025
"GO:0046364","monosaccharide biosynthetic process",40,7,5.29,"0.27312",0.27312,0.776253514180025
"GO:0050771","negative regulation of axonogenesis",40,7,5.29,"0.27312",0.27312,0.776253514180025
"GO:0060026","convergent extension",40,7,5.29,"0.27312",0.27312,0.776253514180025
"GO:0003012","muscle system process",159,24,21.04,"0.27441",0.27441,0.779439371534196
"GO:0048736","appendage development",145,22,19.18,"0.27717",0.27717,0.78591796589525
"GO:0035296","regulation of tube diameter",47,8,6.22,"0.27784",0.27784,0.78591796589525
"GO:0001845","phagolysosome assembly",14,3,1.85,"0.27993",0.27993,0.78591796589525
"GO:0001964","startle response",14,3,1.85,"0.27993",0.27993,0.78591796589525
"GO:0003382","epithelial cell morphogenesis",14,3,1.85,"0.27993",0.27993,0.78591796589525
"GO:0008535","respiratory chain complex IV assembly",14,3,1.85,"0.27993",0.27993,0.78591796589525
"GO:0009084","glutamine family amino acid biosynthetic process",14,3,1.85,"0.27993",0.27993,0.78591796589525
"GO:0010454","negative regulation of cell fate commitment",14,3,1.85,"0.27993",0.27993,0.78591796589525
"GO:0021554","optic nerve development",14,3,1.85,"0.27993",0.27993,0.78591796589525
"GO:0021783","preganglionic parasympathetic fiber development",14,3,1.85,"0.27993",0.27993,0.78591796589525
"GO:0034309","primary alcohol biosynthetic process",14,3,1.85,"0.27993",0.27993,0.78591796589525
"GO:0035751","regulation of lysosomal lumen pH",14,3,1.85,"0.27993",0.27993,0.78591796589525
"GO:0035924","cellular response to vascular endothelial growth factor stimulus",14,3,1.85,"0.27993",0.27993,0.78591796589525
"GO:0042386","hemocyte differentiation",14,3,1.85,"0.27993",0.27993,0.78591796589525
"GO:0048486","parasympathetic nervous system development",14,3,1.85,"0.27993",0.27993,0.78591796589525
"GO:0050873","brown fat cell differentiation",14,3,1.85,"0.27993",0.27993,0.78591796589525
"GO:0061318","renal filtration cell differentiation",14,3,1.85,"0.27993",0.27993,0.78591796589525
"GO:0097300","programmed necrotic cell death",14,3,1.85,"0.27993",0.27993,0.78591796589525
"GO:1902043","positive regulation of extrinsic apoptotic signaling pathway via death domain receptors",14,3,1.85,"0.27993",0.27993,0.78591796589525
"GO:0050803","regulation of synapse structure or activity",124,19,16.41,"0.28089",0.28089,0.786589933694997
"GO:0009583","detection of light stimulus",27,5,3.57,"0.28175",0.28175,0.786589933694997
"GO:0014812","muscle cell migration",27,5,3.57,"0.28175",0.28175,0.786589933694997
"GO:0016126","sterol biosynthetic process",27,5,3.57,"0.28175",0.28175,0.786589933694997
"GO:0046513","ceramide biosynthetic process",27,5,3.57,"0.28175",0.28175,0.786589933694997
"GO:0090224","regulation of spindle organization",27,5,3.57,"0.28175",0.28175,0.786589933694997
"GO:0051099","positive regulation of binding",117,18,15.48,"0.28196",0.28196,0.786589933694997
"GO:1903046","meiotic cell cycle process",117,18,15.48,"0.28196",0.28196,0.786589933694997
"GO:0071396","cellular response to lipid",210,31,27.78,"0.28253",0.28253,0.786589933694997
"GO:0006836","neurotransmitter transport",110,17,14.55,"0.28293",0.28293,0.786589933694997
"GO:0050807","regulation of synapse organization",110,17,14.55,"0.28293",0.28293,0.786589933694997
"GO:0010595","positive regulation of endothelial cell migration",61,10,8.07,"0.28298",0.28298,0.786589933694997
"GO:0016241","regulation of macroautophagy",61,10,8.07,"0.28298",0.28298,0.786589933694997
"GO:0031929","TOR signaling",61,10,8.07,"0.28298",0.28298,0.786589933694997
"GO:0033619","membrane protein proteolysis",61,10,8.07,"0.28298",0.28298,0.786589933694997
"GO:0051017","actin filament bundle assembly",61,10,8.07,"0.28298",0.28298,0.786589933694997
"GO:0009889","regulation of biosynthetic process",2285,311,302.31,"0.28307",0.28307,0.786589933694997
"GO:0010810","regulation of cell-substrate adhesion",96,15,12.7,"0.28441",0.28441,0.787938762019231
"GO:0032868","response to insulin",96,15,12.7,"0.28441",0.28441,0.787938762019231
"GO:0048593","camera-type eye morphogenesis",96,15,12.7,"0.28441",0.28441,0.787938762019231
"GO:0061013","regulation of mRNA catabolic process",96,15,12.7,"0.28441",0.28441,0.787938762019231
"GO:0110053","regulation of actin filament organization",96,15,12.7,"0.28441",0.28441,0.787938762019231
"GO:0051291","protein heterooligomerization",75,12,9.92,"0.28483",0.28483,0.788180023995201
"GO:0009913","epidermal cell differentiation",89,14,11.77,"0.28484",0.28484,0.788180023995201
"GO:0021987","cerebral cortex development",82,13,10.85,"0.28501",0.28501,0.788180023995201
"GO:0006026","aminoglycan catabolic process",34,6,4.5,"0.28997",0.28997,0.800935710005992
"GO:0045670","regulation of osteoclast differentiation",34,6,4.5,"0.28997",0.28997,0.800935710005992
"GO:0045927","positive regulation of growth",132,20,17.46,"0.29168",0.29168,0.805176526946108
"GO:1903530","regulation of secretion by cell",240,35,31.75,"0.29269",0.29269,0.807481089168163
"GO:0009914","hormone transport",118,18,15.61,"0.29468",0.29468,0.811937970149254
"GO:0003300","cardiac muscle hypertrophy",41,7,5.42,"0.29501",0.29501,0.811937970149254
"GO:0010332","response to gamma radiation",41,7,5.42,"0.29501",0.29501,0.811937970149254
"GO:0055088","lipid homeostasis",41,7,5.42,"0.29501",0.29501,0.811937970149254
"GO:0009056","catabolic process",1557,213,205.99,"0.29749",0.29749,0.817448369887374
"GO:0002260","lymphocyte homeostasis",21,4,2.78,"0.29914",0.29914,0.817448369887374
"GO:0002752","cell surface pattern recognition receptor signaling pathway",21,4,2.78,"0.29914",0.29914,0.817448369887374
"GO:0006739","NADP metabolic process",21,4,2.78,"0.29914",0.29914,0.817448369887374
"GO:0007616","long-term memory",21,4,2.78,"0.29914",0.29914,0.817448369887374
"GO:0042116","macrophage activation",21,4,2.78,"0.29914",0.29914,0.817448369887374
"GO:0043277","apoptotic cell clearance",21,4,2.78,"0.29914",0.29914,0.817448369887374
"GO:0050433","regulation of catecholamine secretion",21,4,2.78,"0.29914",0.29914,0.817448369887374
"GO:0051894","positive regulation of focal adhesion assembly",21,4,2.78,"0.29914",0.29914,0.817448369887374
"GO:0150117","positive regulation of cell-substrate junction organization",21,4,2.78,"0.29914",0.29914,0.817448369887374
"GO:1902742","apoptotic process involved in development",21,4,2.78,"0.29914",0.29914,0.817448369887374
"GO:1903036","positive regulation of response to wounding",21,4,2.78,"0.29914",0.29914,0.817448369887374
"GO:1901575","organic substance catabolic process",1334,183,176.49,"0.29982",0.29982,0.818206804733728
"GO:0048645","animal organ formation",55,9,7.28,"0.29989",0.29989,0.818206804733728
"GO:0050727","regulation of inflammatory response",147,22,19.45,"0.29995",0.29995,0.818206804733728
"GO:0035567","non-canonical Wnt signaling pathway",62,10,8.2,"0.30080",0.3008,0.818839351032448
"GO:0061572","actin filament bundle organization",62,10,8.2,"0.30080",0.3008,0.818839351032448
"GO:0030968","endoplasmic reticulum unfolded protein response",76,12,10.05,"0.30088",0.30088,0.818839351032448
"GO:0007605","sensory perception of sound",69,11,9.13,"0.30107",0.30107,0.818839351032448
"GO:0061014","positive regulation of mRNA catabolic process",69,11,9.13,"0.30107",0.30107,0.818839351032448
"GO:0002683","negative regulation of immune system process",176,26,23.29,"0.30268",0.30268,0.822732783018868
"GO:0042063","gliogenesis",133,20,17.6,"0.30381",0.30381,0.824940223792697
"GO:0051179","localization",2854,386,377.59,"0.30385",0.30385,0.824940223792697
"GO:0031400","negative regulation of protein modification process",198,29,26.2,"0.30617",0.30617,0.830749676280165
"GO:0000578","embryonic axis specification",28,5,3.7,"0.30898",0.30898,0.832008060747663
"GO:0001954","positive regulation of cell-matrix adhesion",28,5,3.7,"0.30898",0.30898,0.832008060747663
"GO:0006099","tricarboxylic acid cycle",28,5,3.7,"0.30898",0.30898,0.832008060747663
"GO:0007560","imaginal disc morphogenesis",28,5,3.7,"0.30898",0.30898,0.832008060747663
"GO:0008045","motor neuron axon guidance",28,5,3.7,"0.30898",0.30898,0.832008060747663
"GO:0016233","telomere capping",28,5,3.7,"0.30898",0.30898,0.832008060747663
"GO:0030261","chromosome condensation",28,5,3.7,"0.30898",0.30898,0.832008060747663
"GO:0030501","positive regulation of bone mineralization",28,5,3.7,"0.30898",0.30898,0.832008060747663
"GO:0031018","endocrine pancreas development",28,5,3.7,"0.30898",0.30898,0.832008060747663
"GO:0034103","regulation of tissue remodeling",28,5,3.7,"0.30898",0.30898,0.832008060747663
"GO:0042501","serine phosphorylation of STAT protein",28,5,3.7,"0.30898",0.30898,0.832008060747663
"GO:0048701","embryonic cranial skeleton morphogenesis",28,5,3.7,"0.30898",0.30898,0.832008060747663
"GO:1904377","positive regulation of protein localization to cell periphery",28,5,3.7,"0.30898",0.30898,0.832008060747663
"GO:0018209","peptidyl-serine modification",177,26,23.42,"0.31332",0.31332,0.839494171428572
"GO:0000209","protein polyubiquitination",206,30,27.25,"0.31372",0.31372,0.839494171428572
"GO:0010469","regulation of signaling receptor activity",35,6,4.63,"0.31436",0.31436,0.839494171428572
"GO:0022904","respiratory electron transport chain",35,6,4.63,"0.31436",0.31436,0.839494171428572
"GO:0043094","cellular metabolic compound salvage",35,6,4.63,"0.31436",0.31436,0.839494171428572
"GO:0048563","post-embryonic animal organ morphogenesis",35,6,4.63,"0.31436",0.31436,0.839494171428572
"GO:0061077","chaperone-mediated protein folding",35,6,4.63,"0.31436",0.31436,0.839494171428572
"GO:0061178","regulation of insulin secretion involved in cellular response to glucose stimulus",35,6,4.63,"0.31436",0.31436,0.839494171428572
"GO:0007254","JNK cascade",84,13,11.11,"0.31590",0.3159,0.839494171428572
"GO:0045333","cellular respiration",84,13,11.11,"0.31590",0.3159,0.839494171428572
"GO:0048878","chemical homeostasis",433,61,57.29,"0.31633",0.31633,0.839494171428572
"GO:0009141","nucleoside triphosphate metabolic process",77,12,10.19,"0.31717",0.31717,0.839494171428572
"GO:0001895","retina homeostasis",42,7,5.56,"0.31727",0.31727,0.839494171428572
"GO:0014896","muscle hypertrophy",42,7,5.56,"0.31727",0.31727,0.839494171428572
"GO:0014897","striated muscle hypertrophy",42,7,5.56,"0.31727",0.31727,0.839494171428572
"GO:0030518","intracellular steroid hormone receptor signaling pathway",42,7,5.56,"0.31727",0.31727,0.839494171428572
"GO:0140029","exocytic process",42,7,5.56,"0.31727",0.31727,0.839494171428572
"GO:0030509","BMP signaling pathway",70,11,9.26,"0.31820",0.3182,0.839494171428572
"GO:0050796","regulation of insulin secretion",70,11,9.26,"0.31820",0.3182,0.839494171428572
"GO:0048762","mesenchymal cell differentiation",163,24,21.57,"0.31825",0.31825,0.839494171428572
"GO:0007260","tyrosine phosphorylation of STAT protein",15,3,1.98,"0.31834",0.31834,0.839494171428572
"GO:0009651","response to salt stress",15,3,1.98,"0.31834",0.31834,0.839494171428572
"GO:0010042","response to manganese ion",15,3,1.98,"0.31834",0.31834,0.839494171428572
"GO:0031365","N-terminal protein amino acid modification",15,3,1.98,"0.31834",0.31834,0.839494171428572
"GO:0036296","response to increased oxygen levels",15,3,1.98,"0.31834",0.31834,0.839494171428572
"GO:0038179","neurotrophin signaling pathway",15,3,1.98,"0.31834",0.31834,0.839494171428572
"GO:0042067","establishment of ommatidial planar polarity",15,3,1.98,"0.31834",0.31834,0.839494171428572
"GO:0042509","regulation of tyrosine phosphorylation of STAT protein",15,3,1.98,"0.31834",0.31834,0.839494171428572
"GO:0045912","negative regulation of carbohydrate metabolic process",15,3,1.98,"0.31834",0.31834,0.839494171428572
"GO:0046676","negative regulation of insulin secretion",15,3,1.98,"0.31834",0.31834,0.839494171428572
"GO:0060037","pharyngeal system development",15,3,1.98,"0.31834",0.31834,0.839494171428572
"GO:0098780","response to mitochondrial depolarisation",15,3,1.98,"0.31834",0.31834,0.839494171428572
"GO:1903670","regulation of sprouting angiogenesis",15,3,1.98,"0.31834",0.31834,0.839494171428572
"GO:2000479","regulation of cAMP-dependent protein kinase activity",15,3,1.98,"0.31834",0.31834,0.839494171428572
"GO:0032874","positive regulation of stress-activated MAPK cascade",49,8,6.48,"0.31868",0.31868,0.839494171428572
"GO:0044091","membrane biogenesis",49,8,6.48,"0.31868",0.31868,0.839494171428572
"GO:0070304","positive regulation of stress-activated protein kinase signaling cascade",49,8,6.48,"0.31868",0.31868,0.839494171428572
"GO:0072524","pyridine-containing compound metabolic process",49,8,6.48,"0.31868",0.31868,0.839494171428572
"GO:0060042","retina morphogenesis in camera-type eye",56,9,7.41,"0.31911",0.31911,0.840146830382638
"GO:0034504","protein localization to nucleus",149,22,19.71,"0.32332",0.32332,0.85074497716895
"GO:0051865","protein autoubiquitination",106,16,14.02,"0.32515",0.32515,0.855072162007986
"GO:0050794","regulation of cellular process",5311,711,702.66,"0.32694",0.32694,0.859289281641961
"GO:0040013","negative regulation of locomotion",99,15,13.1,"0.32737",0.32737,0.859929173789174
"GO:0009615","response to virus",193,28,25.53,"0.32921",0.32921,0.86207
"GO:0030036","actin cytoskeleton organization",288,41,38.1,"0.33023",0.33023,0.86207
"GO:0000272","polysaccharide catabolic process",22,4,2.91,"0.33084",0.33084,0.86207
"GO:0006857","oligopeptide transport",22,4,2.91,"0.33084",0.33084,0.86207
"GO:0022011","myelination in peripheral nervous system",22,4,2.91,"0.33084",0.33084,0.86207
"GO:0032292","peripheral nervous system axon ensheathment",22,4,2.91,"0.33084",0.33084,0.86207
"GO:0032467","positive regulation of cytokinesis",22,4,2.91,"0.33084",0.33084,0.86207
"GO:0032890","regulation of organic acid transport",22,4,2.91,"0.33084",0.33084,0.86207
"GO:0046329","negative regulation of JNK cascade",22,4,2.91,"0.33084",0.33084,0.86207
"GO:0048489","synaptic vesicle transport",22,4,2.91,"0.33084",0.33084,0.86207
"GO:0048532","anatomical structure arrangement",22,4,2.91,"0.33084",0.33084,0.86207
"GO:0050871","positive regulation of B cell activation",22,4,2.91,"0.33084",0.33084,0.86207
"GO:0061512","protein localization to cilium",22,4,2.91,"0.33084",0.33084,0.86207
"GO:2000785","regulation of autophagosome assembly",22,4,2.91,"0.33084",0.33084,0.86207
"GO:0030001","metal ion transport",413,58,54.64,"0.33099",0.33099,0.86207
"GO:0019438","aromatic compound biosynthetic process",2060,279,272.54,"0.33151",0.33151,0.862501862302483
"GO:0010647","positive regulation of cell communication",746,103,98.7,"0.33153",0.33153,0.862501862302483
"GO:0051592","response to calcium ion",71,11,9.39,"0.33554",0.33554,0.869214725643897
"GO:0001885","endothelial cell development",29,5,3.84,"0.33654",0.33654,0.869214725643897
"GO:0002312","B cell activation involved in immune response",29,5,3.84,"0.33654",0.33654,0.869214725643897
"GO:0006506","GPI anchor biosynthetic process",29,5,3.84,"0.33654",0.33654,0.869214725643897
"GO:0007031","peroxisome organization",29,5,3.84,"0.33654",0.33654,0.869214725643897
"GO:0014041","regulation of neuron maturation",29,5,3.84,"0.33654",0.33654,0.869214725643897
"GO:0030865","cortical cytoskeleton organization",29,5,3.84,"0.33654",0.33654,0.869214725643897
"GO:0048707","instar larval or pupal morphogenesis",29,5,3.84,"0.33654",0.33654,0.869214725643897
"GO:0048844","artery morphogenesis",29,5,3.84,"0.33654",0.33654,0.869214725643897
"GO:1903431","positive regulation of cell maturation",29,5,3.84,"0.33654",0.33654,0.869214725643897
"GO:0010634","positive regulation of epithelial cell migration",114,17,15.08,"0.33655",0.33655,0.869214725643897
"GO:0010038","response to metal ion",201,29,26.59,"0.33670",0.3367,0.869214725643897
"GO:0032879","regulation of localization",851,117,112.59,"0.33671",0.33671,0.869214725643897
"GO:0018130","heterocycle biosynthetic process",2054,278,271.75,"0.33675",0.33675,0.869214725643897
"GO:0043086","negative regulation of catalytic activity",267,38,35.32,"0.33881",0.33881,0.87268252372976
"GO:0002164","larval development",36,6,4.76,"0.33904",0.33904,0.87268252372976
"GO:0015837","amine transport",36,6,4.76,"0.33904",0.33904,0.87268252372976
"GO:0035773","insulin secretion involved in cellular response to glucose stimulus",36,6,4.76,"0.33904",0.33904,0.87268252372976
"GO:0071230","cellular response to amino acid stimulus",36,6,4.76,"0.33904",0.33904,0.87268252372976
"GO:0046496","nicotinamide nucleotide metabolic process",43,7,5.69,"0.33980",0.3398,0.874150669642857
"GO:0009892","negative regulation of metabolic process",1292,176,170.93,"0.34211",0.34211,0.879602398215282
"GO:0060070","canonical Wnt signaling pathway",158,23,20.9,"0.34401",0.34401,0.883994481605351
"GO:0048638","regulation of developmental growth",202,29,26.72,"0.34706",0.34706,0.891335153203343
"GO:0050679","positive regulation of epithelial cell proliferation",86,13,11.38,"0.34758",0.34758,0.892173608017817
"GO:0031099","regeneration",79,12,10.45,"0.35033",0.35033,0.898232091212458
"GO:0007292","female gamete generation",115,17,15.21,"0.35033",0.35033,0.898232091212458
"GO:0034654","nucleobase-containing compound biosynthetic process",1991,269,263.41,"0.35275",0.35275,0.90047018766756
"GO:0051403","stress-activated MAPK cascade",108,16,14.29,"0.35355",0.35355,0.90047018766756
"GO:0031346","positive regulation of cell projection organization",232,33,30.69,"0.35429",0.35429,0.90047018766756
"GO:0071333","cellular response to glucose stimulus",65,10,8.6,"0.35570",0.3557,0.90047018766756
"GO:0098742","cell-cell adhesion via plasma-membrane adhesion molecules",159,23,21.04,"0.35578",0.35578,0.90047018766756
"GO:0010658","striated muscle cell apoptotic process",16,3,2.12,"0.35680",0.3568,0.90047018766756
"GO:0010662","regulation of striated muscle cell apoptotic process",16,3,2.12,"0.35680",0.3568,0.90047018766756
"GO:0019080","viral gene expression",16,3,2.12,"0.35680",0.3568,0.90047018766756
"GO:0019321","pentose metabolic process",16,3,2.12,"0.35680",0.3568,0.90047018766756
"GO:0030521","androgen receptor signaling pathway",16,3,2.12,"0.35680",0.3568,0.90047018766756
"GO:0033146","regulation of intracellular estrogen receptor signaling pathway",16,3,2.12,"0.35680",0.3568,0.90047018766756
"GO:0033280","response to vitamin D",16,3,2.12,"0.35680",0.3568,0.90047018766756
"GO:0034312","diol biosynthetic process",16,3,2.12,"0.35680",0.3568,0.90047018766756
"GO:0035115","embryonic forelimb morphogenesis",16,3,2.12,"0.35680",0.3568,0.90047018766756
"GO:0035909","aorta morphogenesis",16,3,2.12,"0.35680",0.3568,0.90047018766756
"GO:0043030","regulation of macrophage activation",16,3,2.12,"0.35680",0.3568,0.90047018766756
"GO:0048255","mRNA stabilization",16,3,2.12,"0.35680",0.3568,0.90047018766756
"GO:0051954","positive regulation of amine transport",16,3,2.12,"0.35680",0.3568,0.90047018766756
"GO:0060581","cell fate commitment involved in pattern specification",16,3,2.12,"0.35680",0.3568,0.90047018766756
"GO:0061028","establishment of endothelial barrier",16,3,2.12,"0.35680",0.3568,0.90047018766756
"GO:0072091","regulation of stem cell proliferation",16,3,2.12,"0.35680",0.3568,0.90047018766756
"GO:0050777","negative regulation of immune response",101,15,13.36,"0.35684",0.35684,0.90047018766756
"GO:0006939","smooth muscle contraction",58,9,7.67,"0.35822",0.35822,0.90047018766756
"GO:0051101","regulation of DNA binding",58,9,7.67,"0.35822",0.35822,0.90047018766756
"GO:0031016","pancreas development",51,8,6.75,"0.36055",0.36055,0.90047018766756
"GO:0032006","regulation of TOR signaling",51,8,6.75,"0.36055",0.36055,0.90047018766756
"GO:0071241","cellular response to inorganic substance",123,18,16.27,"0.36063",0.36063,0.90047018766756
"GO:0019362","pyridine nucleotide metabolic process",44,7,5.82,"0.36252",0.36252,0.90047018766756
"GO:0035904","aorta development",44,7,5.82,"0.36252",0.36252,0.90047018766756
"GO:0002053","positive regulation of mesenchymal cell proliferation",23,4,3.04,"0.36270",0.3627,0.90047018766756
"GO:0007472","wing disc morphogenesis",23,4,3.04,"0.36270",0.3627,0.90047018766756
"GO:0010518","positive regulation of phospholipase activity",23,4,3.04,"0.36270",0.3627,0.90047018766756
"GO:0014909","smooth muscle cell migration",23,4,3.04,"0.36270",0.3627,0.90047018766756
"GO:0016266","O-glycan processing",23,4,3.04,"0.36270",0.3627,0.90047018766756
"GO:0031640","killing of cells of another organism",23,4,3.04,"0.36270",0.3627,0.90047018766756
"GO:0031663","lipopolysaccharide-mediated signaling pathway",23,4,3.04,"0.36270",0.3627,0.90047018766756
"GO:0034198","cellular response to amino acid starvation",23,4,3.04,"0.36270",0.3627,0.90047018766756
"GO:0042659","regulation of cell fate specification",23,4,3.04,"0.36270",0.3627,0.90047018766756
"GO:0045445","myoblast differentiation",23,4,3.04,"0.36270",0.3627,0.90047018766756
"GO:0046460","neutral lipid biosynthetic process",23,4,3.04,"0.36270",0.3627,0.90047018766756
"GO:0046463","acylglycerol biosynthetic process",23,4,3.04,"0.36270",0.3627,0.90047018766756
"GO:0048536","spleen development",23,4,3.04,"0.36270",0.3627,0.90047018766756
"GO:0050432","catecholamine secretion",23,4,3.04,"0.36270",0.3627,0.90047018766756
"GO:0050709","negative regulation of protein secretion",23,4,3.04,"0.36270",0.3627,0.90047018766756
"GO:0060039","pericardium development",23,4,3.04,"0.36270",0.3627,0.90047018766756
"GO:0060193","positive regulation of lipase activity",23,4,3.04,"0.36270",0.3627,0.90047018766756
"GO:0061384","heart trabecula morphogenesis",23,4,3.04,"0.36270",0.3627,0.90047018766756
"GO:0141060","disruption of anatomical structure in another organism",23,4,3.04,"0.36270",0.3627,0.90047018766756
"GO:0141061","disruption of cell in another organism",23,4,3.04,"0.36270",0.3627,0.90047018766756
"GO:0045747","positive regulation of Notch signaling pathway",37,6,4.9,"0.36392",0.36392,0.90047018766756
"GO:0106106","cold-induced thermogenesis",37,6,4.9,"0.36392",0.36392,0.90047018766756
"GO:0120161","regulation of cold-induced thermogenesis",37,6,4.9,"0.36392",0.36392,0.90047018766756
"GO:0140353","lipid export from cell",37,6,4.9,"0.36392",0.36392,0.90047018766756
"GO:0003170","heart valve development",30,5,3.97,"0.36429",0.36429,0.90047018766756
"GO:0006505","GPI anchor metabolic process",30,5,3.97,"0.36429",0.36429,0.90047018766756
"GO:0007158","neuron cell-cell adhesion",30,5,3.97,"0.36429",0.36429,0.90047018766756
"GO:0008306","associative learning",30,5,3.97,"0.36429",0.36429,0.90047018766756
"GO:0010611","regulation of cardiac muscle hypertrophy",30,5,3.97,"0.36429",0.36429,0.90047018766756
"GO:0014743","regulation of muscle hypertrophy",30,5,3.97,"0.36429",0.36429,0.90047018766756
"GO:0015732","prostaglandin transport",30,5,3.97,"0.36429",0.36429,0.90047018766756
"GO:0032310","prostaglandin secretion",30,5,3.97,"0.36429",0.36429,0.90047018766756
"GO:0045746","negative regulation of Notch signaling pathway",30,5,3.97,"0.36429",0.36429,0.90047018766756
"GO:0045793","positive regulation of cell size",30,5,3.97,"0.36429",0.36429,0.90047018766756
"GO:0046580","negative regulation of Ras protein signal transduction",30,5,3.97,"0.36429",0.36429,0.90047018766756
"GO:0048793","pronephros development",30,5,3.97,"0.36429",0.36429,0.90047018766756
"GO:0051937","catecholamine transport",30,5,3.97,"0.36429",0.36429,0.90047018766756
"GO:0070841","inclusion body assembly",30,5,3.97,"0.36429",0.36429,0.90047018766756
"GO:0031047","regulatory ncRNA-mediated gene silencing",138,20,18.26,"0.36648",0.36648,0.904913122656668
"GO:0070371","ERK1 and ERK2 cascade",138,20,18.26,"0.36648",0.36648,0.904913122656668
"GO:0002440","production of molecular mediator of immune response",80,12,10.58,"0.36713",0.36713,0.906032815845825
"GO:0032479","regulation of type I interferon production",109,16,14.42,"0.36793",0.36793,0.907035989304813
"GO:0032606","type I interferon production",109,16,14.42,"0.36793",0.36793,0.907035989304813
"GO:0050954","sensory perception of mechanical stimulus",102,15,13.49,"0.37175",0.37175,0.909427272727273
"GO:0042490","mechanoreceptor differentiation",66,10,8.73,"0.37433",0.37433,0.909427272727273
"GO:0051289","protein homotetramerization",66,10,8.73,"0.37433",0.37433,0.909427272727273
"GO:0048285","organelle fission",271,38,35.85,"0.37521",0.37521,0.909427272727273
"GO:0071383","cellular response to steroid hormone stimulus",59,9,7.81,"0.37800",0.378,0.909427272727273
"GO:1904951","positive regulation of establishment of protein localization",139,20,18.39,"0.37931",0.37931,0.909427272727273
"GO:0043488","regulation of mRNA stability",88,13,11.64,"0.37979",0.37979,0.909427272727273
"GO:0051170","import into nucleus",88,13,11.64,"0.37979",0.37979,0.909427272727273
"GO:0009894","regulation of catabolic process",457,63,60.46,"0.38131",0.38131,0.909427272727273
"GO:0003018","vascular process in circulatory system",52,8,6.88,"0.38170",0.3817,0.909427272727273
"GO:0010001","glial cell differentiation",110,16,14.55,"0.38240",0.3824,0.909427272727273
"GO:0009411","response to UV",81,12,10.72,"0.38404",0.38404,0.909427272727273
"GO:0034620","cellular response to unfolded protein",81,12,10.72,"0.38404",0.38404,0.909427272727273
"GO:0030510","regulation of BMP signaling pathway",45,7,5.95,"0.38536",0.38536,0.909427272727273
"GO:0048709","oligodendrocyte differentiation",45,7,5.95,"0.38536",0.38536,0.909427272727273
"GO:0071347","cellular response to interleukin-1",45,7,5.95,"0.38536",0.38536,0.909427272727273
"GO:0071709","membrane assembly",45,7,5.95,"0.38536",0.38536,0.909427272727273
"GO:0008152","metabolic process",6830,909,903.62,"0.38644",0.38644,0.909427272727273
"GO:0007163","establishment or maintenance of cell polarity",147,21,19.45,"0.38785",0.38785,0.909427272727273
"GO:0071219","cellular response to molecule of bacterial origin",74,11,9.79,"0.38845",0.38845,0.909427272727273
"GO:0071478","cellular response to radiation",74,11,9.79,"0.38845",0.38845,0.909427272727273
"GO:0006584","catecholamine metabolic process",38,6,5.03,"0.38889",0.38889,0.909427272727273
"GO:0009712","catechol-containing compound metabolic process",38,6,5.03,"0.38889",0.38889,0.909427272727273
"GO:0009948","anterior/posterior axis specification",38,6,5.03,"0.38889",0.38889,0.909427272727273
"GO:0045132","meiotic chromosome segregation",38,6,5.03,"0.38889",0.38889,0.909427272727273
"GO:0045669","positive regulation of osteoblast differentiation",38,6,5.03,"0.38889",0.38889,0.909427272727273
"GO:0071868","cellular response to monoamine stimulus",38,6,5.03,"0.38889",0.38889,0.909427272727273
"GO:0071870","cellular response to catecholamine stimulus",38,6,5.03,"0.38889",0.38889,0.909427272727273
"GO:0001963","synaptic transmission, dopaminergic",10,2,1.32,"0.38923",0.38923,0.909427272727273
"GO:0002639","positive regulation of immunoglobulin production",10,2,1.32,"0.38923",0.38923,0.909427272727273
"GO:0003181","atrioventricular valve morphogenesis",10,2,1.32,"0.38923",0.38923,0.909427272727273
"GO:0003356","regulation of cilium beat frequency",10,2,1.32,"0.38923",0.38923,0.909427272727273
"GO:0006098","pentose-phosphate shunt",10,2,1.32,"0.38923",0.38923,0.909427272727273
"GO:0006266","DNA ligation",10,2,1.32,"0.38923",0.38923,0.909427272727273
"GO:0006474","N-terminal protein amino acid acetylation",10,2,1.32,"0.38923",0.38923,0.909427272727273
"GO:0007474","imaginal disc-derived wing vein specification",10,2,1.32,"0.38923",0.38923,0.909427272727273
"GO:0007619","courtship behavior",10,2,1.32,"0.38923",0.38923,0.909427272727273
"GO:0010573","vascular endothelial growth factor production",10,2,1.32,"0.38923",0.38923,0.909427272727273
"GO:0010664","negative regulation of striated muscle cell apoptotic process",10,2,1.32,"0.38923",0.38923,0.909427272727273
"GO:0010894","negative regulation of steroid biosynthetic process",10,2,1.32,"0.38923",0.38923,0.909427272727273
"GO:0014819","regulation of skeletal muscle contraction",10,2,1.32,"0.38923",0.38923,0.909427272727273
"GO:0018202","peptidyl-histidine modification",10,2,1.32,"0.38923",0.38923,0.909427272727273
"GO:0019376","galactolipid catabolic process",10,2,1.32,"0.38923",0.38923,0.909427272727273
"GO:0019731","antibacterial humoral response",10,2,1.32,"0.38923",0.38923,0.909427272727273
"GO:0019991","septate junction assembly",10,2,1.32,"0.38923",0.38923,0.909427272727273
"GO:0021871","forebrain regionalization",10,2,1.32,"0.38923",0.38923,0.909427272727273
"GO:0030511","positive regulation of transforming growth factor beta receptor signaling pathway",10,2,1.32,"0.38923",0.38923,0.909427272727273
"GO:0030728","ovulation",10,2,1.32,"0.38923",0.38923,0.909427272727273
"GO:0030857","negative regulation of epithelial cell differentiation",10,2,1.32,"0.38923",0.38923,0.909427272727273
"GO:0031468","nuclear membrane reassembly",10,2,1.32,"0.38923",0.38923,0.909427272727273
"GO:0032011","ARF protein signal transduction",10,2,1.32,"0.38923",0.38923,0.909427272727273
"GO:0032012","regulation of ARF protein signal transduction",10,2,1.32,"0.38923",0.38923,0.909427272727273
"GO:0032371","regulation of sterol transport",10,2,1.32,"0.38923",0.38923,0.909427272727273
"GO:0032374","regulation of cholesterol transport",10,2,1.32,"0.38923",0.38923,0.909427272727273
"GO:0034698","response to gonadotropin",10,2,1.32,"0.38923",0.38923,0.909427272727273
"GO:0035385","Roundabout signaling pathway",10,2,1.32,"0.38923",0.38923,0.909427272727273
"GO:0036099","female germ-line stem cell population maintenance",10,2,1.32,"0.38923",0.38923,0.909427272727273
"GO:0042023","DNA endoreduplication",10,2,1.32,"0.38923",0.38923,0.909427272727273
"GO:0042473","outer ear morphogenesis",10,2,1.32,"0.38923",0.38923,0.909427272727273
"GO:0042790","nucleolar large rRNA transcription by RNA polymerase I",10,2,1.32,"0.38923",0.38923,0.909427272727273
"GO:0044827","modulation by host of viral genome replication",10,2,1.32,"0.38923",0.38923,0.909427272727273
"GO:0045168","cell-cell signaling involved in cell fate commitment",10,2,1.32,"0.38923",0.38923,0.909427272727273
"GO:0045939","negative regulation of steroid metabolic process",10,2,1.32,"0.38923",0.38923,0.909427272727273
"GO:0046931","pore complex assembly",10,2,1.32,"0.38923",0.38923,0.909427272727273
"GO:0048339","paraxial mesoderm development",10,2,1.32,"0.38923",0.38923,0.909427272727273
"GO:0048840","otolith development",10,2,1.32,"0.38923",0.38923,0.909427272727273
"GO:0051156","glucose 6-phosphate metabolic process",10,2,1.32,"0.38923",0.38923,0.909427272727273
"GO:0051447","negative regulation of meiotic cell cycle",10,2,1.32,"0.38923",0.38923,0.909427272727273
"GO:0051645","Golgi localization",10,2,1.32,"0.38923",0.38923,0.909427272727273
"GO:0051657","maintenance of organelle location",10,2,1.32,"0.38923",0.38923,0.909427272727273
"GO:0051984","positive regulation of chromosome segregation",10,2,1.32,"0.38923",0.38923,0.909427272727273
"GO:0060135","maternal process involved in female pregnancy",10,2,1.32,"0.38923",0.38923,0.909427272727273
"GO:0060337","type I interferon-mediated signaling pathway",10,2,1.32,"0.38923",0.38923,0.909427272727273
"GO:0060390","regulation of SMAD protein signal transduction",10,2,1.32,"0.38923",0.38923,0.909427272727273
"GO:0061036","positive regulation of cartilage development",10,2,1.32,"0.38923",0.38923,0.909427272727273
"GO:0070633","transepithelial transport",10,2,1.32,"0.38923",0.38923,0.909427272727273
"GO:0071340","skeletal muscle acetylcholine-gated channel clustering",10,2,1.32,"0.38923",0.38923,0.909427272727273
"GO:0071357","cellular response to type I interferon",10,2,1.32,"0.38923",0.38923,0.909427272727273
"GO:0072576","liver morphogenesis",10,2,1.32,"0.38923",0.38923,0.909427272727273
"GO:0072697","protein localization to cell cortex",10,2,1.32,"0.38923",0.38923,0.909427272727273
"GO:0097104","postsynaptic membrane assembly",10,2,1.32,"0.38923",0.38923,0.909427272727273
"GO:1901861","regulation of muscle tissue development",10,2,1.32,"0.38923",0.38923,0.909427272727273
"GO:1902236","negative regulation of endoplasmic reticulum stress-induced intrinsic apoptotic signaling pathway",10,2,1.32,"0.38923",0.38923,0.909427272727273
"GO:1902339","positive regulation of apoptotic process involved in morphogenesis",10,2,1.32,"0.38923",0.38923,0.909427272727273
"GO:1903846","positive regulation of cellular response to transforming growth factor beta stimulus",10,2,1.32,"0.38923",0.38923,0.909427272727273
"GO:1904747","positive regulation of apoptotic process involved in development",10,2,1.32,"0.38923",0.38923,0.909427272727273
"GO:1904814","regulation of protein localization to chromosome, telomeric region",10,2,1.32,"0.38923",0.38923,0.909427272727273
"GO:0071248","cellular response to metal ion",96,14,12.7,"0.39129",0.39129,0.909427272727273
"GO:0001523","retinoid metabolic process",31,5,4.1,"0.39208",0.39208,0.909427272727273
"GO:0002165","instar larval or pupal development",31,5,4.1,"0.39208",0.39208,0.909427272727273
"GO:0010453","regulation of cell fate commitment",31,5,4.1,"0.39208",0.39208,0.909427272727273
"GO:0046677","response to antibiotic",31,5,4.1,"0.39208",0.39208,0.909427272727273
"GO:0051058","negative regulation of small GTPase mediated signal transduction",31,5,4.1,"0.39208",0.39208,0.909427272727273
"GO:0060122","inner ear receptor cell stereocilium organization",31,5,4.1,"0.39208",0.39208,0.909427272727273
"GO:2000573","positive regulation of DNA biosynthetic process",31,5,4.1,"0.39208",0.39208,0.909427272727273
"GO:0000910","cytokinesis",118,17,15.61,"0.39227",0.39227,0.909427272727273
"GO:0008593","regulation of Notch signaling pathway",67,10,8.86,"0.39305",0.39305,0.909427272727273
"GO:0010466","negative regulation of peptidase activity",67,10,8.86,"0.39305",0.39305,0.909427272727273
"GO:0010951","negative regulation of endopeptidase activity",67,10,8.86,"0.39305",0.39305,0.909427272727273
"GO:0032092","positive regulation of protein binding",67,10,8.86,"0.39305",0.39305,0.909427272727273
"GO:0050779","RNA destabilization",67,10,8.86,"0.39305",0.39305,0.909427272727273
"GO:0055082","intracellular chemical homeostasis",310,43,41.01,"0.39313",0.39313,0.909427272727273
"GO:0019953","sexual reproduction",481,66,63.64,"0.39327",0.39327,0.909427272727273
"GO:0001776","leukocyte homeostasis",24,4,3.18,"0.39450",0.3945,0.909427272727273
"GO:0002526","acute inflammatory response",24,4,3.18,"0.39450",0.3945,0.909427272727273
"GO:0007413","axonal fasciculation",24,4,3.18,"0.39450",0.3945,0.909427272727273
"GO:0010822","positive regulation of mitochondrion organization",24,4,3.18,"0.39450",0.3945,0.909427272727273
"GO:0015914","phospholipid transport",24,4,3.18,"0.39450",0.3945,0.909427272727273
"GO:0031102","neuron projection regeneration",24,4,3.18,"0.39450",0.3945,0.909427272727273
"GO:0045672","positive regulation of osteoclast differentiation",24,4,3.18,"0.39450",0.3945,0.909427272727273
"GO:0046626","regulation of insulin receptor signaling pathway",24,4,3.18,"0.39450",0.3945,0.909427272727273
"GO:0051290","protein heterotetramerization",24,4,3.18,"0.39450",0.3945,0.909427272727273
"GO:0097006","regulation of plasma lipoprotein particle levels",24,4,3.18,"0.39450",0.3945,0.909427272727273
"GO:0106030","neuron projection fasciculation",24,4,3.18,"0.39450",0.3945,0.909427272727273
"GO:0110110","positive regulation of animal organ morphogenesis",24,4,3.18,"0.39450",0.3945,0.909427272727273
"GO:1900076","regulation of cellular response to insulin stimulus",24,4,3.18,"0.39450",0.3945,0.909427272727273
"GO:1990928","response to amino acid starvation",24,4,3.18,"0.39450",0.3945,0.909427272727273
"GO:0010948","negative regulation of cell cycle process",177,25,23.42,"0.39473",0.39473,0.909427272727273
"GO:0007314","oocyte anterior/posterior axis specification",17,3,2.25,"0.39494",0.39494,0.909427272727273
"GO:0007617","mating behavior",17,3,2.25,"0.39494",0.39494,0.909427272727273
"GO:0008358","maternal determination of anterior/posterior axis, embryo",17,3,2.25,"0.39494",0.39494,0.909427272727273
"GO:0010613","positive regulation of cardiac muscle hypertrophy",17,3,2.25,"0.39494",0.39494,0.909427272727273
"GO:0010812","negative regulation of cell-substrate adhesion",17,3,2.25,"0.39494",0.39494,0.909427272727273
"GO:0014014","negative regulation of gliogenesis",17,3,2.25,"0.39494",0.39494,0.909427272727273
"GO:0014742","positive regulation of muscle hypertrophy",17,3,2.25,"0.39494",0.39494,0.909427272727273
"GO:0030101","natural killer cell activation",17,3,2.25,"0.39494",0.39494,0.909427272727273
"GO:0032892","positive regulation of organic acid transport",17,3,2.25,"0.39494",0.39494,0.909427272727273
"GO:0034508","centromere complex assembly",17,3,2.25,"0.39494",0.39494,0.909427272727273
"GO:0044550","secondary metabolite biosynthetic process",17,3,2.25,"0.39494",0.39494,0.909427272727273
"GO:0070542","response to fatty acid",17,3,2.25,"0.39494",0.39494,0.909427272727273
"GO:0071205","protein localization to juxtaparanode region of axon",17,3,2.25,"0.39494",0.39494,0.909427272727273
"GO:0097105","presynaptic membrane assembly",17,3,2.25,"0.39494",0.39494,0.909427272727273
"GO:0030178","negative regulation of Wnt signaling pathway",89,13,11.77,"0.39604",0.39604,0.911050099800399
"GO:0031570","DNA integrity checkpoint signaling",89,13,11.77,"0.39604",0.39604,0.911050099800399
"GO:0006811","monoatomic ion transport",571,78,75.54,"0.39694",0.39694,0.912665037406484
"GO:0060964","regulation of miRNA-mediated gene silencing",60,9,7.94,"0.39786",0.39786,0.914324327018943
"GO:0006812","monoatomic cation transport",437,60,57.82,"0.39821",0.39821,0.914672695565521
"GO:0071692","protein localization to extracellular region",148,21,19.58,"0.40047",0.40047,0.919405727091633
"GO:0006813","potassium ion transport",126,18,16.67,"0.40146",0.40146,0.920303630034809
"GO:0006936","muscle contraction",126,18,16.67,"0.40146",0.40146,0.920303630034809
"GO:0035966","response to topologically incorrect protein",126,18,16.67,"0.40146",0.40146,0.920303630034809
"GO:0006260","DNA replication",222,31,29.37,"0.40198",0.40198,0.921037673956262
"GO:0001947","heart looping",53,8,7.01,"0.40291",0.40291,0.921794094292804
"GO:0035278","miRNA-mediated gene silencing by inhibition of translation",53,8,7.01,"0.40291",0.40291,0.921794094292804
"GO:0050714","positive regulation of protein secretion",53,8,7.01,"0.40291",0.40291,0.921794094292804
"GO:0030010","establishment of cell polarity",75,11,9.92,"0.40626",0.40626,0.927890936106984
"GO:0030073","insulin secretion",75,11,9.92,"0.40626",0.40626,0.927890936106984
"GO:0031398","positive regulation of protein ubiquitination",75,11,9.92,"0.40626",0.40626,0.927890936106984
"GO:0045664","regulation of neuron differentiation",119,17,15.74,"0.40638",0.40638,0.927890936106984
"GO:2000058","regulation of ubiquitin-dependent protein catabolic process",97,14,12.83,"0.40694",0.40694,0.928709603960396
"GO:0006513","protein monoubiquitination",46,7,6.09,"0.40822",0.40822,0.928871767028628
"GO:0007214","gamma-aminobutyric acid signaling pathway",46,7,6.09,"0.40822",0.40822,0.928871767028628
"GO:0009409","response to cold",46,7,6.09,"0.40822",0.40822,0.928871767028628
"GO:0030316","osteoclast differentiation",46,7,6.09,"0.40822",0.40822,0.928871767028628
"GO:0042129","regulation of T cell proliferation",46,7,6.09,"0.40822",0.40822,0.928871767028628
"GO:0051384","response to glucocorticoid",46,7,6.09,"0.40822",0.40822,0.928871767028628
"GO:0001678","intracellular glucose homeostasis",68,10,9,"0.41182",0.41182,0.934052009237875
"GO:0007498","mesoderm development",68,10,9,"0.41182",0.41182,0.934052009237875
"GO:0030072","peptide hormone secretion",90,13,11.91,"0.41233",0.41233,0.934052009237875
"GO:1901988","negative regulation of cell cycle phase transition",149,21,19.71,"0.41312",0.41312,0.934052009237875
"GO:0009247","glycolipid biosynthetic process",39,6,5.16,"0.41383",0.41383,0.934052009237875
"GO:0016073","snRNA metabolic process",39,6,5.16,"0.41383",0.41383,0.934052009237875
"GO:0022404","molting cycle process",39,6,5.16,"0.41383",0.41383,0.934052009237875
"GO:0022405","hair cycle process",39,6,5.16,"0.41383",0.41383,0.934052009237875
"GO:0043112","receptor metabolic process",39,6,5.16,"0.41383",0.41383,0.934052009237875
"GO:0043388","positive regulation of DNA binding",39,6,5.16,"0.41383",0.41383,0.934052009237875
"GO:0045921","positive regulation of exocytosis",39,6,5.16,"0.41383",0.41383,0.934052009237875
"GO:0098773","skin epidermis development",39,6,5.16,"0.41383",0.41383,0.934052009237875
"GO:1904888","cranial skeletal system development",39,6,5.16,"0.41383",0.41383,0.934052009237875
"GO:0043603","amide metabolic process",671,91,88.77,"0.41483",0.41483,0.934052009237875
"GO:0071805","potassium ion transmembrane transport",83,12,10.98,"0.41803",0.41803,0.934052009237875
"GO:0001706","endoderm formation",32,5,4.23,"0.41977",0.41977,0.934052009237875
"GO:0001942","hair follicle development",32,5,4.23,"0.41977",0.41977,0.934052009237875
"GO:0015748","organophosphate ester transport",32,5,4.23,"0.41977",0.41977,0.934052009237875
"GO:0019748","secondary metabolic process",32,5,4.23,"0.41977",0.41977,0.934052009237875
"GO:0033630","positive regulation of cell adhesion mediated by integrin",32,5,4.23,"0.41977",0.41977,0.934052009237875
"GO:0035176","social behavior",32,5,4.23,"0.41977",0.41977,0.934052009237875
"GO:0046824","positive regulation of nucleocytoplasmic transport",32,5,4.23,"0.41977",0.41977,0.934052009237875
"GO:1904063","negative regulation of cation transmembrane transport",32,5,4.23,"0.41977",0.41977,0.934052009237875
"GO:0006790","sulfur compound metabolic process",209,29,27.65,"0.42132",0.42132,0.934052009237875
"GO:0070372","regulation of ERK1 and ERK2 cascade",135,19,17.86,"0.42343",0.42343,0.934052009237875
"GO:0010632","regulation of epithelial cell migration",150,21,19.85,"0.42581",0.42581,0.934052009237875
"GO:0006283","transcription-coupled nucleotide-excision repair",25,4,3.31,"0.42603",0.42603,0.934052009237875
"GO:0006901","vesicle coating",25,4,3.31,"0.42603",0.42603,0.934052009237875
"GO:0008631","intrinsic apoptotic signaling pathway in response to oxidative stress",25,4,3.31,"0.42603",0.42603,0.934052009237875
"GO:0010092","specification of animal organ identity",25,4,3.31,"0.42603",0.42603,0.934052009237875
"GO:0019674","NAD metabolic process",25,4,3.31,"0.42603",0.42603,0.934052009237875
"GO:0040001","establishment of mitotic spindle localization",25,4,3.31,"0.42603",0.42603,0.934052009237875
"GO:0043462","regulation of ATP-dependent activity",25,4,3.31,"0.42603",0.42603,0.934052009237875
"GO:0044088","regulation of vacuole organization",25,4,3.31,"0.42603",0.42603,0.934052009237875
"GO:0045833","negative regulation of lipid metabolic process",25,4,3.31,"0.42603",0.42603,0.934052009237875
"GO:0048207","vesicle targeting, rough ER to cis-Golgi",25,4,3.31,"0.42603",0.42603,0.934052009237875
"GO:0048208","COPII vesicle coating",25,4,3.31,"0.42603",0.42603,0.934052009237875
"GO:0050966","detection of mechanical stimulus involved in sensory perception of pain",25,4,3.31,"0.42603",0.42603,0.934052009237875
"GO:1903035","negative regulation of response to wounding",25,4,3.31,"0.42603",0.42603,0.934052009237875
"GO:1903053","regulation of extracellular matrix organization",25,4,3.31,"0.42603",0.42603,0.934052009237875
"GO:0006310","DNA recombination",314,43,41.54,"0.42827",0.42827,0.934052009237875
"GO:0062012","regulation of small molecule metabolic process",91,13,12.04,"0.42864",0.42864,0.934052009237875
"GO:0000075","cell cycle checkpoint signaling",128,18,16.93,"0.42894",0.42894,0.934052009237875
"GO:0008544","epidermis development",128,18,16.93,"0.42894",0.42894,0.934052009237875
"GO:0019233","sensory perception of pain",69,10,9.13,"0.43059",0.43059,0.934052009237875
"GO:0048640","negative regulation of developmental growth",69,10,9.13,"0.43059",0.43059,0.934052009237875
"GO:0002576","platelet degranulation",47,7,6.22,"0.43104",0.43104,0.934052009237875
"GO:0034308","primary alcohol metabolic process",47,7,6.22,"0.43104",0.43104,0.934052009237875
"GO:0043401","steroid hormone mediated signaling pathway",47,7,6.22,"0.43104",0.43104,0.934052009237875
"GO:0060119","inner ear receptor cell development",47,7,6.22,"0.43104",0.43104,0.934052009237875
"GO:0006470","protein dephosphorylation",106,15,14.02,"0.43205",0.43205,0.934052009237875
"GO:0001941","postsynaptic membrane organization",18,3,2.38,"0.43245",0.43245,0.934052009237875
"GO:0002792","negative regulation of peptide secretion",18,3,2.38,"0.43245",0.43245,0.934052009237875
"GO:0003344","pericardium morphogenesis",18,3,2.38,"0.43245",0.43245,0.934052009237875
"GO:0006110","regulation of glycolytic process",18,3,2.38,"0.43245",0.43245,0.934052009237875
"GO:0006534","cysteine metabolic process",18,3,2.38,"0.43245",0.43245,0.934052009237875
"GO:0006828","manganese ion transport",18,3,2.38,"0.43245",0.43245,0.934052009237875
"GO:0007097","nuclear migration",18,3,2.38,"0.43245",0.43245,0.934052009237875
"GO:0007308","oocyte construction",18,3,2.38,"0.43245",0.43245,0.934052009237875
"GO:0007309","oocyte axis specification",18,3,2.38,"0.43245",0.43245,0.934052009237875
"GO:0007608","sensory perception of smell",18,3,2.38,"0.43245",0.43245,0.934052009237875
"GO:0032228","regulation of synaptic transmission, GABAergic",18,3,2.38,"0.43245",0.43245,0.934052009237875
"GO:0032878","regulation of establishment or maintenance of cell polarity",18,3,2.38,"0.43245",0.43245,0.934052009237875
"GO:0035774","positive regulation of insulin secretion involved in cellular response to glucose stimulus",18,3,2.38,"0.43245",0.43245,0.934052009237875
"GO:0046627","negative regulation of insulin receptor signaling pathway",18,3,2.38,"0.43245",0.43245,0.934052009237875
"GO:0050879","multicellular organismal movement",18,3,2.38,"0.43245",0.43245,0.934052009237875
"GO:0050881","musculoskeletal movement",18,3,2.38,"0.43245",0.43245,0.934052009237875
"GO:0070121","Kupffer's vesicle development",18,3,2.38,"0.43245",0.43245,0.934052009237875
"GO:0090278","negative regulation of peptide hormone secretion",18,3,2.38,"0.43245",0.43245,0.934052009237875
"GO:0090303","positive regulation of wound healing",18,3,2.38,"0.43245",0.43245,0.934052009237875
"GO:0097090","presynaptic membrane organization",18,3,2.38,"0.43245",0.43245,0.934052009237875
"GO:0099054","presynapse assembly",18,3,2.38,"0.43245",0.43245,0.934052009237875
"GO:0140895","cell surface toll-like receptor signaling pathway",18,3,2.38,"0.43245",0.43245,0.934052009237875
"GO:1900077","negative regulation of cellular response to insulin stimulus",18,3,2.38,"0.43245",0.43245,0.934052009237875
"GO:1900744","regulation of p38MAPK cascade",18,3,2.38,"0.43245",0.43245,0.934052009237875
"GO:0044843","cell cycle G1/S phase transition",158,22,20.9,"0.43304",0.43304,0.934052009237875
"GO:0006898","receptor-mediated endocytosis",121,17,16.01,"0.43470",0.4347,0.934052009237875
"GO:0016050","vesicle organization",218,30,28.84,"0.43792",0.43792,0.934052009237875
"GO:0000712","resolution of meiotic recombination intermediates",11,2,1.46,"0.43806",0.43806,0.934052009237875
"GO:0003009","skeletal muscle contraction",11,2,1.46,"0.43806",0.43806,0.934052009237875
"GO:0006183","GTP biosynthetic process",11,2,1.46,"0.43806",0.43806,0.934052009237875
"GO:0006907","pinocytosis",11,2,1.46,"0.43806",0.43806,0.934052009237875
"GO:0006999","nuclear pore organization",11,2,1.46,"0.43806",0.43806,0.934052009237875
"GO:0007176","regulation of epidermal growth factor-activated receptor activity",11,2,1.46,"0.43806",0.43806,0.934052009237875
"GO:0007455","eye-antennal disc morphogenesis",11,2,1.46,"0.43806",0.43806,0.934052009237875
"GO:0007530","sex determination",11,2,1.46,"0.43806",0.43806,0.934052009237875
"GO:0008206","bile acid metabolic process",11,2,1.46,"0.43806",0.43806,0.934052009237875
"GO:0009065","glutamine family amino acid catabolic process",11,2,1.46,"0.43806",0.43806,0.934052009237875
"GO:0010524","positive regulation of calcium ion transport into cytosol",11,2,1.46,"0.43806",0.43806,0.934052009237875
"GO:0010763","positive regulation of fibroblast migration",11,2,1.46,"0.43806",0.43806,0.934052009237875
"GO:0016074","sno(s)RNA metabolic process",11,2,1.46,"0.43806",0.43806,0.934052009237875
"GO:0016198","axon choice point recognition",11,2,1.46,"0.43806",0.43806,0.934052009237875
"GO:0016199","axon midline choice point recognition",11,2,1.46,"0.43806",0.43806,0.934052009237875
"GO:0016558","protein import into peroxisome matrix",11,2,1.46,"0.43806",0.43806,0.934052009237875
"GO:0021799","cerebral cortex radially oriented cell migration",11,2,1.46,"0.43806",0.43806,0.934052009237875
"GO:0030836","positive regulation of actin filament depolymerization",11,2,1.46,"0.43806",0.43806,0.934052009237875
"GO:0030858","positive regulation of epithelial cell differentiation",11,2,1.46,"0.43806",0.43806,0.934052009237875
"GO:0031573","mitotic intra-S DNA damage checkpoint signaling",11,2,1.46,"0.43806",0.43806,0.934052009237875
"GO:0032570","response to progesterone",11,2,1.46,"0.43806",0.43806,0.934052009237875
"GO:0032780","negative regulation of ATP-dependent activity",11,2,1.46,"0.43806",0.43806,0.934052009237875
"GO:0033688","regulation of osteoblast proliferation",11,2,1.46,"0.43806",0.43806,0.934052009237875
"GO:0035089","establishment of apical/basal cell polarity",11,2,1.46,"0.43806",0.43806,0.934052009237875
"GO:0036119","response to platelet-derived growth factor",11,2,1.46,"0.43806",0.43806,0.934052009237875
"GO:0036120","cellular response to platelet-derived growth factor stimulus",11,2,1.46,"0.43806",0.43806,0.934052009237875
"GO:0042474","middle ear morphogenesis",11,2,1.46,"0.43806",0.43806,0.934052009237875
"GO:0043968","histone H2A acetylation",11,2,1.46,"0.43806",0.43806,0.934052009237875
"GO:0044030","regulation of DNA methylation",11,2,1.46,"0.43806",0.43806,0.934052009237875
"GO:0044788","modulation by host of viral process",11,2,1.46,"0.43806",0.43806,0.934052009237875
"GO:0045686","negative regulation of glial cell differentiation",11,2,1.46,"0.43806",0.43806,0.934052009237875
"GO:0045780","positive regulation of bone resorption",11,2,1.46,"0.43806",0.43806,0.934052009237875
"GO:0045907","positive regulation of vasoconstriction",11,2,1.46,"0.43806",0.43806,0.934052009237875
"GO:0048630","skeletal muscle tissue growth",11,2,1.46,"0.43806",0.43806,0.934052009237875
"GO:0048631","regulation of skeletal muscle tissue growth",11,2,1.46,"0.43806",0.43806,0.934052009237875
"GO:0048671","negative regulation of collateral sprouting",11,2,1.46,"0.43806",0.43806,0.934052009237875
"GO:0050891","multicellular organismal-level water homeostasis",11,2,1.46,"0.43806",0.43806,0.934052009237875
"GO:0051967","negative regulation of synaptic transmission, glutamatergic",11,2,1.46,"0.43806",0.43806,0.934052009237875
"GO:0060004","reflex",11,2,1.46,"0.43806",0.43806,0.934052009237875
"GO:0060080","inhibitory postsynaptic potential",11,2,1.46,"0.43806",0.43806,0.934052009237875
"GO:0060534","trachea cartilage development",11,2,1.46,"0.43806",0.43806,0.934052009237875
"GO:0060535","trachea cartilage morphogenesis",11,2,1.46,"0.43806",0.43806,0.934052009237875
"GO:0061099","negative regulation of protein tyrosine kinase activity",11,2,1.46,"0.43806",0.43806,0.934052009237875
"GO:0061162","establishment of monopolar cell polarity",11,2,1.46,"0.43806",0.43806,0.934052009237875
"GO:0061339","establishment or maintenance of monopolar cell polarity",11,2,1.46,"0.43806",0.43806,0.934052009237875
"GO:0070091","glucagon secretion",11,2,1.46,"0.43806",0.43806,0.934052009237875
"GO:0070092","regulation of glucagon secretion",11,2,1.46,"0.43806",0.43806,0.934052009237875
"GO:0070544","histone H3-K36 demethylation",11,2,1.46,"0.43806",0.43806,0.934052009237875
"GO:0071312","cellular response to alkaloid",11,2,1.46,"0.43806",0.43806,0.934052009237875
"GO:0072529","pyrimidine-containing compound catabolic process",11,2,1.46,"0.43806",0.43806,0.934052009237875
"GO:0090270","regulation of fibroblast growth factor production",11,2,1.46,"0.43806",0.43806,0.934052009237875
"GO:1901881","positive regulation of protein depolymerization",11,2,1.46,"0.43806",0.43806,0.934052009237875
"GO:1903715","regulation of aerobic respiration",11,2,1.46,"0.43806",0.43806,0.934052009237875
"GO:1905476","negative regulation of protein localization to membrane",11,2,1.46,"0.43806",0.43806,0.934052009237875
"GO:2000272","negative regulation of signaling receptor activity",11,2,1.46,"0.43806",0.43806,0.934052009237875
"GO:2000757","negative regulation of peptidyl-lysine acetylation",11,2,1.46,"0.43806",0.43806,0.934052009237875
"GO:0000018","regulation of DNA recombination",40,6,5.29,"0.43866",0.43866,0.934052009237875
"GO:0006367","transcription initiation at RNA polymerase II promoter",40,6,5.29,"0.43866",0.43866,0.934052009237875
"GO:0009886","post-embryonic animal morphogenesis",40,6,5.29,"0.43866",0.43866,0.934052009237875
"GO:0061912","selective autophagy",40,6,5.29,"0.43866",0.43866,0.934052009237875
"GO:2000134","negative regulation of G1/S transition of mitotic cell cycle",40,6,5.29,"0.43866",0.43866,0.934052009237875
"GO:0035303","regulation of dephosphorylation",77,11,10.19,"0.44191",0.44191,0.940537903970452
"GO:0040008","regulation of growth",368,50,48.69,"0.44242",0.44242,0.94118883248731
"GO:0051346","negative regulation of hydrolase activity",129,18,17.07,"0.44269",0.44269,0.941256154910097
"GO:0022412","cellular process involved in reproduction in multicellular organism",211,29,27.92,"0.44286",0.44286,0.941256154910097
"GO:0006338","chromatin remodeling",144,20,19.05,"0.44422",0.44422,0.943711612903226
"GO:0002790","peptide secretion",92,13,12.17,"0.44495",0.44495,0.944392034990792
"GO:0009746","response to hexose",92,13,12.17,"0.44495",0.44495,0.944392034990792
"GO:0120034","positive regulation of plasma membrane bounded cell projection assembly",55,8,7.28,"0.44526",0.44526,0.944615094339623
"GO:0007032","endosome organization",33,5,4.37,"0.44723",0.44723,0.945747844036697
"GO:0043502","regulation of muscle adaptation",33,5,4.37,"0.44723",0.44723,0.945747844036697
"GO:0045778","positive regulation of ossification",33,5,4.37,"0.44723",0.44723,0.945747844036697
"GO:0046686","response to cadmium ion",33,5,4.37,"0.44723",0.44723,0.945747844036697
"GO:0072332","intrinsic apoptotic signaling pathway by p53 class mediator",33,5,4.37,"0.44723",0.44723,0.945747844036697
"GO:1901616","organic hydroxy compound catabolic process",33,5,4.37,"0.44723",0.44723,0.945747844036697
"GO:2001237","negative regulation of extrinsic apoptotic signaling pathway",33,5,4.37,"0.44723",0.44723,0.945747844036697
"GO:1901875","positive regulation of post-translational protein modification",122,17,16.14,"0.44887",0.44887,0.948780696928015
"GO:0003143","embryonic heart tube morphogenesis",70,10,9.26,"0.44932",0.44932,0.949296608615949
"GO:0000082","G1/S transition of mitotic cell cycle",152,21,20.11,"0.45122",0.45122,0.952874118185983
"GO:0006606","protein import into nucleus",85,12,11.25,"0.45205",0.45205,0.954189789377289
"GO:0010172","embryonic body morphogenesis",48,7,6.35,"0.45373",0.45373,0.956859698078683
"GO:0072527","pyrimidine-containing compound metabolic process",48,7,6.35,"0.45373",0.45373,0.956859698078683
"GO:0032504","multicellular organism reproduction",407,55,53.85,"0.45456",0.45456,0.958171742112483
"GO:0032873","negative regulation of stress-activated MAPK cascade",26,4,3.44,"0.45712",0.45712,0.96224803652968
"GO:0043496","regulation of protein homodimerization activity",26,4,3.44,"0.45712",0.45712,0.96224803652968
"GO:0070303","negative regulation of stress-activated protein kinase signaling cascade",26,4,3.44,"0.45712",0.45712,0.96224803652968
"GO:0060113","inner ear receptor cell differentiation",63,9,8.34,"0.45739",0.45739,0.962376951163852
"GO:0030029","actin filament-based process",310,42,41.01,"0.45927",0.45927,0.96589174270073
"GO:0043409","negative regulation of MAPK cascade",78,11,10.32,"0.45968",0.45968,0.966313178294574
"GO:0001837","epithelial to mesenchymal transition",108,15,14.29,"0.46228",0.46228,0.970562253141831
"GO:0071867","response to monoamine",41,6,5.42,"0.46329",0.46329,0.970562253141831
"GO:0071869","response to catecholamine",41,6,5.42,"0.46329",0.46329,0.970562253141831
"GO:1902807","negative regulation of cell cycle G1/S phase transition",41,6,5.42,"0.46329",0.46329,0.970562253141831
"GO:1990823","response to leukemia inhibitory factor",41,6,5.42,"0.46329",0.46329,0.970562253141831
"GO:1990830","cellular response to leukemia inhibitory factor",41,6,5.42,"0.46329",0.46329,0.970562253141831
"GO:1903320","regulation of protein modification by small protein conjugation or removal",138,19,18.26,"0.46355",0.46355,0.970562253141831
"GO:1902532","negative regulation of intracellular signal transduction",288,39,38.1,"0.46400",0.464,0.970562253141831
"GO:0050906","detection of stimulus involved in sensory perception",56,8,7.41,"0.46628",0.46628,0.970562253141831
"GO:0070585","protein localization to mitochondrion",56,8,7.41,"0.46628",0.46628,0.970562253141831
"GO:0016567","protein ubiquitination",574,77,75.94,"0.46631",0.46631,0.970562253141831
"GO:0050789","regulation of biological process",5692,755,753.06,"0.46737",0.46737,0.970562253141831
"GO:0060147","regulation of post-transcriptional gene silencing",71,10,9.39,"0.46797",0.46797,0.970562253141831
"GO:0070507","regulation of microtubule cytoskeleton organization",71,10,9.39,"0.46797",0.46797,0.970562253141831
"GO:0001508","action potential",86,12,11.38,"0.46899",0.46899,0.970562253141831
"GO:0001541","ovarian follicle development",19,3,2.51,"0.46907",0.46907,0.970562253141831
"GO:0001759","organ induction",19,3,2.51,"0.46907",0.46907,0.970562253141831
"GO:0002931","response to ischemia",19,3,2.51,"0.46907",0.46907,0.970562253141831
"GO:0007129","homologous chromosome pairing at meiosis",19,3,2.51,"0.46907",0.46907,0.970562253141831
"GO:0010633","negative regulation of epithelial cell migration",19,3,2.51,"0.46907",0.46907,0.970562253141831
"GO:0030520","intracellular estrogen receptor signaling pathway",19,3,2.51,"0.46907",0.46907,0.970562253141831
"GO:0030850","prostate gland development",19,3,2.51,"0.46907",0.46907,0.970562253141831
"GO:0032212","positive regulation of telomere maintenance via telomerase",19,3,2.51,"0.46907",0.46907,0.970562253141831
"GO:0032288","myelin assembly",19,3,2.51,"0.46907",0.46907,0.970562253141831
"GO:0034110","regulation of homotypic cell-cell adhesion",19,3,2.51,"0.46907",0.46907,0.970562253141831
"GO:0034381","plasma lipoprotein particle clearance",19,3,2.51,"0.46907",0.46907,0.970562253141831
"GO:0035136","forelimb morphogenesis",19,3,2.51,"0.46907",0.46907,0.970562253141831
"GO:0042059","negative regulation of epidermal growth factor receptor signaling pathway",19,3,2.51,"0.46907",0.46907,0.970562253141831
"GO:0050955","thermoception",19,3,2.51,"0.46907",0.46907,0.970562253141831
"GO:0051055","negative regulation of lipid biosynthetic process",19,3,2.51,"0.46907",0.46907,0.970562253141831
"GO:0051491","positive regulation of filopodium assembly",19,3,2.51,"0.46907",0.46907,0.970562253141831
"GO:0090199","regulation of release of cytochrome c from mitochondria",19,3,2.51,"0.46907",0.46907,0.970562253141831
"GO:1903747","regulation of establishment of protein localization to mitochondrion",19,3,2.51,"0.46907",0.46907,0.970562253141831
"GO:1904358","positive regulation of telomere maintenance via telomere lengthening",19,3,2.51,"0.46907",0.46907,0.970562253141831
"GO:2000273","positive regulation of signaling receptor activity",19,3,2.51,"0.46907",0.46907,0.970562253141831
"GO:0051049","regulation of transport",710,95,93.93,"0.46932",0.46932,0.970643876177658
"GO:0051222","positive regulation of protein transport",131,18,17.33,"0.47017",0.47017,0.971695428059166
"GO:0016331","morphogenesis of embryonic epithelium",146,20,19.32,"0.47025",0.47025,0.971695428059166
"GO:0051960","regulation of nervous system development",259,35,34.27,"0.47406",0.47406,0.972287283737024
"GO:0022617","extracellular matrix disassembly",34,5,4.5,"0.47434",0.47434,0.972287283737024
"GO:0032946","positive regulation of mononuclear cell proliferation",34,5,4.5,"0.47434",0.47434,0.972287283737024
"GO:0042417","dopamine metabolic process",34,5,4.5,"0.47434",0.47434,0.972287283737024
"GO:0050671","positive regulation of lymphocyte proliferation",34,5,4.5,"0.47434",0.47434,0.972287283737024
"GO:0050795","regulation of behavior",34,5,4.5,"0.47434",0.47434,0.972287283737024
"GO:0050974","detection of mechanical stimulus involved in sensory perception",34,5,4.5,"0.47434",0.47434,0.972287283737024
"GO:0070665","positive regulation of leukocyte proliferation",34,5,4.5,"0.47434",0.47434,0.972287283737024
"GO:0006325","chromatin organization",214,29,28.31,"0.47520",0.4752,0.972287283737024
"GO:0051130","positive regulation of cellular component organization",583,78,77.13,"0.47609",0.47609,0.972287283737024
"GO:0009593","detection of chemical stimulus",49,7,6.48,"0.47624",0.47624,0.972287283737024
"GO:0007219","Notch signaling pathway",139,19,18.39,"0.47689",0.47689,0.972287283737024
"GO:0061157","mRNA destabilization",64,9,8.47,"0.47706",0.47706,0.972287283737024
"GO:1901657","glycosyl compound metabolic process",79,11,10.45,"0.47737",0.47737,0.972287283737024
"GO:1903313","positive regulation of mRNA metabolic process",79,11,10.45,"0.47737",0.47737,0.972287283737024
"GO:0006508","proteolysis",983,131,130.05,"0.47845",0.47845,0.972287283737024
"GO:0034330","cell junction organization",335,45,44.32,"0.48080",0.4808,0.972287283737024
"GO:0010506","regulation of autophagy",132,18,17.46,"0.48386",0.48386,0.972287283737024
"GO:0000413","protein peptidyl-prolyl isomerization",12,2,1.59,"0.48467",0.48467,0.972287283737024
"GO:0002068","glandular epithelial cell development",12,2,1.59,"0.48467",0.48467,0.972287283737024
"GO:0006568","tryptophan metabolic process",12,2,1.59,"0.48467",0.48467,0.972287283737024
"GO:0006586","indolalkylamine metabolic process",12,2,1.59,"0.48467",0.48467,0.972287283737024
"GO:0006684","sphingomyelin metabolic process",12,2,1.59,"0.48467",0.48467,0.972287283737024
"GO:0007628","adult walking behavior",12,2,1.59,"0.48467",0.48467,0.972287283737024
"GO:0009048","dosage compensation by inactivation of X chromosome",12,2,1.59,"0.48467",0.48467,0.972287283737024
"GO:0009208","pyrimidine ribonucleoside triphosphate metabolic process",12,2,1.59,"0.48467",0.48467,0.972287283737024
"GO:0009209","pyrimidine ribonucleoside triphosphate biosynthetic process",12,2,1.59,"0.48467",0.48467,0.972287283737024
"GO:0009642","response to light intensity",12,2,1.59,"0.48467",0.48467,0.972287283737024
"GO:0010614","negative regulation of cardiac muscle hypertrophy",12,2,1.59,"0.48467",0.48467,0.972287283737024
"GO:0010954","positive regulation of protein processing",12,2,1.59,"0.48467",0.48467,0.972287283737024
"GO:0014741","negative regulation of muscle hypertrophy",12,2,1.59,"0.48467",0.48467,0.972287283737024
"GO:0014911","positive regulation of smooth muscle cell migration",12,2,1.59,"0.48467",0.48467,0.972287283737024
"GO:0021631","optic nerve morphogenesis",12,2,1.59,"0.48467",0.48467,0.972287283737024
"GO:0033623","regulation of integrin activation",12,2,1.59,"0.48467",0.48467,0.972287283737024
"GO:0034086","maintenance of sister chromatid cohesion",12,2,1.59,"0.48467",0.48467,0.972287283737024
"GO:0034088","maintenance of mitotic sister chromatid cohesion",12,2,1.59,"0.48467",0.48467,0.972287283737024
"GO:0035214","eye-antennal disc development",12,2,1.59,"0.48467",0.48467,0.972287283737024
"GO:0035330","regulation of hippo signaling",12,2,1.59,"0.48467",0.48467,0.972287283737024
"GO:0035493","SNARE complex assembly",12,2,1.59,"0.48467",0.48467,0.972287283737024
"GO:0036003","positive regulation of transcription from RNA polymerase II promoter in response to stress",12,2,1.59,"0.48467",0.48467,0.972287283737024
"GO:0042074","cell migration involved in gastrulation",12,2,1.59,"0.48467",0.48467,0.972287283737024
"GO:0042335","cuticle development",12,2,1.59,"0.48467",0.48467,0.972287283737024
"GO:0042359","vitamin D metabolic process",12,2,1.59,"0.48467",0.48467,0.972287283737024
"GO:0042537","benzene-containing compound metabolic process",12,2,1.59,"0.48467",0.48467,0.972287283737024
"GO:0043029","T cell homeostasis",12,2,1.59,"0.48467",0.48467,0.972287283737024
"GO:0043949","regulation of cAMP-mediated signaling",12,2,1.59,"0.48467",0.48467,0.972287283737024
"GO:0048009","insulin-like growth factor receptor signaling pathway",12,2,1.59,"0.48467",0.48467,0.972287283737024
"GO:0048011","neurotrophin TRK receptor signaling pathway",12,2,1.59,"0.48467",0.48467,0.972287283737024
"GO:0048520","positive regulation of behavior",12,2,1.59,"0.48467",0.48467,0.972287283737024
"GO:0048842","positive regulation of axon extension involved in axon guidance",12,2,1.59,"0.48467",0.48467,0.972287283737024
"GO:0060536","cartilage morphogenesis",12,2,1.59,"0.48467",0.48467,0.972287283737024
"GO:0071385","cellular response to glucocorticoid stimulus",12,2,1.59,"0.48467",0.48467,0.972287283737024
"GO:0090200","positive regulation of release of cytochrome c from mitochondria",12,2,1.59,"0.48467",0.48467,0.972287283737024
"GO:0090269","fibroblast growth factor production",12,2,1.59,"0.48467",0.48467,0.972287283737024
"GO:0099068","postsynapse assembly",12,2,1.59,"0.48467",0.48467,0.972287283737024
"GO:1902337","regulation of apoptotic process involved in morphogenesis",12,2,1.59,"0.48467",0.48467,0.972287283737024
"GO:1903055","positive regulation of extracellular matrix organization",12,2,1.59,"0.48467",0.48467,0.972287283737024
"GO:1903319","positive regulation of protein maturation",12,2,1.59,"0.48467",0.48467,0.972287283737024
"GO:1903793","positive regulation of monoatomic anion transport",12,2,1.59,"0.48467",0.48467,0.972287283737024
"GO:1904748","regulation of apoptotic process involved in development",12,2,1.59,"0.48467",0.48467,0.972287283737024
"GO:1905207","regulation of cardiocyte differentiation",12,2,1.59,"0.48467",0.48467,0.972287283737024
"GO:2000142","regulation of DNA-templated transcription initiation",12,2,1.59,"0.48467",0.48467,0.972287283737024
"GO:2001014","regulation of skeletal muscle cell differentiation",12,2,1.59,"0.48467",0.48467,0.972287283737024
"GO:0061136","regulation of proteasomal protein catabolic process",102,14,13.49,"0.48517",0.48517,0.972287283737024
"GO:0035050","embryonic heart tube development",72,10,9.53,"0.48651",0.48651,0.972287283737024
"GO:0044774","mitotic DNA integrity checkpoint signaling",57,8,7.54,"0.48714",0.48714,0.972287283737024
"GO:0006956","complement activation",27,4,3.57,"0.48762",0.48762,0.972287283737024
"GO:0031571","mitotic G1 DNA damage checkpoint signaling",27,4,3.57,"0.48762",0.48762,0.972287283737024
"GO:0033866","nucleoside bisphosphate biosynthetic process",27,4,3.57,"0.48762",0.48762,0.972287283737024
"GO:0034030","ribonucleoside bisphosphate biosynthetic process",27,4,3.57,"0.48762",0.48762,0.972287283737024
"GO:0034033","purine nucleoside bisphosphate biosynthetic process",27,4,3.57,"0.48762",0.48762,0.972287283737024
"GO:0042149","cellular response to glucose starvation",27,4,3.57,"0.48762",0.48762,0.972287283737024
"GO:0044819","mitotic G1/S transition checkpoint signaling",27,4,3.57,"0.48762",0.48762,0.972287283737024
"GO:0045069","regulation of viral genome replication",27,4,3.57,"0.48762",0.48762,0.972287283737024
"GO:0048199","vesicle targeting, to, from or within Golgi",27,4,3.57,"0.48762",0.48762,0.972287283737024
"GO:0051496","positive regulation of stress fiber assembly",27,4,3.57,"0.48762",0.48762,0.972287283737024
"GO:1900024","regulation of substrate adhesion-dependent cell spreading",27,4,3.57,"0.48762",0.48762,0.972287283737024
"GO:1990542","mitochondrial transmembrane transport",27,4,3.57,"0.48762",0.48762,0.972287283737024
"GO:2000242","negative regulation of reproductive process",27,4,3.57,"0.48762",0.48762,0.972287283737024
"GO:0001659","temperature homeostasis",42,6,5.56,"0.48762",0.48762,0.972287283737024
"GO:0042633","hair cycle",42,6,5.56,"0.48762",0.48762,0.972287283737024
"GO:0071695","anatomical structure maturation",155,21,20.51,"0.48924",0.48924,0.975095719844358
"GO:0015980","energy derivation by oxidation of organic compounds",110,15,14.55,"0.49233",0.49233,0.98083029386344
"GO:0071704","organic substance metabolic process",6540,866,865.25,"0.49490",0.4949,0.984773198100993
"GO:0051495","positive regulation of cytoskeleton organization",80,11,10.58,"0.49495",0.49495,0.984773198100993
"GO:1902806","regulation of cell cycle G1/S phase transition",80,11,10.58,"0.49495",0.49495,0.984773198100993
"GO:0032446","protein modification by small protein conjugation",601,80,79.51,"0.49528",0.49528,0.985000688468158
"GO:0031324","negative regulation of cellular metabolic process",1198,159,158.5,"0.49648",0.49648,0.985000688468158
"GO:0006720","isoprenoid metabolic process",65,9,8.6,"0.49656",0.49656,0.985000688468158
"GO:0009755","hormone-mediated signaling pathway",65,9,8.6,"0.49656",0.49656,0.985000688468158
"GO:0060966","regulation of gene silencing by regulatory ncRNA",65,9,8.6,"0.49656",0.49656,0.985000688468158
"GO:0090090","negative regulation of canonical Wnt signaling pathway",65,9,8.6,"0.49656",0.49656,0.985000688468158
"GO:1900368","regulation of post-transcriptional gene silencing by regulatory ncRNA",65,9,8.6,"0.49656",0.49656,0.985000688468158
"GO:0008286","insulin receptor signaling pathway",50,7,6.62,"0.49850",0.4985,0.987012820512821
"GO:0001838","embryonic epithelial tube formation",118,16,15.61,"0.49898",0.49898,0.987012820512821
"GO:0007156","homophilic cell adhesion via plasma membrane adhesion molecules",118,16,15.61,"0.49898",0.49898,0.987012820512821
"GO:0045017","glycerolipid biosynthetic process",118,16,15.61,"0.49898",0.49898,0.987012820512821
"GO:0051321","meiotic cell cycle",171,23,22.62,"0.50038",0.50038,0.987012820512821
"GO:0010976","positive regulation of neuron projection development",103,14,13.63,"0.50066",0.50066,0.987012820512821
"GO:0006096","glycolytic process",35,5,4.63,"0.50100",0.501,0.987012820512821
"GO:0006903","vesicle targeting",35,5,4.63,"0.50100",0.501,0.987012820512821
"GO:0016101","diterpenoid metabolic process",35,5,4.63,"0.50100",0.501,0.987012820512821
"GO:0033628","regulation of cell adhesion mediated by integrin",35,5,4.63,"0.50100",0.501,0.987012820512821
"GO:0034766","negative regulation of monoatomic ion transmembrane transport",35,5,4.63,"0.50100",0.501,0.987012820512821
"GO:0043500","muscle adaptation",35,5,4.63,"0.50100",0.501,0.987012820512821
"GO:0048678","response to axon injury",35,5,4.63,"0.50100",0.501,0.987012820512821
"GO:1902808","positive regulation of cell cycle G1/S phase transition",35,5,4.63,"0.50100",0.501,0.987012820512821
"GO:1903429","regulation of cell maturation",35,5,4.63,"0.50100",0.501,0.987012820512821
"GO:1903900","regulation of viral life cycle",35,5,4.63,"0.50100",0.501,0.987012820512821
"GO:0030308","negative regulation of cell growth",88,12,11.64,"0.50259",0.50259,0.989722298163178
"GO:0090066","regulation of anatomical structure size",262,35,34.66,"0.50339",0.50339,0.989835659574468
"GO:0044271","cellular nitrogen compound biosynthetic process",2477,328,327.71,"0.50395",0.50395,0.989835659574468
"GO:0003146","heart jogging",20,3,2.65,"0.50458",0.50458,0.989835659574468
"GO:0006378","mRNA polyadenylation",20,3,2.65,"0.50458",0.50458,0.989835659574468
"GO:0042311","vasodilation",20,3,2.65,"0.50458",0.50458,0.989835659574468
"GO:0043470","regulation of carbohydrate catabolic process",20,3,2.65,"0.50458",0.50458,0.989835659574468
"GO:0043552","positive regulation of phosphatidylinositol 3-kinase activity",20,3,2.65,"0.50458",0.50458,0.989835659574468
"GO:1902022","L-lysine transport",20,3,2.65,"0.50458",0.50458,0.989835659574468
"GO:2000679","positive regulation of transcription regulatory region DNA binding",20,3,2.65,"0.50458",0.50458,0.989835659574468
"GO:0044770","cell cycle phase transition",346,46,45.78,"0.51040",0.5104,0.999354237288136
"GO:0050767","regulation of neurogenesis",187,25,24.74,"0.51056",0.51056,0.999354237288136
"GO:0000422","autophagy of mitochondrion",43,6,5.69,"0.51160",0.5116,0.999354237288136
"GO:0001755","neural crest cell migration",43,6,5.69,"0.51160",0.5116,0.999354237288136
"GO:0030301","cholesterol transport",43,6,5.69,"0.51160",0.5116,0.999354237288136
"GO:0045446","endothelial cell differentiation",43,6,5.69,"0.51160",0.5116,0.999354237288136
"GO:0061726","mitochondrion disassembly",43,6,5.69,"0.51160",0.5116,0.999354237288136
"GO:0090497","mesenchymal cell migration",43,6,5.69,"0.51160",0.5116,0.999354237288136
"GO:1902017","regulation of cilium assembly",43,6,5.69,"0.51160",0.5116,0.999354237288136
"GO:1903312","negative regulation of mRNA metabolic process",43,6,5.69,"0.51160",0.5116,0.999354237288136
"GO:0000077","DNA damage checkpoint signaling",81,11,10.72,"0.51238",0.51238,1
"GO:0099504","synaptic vesicle cycle",81,11,10.72,"0.51238",0.51238,1
"GO:0009880","embryonic pattern specification",66,9,8.73,"0.51586",0.51586,1
"GO:0021761","limbic system development",66,9,8.73,"0.51586",0.51586,1
"GO:0033555","multicellular organismal response to stress",66,9,8.73,"0.51586",0.51586,1
"GO:0022402","cell cycle process",748,99,98.96,"0.51591",0.51591,1
"GO:0002562","somatic diversification of immune receptors via germline recombination within a single locus",28,4,3.7,"0.51739",0.51739,1
"GO:0006509","membrane protein ectodomain proteolysis",28,4,3.7,"0.51739",0.51739,1
"GO:0010324","membrane invagination",28,4,3.7,"0.51739",0.51739,1
"GO:0016444","somatic cell DNA recombination",28,4,3.7,"0.51739",0.51739,1
"GO:0019915","lipid storage",28,4,3.7,"0.51739",0.51739,1
"GO:0031646","positive regulation of nervous system process",28,4,3.7,"0.51739",0.51739,1
"GO:0042102","positive regulation of T cell proliferation",28,4,3.7,"0.51739",0.51739,1
"GO:0046173","polyol biosynthetic process",28,4,3.7,"0.51739",0.51739,1
"GO:0050729","positive regulation of inflammatory response",28,4,3.7,"0.51739",0.51739,1
"GO:0071674","mononuclear cell migration",28,4,3.7,"0.51739",0.51739,1
"GO:0019058","viral life cycle",127,17,16.8,"0.51912",0.51912,1
"GO:0045930","negative regulation of mitotic cell cycle",127,17,16.8,"0.51912",0.51912,1
"GO:0032680","regulation of tumor necrosis factor production",89,12,11.77,"0.51919",0.51919,1
"GO:1903555","regulation of tumor necrosis factor superfamily cytokine production",89,12,11.77,"0.51919",0.51919,1
"GO:2000027","regulation of animal organ morphogenesis",89,12,11.77,"0.51919",0.51919,1
"GO:0030099","myeloid cell differentiation",165,22,21.83,"0.51945",0.51945,1
"GO:0009798","axis specification",74,10,9.79,"0.52308",0.52308,1
"GO:0035195","miRNA-mediated post-transcriptional gene silencing",74,10,9.79,"0.52308",0.52308,1
"GO:0050773","regulation of dendrite development",74,10,9.79,"0.52308",0.52308,1
"GO:2000045","regulation of G1/S transition of mitotic cell cycle",74,10,9.79,"0.52308",0.52308,1
"GO:0016311","dephosphorylation",173,23,22.89,"0.52430",0.5243,1
"GO:0009582","detection of abiotic stimulus",135,18,17.86,"0.52455",0.52455,1
"GO:0045926","negative regulation of growth",135,18,17.86,"0.52455",0.52455,1
"GO:0098660","inorganic ion transmembrane transport",272,36,35.99,"0.52673",0.52673,1
"GO:0007229","integrin-mediated signaling pathway",36,5,4.76,"0.52712",0.52712,1
"GO:0021575","hindbrain morphogenesis",36,5,4.76,"0.52712",0.52712,1
"GO:0021885","forebrain cell migration",36,5,4.76,"0.52712",0.52712,1
"GO:0022029","telencephalon cell migration",36,5,4.76,"0.52712",0.52712,1
"GO:0032922","circadian regulation of gene expression",36,5,4.76,"0.52712",0.52712,1
"GO:0035304","regulation of protein dephosphorylation",36,5,4.76,"0.52712",0.52712,1
"GO:0048609","multicellular organismal reproductive process",386,51,51.07,"0.52776",0.52776,1
"GO:0006493","protein O-linked glycosylation",59,8,7.81,"0.52811",0.52811,1
"GO:1902904","negative regulation of supramolecular fiber organization",59,8,7.81,"0.52811",0.52811,1
"GO:0000959","mitochondrial RNA metabolic process",13,2,1.72,"0.52879",0.52879,1
"GO:0001782","B cell homeostasis",13,2,1.72,"0.52879",0.52879,1
"GO:0002714","positive regulation of B cell mediated immunity",13,2,1.72,"0.52879",0.52879,1
"GO:0002891","positive regulation of immunoglobulin mediated immune response",13,2,1.72,"0.52879",0.52879,1
"GO:0003180","aortic valve morphogenesis",13,2,1.72,"0.52879",0.52879,1
"GO:0003184","pulmonary valve morphogenesis",13,2,1.72,"0.52879",0.52879,1
"GO:0006264","mitochondrial DNA replication",13,2,1.72,"0.52879",0.52879,1
"GO:0006359","regulation of transcription by RNA polymerase III",13,2,1.72,"0.52879",0.52879,1
"GO:0010960","magnesium ion homeostasis",13,2,1.72,"0.52879",0.52879,1
"GO:0015937","coenzyme A biosynthetic process",13,2,1.72,"0.52879",0.52879,1
"GO:0031167","rRNA methylation",13,2,1.72,"0.52879",0.52879,1
"GO:0032094","response to food",13,2,1.72,"0.52879",0.52879,1
"GO:0035994","response to muscle stretch",13,2,1.72,"0.52879",0.52879,1
"GO:0036315","cellular response to sterol",13,2,1.72,"0.52879",0.52879,1
"GO:0043173","nucleotide salvage",13,2,1.72,"0.52879",0.52879,1
"GO:0048843","negative regulation of axon extension involved in axon guidance",13,2,1.72,"0.52879",0.52879,1
"GO:0051597","response to methylmercury",13,2,1.72,"0.52879",0.52879,1
"GO:0051957","positive regulation of amino acid transport",13,2,1.72,"0.52879",0.52879,1
"GO:0060351","cartilage development involved in endochondral bone morphogenesis",13,2,1.72,"0.52879",0.52879,1
"GO:0060439","trachea morphogenesis",13,2,1.72,"0.52879",0.52879,1
"GO:0060484","lung-associated mesenchyme development",13,2,1.72,"0.52879",0.52879,1
"GO:0060977","coronary vasculature morphogenesis",13,2,1.72,"0.52879",0.52879,1
"GO:0071384","cellular response to corticosteroid stimulus",13,2,1.72,"0.52879",0.52879,1
"GO:0071763","nuclear membrane organization",13,2,1.72,"0.52879",0.52879,1
"GO:0090659","walking behavior",13,2,1.72,"0.52879",0.52879,1
"GO:1901797","negative regulation of signal transduction by p53 class mediator",13,2,1.72,"0.52879",0.52879,1
"GO:1901984","negative regulation of protein acetylation",13,2,1.72,"0.52879",0.52879,1
"GO:2000001","regulation of DNA damage checkpoint",13,2,1.72,"0.52879",0.52879,1
"GO:2000379","positive regulation of reactive oxygen species metabolic process",13,2,1.72,"0.52879",0.52879,1
"GO:0051301","cell division",500,66,66.15,"0.52911",0.52911,1
"GO:0042592","homeostatic process",773,102,102.27,"0.52922",0.52922,1
"GO:0099003","vesicle-mediated transport in synapse",82,11,10.85,"0.52963",0.52963,1
"GO:0030323","respiratory tube development",105,14,13.89,"0.53128",0.53128,1
"GO:0031345","negative regulation of cell projection organization",105,14,13.89,"0.53128",0.53128,1
"GO:0006816","calcium ion transport",189,25,25.01,"0.53341",0.53341,1
"GO:1904375","regulation of protein localization to cell periphery",44,6,5.82,"0.53513",0.53513,1
"GO:0032088","negative regulation of NF-kappaB transcription factor activity",90,12,11.91,"0.53563",0.53563,1
"GO:0032640","tumor necrosis factor production",90,12,11.91,"0.53563",0.53563,1
"GO:0071706","tumor necrosis factor superfamily cytokine production",90,12,11.91,"0.53563",0.53563,1
"GO:0007626","locomotory behavior",113,15,14.95,"0.53671",0.53671,1
"GO:0000729","DNA double-strand break processing",21,3,2.78,"0.53882",0.53882,1
"GO:0002066","columnar/cuboidal epithelial cell development",21,3,2.78,"0.53882",0.53882,1
"GO:0006482","protein demethylation",21,3,2.78,"0.53882",0.53882,1
"GO:0006929","substrate-dependent cell migration",21,3,2.78,"0.53882",0.53882,1
"GO:0008214","protein dealkylation",21,3,2.78,"0.53882",0.53882,1
"GO:0017004","cytochrome complex assembly",21,3,2.78,"0.53882",0.53882,1
"GO:0030517","negative regulation of axon extension",21,3,2.78,"0.53882",0.53882,1
"GO:0031664","regulation of lipopolysaccharide-mediated signaling pathway",21,3,2.78,"0.53882",0.53882,1
"GO:0031670","cellular response to nutrient",21,3,2.78,"0.53882",0.53882,1
"GO:0032786","positive regulation of DNA-templated transcription, elongation",21,3,2.78,"0.53882",0.53882,1
"GO:0043243","positive regulation of protein-containing complex disassembly",21,3,2.78,"0.53882",0.53882,1
"GO:0048873","homeostasis of number of cells within a tissue",21,3,2.78,"0.53882",0.53882,1
"GO:0050922","negative regulation of chemotaxis",21,3,2.78,"0.53882",0.53882,1
"GO:0051457","maintenance of protein location in nucleus",21,3,2.78,"0.53882",0.53882,1
"GO:0051647","nucleus localization",21,3,2.78,"0.53882",0.53882,1
"GO:0060688","regulation of morphogenesis of a branching structure",21,3,2.78,"0.53882",0.53882,1
"GO:0072525","pyridine-containing compound biosynthetic process",21,3,2.78,"0.53882",0.53882,1
"GO:0090084","negative regulation of inclusion body assembly",21,3,2.78,"0.53882",0.53882,1
"GO:0090162","establishment of epithelial cell polarity",21,3,2.78,"0.53882",0.53882,1
"GO:0090218","positive regulation of lipid kinase activity",21,3,2.78,"0.53882",0.53882,1
"GO:0099024","plasma membrane invagination",21,3,2.78,"0.53882",0.53882,1
"GO:1900026","positive regulation of substrate adhesion-dependent cell spreading",21,3,2.78,"0.53882",0.53882,1
"GO:1901185","negative regulation of ERBB signaling pathway",21,3,2.78,"0.53882",0.53882,1
"GO:1901264","carbohydrate derivative transport",21,3,2.78,"0.53882",0.53882,1
"GO:1901889","negative regulation of cell junction assembly",21,3,2.78,"0.53882",0.53882,1
"GO:0010927","cellular component assembly involved in morphogenesis",75,10,9.92,"0.54106",0.54106,1
"GO:0061371","determination of heart left/right asymmetry",75,10,9.92,"0.54106",0.54106,1
"GO:0007093","mitotic cell cycle checkpoint signaling",98,13,12.97,"0.54119",0.54119,1
"GO:0006289","nucleotide-excision repair",52,7,6.88,"0.54203",0.54203,1
"GO:0034605","cellular response to heat",52,7,6.88,"0.54203",0.54203,1
"GO:0048569","post-embryonic animal organ development",52,7,6.88,"0.54203",0.54203,1
"GO:1905477","positive regulation of protein localization to membrane",52,7,6.88,"0.54203",0.54203,1
"GO:0071824","protein-DNA complex organization",251,33,33.21,"0.54443",0.54443,1
"GO:0007622","rhythmic behavior",29,4,3.84,"0.54633",0.54633,1
"GO:0010737","protein kinase A signaling",29,4,3.84,"0.54633",0.54633,1
"GO:0031623","receptor internalization",29,4,3.84,"0.54633",0.54633,1
"GO:0042181","ketone biosynthetic process",29,4,3.84,"0.54633",0.54633,1
"GO:0048512","circadian behavior",29,4,3.84,"0.54633",0.54633,1
"GO:0050951","sensory perception of temperature stimulus",29,4,3.84,"0.54633",0.54633,1
"GO:0072595","maintenance of protein localization in organelle",29,4,3.84,"0.54633",0.54633,1
"GO:1900087","positive regulation of G1/S transition of mitotic cell cycle",29,4,3.84,"0.54633",0.54633,1
"GO:0003205","cardiac chamber development",106,14,14.02,"0.54637",0.54637,1
"GO:0006874","intracellular calcium ion homeostasis",129,17,17.07,"0.54663",0.54663,1
"GO:0008589","regulation of smoothened signaling pathway",60,8,7.94,"0.54815",0.54815,1
"GO:0007264","small GTPase mediated signal transduction",244,32,32.28,"0.55066",0.55066,1
"GO:0016236","macroautophagy",137,18,18.13,"0.55120",0.5512,1
"GO:0055074","calcium ion homeostasis",137,18,18.13,"0.55120",0.5512,1
"GO:0051489","regulation of filopodium assembly",37,5,4.9,"0.55262",0.55262,1
"GO:0071407","cellular response to organic cyclic compound",206,27,27.25,"0.55269",0.55269,1
"GO:0007623","circadian rhythm",99,13,13.1,"0.55674",0.55674,1
"GO:0006090","pyruvate metabolic process",45,6,5.95,"0.55818",0.55818,1
"GO:0042303","molting cycle",45,6,5.95,"0.55818",0.55818,1
"GO:0051983","regulation of chromosome segregation",45,6,5.95,"0.55818",0.55818,1
"GO:0060047","heart contraction",76,10,10.05,"0.55878",0.55878,1
"GO:0042176","regulation of protein catabolic process",176,23,23.29,"0.55962",0.55962,1
"GO:0051276","chromosome organization",329,43,43.53,"0.56008",0.56008,1
"GO:0050708","regulation of protein secretion",107,14,14.16,"0.56131",0.56131,1
"GO:0019079","viral genome replication",53,7,7.01,"0.56320",0.5632,1
"GO:0031960","response to corticosteroid",53,7,7.01,"0.56320",0.5632,1
"GO:0009749","response to glucose",84,11,11.11,"0.56350",0.5635,1
"GO:0016441","post-transcriptional gene silencing",84,11,11.11,"0.56350",0.5635,1
"GO:0050821","protein stabilization",84,11,11.11,"0.56350",0.5635,1
"GO:0051607","defense response to virus",161,21,21.3,"0.56370",0.5637,1
"GO:0140546","defense response to symbiont",161,21,21.3,"0.56370",0.5637,1
"GO:0006402","mRNA catabolic process",138,18,18.26,"0.56435",0.56435,1
"GO:0006974","DNA damage response",566,74,74.88,"0.56461",0.56461,1
"GO:0016032","viral process",215,28,28.44,"0.56703",0.56703,1
"GO:0006261","DNA-templated DNA replication",123,16,16.27,"0.56972",0.56972,1
"GO:0007368","determination of left/right symmetry",123,16,16.27,"0.56972",0.56972,1
"GO:0044272","sulfur compound biosynthetic process",123,16,16.27,"0.56972",0.56972,1
"GO:0002279","mast cell activation involved in immune response",14,2,1.85,"0.57027",0.57027,1
"GO:0002637","regulation of immunoglobulin production",14,2,1.85,"0.57027",0.57027,1
"GO:0006213","pyrimidine nucleoside metabolic process",14,2,1.85,"0.57027",0.57027,1
"GO:0006825","copper ion transport",14,2,1.85,"0.57027",0.57027,1
"GO:0006972","hyperosmotic response",14,2,1.85,"0.57027",0.57027,1
"GO:0007000","nucleolus organization",14,2,1.85,"0.57027",0.57027,1
"GO:0007216","G protein-coupled glutamate receptor signaling pathway",14,2,1.85,"0.57027",0.57027,1
"GO:0007549","dosage compensation",14,2,1.85,"0.57027",0.57027,1
"GO:0009148","pyrimidine nucleoside triphosphate biosynthetic process",14,2,1.85,"0.57027",0.57027,1
"GO:0009435","NAD biosynthetic process",14,2,1.85,"0.57027",0.57027,1
"GO:0015919","peroxisomal membrane transport",14,2,1.85,"0.57027",0.57027,1
"GO:0030279","negative regulation of ossification",14,2,1.85,"0.57027",0.57027,1
"GO:0030539","male genitalia development",14,2,1.85,"0.57027",0.57027,1
"GO:0031065","positive regulation of histone deacetylation",14,2,1.85,"0.57027",0.57027,1
"GO:0031987","locomotion involved in locomotory behavior",14,2,1.85,"0.57027",0.57027,1
"GO:0032615","interleukin-12 production",14,2,1.85,"0.57027",0.57027,1
"GO:0032691","negative regulation of interleukin-1 beta production",14,2,1.85,"0.57027",0.57027,1
"GO:0032692","negative regulation of interleukin-1 production",14,2,1.85,"0.57027",0.57027,1
"GO:0033574","response to testosterone",14,2,1.85,"0.57027",0.57027,1
"GO:0034331","cell junction maintenance",14,2,1.85,"0.57027",0.57027,1
"GO:0034340","response to type I interferon",14,2,1.85,"0.57027",0.57027,1
"GO:0035151","regulation of tube size, open tracheal system",14,2,1.85,"0.57027",0.57027,1
"GO:0042430","indole-containing compound metabolic process",14,2,1.85,"0.57027",0.57027,1
"GO:0042795","snRNA transcription by RNA polymerase II",14,2,1.85,"0.57027",0.57027,1
"GO:0043392","negative regulation of DNA binding",14,2,1.85,"0.57027",0.57027,1
"GO:0043457","regulation of cellular respiration",14,2,1.85,"0.57027",0.57027,1
"GO:0044060","regulation of endocrine process",14,2,1.85,"0.57027",0.57027,1
"GO:0045913","positive regulation of carbohydrate metabolic process",14,2,1.85,"0.57027",0.57027,1
"GO:0048333","mesodermal cell differentiation",14,2,1.85,"0.57027",0.57027,1
"GO:0051955","regulation of amino acid transport",14,2,1.85,"0.57027",0.57027,1
"GO:0060428","lung epithelium development",14,2,1.85,"0.57027",0.57027,1
"GO:1902235","regulation of endoplasmic reticulum stress-induced intrinsic apoptotic signaling pathway",14,2,1.85,"0.57027",0.57027,1
"GO:0032102","negative regulation of response to external stimulus",177,23,23.42,"0.57121",0.57121,1
"GO:0003156","regulation of animal organ formation",22,3,2.91,"0.57166",0.57166,1
"GO:0007476","imaginal disc-derived wing morphogenesis",22,3,2.91,"0.57166",0.57166,1
"GO:0014075","response to amine",22,3,2.91,"0.57166",0.57166,1
"GO:0019400","alditol metabolic process",22,3,2.91,"0.57166",0.57166,1
"GO:0019432","triglyceride biosynthetic process",22,3,2.91,"0.57166",0.57166,1
"GO:0031103","axon regeneration",22,3,2.91,"0.57166",0.57166,1
"GO:0031128","developmental induction",22,3,2.91,"0.57166",0.57166,1
"GO:0032197","retrotransposition",22,3,2.91,"0.57166",0.57166,1
"GO:0045599","negative regulation of fat cell differentiation",22,3,2.91,"0.57166",0.57166,1
"GO:0046470","phosphatidylcholine metabolic process",22,3,2.91,"0.57166",0.57166,1
"GO:0050968","detection of chemical stimulus involved in sensory perception of pain",22,3,2.91,"0.57166",0.57166,1
"GO:0051452","intracellular pH reduction",22,3,2.91,"0.57166",0.57166,1
"GO:0051642","centrosome localization",22,3,2.91,"0.57166",0.57166,1
"GO:0061842","microtubule organizing center localization",22,3,2.91,"0.57166",0.57166,1
"GO:0099172","presynapse organization",22,3,2.91,"0.57166",0.57166,1
"GO:1903078","positive regulation of protein localization to plasma membrane",22,3,2.91,"0.57166",0.57166,1
"GO:0035967","cellular response to topologically incorrect protein",100,13,13.23,"0.57210",0.5721,1
"GO:0009581","detection of external stimulus",131,17,17.33,"0.57362",0.57362,1
"GO:0043269","regulation of monoatomic ion transport",231,30,30.56,"0.57383",0.57383,1
"GO:0035220","wing disc development",30,4,3.97,"0.57433",0.57433,1
"GO:0042058","regulation of epidermal growth factor receptor signaling pathway",30,4,3.97,"0.57433",0.57433,1
"GO:0050907","detection of chemical stimulus involved in sensory perception",30,4,3.97,"0.57433",0.57433,1
"GO:0062149","detection of stimulus involved in sensory perception of pain",30,4,3.97,"0.57433",0.57433,1
"GO:0070373","negative regulation of ERK1 and ERK2 cascade",30,4,3.97,"0.57433",0.57433,1
"GO:0090114","COPII-coated vesicle budding",30,4,3.97,"0.57433",0.57433,1
"GO:0097530","granulocyte migration",30,4,3.97,"0.57433",0.57433,1
"GO:0060491","regulation of cell projection assembly",108,14,14.29,"0.57606",0.57606,1
"GO:0120032","regulation of plasma membrane bounded cell projection assembly",108,14,14.29,"0.57606",0.57606,1
"GO:0048147","negative regulation of fibroblast proliferation",77,10,10.19,"0.57622",0.57622,1
"GO:0046034","ATP metabolic process",38,5,5.03,"0.57743",0.57743,1
"GO:0050731","positive regulation of peptidyl-tyrosine phosphorylation",38,5,5.03,"0.57743",0.57743,1
"GO:0032880","regulation of protein localization",377,49,49.88,"0.57779",0.57779,1
"GO:0030902","hindbrain development",85,11,11.25,"0.58007",0.58007,1
"GO:0007492","endoderm development",46,6,6.09,"0.58067",0.58067,1
"GO:0008277","regulation of G protein-coupled receptor signaling pathway",46,6,6.09,"0.58067",0.58067,1
"GO:0015918","sterol transport",46,6,6.09,"0.58067",0.58067,1
"GO:0021954","central nervous system neuron development",46,6,6.09,"0.58067",0.58067,1
"GO:0033627","cell adhesion mediated by integrin",46,6,6.09,"0.58067",0.58067,1
"GO:0006109","regulation of carbohydrate metabolic process",54,7,7.14,"0.58392",0.58392,1
"GO:0072655","establishment of protein localization to mitochondrion",54,7,7.14,"0.58392",0.58392,1
"GO:0051962","positive regulation of nervous system development",155,20,20.51,"0.58440",0.5844,1
"GO:0009306","protein secretion",132,17,17.46,"0.58689",0.58689,1
"GO:0035148","tube formation",132,17,17.46,"0.58689",0.58689,1
"GO:0035592","establishment of protein localization to extracellular region",132,17,17.46,"0.58689",0.58689,1
"GO:0007528","neuromuscular junction development",62,8,8.2,"0.58713",0.58713,1
"GO:0022037","metencephalon development",62,8,8.2,"0.58713",0.58713,1
"GO:0033865","nucleoside bisphosphate metabolic process",62,8,8.2,"0.58713",0.58713,1
"GO:0033875","ribonucleoside bisphosphate metabolic process",62,8,8.2,"0.58713",0.58713,1
"GO:0034032","purine nucleoside bisphosphate metabolic process",62,8,8.2,"0.58713",0.58713,1
"GO:0042552","myelination",62,8,8.2,"0.58713",0.58713,1
"GO:1902903","regulation of supramolecular fiber organization",140,18,18.52,"0.59022",0.59022,1
"GO:0018958","phenol-containing compound metabolic process",70,9,9.26,"0.59028",0.59028,1
"GO:0065004","protein-DNA complex assembly",70,9,9.26,"0.59028",0.59028,1
"GO:1905475","regulation of protein localization to membrane",70,9,9.26,"0.59028",0.59028,1
"GO:2001242","regulation of intrinsic apoptotic signaling pathway",70,9,9.26,"0.59028",0.59028,1
"GO:0050878","regulation of body fluid levels",109,14,14.42,"0.59060",0.5906,1
"GO:0051656","establishment of organelle localization",202,26,26.72,"0.59226",0.59226,1
"GO:0003015","heart process",78,10,10.32,"0.59336",0.59336,1
"GO:0035194","regulatory ncRNA-mediated post-transcriptional gene silencing",78,10,10.32,"0.59336",0.59336,1
"GO:0007611","learning or memory",117,15,15.48,"0.59384",0.59384,1
"GO:0016049","cell growth",241,31,31.88,"0.59680",0.5968,1
"GO:0007265","Ras protein signal transduction",187,24,24.74,"0.59709",0.59709,1
"GO:0051248","negative regulation of protein metabolic process",464,60,61.39,"0.59863",0.59863,1
"GO:1901564","organonitrogen compound metabolic process",3717,488,491.77,"0.60017",0.60017,1
"GO:0006418","tRNA aminoacylation for protein translation",31,4,4.1,"0.60133",0.60133,1
"GO:0007350","blastoderm segmentation",31,4,4.1,"0.60133",0.60133,1
"GO:0009268","response to pH",31,4,4.1,"0.60133",0.60133,1
"GO:0032233","positive regulation of actin filament bundle assembly",31,4,4.1,"0.60133",0.60133,1
"GO:0032272","negative regulation of protein polymerization",31,4,4.1,"0.60133",0.60133,1
"GO:0032410","negative regulation of transporter activity",31,4,4.1,"0.60133",0.60133,1
"GO:0032413","negative regulation of ion transmembrane transporter activity",31,4,4.1,"0.60133",0.60133,1
"GO:0035987","endodermal cell differentiation",31,4,4.1,"0.60133",0.60133,1
"GO:0043039","tRNA aminoacylation",31,4,4.1,"0.60133",0.60133,1
"GO:0043550","regulation of lipid kinase activity",31,4,4.1,"0.60133",0.60133,1
"GO:0048013","ephrin receptor signaling pathway",31,4,4.1,"0.60133",0.60133,1
"GO:0086010","membrane depolarization during action potential",31,4,4.1,"0.60133",0.60133,1
"GO:0018193","peptidyl-amino acid modification",541,70,71.58,"0.60136",0.60136,1
"GO:0007444","imaginal disc development",39,5,5.16,"0.60149",0.60149,1
"GO:0051893","regulation of focal adhesion assembly",39,5,5.16,"0.60149",0.60149,1
"GO:0060048","cardiac muscle contraction",39,5,5.16,"0.60149",0.60149,1
"GO:0072384","organelle transport along microtubule",39,5,5.16,"0.60149",0.60149,1
"GO:0090109","regulation of cell-substrate junction assembly",39,5,5.16,"0.60149",0.60149,1
"GO:0150116","regulation of cell-substrate junction organization",39,5,5.16,"0.60149",0.60149,1
"GO:0006278","RNA-templated DNA biosynthetic process",47,6,6.22,"0.60257",0.60257,1
"GO:0007004","telomere maintenance via telomerase",47,6,6.22,"0.60257",0.60257,1
"GO:0042752","regulation of circadian rhythm",47,6,6.22,"0.60257",0.60257,1
"GO:0002221","pattern recognition receptor signaling pathway",141,18,18.65,"0.60292",0.60292,1
"GO:0003179","heart valve morphogenesis",23,3,3.04,"0.60300",0.603,1
"GO:0006625","protein targeting to peroxisome",23,3,3.04,"0.60300",0.603,1
"GO:0006977","DNA damage response, signal transduction by p53 class mediator resulting in cell cycle arrest",23,3,3.04,"0.60300",0.603,1
"GO:0010656","negative regulation of muscle cell apoptotic process",23,3,3.04,"0.60300",0.603,1
"GO:0014003","oligodendrocyte development",23,3,3.04,"0.60300",0.603,1
"GO:0031100","animal organ regeneration",23,3,3.04,"0.60300",0.603,1
"GO:0031577","spindle checkpoint signaling",23,3,3.04,"0.60300",0.603,1
"GO:0035114","imaginal disc-derived appendage morphogenesis",23,3,3.04,"0.60300",0.603,1
"GO:0035335","peptidyl-tyrosine dephosphorylation",23,3,3.04,"0.60300",0.603,1
"GO:0043618","regulation of transcription from RNA polymerase II promoter in response to stress",23,3,3.04,"0.60300",0.603,1
"GO:0043620","regulation of DNA-templated transcription in response to stress",23,3,3.04,"0.60300",0.603,1
"GO:0048596","embryonic camera-type eye morphogenesis",23,3,3.04,"0.60300",0.603,1
"GO:0048662","negative regulation of smooth muscle cell proliferation",23,3,3.04,"0.60300",0.603,1
"GO:0048737","imaginal disc-derived appendage development",23,3,3.04,"0.60300",0.603,1
"GO:0050766","positive regulation of phagocytosis",23,3,3.04,"0.60300",0.603,1
"GO:0051057","positive regulation of small GTPase mediated signal transduction",23,3,3.04,"0.60300",0.603,1
"GO:0060402","calcium ion transport into cytosol",23,3,3.04,"0.60300",0.603,1
"GO:0072662","protein localization to peroxisome",23,3,3.04,"0.60300",0.603,1
"GO:0072663","establishment of protein localization to peroxisome",23,3,3.04,"0.60300",0.603,1
"GO:0090083","regulation of inclusion body assembly",23,3,3.04,"0.60300",0.603,1
"GO:0097009","energy homeostasis",23,3,3.04,"0.60300",0.603,1
"GO:1901976","regulation of cell cycle checkpoint",23,3,3.04,"0.60300",0.603,1
"GO:1990090","cellular response to nerve growth factor stimulus",23,3,3.04,"0.60300",0.603,1
"GO:0001952","regulation of cell-matrix adhesion",55,7,7.28,"0.60414",0.60414,1
"GO:0044773","mitotic DNA damage checkpoint signaling",55,7,7.28,"0.60414",0.60414,1
"GO:0044057","regulation of system process",211,27,27.92,"0.60567",0.60567,1
"GO:0000281","mitotic cytokinesis",63,8,8.34,"0.60600",0.606,1
"GO:0007272","ensheathment of neurons",63,8,8.34,"0.60600",0.606,1
"GO:0008366","axon ensheathment",63,8,8.34,"0.60600",0.606,1
"GO:0051494","negative regulation of cytoskeleton organization",63,8,8.34,"0.60600",0.606,1
"GO:0009566","fertilization",71,9,9.39,"0.60804",0.60804,1
"GO:0005978","glycogen biosynthetic process",15,2,1.98,"0.60902",0.60902,1
"GO:0006544","glycine metabolic process",15,2,1.98,"0.60902",0.60902,1
"GO:0006775","fat-soluble vitamin metabolic process",15,2,1.98,"0.60902",0.60902,1
"GO:0007076","mitotic chromosome condensation",15,2,1.98,"0.60902",0.60902,1
"GO:0007447","imaginal disc pattern formation",15,2,1.98,"0.60902",0.60902,1
"GO:0009163","nucleoside biosynthetic process",15,2,1.98,"0.60902",0.60902,1
"GO:0009220","pyrimidine ribonucleotide biosynthetic process",15,2,1.98,"0.60902",0.60902,1
"GO:0009301","snRNA transcription",15,2,1.98,"0.60902",0.60902,1
"GO:0010623","programmed cell death involved in cell development",15,2,1.98,"0.60902",0.60902,1
"GO:0010659","cardiac muscle cell apoptotic process",15,2,1.98,"0.60902",0.60902,1
"GO:0010665","regulation of cardiac muscle cell apoptotic process",15,2,1.98,"0.60902",0.60902,1
"GO:0010715","regulation of extracellular matrix disassembly",15,2,1.98,"0.60902",0.60902,1
"GO:0019359","nicotinamide nucleotide biosynthetic process",15,2,1.98,"0.60902",0.60902,1
"GO:0021544","subpallium development",15,2,1.98,"0.60902",0.60902,1
"GO:0021604","cranial nerve structural organization",15,2,1.98,"0.60902",0.60902,1
"GO:0021696","cerebellar cortex morphogenesis",15,2,1.98,"0.60902",0.60902,1
"GO:0021756","striatum development",15,2,1.98,"0.60902",0.60902,1
"GO:0030225","macrophage differentiation",15,2,1.98,"0.60902",0.60902,1
"GO:0032506","cytokinetic process",15,2,1.98,"0.60902",0.60902,1
"GO:0034404","nucleobase-containing small molecule biosynthetic process",15,2,1.98,"0.60902",0.60902,1
"GO:0035152","regulation of tube architecture, open tracheal system",15,2,1.98,"0.60902",0.60902,1
"GO:0035384","thioester biosynthetic process",15,2,1.98,"0.60902",0.60902,1
"GO:0036314","response to sterol",15,2,1.98,"0.60902",0.60902,1
"GO:0045576","mast cell activation",15,2,1.98,"0.60902",0.60902,1
"GO:0045956","positive regulation of calcium ion-dependent exocytosis",15,2,1.98,"0.60902",0.60902,1
"GO:0048384","retinoic acid receptor signaling pathway",15,2,1.98,"0.60902",0.60902,1
"GO:0051964","negative regulation of synapse assembly",15,2,1.98,"0.60902",0.60902,1
"GO:0060027","convergent extension involved in gastrulation",15,2,1.98,"0.60902",0.60902,1
"GO:0060795","cell fate commitment involved in formation of primary germ layer",15,2,1.98,"0.60902",0.60902,1
"GO:0071616","acyl-CoA biosynthetic process",15,2,1.98,"0.60902",0.60902,1
"GO:0071679","commissural neuron axon guidance",15,2,1.98,"0.60902",0.60902,1
"GO:0090312","positive regulation of protein deacetylation",15,2,1.98,"0.60902",0.60902,1
"GO:0097150","neuronal stem cell population maintenance",15,2,1.98,"0.60902",0.60902,1
"GO:0097484","dendrite extension",15,2,1.98,"0.60902",0.60902,1
"GO:1902600","proton transmembrane transport",15,2,1.98,"0.60902",0.60902,1
"GO:1905809","negative regulation of synapse organization",15,2,1.98,"0.60902",0.60902,1
"GO:0007610","behavior",304,39,40.22,"0.60911",0.60911,1
"GO:0060972","left/right pattern formation",126,16,16.67,"0.61031",0.61031,1
"GO:0072175","epithelial tube formation",126,16,16.67,"0.61031",0.61031,1
"GO:0051053","negative regulation of DNA metabolic process",87,11,11.51,"0.61236",0.61236,1
"GO:0048872","homeostasis of number of cells",134,17,17.73,"0.61291",0.61291,1
"GO:0060341","regulation of cellular localization",420,54,55.57,"0.61350",0.6135,1
"GO:0070201","regulation of establishment of protein localization",251,32,33.21,"0.61864",0.61864,1
"GO:0007160","cell-matrix adhesion",111,14,14.69,"0.61904",0.61904,1
"GO:0010638","positive regulation of organelle organization",228,29,30.16,"0.62093",0.62093,1
"GO:0007005","mitochondrion organization",259,33,34.27,"0.62107",0.62107,1
"GO:0007033","vacuole organization",119,15,15.74,"0.62126",0.62126,1
"GO:0009611","response to wounding",205,26,27.12,"0.62379",0.62379,1
"GO:0014902","myotube differentiation",48,6,6.35,"0.62383",0.62383,1
"GO:0050921","positive regulation of chemotaxis",48,6,6.35,"0.62383",0.62383,1
"GO:0051224","negative regulation of protein transport",48,6,6.35,"0.62383",0.62383,1
"GO:1904950","negative regulation of establishment of protein localization",48,6,6.35,"0.62383",0.62383,1
"GO:0008038","neuron recognition",56,7,7.41,"0.62384",0.62384,1
"GO:0019751","polyol metabolic process",64,8,8.47,"0.62442",0.62442,1
"GO:0045807","positive regulation of endocytosis",64,8,8.47,"0.62442",0.62442,1
"GO:0046849","bone remodeling",64,8,8.47,"0.62442",0.62442,1
"GO:0042255","ribosome assembly",40,5,5.29,"0.62475",0.62475,1
"GO:0043038","amino acid activation",32,4,4.23,"0.62727",0.62727,1
"GO:0070936","protein K48-linked ubiquitination",32,4,4.23,"0.62727",0.62727,1
"GO:0072523","purine-containing compound catabolic process",32,4,4.23,"0.62727",0.62727,1
"GO:0007517","muscle organ development",143,18,18.92,"0.62780",0.6278,1
"GO:0050728","negative regulation of inflammatory response",96,12,12.7,"0.62958",0.62958,1
"GO:0061061","muscle structure development",268,34,35.46,"0.63250",0.6325,1
"GO:0000027","ribosomal large subunit assembly",24,3,3.18,"0.63279",0.63279,1
"GO:0000154","rRNA modification",24,3,3.18,"0.63279",0.63279,1
"GO:0002688","regulation of leukocyte chemotaxis",24,3,3.18,"0.63279",0.63279,1
"GO:0019933","cAMP-mediated signaling",24,3,3.18,"0.63279",0.63279,1
"GO:0035914","skeletal muscle cell differentiation",24,3,3.18,"0.63279",0.63279,1
"GO:0043574","peroxisomal transport",24,3,3.18,"0.63279",0.63279,1
"GO:0061097","regulation of protein tyrosine kinase activity",24,3,3.18,"0.63279",0.63279,1
"GO:0097352","autophagosome maturation",24,3,3.18,"0.63279",0.63279,1
"GO:0099612","protein localization to axon",24,3,3.18,"0.63279",0.63279,1
"GO:1901071","glucosamine-containing compound metabolic process",24,3,3.18,"0.63279",0.63279,1
"GO:2000677","regulation of transcription regulatory region DNA binding",24,3,3.18,"0.63279",0.63279,1
"GO:0071897","DNA biosynthetic process",112,14,14.82,"0.63290",0.6329,1
"GO:0007015","actin filament organization",167,21,22.09,"0.63414",0.63414,1
"GO:0051336","regulation of hydrolase activity",392,50,51.86,"0.63442",0.63442,1
"GO:0000280","nuclear division",245,31,32.41,"0.63512",0.63512,1
"GO:0098662","inorganic cation transmembrane transport",253,32,33.47,"0.63727",0.63727,1
"GO:0001701","in utero embryonic development",144,18,19.05,"0.63997",0.63997,1
"GO:0000278","mitotic cell cycle",624,80,82.56,"0.64084",0.64084,1
"GO:1901565","organonitrogen compound catabolic process",862,111,114.04,"0.64142",0.64142,1
"GO:0007281","germ cell development",152,19,20.11,"0.64176",0.64176,1
"GO:0030641","regulation of cellular pH",57,7,7.54,"0.64297",0.64297,1
"GO:0043123","positive regulation of canonical NF-kappaB signal transduction",89,11,11.77,"0.64339",0.64339,1
"GO:0007266","Rho protein signal transduction",97,12,12.83,"0.64428",0.64428,1
"GO:0046474","glycerophospholipid biosynthetic process",97,12,12.83,"0.64428",0.64428,1
"GO:0006941","striated muscle contraction",49,6,6.48,"0.64442",0.64442,1
"GO:0030330","DNA damage response, signal transduction by p53 class mediator",49,6,6.48,"0.64442",0.64442,1
"GO:0045453","bone resorption",49,6,6.48,"0.64442",0.64442,1
"GO:0048041","focal adhesion assembly",49,6,6.48,"0.64442",0.64442,1
"GO:0048660","regulation of smooth muscle cell proliferation",49,6,6.48,"0.64442",0.64442,1
"GO:0060071","Wnt signaling pathway, planar cell polarity pathway",49,6,6.48,"0.64442",0.64442,1
"GO:0002712","regulation of B cell mediated immunity",16,2,2.12,"0.64506",0.64506,1
"GO:0002889","regulation of immunoglobulin mediated immune response",16,2,2.12,"0.64506",0.64506,1
"GO:0008053","mitochondrial fusion",16,2,2.12,"0.64506",0.64506,1
"GO:0009147","pyrimidine nucleoside triphosphate metabolic process",16,2,2.12,"0.64506",0.64506,1
"GO:0009218","pyrimidine ribonucleotide metabolic process",16,2,2.12,"0.64506",0.64506,1
"GO:0010458","exit from mitosis",16,2,2.12,"0.64506",0.64506,1
"GO:0010522","regulation of calcium ion transport into cytosol",16,2,2.12,"0.64506",0.64506,1
"GO:0019229","regulation of vasoconstriction",16,2,2.12,"0.64506",0.64506,1
"GO:0019363","pyridine nucleotide biosynthetic process",16,2,2.12,"0.64506",0.64506,1
"GO:0030422","siRNA processing",16,2,2.12,"0.64506",0.64506,1
"GO:0031063","regulation of histone deacetylation",16,2,2.12,"0.64506",0.64506,1
"GO:0031111","negative regulation of microtubule polymerization or depolymerization",16,2,2.12,"0.64506",0.64506,1
"GO:0031145","anaphase-promoting complex-dependent catabolic process",16,2,2.12,"0.64506",0.64506,1
"GO:0032042","mitochondrial DNA metabolic process",16,2,2.12,"0.64506",0.64506,1
"GO:0032611","interleukin-1 beta production",16,2,2.12,"0.64506",0.64506,1
"GO:0032651","regulation of interleukin-1 beta production",16,2,2.12,"0.64506",0.64506,1
"GO:0032945","negative regulation of mononuclear cell proliferation",16,2,2.12,"0.64506",0.64506,1
"GO:0033622","integrin activation",16,2,2.12,"0.64506",0.64506,1
"GO:0042546","cell wall biogenesis",16,2,2.12,"0.64506",0.64506,1
"GO:0043162","ubiquitin-dependent protein catabolic process via the multivesicular body sorting pathway",16,2,2.12,"0.64506",0.64506,1
"GO:0043268","positive regulation of potassium ion transport",16,2,2.12,"0.64506",0.64506,1
"GO:0043276","anoikis",16,2,2.12,"0.64506",0.64506,1
"GO:0045466","R7 cell differentiation",16,2,2.12,"0.64506",0.64506,1
"GO:0046348","amino sugar catabolic process",16,2,2.12,"0.64506",0.64506,1
"GO:0046856","phosphatidylinositol dephosphorylation",16,2,2.12,"0.64506",0.64506,1
"GO:0048703","embryonic viscerocranium morphogenesis",16,2,2.12,"0.64506",0.64506,1
"GO:0050672","negative regulation of lymphocyte proliferation",16,2,2.12,"0.64506",0.64506,1
"GO:0051204","protein insertion into mitochondrial membrane",16,2,2.12,"0.64506",0.64506,1
"GO:0051560","mitochondrial calcium ion homeostasis",16,2,2.12,"0.64506",0.64506,1
"GO:0060438","trachea development",16,2,2.12,"0.64506",0.64506,1
"GO:0071044","histone mRNA catabolic process",16,2,2.12,"0.64506",0.64506,1
"GO:0071295","cellular response to vitamin",16,2,2.12,"0.64506",0.64506,1
"GO:0071985","multivesicular body sorting pathway",16,2,2.12,"0.64506",0.64506,1
"GO:0090151","establishment of protein localization to mitochondrial membrane",16,2,2.12,"0.64506",0.64506,1
"GO:1900120","regulation of receptor binding",16,2,2.12,"0.64506",0.64506,1
"GO:1903214","regulation of protein targeting to mitochondrion",16,2,2.12,"0.64506",0.64506,1
"GO:0009069","serine family amino acid metabolic process",41,5,5.42,"0.64718",0.64718,1
"GO:0033013","tetrapyrrole metabolic process",41,5,5.42,"0.64718",0.64718,1
"GO:0031396","regulation of protein ubiquitination",121,15,16.01,"0.64776",0.64776,1
"GO:0048469","cell maturation",121,15,16.01,"0.64776",0.64776,1
"GO:1903050","regulation of proteolysis involved in protein catabolic process",121,15,16.01,"0.64776",0.64776,1
"GO:0098657","import into cell",417,53,55.17,"0.64780",0.6478,1
"GO:0045229","external encapsulating structure organization",184,23,24.34,"0.64893",0.64893,1
"GO:1903047","mitotic cell cycle process",487,62,64.43,"0.65111",0.65111,1
"GO:0009112","nucleobase metabolic process",33,4,4.37,"0.65210",0.6521,1
"GO:0009201","ribonucleoside triphosphate biosynthetic process",33,4,4.37,"0.65210",0.6521,1
"GO:0014013","regulation of gliogenesis",33,4,4.37,"0.65210",0.6521,1
"GO:0021587","cerebellum morphogenesis",33,4,4.37,"0.65210",0.6521,1
"GO:0032206","positive regulation of telomere maintenance",33,4,4.37,"0.65210",0.6521,1
"GO:0042246","tissue regeneration",33,4,4.37,"0.65210",0.6521,1
"GO:0051209","release of sequestered calcium ion into cytosol",33,4,4.37,"0.65210",0.6521,1
"GO:1901184","regulation of ERBB signaling pathway",33,4,4.37,"0.65210",0.6521,1
"GO:0006644","phospholipid metabolic process",200,25,26.46,"0.65246",0.65246,1
"GO:0032648","regulation of interferon-beta production",82,10,10.85,"0.65843",0.65843,1
"GO:0061387","regulation of extent of cell growth",74,9,9.79,"0.65886",0.65886,1
"GO:0044403","biological process involved in symbiotic interaction",114,14,15.08,"0.65984",0.65984,1
"GO:0006305","DNA alkylation",25,3,3.31,"0.66098",0.66098,1
"GO:0006306","DNA methylation",25,3,3.31,"0.66098",0.66098,1
"GO:0007588","excretion",25,3,3.31,"0.66098",0.66098,1
"GO:0009156","ribonucleoside monophosphate biosynthetic process",25,3,3.31,"0.66098",0.66098,1
"GO:0009395","phospholipid catabolic process",25,3,3.31,"0.66098",0.66098,1
"GO:0031297","replication fork processing",25,3,3.31,"0.66098",0.66098,1
"GO:0034109","homotypic cell-cell adhesion",25,3,3.31,"0.66098",0.66098,1
"GO:0035120","post-embryonic appendage morphogenesis",25,3,3.31,"0.66098",0.66098,1
"GO:0048841","regulation of axon extension involved in axon guidance",25,3,3.31,"0.66098",0.66098,1
"GO:0060914","heart formation",25,3,3.31,"0.66098",0.66098,1
"GO:0062014","negative regulation of small molecule metabolic process",25,3,3.31,"0.66098",0.66098,1
"GO:0008064","regulation of actin polymerization or depolymerization",58,7,7.67,"0.66153",0.66153,1
"GO:0030832","regulation of actin filament length",58,7,7.67,"0.66153",0.66153,1
"GO:0046822","regulation of nucleocytoplasmic transport",58,7,7.67,"0.66153",0.66153,1
"GO:0032535","regulation of cellular component size",201,25,26.59,"0.66253",0.66253,1
"GO:0000045","autophagosome assembly",50,6,6.62,"0.66432",0.66432,1
"GO:0090175","regulation of establishment of planar polarity",50,6,6.62,"0.66432",0.66432,1
"GO:0030198","extracellular matrix organization",162,20,21.43,"0.66603",0.66603,1
"GO:0042692","muscle cell differentiation",162,20,21.43,"0.66603",0.66603,1
"GO:0006302","double-strand break repair",170,21,22.49,"0.66727",0.66727,1
"GO:0009116","nucleoside metabolic process",42,5,5.56,"0.66874",0.66874,1
"GO:0030901","midbrain development",42,5,5.56,"0.66874",0.66874,1
"GO:0035315","hair cell differentiation",42,5,5.56,"0.66874",0.66874,1
"GO:0046847","filopodium assembly",42,5,5.56,"0.66874",0.66874,1
"GO:2001252","positive regulation of chromosome organization",42,5,5.56,"0.66874",0.66874,1
"GO:0010608","post-transcriptional regulation of gene expression",288,36,38.1,"0.67094",0.67094,1
"GO:0002532","production of molecular mediator involved in inflammatory response",83,10,10.98,"0.67374",0.67374,1
"GO:0032608","interferon-beta production",83,10,10.98,"0.67374",0.67374,1
"GO:0001843","neural tube closure",75,9,9.92,"0.67492",0.67492,1
"GO:0031330","negative regulation of cellular catabolic process",75,9,9.92,"0.67492",0.67492,1
"GO:0002200","somatic diversification of immune receptors",34,4,4.5,"0.67580",0.6758,1
"GO:0002377","immunoglobulin production",34,4,4.5,"0.67580",0.6758,1
"GO:0030071","regulation of mitotic metaphase/anaphase transition",34,4,4.5,"0.67580",0.6758,1
"GO:0030595","leukocyte chemotaxis",34,4,4.5,"0.67580",0.6758,1
"GO:0045666","positive regulation of neuron differentiation",34,4,4.5,"0.67580",0.6758,1
"GO:0048846","axon extension involved in axon guidance",34,4,4.5,"0.67580",0.6758,1
"GO:0051283","negative regulation of sequestering of calcium ion",34,4,4.5,"0.67580",0.6758,1
"GO:1902099","regulation of metaphase/anaphase transition of cell cycle",34,4,4.5,"0.67580",0.6758,1
"GO:1902284","neuron projection extension involved in neuron projection guidance",34,4,4.5,"0.67580",0.6758,1
"GO:0001778","plasma membrane repair",17,2,2.25,"0.67841",0.67841,1
"GO:0006030","chitin metabolic process",17,2,2.25,"0.67841",0.67841,1
"GO:0006911","phagocytosis, engulfment",17,2,2.25,"0.67841",0.67841,1
"GO:0009068","aspartate family amino acid catabolic process",17,2,2.25,"0.67841",0.67841,1
"GO:0009119","ribonucleoside metabolic process",17,2,2.25,"0.67841",0.67841,1
"GO:0010883","regulation of lipid storage",17,2,2.25,"0.67841",0.67841,1
"GO:0019068","virion assembly",17,2,2.25,"0.67841",0.67841,1
"GO:0032612","interleukin-1 production",17,2,2.25,"0.67841",0.67841,1
"GO:0032652","regulation of interleukin-1 production",17,2,2.25,"0.67841",0.67841,1
"GO:0035883","enteroendocrine cell differentiation",17,2,2.25,"0.67841",0.67841,1
"GO:0044036","cell wall macromolecule metabolic process",17,2,2.25,"0.67841",0.67841,1
"GO:0048015","phosphatidylinositol-mediated signaling",17,2,2.25,"0.67841",0.67841,1
"GO:0048753","pigment granule organization",17,2,2.25,"0.67841",0.67841,1
"GO:0050691","regulation of defense response to virus by host",17,2,2.25,"0.67841",0.67841,1
"GO:0060148","positive regulation of post-transcriptional gene silencing",17,2,2.25,"0.67841",0.67841,1
"GO:0060711","labyrinthine layer development",17,2,2.25,"0.67841",0.67841,1
"GO:0070076","histone lysine demethylation",17,2,2.25,"0.67841",0.67841,1
"GO:0070417","cellular response to cold",17,2,2.25,"0.67841",0.67841,1
"GO:0071696","ectodermal placode development",17,2,2.25,"0.67841",0.67841,1
"GO:0071697","ectodermal placode morphogenesis",17,2,2.25,"0.67841",0.67841,1
"GO:0090311","regulation of protein deacetylation",17,2,2.25,"0.67841",0.67841,1
"GO:0140962","multicellular organismal-level chemical homeostasis",17,2,2.25,"0.67841",0.67841,1
"GO:0021549","cerebellum development",59,7,7.81,"0.67949",0.67949,1
"GO:0071705","nitrogen compound transport",1177,151,155.72,"0.68056",0.68056,1
"GO:0036211","protein modification process",1980,256,261.96,"0.68091",0.68091,1
"GO:0010821","regulation of mitochondrion organization",51,6,6.75,"0.68350",0.6835,1
"GO:0016079","synaptic vesicle exocytosis",51,6,6.75,"0.68350",0.6835,1
"GO:0048814","regulation of dendrite morphogenesis",51,6,6.75,"0.68350",0.6835,1
"GO:1905037","autophagosome organization",51,6,6.75,"0.68350",0.6835,1
"GO:0032886","regulation of microtubule-based process",116,14,15.35,"0.68567",0.68567,1
"GO:0042770","signal transduction in response to DNA damage",108,13,14.29,"0.68592",0.68592,1
"GO:0017148","negative regulation of translation",148,18,19.58,"0.68656",0.68656,1
"GO:0006220","pyrimidine nucleotide metabolic process",26,3,3.44,"0.68757",0.68757,1
"GO:0006270","DNA replication initiation",26,3,3.44,"0.68757",0.68757,1
"GO:0006904","vesicle docking involved in exocytosis",26,3,3.44,"0.68757",0.68757,1
"GO:0007520","myoblast fusion",26,3,3.44,"0.68757",0.68757,1
"GO:0008088","axo-dendritic transport",26,3,3.44,"0.68757",0.68757,1
"GO:0019098","reproductive behavior",26,3,3.44,"0.68757",0.68757,1
"GO:0030168","platelet activation",26,3,3.44,"0.68757",0.68757,1
"GO:0045806","negative regulation of endocytosis",26,3,3.44,"0.68757",0.68757,1
"GO:0048661","positive regulation of smooth muscle cell proliferation",26,3,3.44,"0.68757",0.68757,1
"GO:0050885","neuromuscular process controlling balance",26,3,3.44,"0.68757",0.68757,1
"GO:1990266","neutrophil migration",26,3,3.44,"0.68757",0.68757,1
"GO:0016358","dendrite development",164,20,21.7,"0.68774",0.68774,1
"GO:0006401","RNA catabolic process",172,21,22.76,"0.68845",0.68845,1
"GO:1901222","regulation of non-canonical NF-kappaB signal transduction",84,10,11.11,"0.68863",0.68863,1
"GO:0021700","developmental maturation",180,22,23.81,"0.68922",0.68922,1
"GO:0044237","cellular metabolic process",5783,757,765.1,"0.68930",0.6893,1
"GO:0006406","mRNA export from nucleus",43,5,5.69,"0.68942",0.68942,1
"GO:0017156","calcium-ion regulated exocytosis",43,5,5.69,"0.68942",0.68942,1
"GO:0030833","regulation of actin filament polymerization",43,5,5.69,"0.68942",0.68942,1
"GO:0035305","negative regulation of dephosphorylation",43,5,5.69,"0.68942",0.68942,1
"GO:0042733","embryonic digit morphogenesis",43,5,5.69,"0.68942",0.68942,1
"GO:0050792","regulation of viral process",43,5,5.69,"0.68942",0.68942,1
"GO:0051726","regulation of cell cycle",586,74,77.53,"0.68969",0.68969,1
"GO:0009063","amino acid catabolic process",76,9,10.05,"0.69052",0.69052,1
"GO:0034765","regulation of monoatomic ion transmembrane transport",196,24,25.93,"0.69093",0.69093,1
"GO:0003006","developmental process involved in reproduction",431,54,57.02,"0.69108",0.69108,1
"GO:0045931","positive regulation of mitotic cell cycle",68,8,9,"0.69317",0.69317,1
"GO:0051052","regulation of DNA metabolic process",236,29,31.22,"0.69580",0.6958,1
"GO:0006661","phosphatidylinositol biosynthetic process",60,7,7.94,"0.69684",0.69684,1
"GO:0006885","regulation of pH",60,7,7.94,"0.69684",0.69684,1
"GO:0043062","extracellular structure organization",165,20,21.83,"0.69829",0.69829,1
"GO:0007091","metaphase/anaphase transition of mitotic cell cycle",35,4,4.63,"0.69836",0.69836,1
"GO:0010923","negative regulation of phosphatase activity",35,4,4.63,"0.69836",0.69836,1
"GO:0031124","mRNA 3'-end processing",35,4,4.63,"0.69836",0.69836,1
"GO:0044784","metaphase/anaphase transition of cell cycle",35,4,4.63,"0.69836",0.69836,1
"GO:0120036","plasma membrane bounded cell projection organization",1005,128,132.96,"0.70105",0.70105,1
"GO:0003407","neural retina development",52,6,6.88,"0.70196",0.70196,1
"GO:0007338","single fertilization",52,6,6.88,"0.70196",0.70196,1
"GO:0048659","smooth muscle cell proliferation",52,6,6.88,"0.70196",0.70196,1
"GO:1901874","negative regulation of post-translational protein modification",52,6,6.88,"0.70196",0.70196,1
"GO:0072521","purine-containing compound metabolic process",237,29,31.36,"0.70456",0.70456,1
"GO:0046488","phosphatidylinositol metabolic process",77,9,10.19,"0.70565",0.70565,1
"GO:0060606","tube closure",77,9,10.19,"0.70565",0.70565,1
"GO:0051235","maintenance of location",150,18,19.85,"0.70853",0.70853,1
"GO:0006650","glycerophospholipid metabolic process",134,16,17.73,"0.70902",0.70902,1
"GO:0043583","ear development",134,16,17.73,"0.70902",0.70902,1
"GO:0007612","learning",69,8,9.13,"0.70904",0.70904,1
"GO:0009060","aerobic respiration",69,8,9.13,"0.70904",0.70904,1
"GO:0001702","gastrulation with mouth forming second",18,2,2.38,"0.70915",0.70915,1
"GO:0003171","atrioventricular valve development",18,2,2.38,"0.70915",0.70915,1
"GO:0009127","purine nucleoside monophosphate biosynthetic process",18,2,2.38,"0.70915",0.70915,1
"GO:0009168","purine ribonucleoside monophosphate biosynthetic process",18,2,2.38,"0.70915",0.70915,1
"GO:0009226","nucleotide-sugar biosynthetic process",18,2,2.38,"0.70915",0.70915,1
"GO:0016322","neuron remodeling",18,2,2.38,"0.70915",0.70915,1
"GO:0018200","peptidyl-glutamic acid modification",18,2,2.38,"0.70915",0.70915,1
"GO:0031648","protein destabilization",18,2,2.38,"0.70915",0.70915,1
"GO:0033522","histone H2A ubiquitination",18,2,2.38,"0.70915",0.70915,1
"GO:0036297","interstrand cross-link repair",18,2,2.38,"0.70915",0.70915,1
"GO:0038083","peptidyl-tyrosine autophosphorylation",18,2,2.38,"0.70915",0.70915,1
"GO:0048679","regulation of axon regeneration",18,2,2.38,"0.70915",0.70915,1
"GO:0070570","regulation of neuron projection regeneration",18,2,2.38,"0.70915",0.70915,1
"GO:0071108","protein K48-linked deubiquitination",18,2,2.38,"0.70915",0.70915,1
"GO:0071800","podosome assembly",18,2,2.38,"0.70915",0.70915,1
"GO:0072348","sulfur compound transport",18,2,2.38,"0.70915",0.70915,1
"GO:0051147","regulation of muscle cell differentiation",44,5,5.82,"0.70920",0.7092,1
"GO:0060828","regulation of canonical Wnt signaling pathway",126,15,16.67,"0.70955",0.70955,1
"GO:0033157","regulation of intracellular protein transport",110,13,14.55,"0.71141",0.71141,1
"GO:0001892","embryonic placenta development",27,3,3.57,"0.71257",0.71257,1
"GO:0009124","nucleoside monophosphate biosynthetic process",27,3,3.57,"0.71257",0.71257,1
"GO:0021517","ventral spinal cord development",27,3,3.57,"0.71257",0.71257,1
"GO:0021795","cerebral cortex cell migration",27,3,3.57,"0.71257",0.71257,1
"GO:0030837","negative regulation of actin filament polymerization",27,3,3.57,"0.71257",0.71257,1
"GO:0050805","negative regulation of synaptic transmission",27,3,3.57,"0.71257",0.71257,1
"GO:2000179","positive regulation of neural precursor cell proliferation",27,3,3.57,"0.71257",0.71257,1
"GO:2000278","regulation of DNA biosynthetic process",61,7,8.07,"0.71356",0.71356,1
"GO:0070374","positive regulation of ERK1 and ERK2 cascade",94,11,12.44,"0.71472",0.71472,1
"GO:0009612","response to mechanical stimulus",167,20,22.09,"0.71877",0.71877,1
"GO:1901360","organic cyclic compound metabolic process",3614,469,478.14,"0.71918",0.71918,1
"GO:0008361","regulation of cell size",143,17,18.92,"0.71960",0.7196,1
"GO:0060541","respiratory system development",143,17,18.92,"0.71960",0.7196,1
"GO:0051899","membrane depolarization",53,6,7.01,"0.71967",0.71967,1
"GO:0006303","double-strand break repair via nonhomologous end joining",36,4,4.76,"0.71976",0.71976,1
"GO:0007424","open tracheal system development",36,4,4.76,"0.71976",0.71976,1
"GO:0032205","negative regulation of telomere maintenance",36,4,4.76,"0.71976",0.71976,1
"GO:0045773","positive regulation of axon extension",36,4,4.76,"0.71976",0.71976,1
"GO:1903321","negative regulation of protein modification by small protein conjugation or removal",36,4,4.76,"0.71976",0.71976,1
"GO:0006163","purine nucleotide metabolic process",215,26,28.44,"0.72011",0.72011,1
"GO:0009799","specification of symmetry",135,16,17.86,"0.72023",0.72023,1
"GO:0009855","determination of bilateral symmetry",135,16,17.86,"0.72023",0.72023,1
"GO:0014020","primary neural tube formation",78,9,10.32,"0.72030",0.7203,1
"GO:0090257","regulation of muscle system process",78,9,10.32,"0.72030",0.7203,1
"GO:0044092","negative regulation of molecular function",459,57,60.73,"0.72069",0.72069,1
"GO:0048839","inner ear development",127,15,16.8,"0.72108",0.72108,1
"GO:0000819","sister chromatid segregation",119,14,15.74,"0.72221",0.72221,1
"GO:0030203","glycosaminoglycan metabolic process",70,8,9.26,"0.72436",0.72436,1
"GO:0007276","gamete generation",350,43,46.31,"0.72534",0.72534,1
"GO:0030030","cell projection organization",1026,130,135.74,"0.72536",0.72536,1
"GO:0000956","nuclear-transcribed mRNA catabolic process",95,11,12.57,"0.72783",0.72783,1
"GO:0003151","outflow tract morphogenesis",45,5,5.95,"0.72808",0.72808,1
"GO:0042551","neuron maturation",62,7,8.2,"0.72965",0.72965,1
"GO:0006022","aminoglycan metabolic process",87,10,11.51,"0.73076",0.73076,1
"GO:0032409","regulation of transporter activity",87,10,11.51,"0.73076",0.73076,1
"GO:0006281","DNA repair",414,51,54.77,"0.73304",0.73304,1
"GO:0048477","oogenesis",79,9,10.45,"0.73445",0.73445,1
"GO:0048813","dendrite morphogenesis",112,13,14.82,"0.73558",0.73558,1
"GO:0002755","MyD88-dependent toll-like receptor signaling pathway",28,3,3.7,"0.73599",0.73599,1
"GO:0003148","outflow tract septum morphogenesis",28,3,3.7,"0.73599",0.73599,1
"GO:0006968","cellular defense response",28,3,3.7,"0.73599",0.73599,1
"GO:0007080","mitotic metaphase chromosome alignment",28,3,3.7,"0.73599",0.73599,1
"GO:0031076","embryonic camera-type eye development",28,3,3.7,"0.73599",0.73599,1
"GO:0043113","receptor clustering",28,3,3.7,"0.73599",0.73599,1
"GO:0045005","DNA-templated DNA replication maintenance of fidelity",28,3,3.7,"0.73599",0.73599,1
"GO:0071554","cell wall organization or biogenesis",28,3,3.7,"0.73599",0.73599,1
"GO:1990089","response to nerve growth factor",28,3,3.7,"0.73599",0.73599,1
"GO:2000243","positive regulation of reproductive process",28,3,3.7,"0.73599",0.73599,1
"GO:0007286","spermatid development",54,6,7.14,"0.73664",0.73664,1
"GO:0010833","telomere maintenance via telomere lengthening",54,6,7.14,"0.73664",0.73664,1
"GO:0030041","actin filament polymerization",54,6,7.14,"0.73664",0.73664,1
"GO:0051453","regulation of intracellular pH",54,6,7.14,"0.73664",0.73664,1
"GO:0070534","protein K63-linked ubiquitination",54,6,7.14,"0.73664",0.73664,1
"GO:1903169","regulation of calcium ion transmembrane transport",54,6,7.14,"0.73664",0.73664,1
"GO:0002090","regulation of receptor internalization",19,2,2.51,"0.73740",0.7374,1
"GO:0006144","purine nucleobase metabolic process",19,2,2.51,"0.73740",0.7374,1
"GO:0006221","pyrimidine nucleotide biosynthetic process",19,2,2.51,"0.73740",0.7374,1
"GO:0006516","glycoprotein catabolic process",19,2,2.51,"0.73740",0.7374,1
"GO:0008334","histone mRNA metabolic process",19,2,2.51,"0.73740",0.7374,1
"GO:0009250","glucan biosynthetic process",19,2,2.51,"0.73740",0.7374,1
"GO:0016577","histone demethylation",19,2,2.51,"0.73740",0.7374,1
"GO:0021591","ventricular system development",19,2,2.51,"0.73740",0.7374,1
"GO:0021846","cell proliferation in forebrain",19,2,2.51,"0.73740",0.7374,1
"GO:0031666","positive regulation of lipopolysaccharide-mediated signaling pathway",19,2,2.51,"0.73740",0.7374,1
"GO:0035112","genitalia morphogenesis",19,2,2.51,"0.73740",0.7374,1
"GO:0043954","cellular component maintenance",19,2,2.51,"0.73740",0.7374,1
"GO:0044068","modulation by symbiont of host cellular process",19,2,2.51,"0.73740",0.7374,1
"GO:0071480","cellular response to gamma radiation",19,2,2.51,"0.73740",0.7374,1
"GO:0006913","nucleocytoplasmic transport",185,22,24.48,"0.73767",0.73767,1
"GO:0051169","nuclear transport",185,22,24.48,"0.73767",0.73767,1
"GO:0048145","regulation of fibroblast proliferation",104,12,13.76,"0.73780",0.7378,1
"GO:0051223","regulation of protein transport",233,28,30.83,"0.73789",0.73789,1
"GO:0051606","detection of stimulus",177,21,23.42,"0.73797",0.73797,1
"GO:0006997","nucleus organization",71,8,9.39,"0.73913",0.73913,1
"GO:0030218","erythrocyte differentiation",71,8,9.39,"0.73913",0.73913,1
"GO:0090316","positive regulation of intracellular protein transport",71,8,9.39,"0.73913",0.73913,1
"GO:0007215","glutamate receptor signaling pathway",37,4,4.9,"0.74002",0.74002,1
"GO:0016575","histone deacetylation",37,4,4.9,"0.74002",0.74002,1
"GO:0032456","endocytic recycling",37,4,4.9,"0.74002",0.74002,1
"GO:0033045","regulation of sister chromatid segregation",37,4,4.9,"0.74002",0.74002,1
"GO:0035725","sodium ion transmembrane transport",37,4,4.9,"0.74002",0.74002,1
"GO:0043266","regulation of potassium ion transport",37,4,4.9,"0.74002",0.74002,1
"GO:0048599","oocyte development",37,4,4.9,"0.74002",0.74002,1
"GO:0051208","sequestering of calcium ion",37,4,4.9,"0.74002",0.74002,1
"GO:0051282","regulation of sequestering of calcium ion",37,4,4.9,"0.74002",0.74002,1
"GO:1903076","regulation of protein localization to plasma membrane",37,4,4.9,"0.74002",0.74002,1
"GO:0001841","neural tube formation",88,10,11.64,"0.74393",0.74393,1
"GO:0030324","lung development",88,10,11.64,"0.74393",0.74393,1
"GO:2000177","regulation of neural precursor cell proliferation",88,10,11.64,"0.74393",0.74393,1
"GO:0031334","positive regulation of protein-containing complex assembly",63,7,8.34,"0.74511",0.74511,1
"GO:0035051","cardiocyte differentiation",63,7,8.34,"0.74511",0.74511,1
"GO:0042147","retrograde transport, endosome to Golgi",46,5,6.09,"0.74605",0.74605,1
"GO:0071482","cellular response to light stimulus",46,5,6.09,"0.74605",0.74605,1
"GO:0051098","regulation of binding",194,23,25.67,"0.74642",0.74642,1
"GO:0045824","negative regulation of innate immune response",80,9,10.58,"0.74812",0.74812,1
"GO:0048144","fibroblast proliferation",105,12,13.89,"0.74974",0.74974,1
"GO:0006909","phagocytosis",97,11,12.83,"0.75286",0.75286,1
"GO:0050688","regulation of defense response to virus",97,11,12.83,"0.75286",0.75286,1
"GO:0050982","detection of mechanical stimulus",97,11,12.83,"0.75286",0.75286,1
"GO:1990778","protein localization to cell periphery",187,22,24.74,"0.75568",0.75568,1
"GO:0010629","negative regulation of gene expression",559,69,73.96,"0.75570",0.7557,1
"GO:0002920","regulation of humoral immune response",29,3,3.84,"0.75787",0.75787,1
"GO:0006094","gluconeogenesis",29,3,3.84,"0.75787",0.75787,1
"GO:0006942","regulation of striated muscle contraction",29,3,3.84,"0.75787",0.75787,1
"GO:0009145","purine nucleoside triphosphate biosynthetic process",29,3,3.84,"0.75787",0.75787,1
"GO:0009206","purine ribonucleoside triphosphate biosynthetic process",29,3,3.84,"0.75787",0.75787,1
"GO:0051480","regulation of cytosolic calcium ion concentration",29,3,3.84,"0.75787",0.75787,1
"GO:0055006","cardiac cell development",29,3,3.84,"0.75787",0.75787,1
"GO:0001975","response to amphetamine",10,1,1.32,"0.75823",0.75823,1
"GO:0002052","positive regulation of neuroblast proliferation",10,1,1.32,"0.75823",0.75823,1
"GO:0003188","heart valve formation",10,1,1.32,"0.75823",0.75823,1
"GO:0006878","intracellular copper ion homeostasis",10,1,1.32,"0.75823",0.75823,1
"GO:0006971","hypotonic response",10,1,1.32,"0.75823",0.75823,1
"GO:0007398","ectoderm development",10,1,1.32,"0.75823",0.75823,1
"GO:0009744","response to sucrose",10,1,1.32,"0.75823",0.75823,1
"GO:0010037","response to carbon dioxide",10,1,1.32,"0.75823",0.75823,1
"GO:0010587","miRNA catabolic process",10,1,1.32,"0.75823",0.75823,1
"GO:0010830","regulation of myotube differentiation",10,1,1.32,"0.75823",0.75823,1
"GO:0010881","regulation of cardiac muscle contraction by regulation of the release of sequestered calcium ion",10,1,1.32,"0.75823",0.75823,1
"GO:0010962","regulation of glucan biosynthetic process",10,1,1.32,"0.75823",0.75823,1
"GO:0018026","peptidyl-lysine monomethylation",10,1,1.32,"0.75823",0.75823,1
"GO:0021561","facial nerve development",10,1,1.32,"0.75823",0.75823,1
"GO:0021692","cerebellar Purkinje cell layer morphogenesis",10,1,1.32,"0.75823",0.75823,1
"GO:0022038","corpus callosum development",10,1,1.32,"0.75823",0.75823,1
"GO:0030212","hyaluronan metabolic process",10,1,1.32,"0.75823",0.75823,1
"GO:0031293","membrane protein intracellular domain proteolysis",10,1,1.32,"0.75823",0.75823,1
"GO:0031440","regulation of mRNA 3'-end processing",10,1,1.32,"0.75823",0.75823,1
"GO:0032401","establishment of melanosome localization",10,1,1.32,"0.75823",0.75823,1
"GO:0032402","melanosome transport",10,1,1.32,"0.75823",0.75823,1
"GO:0032459","regulation of protein oligomerization",10,1,1.32,"0.75823",0.75823,1
"GO:0032781","positive regulation of ATP-dependent activity",10,1,1.32,"0.75823",0.75823,1
"GO:0033238","regulation of amine metabolic process",10,1,1.32,"0.75823",0.75823,1
"GO:0033599","regulation of mammary gland epithelial cell proliferation",10,1,1.32,"0.75823",0.75823,1
"GO:0034091","regulation of maintenance of sister chromatid cohesion",10,1,1.32,"0.75823",0.75823,1
"GO:0034182","regulation of maintenance of mitotic sister chromatid cohesion",10,1,1.32,"0.75823",0.75823,1
"GO:0034285","response to disaccharide",10,1,1.32,"0.75823",0.75823,1
"GO:0034392","negative regulation of smooth muscle cell apoptotic process",10,1,1.32,"0.75823",0.75823,1
"GO:0035809","regulation of urine volume",10,1,1.32,"0.75823",0.75823,1
"GO:0036258","multivesicular body assembly",10,1,1.32,"0.75823",0.75823,1
"GO:0042455","ribonucleoside biosynthetic process",10,1,1.32,"0.75823",0.75823,1
"GO:0042531","positive regulation of tyrosine phosphorylation of STAT protein",10,1,1.32,"0.75823",0.75823,1
"GO:0043650","dicarboxylic acid biosynthetic process",10,1,1.32,"0.75823",0.75823,1
"GO:0044340","canonical Wnt signaling pathway involved in regulation of cell proliferation",10,1,1.32,"0.75823",0.75823,1
"GO:0045649","regulation of macrophage differentiation",10,1,1.32,"0.75823",0.75823,1
"GO:0046485","ether lipid metabolic process",10,1,1.32,"0.75823",0.75823,1
"GO:0046827","positive regulation of protein export from nucleus",10,1,1.32,"0.75823",0.75823,1
"GO:0048261","negative regulation of receptor-mediated endocytosis",10,1,1.32,"0.75823",0.75823,1
"GO:0048542","lymph gland development",10,1,1.32,"0.75823",0.75823,1
"GO:0048741","skeletal muscle fiber development",10,1,1.32,"0.75823",0.75823,1
"GO:0050893","sensory processing",10,1,1.32,"0.75823",0.75823,1
"GO:0055003","cardiac myofibril assembly",10,1,1.32,"0.75823",0.75823,1
"GO:0061582","intestinal epithelial cell migration",10,1,1.32,"0.75823",0.75823,1
"GO:0070293","renal absorption",10,1,1.32,"0.75823",0.75823,1
"GO:0071244","cellular response to carbon dioxide",10,1,1.32,"0.75823",0.75823,1
"GO:0071305","cellular response to vitamin D",10,1,1.32,"0.75823",0.75823,1
"GO:0071688","striated muscle myosin thick filament assembly",10,1,1.32,"0.75823",0.75823,1
"GO:0071907","determination of digestive tract left/right asymmetry",10,1,1.32,"0.75823",0.75823,1
"GO:0090085","regulation of protein deubiquitination",10,1,1.32,"0.75823",0.75823,1
"GO:0090231","regulation of spindle checkpoint",10,1,1.32,"0.75823",0.75823,1
"GO:0090266","regulation of mitotic cell cycle spindle assembly checkpoint",10,1,1.32,"0.75823",0.75823,1
"GO:0090394","negative regulation of excitatory postsynaptic potential",10,1,1.32,"0.75823",0.75823,1
"GO:0099601","regulation of neurotransmitter receptor activity",10,1,1.32,"0.75823",0.75823,1
"GO:1900037","regulation of cellular response to hypoxia",10,1,1.32,"0.75823",0.75823,1
"GO:1902004","positive regulation of amyloid-beta formation",10,1,1.32,"0.75823",0.75823,1
"GO:1902914","regulation of protein polyubiquitination",10,1,1.32,"0.75823",0.75823,1
"GO:1902993","positive regulation of amyloid precursor protein catabolic process",10,1,1.32,"0.75823",0.75823,1
"GO:1903504","regulation of mitotic spindle checkpoint",10,1,1.32,"0.75823",0.75823,1
"GO:1903749","positive regulation of establishment of protein localization to mitochondrion",10,1,1.32,"0.75823",0.75823,1
"GO:1903861","positive regulation of dendrite extension",10,1,1.32,"0.75823",0.75823,1
"GO:1904376","negative regulation of protein localization to cell periphery",10,1,1.32,"0.75823",0.75823,1
"GO:1905936","regulation of germ cell proliferation",10,1,1.32,"0.75823",0.75823,1
"GO:1990000","amyloid fibril formation",10,1,1.32,"0.75823",0.75823,1
"GO:2001204","regulation of osteoclast development",10,1,1.32,"0.75823",0.75823,1
"GO:0002011","morphogenesis of an epithelial sheet",38,4,5.03,"0.75915",0.75915,1
"GO:0044786","cell cycle DNA replication",38,4,5.03,"0.75915",0.75915,1
"GO:1903533","regulation of protein targeting",38,4,5.03,"0.75915",0.75915,1
"GO:0034249","negative regulation of amide metabolic process",155,18,20.51,"0.75930",0.7593,1
"GO:0003206","cardiac chamber morphogenesis",64,7,8.47,"0.75993",0.75993,1
"GO:0019226","transmission of nerve impulse",64,7,8.47,"0.75993",0.75993,1
"GO:0031123","RNA 3'-end processing",64,7,8.47,"0.75993",0.75993,1
"GO:0097553","calcium ion transmembrane import into cytosol",64,7,8.47,"0.75993",0.75993,1
"GO:0051056","regulation of small GTPase mediated signal transduction",147,17,19.45,"0.76069",0.76069,1
"GO:1903522","regulation of blood circulation",81,9,10.72,"0.76130",0.7613,1
"GO:0007186","G protein-coupled receptor signaling pathway",244,29,32.28,"0.76179",0.76179,1
"GO:0002690","positive regulation of leukocyte chemotaxis",20,2,2.65,"0.76326",0.76326,1
"GO:0006071","glycerol metabolic process",20,2,2.65,"0.76326",0.76326,1
"GO:0006998","nuclear envelope organization",20,2,2.65,"0.76326",0.76326,1
"GO:0008299","isoprenoid biosynthetic process",20,2,2.65,"0.76326",0.76326,1
"GO:0008608","attachment of spindle microtubules to kinetochore",20,2,2.65,"0.76326",0.76326,1
"GO:0009303","rRNA transcription",20,2,2.65,"0.76326",0.76326,1
"GO:0010125","mycothiol biosynthetic process",20,2,2.65,"0.76326",0.76326,1
"GO:0010126","mycothiol metabolic process",20,2,2.65,"0.76326",0.76326,1
"GO:0016138","glycoside biosynthetic process",20,2,2.65,"0.76326",0.76326,1
"GO:0016180","snRNA processing",20,2,2.65,"0.76326",0.76326,1
"GO:0030449","regulation of complement activation",20,2,2.65,"0.76326",0.76326,1
"GO:0031529","ruffle organization",20,2,2.65,"0.76326",0.76326,1
"GO:0042771","intrinsic apoptotic signaling pathway in response to DNA damage by p53 class mediator",20,2,2.65,"0.76326",0.76326,1
"GO:0043267","negative regulation of potassium ion transport",20,2,2.65,"0.76326",0.76326,1
"GO:0045292","mRNA cis splicing, via spliceosome",20,2,2.65,"0.76326",0.76326,1
"GO:0090317","negative regulation of intracellular protein transport",20,2,2.65,"0.76326",0.76326,1
"GO:2000095","regulation of Wnt signaling pathway, planar cell polarity pathway",20,2,2.65,"0.76326",0.76326,1
"GO:0070588","calcium ion transmembrane transport",131,15,17.33,"0.76429",0.76429,1
"GO:0007346","regulation of mitotic cell cycle",340,41,44.98,"0.76437",0.76437,1
"GO:0046578","regulation of Ras protein signal transduction",123,14,16.27,"0.76659",0.76659,1
"GO:0034101","erythrocyte homeostasis",73,8,9.66,"0.76701",0.76701,1
"GO:0050817","coagulation",73,8,9.66,"0.76701",0.76701,1
"GO:1903828","negative regulation of protein localization",73,8,9.66,"0.76701",0.76701,1
"GO:1901361","organic cyclic compound catabolic process",301,36,39.82,"0.76947",0.76947,1
"GO:0007059","chromosome segregation",213,25,28.18,"0.77074",0.77074,1
"GO:0015074","DNA integration",205,24,27.12,"0.77133",0.77133,1
"GO:0019725","cellular homeostasis",389,47,51.47,"0.77324",0.77324,1
"GO:0007269","neurotransmitter secretion",82,9,10.85,"0.77398",0.77398,1
"GO:0016051","carbohydrate biosynthetic process",82,9,10.85,"0.77398",0.77398,1
"GO:0017157","regulation of exocytosis",82,9,10.85,"0.77398",0.77398,1
"GO:0030307","positive regulation of cell growth",82,9,10.85,"0.77398",0.77398,1
"GO:0032720","negative regulation of tumor necrosis factor production",82,9,10.85,"0.77398",0.77398,1
"GO:0099643","signal release from synapse",82,9,10.85,"0.77398",0.77398,1
"GO:1903556","negative regulation of tumor necrosis factor superfamily cytokine production",82,9,10.85,"0.77398",0.77398,1
"GO:0009259","ribonucleotide metabolic process",173,20,22.89,"0.77500",0.775,1
"GO:0006914","autophagy",262,31,34.66,"0.77631",0.77631,1
"GO:0061919","process utilizing autophagic mechanism",262,31,34.66,"0.77631",0.77631,1
"GO:0009150","purine ribonucleotide metabolic process",165,19,21.83,"0.77633",0.77633,1
"GO:0003014","renal system process",39,4,5.16,"0.77717",0.77717,1
"GO:0006304","DNA modification",39,4,5.16,"0.77717",0.77717,1
"GO:1905515","non-motile cilium assembly",39,4,5.16,"0.77717",0.77717,1
"GO:0009950","dorsal/ventral axis specification",30,3,3.97,"0.77827",0.77827,1
"GO:0010906","regulation of glucose metabolic process",30,3,3.97,"0.77827",0.77827,1
"GO:0019319","hexose biosynthetic process",30,3,3.97,"0.77827",0.77827,1
"GO:0044042","glucan metabolic process",30,3,3.97,"0.77827",0.77827,1
"GO:0046928","regulation of neurotransmitter secretion",30,3,3.97,"0.77827",0.77827,1
"GO:0048488","synaptic vesicle endocytosis",30,3,3.97,"0.77827",0.77827,1
"GO:0090382","phagosome maturation",30,3,3.97,"0.77827",0.77827,1
"GO:0140238","presynaptic endocytosis",30,3,3.97,"0.77827",0.77827,1
"GO:1901016","regulation of potassium ion transmembrane transporter activity",30,3,3.97,"0.77827",0.77827,1
"GO:0006626","protein targeting to mitochondrion",48,5,6.35,"0.77933",0.77933,1
"GO:0019228","neuronal action potential",48,5,6.35,"0.77933",0.77933,1
"GO:0034502","protein localization to chromosome",48,5,6.35,"0.77933",0.77933,1
"GO:0070647","protein modification by small protein conjugation or removal",697,86,92.21,"0.77981",0.77981,1
"GO:0050769","positive regulation of neurogenesis",116,13,15.35,"0.77985",0.77985,1
"GO:0055001","muscle cell development",74,8,9.79,"0.78012",0.78012,1
"GO:0007204","positive regulation of cytosolic calcium ion concentration",57,6,7.54,"0.78309",0.78309,1
"GO:0048515","spermatid differentiation",57,6,7.54,"0.78309",0.78309,1
"GO:1903008","organelle disassembly",57,6,7.54,"0.78309",0.78309,1
"GO:0022898","regulation of transmembrane transporter activity",83,9,10.98,"0.78617",0.78617,1
"GO:0031348","negative regulation of defense response",125,14,16.54,"0.78687",0.78687,1
"GO:0001773","myeloid dendritic cell activation",21,2,2.78,"0.78689",0.78689,1
"GO:0002381","immunoglobulin production involved in immunoglobulin-mediated immune response",21,2,2.78,"0.78689",0.78689,1
"GO:0009081","branched-chain amino acid metabolic process",21,2,2.78,"0.78689",0.78689,1
"GO:0010569","regulation of double-strand break repair via homologous recombination",21,2,2.78,"0.78689",0.78689,1
"GO:0016242","negative regulation of macroautophagy",21,2,2.78,"0.78689",0.78689,1
"GO:0021695","cerebellar cortex development",21,2,2.78,"0.78689",0.78689,1
"GO:0032435","negative regulation of proteasomal ubiquitin-dependent protein catabolic process",21,2,2.78,"0.78689",0.78689,1
"GO:0034587","piRNA processing",21,2,2.78,"0.78689",0.78689,1
"GO:0036342","post-anal tail morphogenesis",21,2,2.78,"0.78689",0.78689,1
"GO:0042987","amyloid precursor protein catabolic process",21,2,2.78,"0.78689",0.78689,1
"GO:0043011","myeloid dendritic cell differentiation",21,2,2.78,"0.78689",0.78689,1
"GO:0046825","regulation of protein export from nucleus",21,2,2.78,"0.78689",0.78689,1
"GO:0047496","vesicle transport along microtubule",21,2,2.78,"0.78689",0.78689,1
"GO:0051443","positive regulation of ubiquitin-protein transferase activity",21,2,2.78,"0.78689",0.78689,1
"GO:0070227","lymphocyte apoptotic process",21,2,2.78,"0.78689",0.78689,1
"GO:0099518","vesicle cytoskeletal trafficking",21,2,2.78,"0.78689",0.78689,1
"GO:2001258","negative regulation of cation channel activity",21,2,2.78,"0.78689",0.78689,1
"GO:0050808","synapse organization",207,24,27.39,"0.78716",0.78716,1
"GO:0032271","regulation of protein polymerization",66,7,8.73,"0.78768",0.78768,1
"GO:0000054","ribosomal subunit export from nucleus",11,1,1.46,"0.79024",0.79024,1
"GO:0001522","pseudouridine synthesis",11,1,1.46,"0.79024",0.79024,1
"GO:0001710","mesodermal cell fate commitment",11,1,1.46,"0.79024",0.79024,1
"GO:0002474","antigen processing and presentation of peptide antigen via MHC class I",11,1,1.46,"0.79024",0.79024,1
"GO:0003128","heart field specification",11,1,1.46,"0.79024",0.79024,1
"GO:0003263","cardioblast proliferation",11,1,1.46,"0.79024",0.79024,1
"GO:0003264","regulation of cardioblast proliferation",11,1,1.46,"0.79024",0.79024,1
"GO:0003416","endochondral bone growth",11,1,1.46,"0.79024",0.79024,1
"GO:0006140","regulation of nucleotide metabolic process",11,1,1.46,"0.79024",0.79024,1
"GO:0006188","IMP biosynthetic process",11,1,1.46,"0.79024",0.79024,1
"GO:0006241","CTP biosynthetic process",11,1,1.46,"0.79024",0.79024,1
"GO:0006882","intracellular zinc ion homeostasis",11,1,1.46,"0.79024",0.79024,1
"GO:0007026","negative regulation of microtubule depolymerization",11,1,1.46,"0.79024",0.79024,1
"GO:0007419","ventral cord development",11,1,1.46,"0.79024",0.79024,1
"GO:0007446","imaginal disc growth",11,1,1.46,"0.79024",0.79024,1
"GO:0010571","positive regulation of nuclear cell cycle DNA replication",11,1,1.46,"0.79024",0.79024,1
"GO:0014049","positive regulation of glutamate secretion",11,1,1.46,"0.79024",0.79024,1
"GO:0016048","detection of temperature stimulus",11,1,1.46,"0.79024",0.79024,1
"GO:0018149","peptide cross-linking",11,1,1.46,"0.79024",0.79024,1
"GO:0018342","protein prenylation",11,1,1.46,"0.79024",0.79024,1
"GO:0031069","hair follicle morphogenesis",11,1,1.46,"0.79024",0.79024,1
"GO:0031114","regulation of microtubule depolymerization",11,1,1.46,"0.79024",0.79024,1
"GO:0032400","melanosome localization",11,1,1.46,"0.79024",0.79024,1
"GO:0032695","negative regulation of interleukin-12 production",11,1,1.46,"0.79024",0.79024,1
"GO:0033198","response to ATP",11,1,1.46,"0.79024",0.79024,1
"GO:0033750","ribosome localization",11,1,1.46,"0.79024",0.79024,1
"GO:0034314","Arp2/3 complex-mediated actin nucleation",11,1,1.46,"0.79024",0.79024,1
"GO:0035222","wing disc pattern formation",11,1,1.46,"0.79024",0.79024,1
"GO:0035510","DNA dealkylation",11,1,1.46,"0.79024",0.79024,1
"GO:0036035","osteoclast development",11,1,1.46,"0.79024",0.79024,1
"GO:0036093","germ cell proliferation",11,1,1.46,"0.79024",0.79024,1
"GO:0036257","multivesicular body organization",11,1,1.46,"0.79024",0.79024,1
"GO:0042048","olfactory behavior",11,1,1.46,"0.79024",0.79024,1
"GO:0042559","pteridine-containing compound biosynthetic process",11,1,1.46,"0.79024",0.79024,1
"GO:0043516","regulation of DNA damage response, signal transduction by p53 class mediator",11,1,1.46,"0.79024",0.79024,1
"GO:0044804","nucleophagy",11,1,1.46,"0.79024",0.79024,1
"GO:0044806","G-quadruplex DNA unwinding",11,1,1.46,"0.79024",0.79024,1
"GO:0045840","positive regulation of mitotic nuclear division",11,1,1.46,"0.79024",0.79024,1
"GO:0046036","CTP metabolic process",11,1,1.46,"0.79024",0.79024,1
"GO:0046112","nucleobase biosynthetic process",11,1,1.46,"0.79024",0.79024,1
"GO:0050994","regulation of lipid catabolic process",11,1,1.46,"0.79024",0.79024,1
"GO:0051782","negative regulation of cell division",11,1,1.46,"0.79024",0.79024,1
"GO:0051904","pigment granule transport",11,1,1.46,"0.79024",0.79024,1
"GO:0051905","establishment of pigment granule localization",11,1,1.46,"0.79024",0.79024,1
"GO:0055070","copper ion homeostasis",11,1,1.46,"0.79024",0.79024,1
"GO:0060287","epithelial cilium movement involved in determination of left/right asymmetry",11,1,1.46,"0.79024",0.79024,1
"GO:0062237","protein localization to postsynapse",11,1,1.46,"0.79024",0.79024,1
"GO:0071397","cellular response to cholesterol",11,1,1.46,"0.79024",0.79024,1
"GO:0097066","response to thyroid hormone",11,1,1.46,"0.79024",0.79024,1
"GO:0097354","prenylation",11,1,1.46,"0.79024",0.79024,1
"GO:0098751","bone cell development",11,1,1.46,"0.79024",0.79024,1
"GO:0098801","regulation of renal system process",11,1,1.46,"0.79024",0.79024,1
"GO:0098868","bone growth",11,1,1.46,"0.79024",0.79024,1
"GO:0098908","regulation of neuronal action potential",11,1,1.46,"0.79024",0.79024,1
"GO:1900370","positive regulation of post-transcriptional gene silencing by RNA",11,1,1.46,"0.79024",0.79024,1
"GO:1900542","regulation of purine nucleotide metabolic process",11,1,1.46,"0.79024",0.79024,1
"GO:1901385","regulation of voltage-gated calcium channel activity",11,1,1.46,"0.79024",0.79024,1
"GO:1903306","negative regulation of regulated secretory pathway",11,1,1.46,"0.79024",0.79024,1
"GO:1903539","protein localization to postsynaptic membrane",11,1,1.46,"0.79024",0.79024,1
"GO:1903859","regulation of dendrite extension",11,1,1.46,"0.79024",0.79024,1
"GO:0034248","regulation of amide metabolic process",256,30,33.87,"0.79064",0.79064,1
"GO:0019693","ribose phosphate metabolic process",175,20,23.15,"0.79195",0.79195,1
"GO:0043122","regulation of canonical NF-kappaB signal transduction",175,20,23.15,"0.79195",0.79195,1
"GO:0001505","regulation of neurotransmitter levels",92,10,12.17,"0.79218",0.79218,1
"GO:0051651","maintenance of location in cell",92,10,12.17,"0.79218",0.79218,1
"GO:1901991","negative regulation of mitotic cell cycle phase transition",92,10,12.17,"0.79218",0.79218,1
"GO:0008154","actin polymerization or depolymerization",75,8,9.92,"0.79268",0.79268,1
"GO:0045185","maintenance of protein location",75,8,9.92,"0.79268",0.79268,1
"GO:0007034","vacuolar transport",109,12,14.42,"0.79377",0.79377,1
"GO:0009142","nucleoside triphosphate biosynthetic process",40,4,5.29,"0.79410",0.7941,1
"GO:0009994","oocyte differentiation",40,4,5.29,"0.79410",0.7941,1
"GO:1901659","glycosyl compound biosynthetic process",40,4,5.29,"0.79410",0.7941,1
"GO:0044270","cellular nitrogen compound catabolic process",273,32,36.12,"0.79660",0.7966,1
"GO:0006352","DNA-templated transcription initiation",58,6,7.67,"0.79712",0.79712,1
"GO:0008016","regulation of heart contraction",58,6,7.67,"0.79712",0.79712,1
"GO:0032465","regulation of cytokinesis",58,6,7.67,"0.79712",0.79712,1
"GO:0009161","ribonucleoside monophosphate metabolic process",31,3,4.1,"0.79723",0.79723,1
"GO:0035094","response to nicotine",31,3,4.1,"0.79723",0.79723,1
"GO:0051438","regulation of ubiquitin-protein transferase activity",31,3,4.1,"0.79723",0.79723,1
"GO:0051588","regulation of neurotransmitter transport",31,3,4.1,"0.79723",0.79723,1
"GO:0090398","cellular senescence",31,3,4.1,"0.79723",0.79723,1
"GO:0010256","endomembrane system organization",257,30,34,"0.79748",0.79748,1
"GO:0003279","cardiac septum development",84,9,11.11,"0.79788",0.79788,1
"GO:0043124","negative regulation of canonical NF-kappaB signal transduction",84,9,11.11,"0.79788",0.79788,1
"GO:2000241","regulation of reproductive process",84,9,11.11,"0.79788",0.79788,1
"GO:0098655","monoatomic cation transmembrane transport",249,29,32.94,"0.79803",0.79803,1
"GO:0046486","glycerolipid metabolic process",184,21,24.34,"0.79851",0.79851,1
"GO:0019538","protein metabolic process",3067,393,405.77,"0.79867",0.79867,1
"GO:1902905","positive regulation of supramolecular fiber organization",67,7,8.86,"0.80062",0.80062,1
"GO:0046700","heterocycle catabolic process",274,32,36.25,"0.80312",0.80312,1
"GO:0048771","tissue remodeling",93,10,12.3,"0.80314",0.80314,1
"GO:0043433","negative regulation of DNA-binding transcription factor activity",127,14,16.8,"0.80589",0.80589,1
"GO:0002042","cell migration involved in sprouting angiogenesis",22,2,2.91,"0.80841",0.80841,1
"GO:0006353","DNA-templated transcription termination",22,2,2.91,"0.80841",0.80841,1
"GO:0007094","mitotic spindle assembly checkpoint signaling",22,2,2.91,"0.80841",0.80841,1
"GO:0021772","olfactory bulb development",22,2,2.91,"0.80841",0.80841,1
"GO:0021988","olfactory lobe development",22,2,2.91,"0.80841",0.80841,1
"GO:0031113","regulation of microtubule polymerization",22,2,2.91,"0.80841",0.80841,1
"GO:0045841","negative regulation of mitotic metaphase/anaphase transition",22,2,2.91,"0.80841",0.80841,1
"GO:0046579","positive regulation of Ras protein signal transduction",22,2,2.91,"0.80841",0.80841,1
"GO:0050931","pigment cell differentiation",22,2,2.91,"0.80841",0.80841,1
"GO:0055117","regulation of cardiac muscle contraction",22,2,2.91,"0.80841",0.80841,1
"GO:0061647","histone H3-K9 modification",22,2,2.91,"0.80841",0.80841,1
"GO:0071173","spindle assembly checkpoint signaling",22,2,2.91,"0.80841",0.80841,1
"GO:0071174","mitotic spindle checkpoint signaling",22,2,2.91,"0.80841",0.80841,1
"GO:0072583","clathrin-dependent endocytosis",22,2,2.91,"0.80841",0.80841,1
"GO:0090313","regulation of protein targeting to membrane",22,2,2.91,"0.80841",0.80841,1
"GO:1902100","negative regulation of metaphase/anaphase transition of cell cycle",22,2,2.91,"0.80841",0.80841,1
"GO:1905819","negative regulation of chromosome separation",22,2,2.91,"0.80841",0.80841,1
"GO:2000816","negative regulation of mitotic sister chromatid separation",22,2,2.91,"0.80841",0.80841,1
"GO:0044238","primary metabolic process",6142,798,812.6,"0.80877",0.80877,1
"GO:0044772","mitotic cell cycle phase transition",283,33,37.44,"0.80900",0.809,1
"GO:0001938","positive regulation of endothelial cell proliferation",50,5,6.62,"0.80915",0.80915,1
"GO:0032196","transposition",50,5,6.62,"0.80915",0.80915,1
"GO:0045861","negative regulation of proteolysis",119,13,15.74,"0.80947",0.80947,1
"GO:0050801","monoatomic ion homeostasis",275,32,36.38,"0.80949",0.80949,1
"GO:0010639","negative regulation of organelle organization",169,19,22.36,"0.80991",0.80991,1
"GO:0006476","protein deacetylation",41,4,5.42,"0.80999",0.80999,1
"GO:0099173","postsynapse organization",59,6,7.81,"0.81044",0.81044,1
"GO:0034976","response to endoplasmic reticulum stress",194,22,25.67,"0.81225",0.81225,1
"GO:0036294","cellular response to decreased oxygen levels",68,7,9,"0.81295",0.81295,1
"GO:0042472","inner ear morphogenesis",68,7,9,"0.81295",0.81295,1
"GO:1901987","regulation of cell cycle phase transition",235,27,31.09,"0.81314",0.81314,1
"GO:0006906","vesicle fusion",111,12,14.69,"0.81357",0.81357,1
"GO:1901873","regulation of post-translational protein modification",186,21,24.61,"0.81388",0.81388,1
"GO:0000731","DNA synthesis involved in DNA repair",32,3,4.23,"0.81481",0.81481,1
"GO:0001960","negative regulation of cytokine-mediated signaling pathway",32,3,4.23,"0.81481",0.81481,1
"GO:0006040","amino sugar metabolic process",32,3,4.23,"0.81481",0.81481,1
"GO:0016574","histone ubiquitination",32,3,4.23,"0.81481",0.81481,1
"GO:0030032","lamellipodium assembly",32,3,4.23,"0.81481",0.81481,1
"GO:0031110","regulation of microtubule polymerization or depolymerization",32,3,4.23,"0.81481",0.81481,1
"GO:0051784","negative regulation of nuclear division",32,3,4.23,"0.81481",0.81481,1
"GO:1901019","regulation of calcium ion transmembrane transporter activity",32,3,4.23,"0.81481",0.81481,1
"GO:0051345","positive regulation of hydrolase activity",252,29,33.34,"0.81788",0.81788,1
"GO:0001832","blastocyst growth",12,1,1.59,"0.81802",0.81802,1
"GO:0002021","response to dietary excess",12,1,1.59,"0.81802",0.81802,1
"GO:0002092","positive regulation of receptor internalization",12,1,1.59,"0.81802",0.81802,1
"GO:0002431","Fc receptor mediated stimulatory signaling pathway",12,1,1.59,"0.81802",0.81802,1
"GO:0006032","chitin catabolic process",12,1,1.59,"0.81802",0.81802,1
"GO:0006884","cell volume homeostasis",12,1,1.59,"0.81802",0.81802,1
"GO:0007020","microtubule nucleation",12,1,1.59,"0.81802",0.81802,1
"GO:0007035","vacuolar acidification",12,1,1.59,"0.81802",0.81802,1
"GO:0010714","positive regulation of collagen metabolic process",12,1,1.59,"0.81802",0.81802,1
"GO:0010880","regulation of release of sequestered calcium ion into cytosol by sarcoplasmic reticulum",12,1,1.59,"0.81802",0.81802,1
"GO:0014002","astrocyte development",12,1,1.59,"0.81802",0.81802,1
"GO:0014048","regulation of glutamate secretion",12,1,1.59,"0.81802",0.81802,1
"GO:0014808","release of sequestered calcium ion into cytosol by sarcoplasmic reticulum",12,1,1.59,"0.81802",0.81802,1
"GO:0014832","urinary bladder smooth muscle contraction",12,1,1.59,"0.81802",0.81802,1
"GO:0014848","urinary tract smooth muscle contraction",12,1,1.59,"0.81802",0.81802,1
"GO:0014904","myotube cell development",12,1,1.59,"0.81802",0.81802,1
"GO:0021873","forebrain neuroblast division",12,1,1.59,"0.81802",0.81802,1
"GO:0031424","keratinization",12,1,1.59,"0.81802",0.81802,1
"GO:0032885","regulation of polysaccharide biosynthetic process",12,1,1.59,"0.81802",0.81802,1
"GO:0032967","positive regulation of collagen biosynthetic process",12,1,1.59,"0.81802",0.81802,1
"GO:0033137","negative regulation of peptidyl-serine phosphorylation",12,1,1.59,"0.81802",0.81802,1
"GO:0033262","regulation of nuclear cell cycle DNA replication",12,1,1.59,"0.81802",0.81802,1
"GO:0034067","protein localization to Golgi apparatus",12,1,1.59,"0.81802",0.81802,1
"GO:0034214","protein hexamerization",12,1,1.59,"0.81802",0.81802,1
"GO:0034471","ncRNA 5'-end processing",12,1,1.59,"0.81802",0.81802,1
"GO:0035025","positive regulation of Rho protein signal transduction",12,1,1.59,"0.81802",0.81802,1
"GO:0035066","positive regulation of histone acetylation",12,1,1.59,"0.81802",0.81802,1
"GO:0035166","post-embryonic hemopoiesis",12,1,1.59,"0.81802",0.81802,1
"GO:0042403","thyroid hormone metabolic process",12,1,1.59,"0.81802",0.81802,1
"GO:0042438","melanin biosynthetic process",12,1,1.59,"0.81802",0.81802,1
"GO:0042706","eye photoreceptor cell fate commitment",12,1,1.59,"0.81802",0.81802,1
"GO:0043248","proteasome assembly",12,1,1.59,"0.81802",0.81802,1
"GO:0043403","skeletal muscle tissue regeneration",12,1,1.59,"0.81802",0.81802,1
"GO:0044332","Wnt signaling pathway involved in dorsal/ventral axis specification",12,1,1.59,"0.81802",0.81802,1
"GO:0045103","intermediate filament-based process",12,1,1.59,"0.81802",0.81802,1
"GO:0045104","intermediate filament cytoskeleton organization",12,1,1.59,"0.81802",0.81802,1
"GO:0045191","regulation of isotype switching",12,1,1.59,"0.81802",0.81802,1
"GO:0045911","positive regulation of DNA recombination",12,1,1.59,"0.81802",0.81802,1
"GO:0046040","IMP metabolic process",12,1,1.59,"0.81802",0.81802,1
"GO:0046532","regulation of photoreceptor cell differentiation",12,1,1.59,"0.81802",0.81802,1
"GO:0046552","photoreceptor cell fate commitment",12,1,1.59,"0.81802",0.81802,1
"GO:0046666","retinal cell programmed cell death",12,1,1.59,"0.81802",0.81802,1
"GO:0048496","maintenance of animal organ identity",12,1,1.59,"0.81802",0.81802,1
"GO:0048730","epidermis morphogenesis",12,1,1.59,"0.81802",0.81802,1
"GO:0051281","positive regulation of release of sequestered calcium ion into cytosol",12,1,1.59,"0.81802",0.81802,1
"GO:0051875","pigment granule localization",12,1,1.59,"0.81802",0.81802,1
"GO:0051900","regulation of mitochondrial depolarization",12,1,1.59,"0.81802",0.81802,1
"GO:0060179","male mating behavior",12,1,1.59,"0.81802",0.81802,1
"GO:0061098","positive regulation of protein tyrosine kinase activity",12,1,1.59,"0.81802",0.81802,1
"GO:0061158","3'-UTR-mediated mRNA destabilization",12,1,1.59,"0.81802",0.81802,1
"GO:0070296","sarcoplasmic reticulum calcium ion transport",12,1,1.59,"0.81802",0.81802,1
"GO:0071294","cellular response to zinc ion",12,1,1.59,"0.81802",0.81802,1
"GO:0071470","cellular response to osmotic stress",12,1,1.59,"0.81802",0.81802,1
"GO:0071600","otic vesicle morphogenesis",12,1,1.59,"0.81802",0.81802,1
"GO:0071786","endoplasmic reticulum tubular network organization",12,1,1.59,"0.81802",0.81802,1
"GO:0072176","nephric duct development",12,1,1.59,"0.81802",0.81802,1
"GO:0140718","facultative heterochromatin formation",12,1,1.59,"0.81802",0.81802,1
"GO:1900117","regulation of execution phase of apoptosis",12,1,1.59,"0.81802",0.81802,1
"GO:1901018","positive regulation of potassium ion transmembrane transporter activity",12,1,1.59,"0.81802",0.81802,1
"GO:1902003","regulation of amyloid-beta formation",12,1,1.59,"0.81802",0.81802,1
"GO:1902991","regulation of amyloid precursor protein catabolic process",12,1,1.59,"0.81802",0.81802,1
"GO:1903514","release of sequestered calcium ion into cytosol by endoplasmic reticulum",12,1,1.59,"0.81802",0.81802,1
"GO:1904058","positive regulation of sensory perception of pain",12,1,1.59,"0.81802",0.81802,1
"GO:2000758","positive regulation of peptidyl-lysine acetylation",12,1,1.59,"0.81802",0.81802,1
"GO:2000781","positive regulation of double-strand break repair",12,1,1.59,"0.81802",0.81802,1
"GO:0098771","inorganic ion homeostasis",220,25,29.11,"0.82208",0.82208,1
"GO:0010921","regulation of phosphatase activity",51,5,6.75,"0.82280",0.8228,1
"GO:0000041","transition metal ion transport",60,6,7.94,"0.82306",0.82306,1
"GO:0016070","RNA metabolic process",2420,307,320.17,"0.82439",0.82439,1
"GO:0051924","regulation of calcium ion transport",69,7,9.13,"0.82468",0.82468,1
"GO:0002065","columnar/cuboidal epithelial cell differentiation",42,4,5.56,"0.82486",0.82486,1
"GO:0006641","triglyceride metabolic process",42,4,5.56,"0.82486",0.82486,1
"GO:0010718","positive regulation of epithelial to mesenchymal transition",42,4,5.56,"0.82486",0.82486,1
"GO:0051260","protein homooligomerization",237,27,31.36,"0.82622",0.82622,1
"GO:0072657","protein localization to membrane",286,33,37.84,"0.82706",0.82706,1
"GO:0022604","regulation of cell morphogenesis",121,13,16.01,"0.82752",0.82752,1
"GO:0000723","telomere maintenance",104,11,13.76,"0.82782",0.82782,1
"GO:0007224","smoothened signaling pathway",104,11,13.76,"0.82782",0.82782,1
"GO:0003254","regulation of membrane depolarization",23,2,3.04,"0.82798",0.82798,1
"GO:0006313","DNA transposition",23,2,3.04,"0.82798",0.82798,1
"GO:0007212","dopamine receptor signaling pathway",23,2,3.04,"0.82798",0.82798,1
"GO:0009072","aromatic amino acid metabolic process",23,2,3.04,"0.82798",0.82798,1
"GO:0018208","peptidyl-proline modification",23,2,3.04,"0.82798",0.82798,1
"GO:0033046","negative regulation of sister chromatid segregation",23,2,3.04,"0.82798",0.82798,1
"GO:0033048","negative regulation of mitotic sister chromatid segregation",23,2,3.04,"0.82798",0.82798,1
"GO:0042491","inner ear auditory receptor cell differentiation",23,2,3.04,"0.82798",0.82798,1
"GO:0042982","amyloid precursor protein metabolic process",23,2,3.04,"0.82798",0.82798,1
"GO:0051205","protein insertion into membrane",23,2,3.04,"0.82798",0.82798,1
"GO:0051985","negative regulation of chromosome segregation",23,2,3.04,"0.82798",0.82798,1
"GO:0070198","protein localization to chromosome, telomeric region",23,2,3.04,"0.82798",0.82798,1
"GO:0071621","granulocyte chemotaxis",23,2,3.04,"0.82798",0.82798,1
"GO:1903573","negative regulation of response to endoplasmic reticulum stress",23,2,3.04,"0.82798",0.82798,1
"GO:0060537","muscle tissue development",188,21,24.87,"0.82839",0.82839,1
"GO:0034220","monoatomic ion transmembrane transport",367,43,48.55,"0.82840",0.8284,1
"GO:0006575","cellular modified amino acid metabolic process",87,9,11.51,"0.83012",0.83012,1
"GO:0072331","signal transduction by p53 class mediator",87,9,11.51,"0.83012",0.83012,1
"GO:0000768","syncytium formation by plasma membrane fusion",33,3,4.37,"0.83108",0.83108,1
"GO:0002067","glandular epithelial cell differentiation",33,3,4.37,"0.83108",0.83108,1
"GO:0006383","transcription by RNA polymerase III",33,3,4.37,"0.83108",0.83108,1
"GO:0030239","myofibril assembly",33,3,4.37,"0.83108",0.83108,1
"GO:0033059","cellular pigmentation",33,3,4.37,"0.83108",0.83108,1
"GO:0048806","genitalia development",33,3,4.37,"0.83108",0.83108,1
"GO:0060997","dendritic spine morphogenesis",33,3,4.37,"0.83108",0.83108,1
"GO:0090100","positive regulation of transmembrane receptor protein serine/threonine kinase signaling pathway",33,3,4.37,"0.83108",0.83108,1
"GO:0140253","cell-cell fusion",33,3,4.37,"0.83108",0.83108,1
"GO:1901379","regulation of potassium ion transmembrane transport",33,3,4.37,"0.83108",0.83108,1
"GO:0072594","establishment of protein localization to organelle",246,28,32.55,"0.83137",0.83137,1
"GO:0051168","nuclear export",113,12,14.95,"0.83193",0.83193,1
"GO:0008654","phospholipid biosynthetic process",130,14,17.2,"0.83205",0.83205,1
"GO:0071456","cellular response to hypoxia",61,6,8.07,"0.83500",0.835,1
"GO:1901654","response to ketone",61,6,8.07,"0.83500",0.835,1
"GO:0080135","regulation of cellular response to stress",263,30,34.8,"0.83532",0.83532,1
"GO:0006638","neutral lipid metabolic process",52,5,6.88,"0.83566",0.83566,1
"GO:0006639","acylglycerol metabolic process",52,5,6.88,"0.83566",0.83566,1
"GO:0007088","regulation of mitotic nuclear division",52,5,6.88,"0.83566",0.83566,1
"GO:0051303","establishment of chromosome localization",52,5,6.88,"0.83566",0.83566,1
"GO:0070613","regulation of protein processing",52,5,6.88,"0.83566",0.83566,1
"GO:1903317","regulation of protein maturation",52,5,6.88,"0.83566",0.83566,1
"GO:0007041","lysosomal transport",70,7,9.26,"0.83583",0.83583,1
"GO:0051054","positive regulation of DNA metabolic process",122,13,16.14,"0.83606",0.83606,1
"GO:0032200","telomere organization",105,11,13.89,"0.83695",0.83695,1
"GO:0032412","regulation of monoatomic ion transmembrane transporter activity",79,8,10.45,"0.83758",0.83758,1
"GO:0032635","interleukin-6 production",79,8,10.45,"0.83758",0.83758,1
"GO:0032675","regulation of interleukin-6 production",79,8,10.45,"0.83758",0.83758,1
"GO:0098813","nuclear chromosome segregation",156,17,20.64,"0.83782",0.83782,1
"GO:1903311","regulation of mRNA metabolic process",156,17,20.64,"0.83782",0.83782,1
"GO:0043534","blood vessel endothelial cell migration",43,4,5.69,"0.83875",0.83875,1
"GO:0033044","regulation of chromosome organization",114,12,15.08,"0.84058",0.84058,1
"GO:0090174","organelle membrane fusion",114,12,15.08,"0.84058",0.84058,1
"GO:0006518","peptide metabolic process",522,62,69.06,"0.84183",0.84183,1
"GO:0000966","RNA 5'-end processing",13,1,1.72,"0.84213",0.84213,1
"GO:0001945","lymph vessel development",13,1,1.72,"0.84213",0.84213,1
"GO:0006614","SRP-dependent cotranslational protein targeting to membrane",13,1,1.72,"0.84213",0.84213,1
"GO:0006662","glycerol ether metabolic process",13,1,1.72,"0.84213",0.84213,1
"GO:0006910","phagocytosis, recognition",13,1,1.72,"0.84213",0.84213,1
"GO:0008089","anterograde axonal transport",13,1,1.72,"0.84213",0.84213,1
"GO:0010882","regulation of cardiac muscle contraction by calcium ion signaling",13,1,1.72,"0.84213",0.84213,1
"GO:0016333","morphogenesis of follicular epithelium",13,1,1.72,"0.84213",0.84213,1
"GO:0021697","cerebellar cortex formation",13,1,1.72,"0.84213",0.84213,1
"GO:0021889","olfactory bulb interneuron differentiation",13,1,1.72,"0.84213",0.84213,1
"GO:0022028","tangential migration from the subventricular zone to the olfactory bulb",13,1,1.72,"0.84213",0.84213,1
"GO:0022616","DNA strand elongation",13,1,1.72,"0.84213",0.84213,1
"GO:0031034","myosin filament assembly",13,1,1.72,"0.84213",0.84213,1
"GO:0032239","regulation of nucleobase-containing compound transport",13,1,1.72,"0.84213",0.84213,1
"GO:0032469","endoplasmic reticulum calcium ion homeostasis",13,1,1.72,"0.84213",0.84213,1
"GO:0032509","endosome transport via multivesicular body sorting pathway",13,1,1.72,"0.84213",0.84213,1
"GO:0032655","regulation of interleukin-12 production",13,1,1.72,"0.84213",0.84213,1
"GO:0033003","regulation of mast cell activation",13,1,1.72,"0.84213",0.84213,1
"GO:0033006","regulation of mast cell activation involved in immune response",13,1,1.72,"0.84213",0.84213,1
"GO:0033144","negative regulation of intracellular steroid hormone receptor signaling pathway",13,1,1.72,"0.84213",0.84213,1
"GO:0033598","mammary gland epithelial cell proliferation",13,1,1.72,"0.84213",0.84213,1
"GO:0034134","toll-like receptor 2 signaling pathway",13,1,1.72,"0.84213",0.84213,1
"GO:0042755","eating behavior",13,1,1.72,"0.84213",0.84213,1
"GO:0043101","purine-containing compound salvage",13,1,1.72,"0.84213",0.84213,1
"GO:0043303","mast cell degranulation",13,1,1.72,"0.84213",0.84213,1
"GO:0043928","exonucleolytic catabolism of deadenylated mRNA",13,1,1.72,"0.84213",0.84213,1
"GO:0045070","positive regulation of viral genome replication",13,1,1.72,"0.84213",0.84213,1
"GO:0045744","negative regulation of G protein-coupled receptor signaling pathway",13,1,1.72,"0.84213",0.84213,1
"GO:0045943","positive regulation of transcription by RNA polymerase I",13,1,1.72,"0.84213",0.84213,1
"GO:0046128","purine ribonucleoside metabolic process",13,1,1.72,"0.84213",0.84213,1
"GO:0046685","response to arsenic-containing substance",13,1,1.72,"0.84213",0.84213,1
"GO:0051155","positive regulation of striated muscle cell differentiation",13,1,1.72,"0.84213",0.84213,1
"GO:0051882","mitochondrial depolarization",13,1,1.72,"0.84213",0.84213,1
"GO:0055078","sodium ion homeostasis",13,1,1.72,"0.84213",0.84213,1
"GO:0060159","regulation of dopamine receptor signaling pathway",13,1,1.72,"0.84213",0.84213,1
"GO:0060444","branching involved in mammary gland duct morphogenesis",13,1,1.72,"0.84213",0.84213,1
"GO:0060445","branching involved in salivary gland morphogenesis",13,1,1.72,"0.84213",0.84213,1
"GO:0060973","cell migration involved in heart development",13,1,1.72,"0.84213",0.84213,1
"GO:0061525","hindgut development",13,1,1.72,"0.84213",0.84213,1
"GO:0070723","response to cholesterol",13,1,1.72,"0.84213",0.84213,1
"GO:0070897","transcription preinitiation complex assembly",13,1,1.72,"0.84213",0.84213,1
"GO:0071286","cellular response to magnesium ion",13,1,1.72,"0.84213",0.84213,1
"GO:0071599","otic vesicle development",13,1,1.72,"0.84213",0.84213,1
"GO:0090103","cochlea morphogenesis",13,1,1.72,"0.84213",0.84213,1
"GO:0097164","ammonium ion metabolic process",13,1,1.72,"0.84213",0.84213,1
"GO:0098926","postsynaptic signal transduction",13,1,1.72,"0.84213",0.84213,1
"GO:0140894","endolysosomal toll-like receptor signaling pathway",13,1,1.72,"0.84213",0.84213,1
"GO:1900745","positive regulation of p38MAPK cascade",13,1,1.72,"0.84213",0.84213,1
"GO:1905953","negative regulation of lipid localization",13,1,1.72,"0.84213",0.84213,1
"GO:1990390","protein K33-linked ubiquitination",13,1,1.72,"0.84213",0.84213,1
"GO:2000105","positive regulation of DNA-templated DNA replication",13,1,1.72,"0.84213",0.84213,1
"GO:0051129","negative regulation of cellular component organization",402,47,53.19,"0.84225",0.84225,1
"GO:0019439","aromatic compound catabolic process",289,33,38.24,"0.84388",0.84388,1
"GO:0005977","glycogen metabolic process",24,2,3.18,"0.84572",0.84572,1
"GO:0009126","purine nucleoside monophosphate metabolic process",24,2,3.18,"0.84572",0.84572,1
"GO:0009167","purine ribonucleoside monophosphate metabolic process",24,2,3.18,"0.84572",0.84572,1
"GO:0009225","nucleotide-sugar metabolic process",24,2,3.18,"0.84572",0.84572,1
"GO:0015012","heparan sulfate proteoglycan biosynthetic process",24,2,3.18,"0.84572",0.84572,1
"GO:0016601","Rac protein signal transduction",24,2,3.18,"0.84572",0.84572,1
"GO:0019985","translesion synthesis",24,2,3.18,"0.84572",0.84572,1
"GO:0033047","regulation of mitotic sister chromatid segregation",24,2,3.18,"0.84572",0.84572,1
"GO:0035065","regulation of histone acetylation",24,2,3.18,"0.84572",0.84572,1
"GO:0044003","modulation by symbiont of host process",24,2,3.18,"0.84572",0.84572,1
"GO:0051279","regulation of release of sequestered calcium ion into cytosol",24,2,3.18,"0.84572",0.84572,1
"GO:0072528","pyrimidine-containing compound biosynthetic process",24,2,3.18,"0.84572",0.84572,1
"GO:0097028","dendritic cell differentiation",24,2,3.18,"0.84572",0.84572,1
"GO:1903307","positive regulation of regulated secretory pathway",24,2,3.18,"0.84572",0.84572,1
"GO:0006417","regulation of translation",232,26,30.69,"0.84596",0.84596,1
"GO:0006949","syncytium formation",34,3,4.5,"0.84610",0.8461,1
"GO:0007585","respiratory gaseous exchange by respiratory system",34,3,4.5,"0.84610",0.8461,1
"GO:0009123","nucleoside monophosphate metabolic process",34,3,4.5,"0.84610",0.8461,1
"GO:0034728","nucleosome organization",34,3,4.5,"0.84610",0.8461,1
"GO:0035821","modulation of process of another organism",34,3,4.5,"0.84610",0.8461,1
"GO:0048278","vesicle docking",34,3,4.5,"0.84610",0.8461,1
"GO:0060761","negative regulation of response to cytokine stimulus",34,3,4.5,"0.84610",0.8461,1
"GO:1904427","positive regulation of calcium ion transmembrane transport",34,3,4.5,"0.84610",0.8461,1
"GO:0008360","regulation of cell shape",62,6,8.2,"0.84629",0.84629,1
"GO:0007596","blood coagulation",71,7,9.39,"0.84640",0.8464,1
"GO:0045787","positive regulation of cell cycle",174,19,23.02,"0.84662",0.84662,1
"GO:0010564","regulation of cell cycle process",379,44,50.14,"0.84775",0.84775,1
"GO:0043412","macromolecule modification",2085,262,275.85,"0.84955",0.84955,1
"GO:0033043","regulation of organelle organization",532,63,70.38,"0.85001",0.85001,1
"GO:0055086","nucleobase-containing small molecule metabolic process",323,37,42.73,"0.85124",0.85124,1
"GO:0032507","maintenance of protein location in cell",44,4,5.82,"0.85170",0.8517,1
"GO:0033108","mitochondrial respiratory chain complex assembly",44,4,5.82,"0.85170",0.8517,1
"GO:0035601","protein deacylation",44,4,5.82,"0.85170",0.8517,1
"GO:0098732","macromolecule deacylation",44,4,5.82,"0.85170",0.8517,1
"GO:0007369","gastrulation",124,13,16.41,"0.85216",0.85216,1
"GO:0051641","cellular localization",1832,229,242.38,"0.85364",0.85364,1
"GO:0048284","organelle fusion",133,14,17.6,"0.85548",0.85548,1
"GO:0072659","protein localization to plasma membrane",167,18,22.09,"0.85597",0.85597,1
"GO:0035023","regulation of Rho protein signal transduction",72,7,9.53,"0.85642",0.85642,1
"GO:0042471","ear morphogenesis",72,7,9.53,"0.85642",0.85642,1
"GO:0071453","cellular response to oxygen levels",72,7,9.53,"0.85642",0.85642,1
"GO:0030100","regulation of endocytosis",116,12,15.35,"0.85686",0.85686,1
"GO:0007044","cell-substrate junction assembly",63,6,8.34,"0.85694",0.85694,1
"GO:0044000","movement in host",63,6,8.34,"0.85694",0.85694,1
"GO:0150115","cell-substrate junction organization",63,6,8.34,"0.85694",0.85694,1
"GO:0002262","myeloid cell homeostasis",81,8,10.72,"0.85697",0.85697,1
"GO:0034655","nucleobase-containing compound catabolic process",234,26,30.96,"0.85749",0.85749,1
"GO:0051701","biological process involved in interaction with host",90,9,11.91,"0.85824",0.85824,1
"GO:0032411","positive regulation of transporter activity",54,5,7.14,"0.85908",0.85908,1
"GO:0050000","chromosome localization",54,5,7.14,"0.85908",0.85908,1
"GO:0060294","cilium movement involved in cell motility",54,5,7.14,"0.85908",0.85908,1
"GO:0000245","spliceosomal complex assembly",35,3,4.63,"0.85996",0.85996,1
"GO:0000387","spliceosomal snRNP assembly",35,3,4.63,"0.85996",0.85996,1
"GO:0030204","chondroitin sulfate metabolic process",35,3,4.63,"0.85996",0.85996,1
"GO:0032784","regulation of DNA-templated transcription elongation",35,3,4.63,"0.85996",0.85996,1
"GO:0043001","Golgi to plasma membrane protein transport",35,3,4.63,"0.85996",0.85996,1
"GO:0045739","positive regulation of DNA repair",35,3,4.63,"0.85996",0.85996,1
"GO:0050848","regulation of calcium-mediated signaling",35,3,4.63,"0.85996",0.85996,1
"GO:0055002","striated muscle cell development",35,3,4.63,"0.85996",0.85996,1
"GO:0097581","lamellipodium organization",35,3,4.63,"0.85996",0.85996,1
"GO:0006112","energy reserve metabolic process",25,2,3.31,"0.86178",0.86178,1
"GO:0006334","nucleosome assembly",25,2,3.31,"0.86178",0.86178,1
"GO:0032387","negative regulation of intracellular transport",25,2,3.31,"0.86178",0.86178,1
"GO:0051445","regulation of meiotic cell cycle",25,2,3.31,"0.86178",0.86178,1
"GO:0051646","mitochondrion localization",25,2,3.31,"0.86178",0.86178,1
"GO:0002063","chondrocyte development",14,1,1.85,"0.86304",0.86304,1
"GO:0002448","mast cell mediated immunity",14,1,1.85,"0.86304",0.86304,1
"GO:0003309","type B pancreatic cell differentiation",14,1,1.85,"0.86304",0.86304,1
"GO:0006370","7-methylguanosine mRNA capping",14,1,1.85,"0.86304",0.86304,1
"GO:0007063","regulation of sister chromatid cohesion",14,1,1.85,"0.86304",0.86304,1
"GO:0007293","germarium-derived egg chamber formation",14,1,1.85,"0.86304",0.86304,1
"GO:0007391","dorsal closure",14,1,1.85,"0.86304",0.86304,1
"GO:0010039","response to iron ion",14,1,1.85,"0.86304",0.86304,1
"GO:0010390","histone monoubiquitination",14,1,1.85,"0.86304",0.86304,1
"GO:0010644","cell communication by electrical coupling",14,1,1.85,"0.86304",0.86304,1
"GO:0016226","iron-sulfur cluster assembly",14,1,1.85,"0.86304",0.86304,1
"GO:0017145","stem cell division",14,1,1.85,"0.86304",0.86304,1
"GO:0031163","metallo-sulfur cluster assembly",14,1,1.85,"0.86304",0.86304,1
"GO:0031639","plasminogen activation",14,1,1.85,"0.86304",0.86304,1
"GO:0032528","microvillus organization",14,1,1.85,"0.86304",0.86304,1
"GO:0032881","regulation of polysaccharide metabolic process",14,1,1.85,"0.86304",0.86304,1
"GO:0032968","positive regulation of transcription elongation by RNA polymerase II",14,1,1.85,"0.86304",0.86304,1
"GO:0033334","fin morphogenesis",14,1,1.85,"0.86304",0.86304,1
"GO:0033363","secretory granule organization",14,1,1.85,"0.86304",0.86304,1
"GO:0035561","regulation of chromatin binding",14,1,1.85,"0.86304",0.86304,1
"GO:0042219","cellular modified amino acid catabolic process",14,1,1.85,"0.86304",0.86304,1
"GO:0043331","response to dsRNA",14,1,1.85,"0.86304",0.86304,1
"GO:0044331","cell-cell adhesion mediated by cadherin",14,1,1.85,"0.86304",0.86304,1
"GO:0048169","regulation of long-term neuronal synaptic plasticity",14,1,1.85,"0.86304",0.86304,1
"GO:0048713","regulation of oligodendrocyte differentiation",14,1,1.85,"0.86304",0.86304,1
"GO:0051969","regulation of transmission of nerve impulse",14,1,1.85,"0.86304",0.86304,1
"GO:0060571","morphogenesis of an epithelial fold",14,1,1.85,"0.86304",0.86304,1
"GO:0060674","placenta blood vessel development",14,1,1.85,"0.86304",0.86304,1
"GO:0070208","protein heterotrimerization",14,1,1.85,"0.86304",0.86304,1
"GO:0070231","T cell apoptotic process",14,1,1.85,"0.86304",0.86304,1
"GO:0070986","left/right axis specification",14,1,1.85,"0.86304",0.86304,1
"GO:0071467","cellular response to pH",14,1,1.85,"0.86304",0.86304,1
"GO:0090022","regulation of neutrophil chemotaxis",14,1,1.85,"0.86304",0.86304,1
"GO:0090178","regulation of establishment of planar polarity involved in neural tube closure",14,1,1.85,"0.86304",0.86304,1
"GO:0090179","planar cell polarity pathway involved in neural tube closure",14,1,1.85,"0.86304",0.86304,1
"GO:0090207","regulation of triglyceride metabolic process",14,1,1.85,"0.86304",0.86304,1
"GO:0120033","negative regulation of plasma membrane bounded cell projection assembly",14,1,1.85,"0.86304",0.86304,1
"GO:0140058","neuron projection arborization",14,1,1.85,"0.86304",0.86304,1
"GO:1901072","glucosamine-containing compound catabolic process",14,1,1.85,"0.86304",0.86304,1
"GO:1901381","positive regulation of potassium ion transmembrane transport",14,1,1.85,"0.86304",0.86304,1
"GO:1901985","positive regulation of protein acetylation",14,1,1.85,"0.86304",0.86304,1
"GO:1903649","regulation of cytoplasmic transport",14,1,1.85,"0.86304",0.86304,1
"GO:1904181","positive regulation of membrane depolarization",14,1,1.85,"0.86304",0.86304,1
"GO:0006893","Golgi to plasma membrane transport",45,4,5.95,"0.86376",0.86376,1
"GO:0032963","collagen metabolic process",45,4,5.95,"0.86376",0.86376,1
"GO:0016197","endosomal transport",117,12,15.48,"0.86449",0.86449,1
"GO:0051225","spindle assembly",82,8,10.85,"0.86594",0.86594,1
"GO:0098876","vesicle-mediated transport to the plasma membrane",82,8,10.85,"0.86594",0.86594,1
"GO:0032204","regulation of telomere maintenance",64,6,8.47,"0.86698",0.86698,1
"GO:0070918","regulatory ncRNA processing",64,6,8.47,"0.86698",0.86698,1
"GO:0090068","positive regulation of cell cycle process",126,13,16.67,"0.86701",0.86701,1
"GO:0009058","biosynthetic process",4161,532,550.51,"0.86738",0.86738,1
"GO:0009117","nucleotide metabolic process",261,29,34.53,"0.86907",0.86907,1
"GO:0019637","organophosphate metabolic process",505,59,66.81,"0.86926",0.86926,1
"GO:0005976","polysaccharide metabolic process",55,5,7.28,"0.86970",0.8697,1
"GO:0007613","memory",55,5,7.28,"0.86970",0.8697,1
"GO:0010717","regulation of epithelial to mesenchymal transition",55,5,7.28,"0.86970",0.8697,1
"GO:0030003","intracellular monoatomic cation homeostasis",228,25,30.16,"0.87005",0.87005,1
"GO:0002478","antigen processing and presentation of exogenous peptide antigen",36,3,4.76,"0.87270",0.8727,1
"GO:0030042","actin filament depolymerization",36,3,4.76,"0.87270",0.8727,1
"GO:0050654","chondroitin sulfate proteoglycan metabolic process",36,3,4.76,"0.87270",0.8727,1
"GO:0051304","chromosome separation",36,3,4.76,"0.87270",0.8727,1
"GO:0018210","peptidyl-threonine modification",83,8,10.98,"0.87445",0.87445,1
"GO:0018107","peptidyl-threonine phosphorylation",74,7,9.79,"0.87487",0.87487,1
"GO:0042180","cellular ketone metabolic process",74,7,9.79,"0.87487",0.87487,1
"GO:0061245","establishment or maintenance of bipolar cell polarity",46,4,6.09,"0.87497",0.87497,1
"GO:1901992","positive regulation of mitotic cell cycle phase transition",46,4,6.09,"0.87497",0.87497,1
"GO:0003230","cardiac atrium development",26,2,3.44,"0.87630",0.8763,1
"GO:0021515","cell differentiation in spinal cord",26,2,3.44,"0.87630",0.8763,1
"GO:0032366","intracellular sterol transport",26,2,3.44,"0.87630",0.8763,1
"GO:0032367","intracellular cholesterol transport",26,2,3.44,"0.87630",0.8763,1
"GO:0045839","negative regulation of mitotic nuclear division",26,2,3.44,"0.87630",0.8763,1
"GO:0046622","positive regulation of organ growth",26,2,3.44,"0.87630",0.8763,1
"GO:0048146","positive regulation of fibroblast proliferation",26,2,3.44,"0.87630",0.8763,1
"GO:0070498","interleukin-1-mediated signaling pathway",26,2,3.44,"0.87630",0.8763,1
"GO:0030516","regulation of axon extension",65,6,8.6,"0.87642",0.87642,1
"GO:2001251","negative regulation of chromosome organization",65,6,8.6,"0.87642",0.87642,1
"GO:0055080","monoatomic cation homeostasis",263,29,34.8,"0.87880",0.8788,1
"GO:0006354","DNA-templated transcription elongation",56,5,7.41,"0.87964",0.87964,1
"GO:0006873","intracellular monoatomic ion homeostasis",230,25,30.43,"0.88034",0.88034,1
"GO:0000076","DNA replication checkpoint signaling",15,1,1.98,"0.88118",0.88118,1
"GO:0001700","embryonic development via the syncytial blastoderm",15,1,1.98,"0.88118",0.88118,1
"GO:0006111","regulation of gluconeogenesis",15,1,1.98,"0.88118",0.88118,1
"GO:0006308","DNA catabolic process",15,1,1.98,"0.88118",0.88118,1
"GO:0006829","zinc ion transport",15,1,1.98,"0.88118",0.88118,1
"GO:0007141","male meiosis I",15,1,1.98,"0.88118",0.88118,1
"GO:0009452","7-methylguanosine RNA capping",15,1,1.98,"0.88118",0.88118,1
"GO:0021680","cerebellar Purkinje cell layer development",15,1,1.98,"0.88118",0.88118,1
"GO:0030322","stabilization of membrane potential",15,1,1.98,"0.88118",0.88118,1
"GO:0030917","midbrain-hindbrain boundary development",15,1,1.98,"0.88118",0.88118,1
"GO:0032438","melanosome organization",15,1,1.98,"0.88118",0.88118,1
"GO:0032965","regulation of collagen biosynthetic process",15,1,1.98,"0.88118",0.88118,1
"GO:0033333","fin development",15,1,1.98,"0.88118",0.88118,1
"GO:0034453","microtubule anchoring",15,1,1.98,"0.88118",0.88118,1
"GO:0034472","snRNA 3'-end processing",15,1,1.98,"0.88118",0.88118,1
"GO:0035235","ionotropic glutamate receptor signaling pathway",15,1,1.98,"0.88118",0.88118,1
"GO:0042278","purine nucleoside metabolic process",15,1,1.98,"0.88118",0.88118,1
"GO:0048025","negative regulation of mRNA splicing, via spliceosome",15,1,1.98,"0.88118",0.88118,1
"GO:0050832","defense response to fungus",15,1,1.98,"0.88118",0.88118,1
"GO:0051299","centrosome separation",15,1,1.98,"0.88118",0.88118,1
"GO:0060059","embryonic retina morphogenesis in camera-type eye",15,1,1.98,"0.88118",0.88118,1
"GO:0060117","auditory receptor cell development",15,1,1.98,"0.88118",0.88118,1
"GO:0090136","epithelial cell-cell adhesion",15,1,1.98,"0.88118",0.88118,1
"GO:1902570","protein localization to nucleolus",15,1,1.98,"0.88118",0.88118,1
"GO:1902622","regulation of neutrophil migration",15,1,1.98,"0.88118",0.88118,1
"GO:1990806","ligand-gated ion channel signaling pathway",15,1,1.98,"0.88118",0.88118,1
"GO:0051640","organelle localization",305,34,40.35,"0.88175",0.88175,1
"GO:1904062","regulation of monoatomic cation transmembrane transport",93,9,12.3,"0.88251",0.88251,1
"GO:0009953","dorsal/ventral pattern formation",84,8,11.11,"0.88251",0.88251,1
"GO:0021953","central nervous system neuron differentiation",84,8,11.11,"0.88251",0.88251,1
"GO:0007599","hemostasis",75,7,9.92,"0.88333",0.88333,1
"GO:0051668","localization within membrane",322,36,42.6,"0.88399",0.88399,1
"GO:0000070","mitotic sister chromatid segregation",111,11,14.69,"0.88413",0.88413,1
"GO:0045761","regulation of adenylate cyclase activity",37,3,4.9,"0.88441",0.88441,1
"GO:0051783","regulation of nuclear division",66,6,8.73,"0.88530",0.8853,1
"GO:0006259","DNA metabolic process",861,103,113.91,"0.88538",0.88538,1
"GO:0031647","regulation of protein stability",129,13,17.07,"0.88705",0.88705,1
"GO:0022612","gland morphogenesis",57,5,7.54,"0.88892",0.88892,1
"GO:1901989","positive regulation of cell cycle phase transition",57,5,7.54,"0.88892",0.88892,1
"GO:0006730","one-carbon metabolic process",27,2,3.57,"0.88940",0.8894,1
"GO:0010965","regulation of mitotic sister chromatid separation",27,2,3.57,"0.88940",0.8894,1
"GO:0036260","RNA capping",27,2,3.57,"0.88940",0.8894,1
"GO:0043255","regulation of carbohydrate biosynthetic process",27,2,3.57,"0.88940",0.8894,1
"GO:0045685","regulation of glial cell differentiation",27,2,3.57,"0.88940",0.8894,1
"GO:0055013","cardiac muscle cell development",27,2,3.57,"0.88940",0.8894,1
"GO:0061180","mammary gland epithelium development",27,2,3.57,"0.88940",0.8894,1
"GO:0061337","cardiac conduction",27,2,3.57,"0.88940",0.8894,1
"GO:1901799","negative regulation of proteasomal protein catabolic process",27,2,3.57,"0.88940",0.8894,1
"GO:2000050","regulation of non-canonical Wnt signaling pathway",27,2,3.57,"0.88940",0.8894,1
"GO:2000756","regulation of peptidyl-lysine acetylation",27,2,3.57,"0.88940",0.8894,1
"GO:0002832","negative regulation of response to biotic stimulus",94,9,12.44,"0.88980",0.8898,1
"GO:0008037","cell recognition",85,8,11.25,"0.89014",0.89014,1
"GO:0030177","positive regulation of Wnt signaling pathway",76,7,10.05,"0.89131",0.89131,1
"GO:0006753","nucleoside phosphate metabolic process",266,29,35.19,"0.89235",0.89235,1
"GO:0061025","membrane fusion",130,13,17.2,"0.89316",0.89316,1
"GO:0061351","neural precursor cell proliferation",130,13,17.2,"0.89316",0.89316,1
"GO:0051128","regulation of cellular component organization",1227,149,162.33,"0.89324",0.89324,1
"GO:0006029","proteoglycan metabolic process",67,6,8.86,"0.89363",0.89363,1
"GO:0007173","epidermal growth factor receptor signaling pathway",48,4,6.35,"0.89502",0.89502,1
"GO:0051310","metaphase chromosome alignment",48,4,6.35,"0.89502",0.89502,1
"GO:0006637","acyl-CoA metabolic process",38,3,5.03,"0.89514",0.89514,1
"GO:0019884","antigen processing and presentation of exogenous antigen",38,3,5.03,"0.89514",0.89514,1
"GO:0035383","thioester metabolic process",38,3,5.03,"0.89514",0.89514,1
"GO:0036465","synaptic vesicle recycling",38,3,5.03,"0.89514",0.89514,1
"GO:0051928","positive regulation of calcium ion transport",38,3,5.03,"0.89514",0.89514,1
"GO:1905897","regulation of response to endoplasmic reticulum stress",38,3,5.03,"0.89514",0.89514,1
"GO:0010467","gene expression",3103,391,410.53,"0.89661",0.89661,1
"GO:0009260","ribonucleotide biosynthetic process",95,9,12.57,"0.89671",0.89671,1
"GO:0051258","protein polymerization",95,9,12.57,"0.89671",0.89671,1
"GO:0000291","nuclear-transcribed mRNA catabolic process, exonucleolytic",16,1,2.12,"0.89693",0.89693,1
"GO:0003209","cardiac atrium morphogenesis",16,1,2.12,"0.89693",0.89693,1
"GO:0006613","cotranslational protein targeting to membrane",16,1,2.12,"0.89693",0.89693,1
"GO:0006622","protein targeting to lysosome",16,1,2.12,"0.89693",0.89693,1
"GO:0006743","ubiquinone metabolic process",16,1,2.12,"0.89693",0.89693,1
"GO:0006744","ubiquinone biosynthetic process",16,1,2.12,"0.89693",0.89693,1
"GO:0006984","ER-nucleus signaling pathway",16,1,2.12,"0.89693",0.89693,1
"GO:0007095","mitotic G2 DNA damage checkpoint signaling",16,1,2.12,"0.89693",0.89693,1
"GO:0010591","regulation of lamellipodium assembly",16,1,2.12,"0.89693",0.89693,1
"GO:0016556","mRNA modification",16,1,2.12,"0.89693",0.89693,1
"GO:0018904","ether metabolic process",16,1,2.12,"0.89693",0.89693,1
"GO:0019054","modulation by virus of host cellular process",16,1,2.12,"0.89693",0.89693,1
"GO:0030859","polarized epithelial cell differentiation",16,1,2.12,"0.89693",0.89693,1
"GO:0030970","retrograde protein transport, ER to cytosol",16,1,2.12,"0.89693",0.89693,1
"GO:0031033","myosin filament organization",16,1,2.12,"0.89693",0.89693,1
"GO:0032026","response to magnesium ion",16,1,2.12,"0.89693",0.89693,1
"GO:0032964","collagen biosynthetic process",16,1,2.12,"0.89693",0.89693,1
"GO:0033119","negative regulation of RNA splicing",16,1,2.12,"0.89693",0.89693,1
"GO:0034058","endosomal vesicle fusion",16,1,2.12,"0.89693",0.89693,1
"GO:0043666","regulation of phosphoprotein phosphatase activity",16,1,2.12,"0.89693",0.89693,1
"GO:0045010","actin nucleation",16,1,2.12,"0.89693",0.89693,1
"GO:0048260","positive regulation of receptor-mediated endocytosis",16,1,2.12,"0.89693",0.89693,1
"GO:0048286","lung alveolus development",16,1,2.12,"0.89693",0.89693,1
"GO:0051567","histone H3-K9 methylation",16,1,2.12,"0.89693",0.89693,1
"GO:0060788","ectodermal placode formation",16,1,2.12,"0.89693",0.89693,1
"GO:0060999","positive regulation of dendritic spine development",16,1,2.12,"0.89693",0.89693,1
"GO:0070228","regulation of lymphocyte apoptotic process",16,1,2.12,"0.89693",0.89693,1
"GO:0071276","cellular response to cadmium ion",16,1,2.12,"0.89693",0.89693,1
"GO:0071622","regulation of granulocyte chemotaxis",16,1,2.12,"0.89693",0.89693,1
"GO:0098930","axonal transport",16,1,2.12,"0.89693",0.89693,1
"GO:1901021","positive regulation of calcium ion transmembrane transporter activity",16,1,2.12,"0.89693",0.89693,1
"GO:1903513","endoplasmic reticulum to cytosol transport",16,1,2.12,"0.89693",0.89693,1
"GO:2000649","regulation of sodium ion transmembrane transporter activity",16,1,2.12,"0.89693",0.89693,1
"GO:2000772","regulation of cellular senescence",16,1,2.12,"0.89693",0.89693,1
"GO:0010959","regulation of metal ion transport",113,11,14.95,"0.89714",0.89714,1
"GO:0043393","regulation of protein binding",113,11,14.95,"0.89714",0.89714,1
"GO:0043270","positive regulation of monoatomic ion transport",86,8,11.38,"0.89735",0.89735,1
"GO:0006497","protein lipidation",58,5,7.67,"0.89758",0.89758,1
"GO:0042158","lipoprotein biosynthetic process",58,5,7.67,"0.89758",0.89758,1
"GO:0060996","dendritic spine development",58,5,7.67,"0.89758",0.89758,1
"GO:0015931","nucleobase-containing compound transport",140,14,18.52,"0.90026",0.90026,1
"GO:0000002","mitochondrial genome maintenance",28,2,3.7,"0.90120",0.9012,1
"GO:0002687","positive regulation of leukocyte migration",28,2,3.7,"0.90120",0.9012,1
"GO:0032365","intracellular lipid transport",28,2,3.7,"0.90120",0.9012,1
"GO:0032418","lysosome localization",28,2,3.7,"0.90120",0.9012,1
"GO:0033260","nuclear DNA replication",28,2,3.7,"0.90120",0.9012,1
"GO:0043536","positive regulation of blood vessel endothelial cell migration",28,2,3.7,"0.90120",0.9012,1
"GO:0048791","calcium ion-regulated exocytosis of neurotransmitter",28,2,3.7,"0.90120",0.9012,1
"GO:0050775","positive regulation of dendrite morphogenesis",28,2,3.7,"0.90120",0.9012,1
"GO:0071887","leukocyte apoptotic process",28,2,3.7,"0.90120",0.9012,1
"GO:1905818","regulation of chromosome separation",28,2,3.7,"0.90120",0.9012,1
"GO:1990849","vacuolar localization",28,2,3.7,"0.90120",0.9012,1
"GO:0006486","protein glycosylation",175,18,23.15,"0.90175",0.90175,1
"GO:0043413","macromolecule glycosylation",175,18,23.15,"0.90175",0.90175,1
"GO:1901576","organic substance biosynthetic process",4116,523,544.55,"0.90250",0.9025,1
"GO:0062207","regulation of pattern recognition receptor signaling pathway",96,9,12.7,"0.90326",0.90326,1
"GO:0006937","regulation of muscle contraction",49,4,6.48,"0.90394",0.90394,1
"GO:0010501","RNA secondary structure unwinding",49,4,6.48,"0.90394",0.90394,1
"GO:0030199","collagen fibril organization",49,4,6.48,"0.90394",0.90394,1
"GO:0032414","positive regulation of ion transmembrane transporter activity",49,4,6.48,"0.90394",0.90394,1
"GO:1901135","carbohydrate derivative metabolic process",645,75,85.33,"0.90470",0.9047,1
"GO:0043244","regulation of protein-containing complex disassembly",59,5,7.81,"0.90565",0.90565,1
"GO:0046718","viral entry into host cell",59,5,7.81,"0.90565",0.90565,1
"GO:0042157","lipoprotein metabolic process",69,6,9.13,"0.90874",0.90874,1
"GO:0090304","nucleic acid metabolic process",3035,381,401.54,"0.90908",0.90908,1
"GO:0046390","ribose phosphate biosynthetic process",97,9,12.83,"0.90945",0.90945,1
"GO:0009152","purine ribonucleotide biosynthetic process",88,8,11.64,"0.91058",0.91058,1
"GO:0001868","regulation of complement activation, lectin pathway",17,1,2.25,"0.91058",0.91058,1
"GO:0002886","regulation of myeloid leukocyte mediated immunity",17,1,2.25,"0.91058",0.91058,1
"GO:0007007","inner mitochondrial membrane organization",17,1,2.25,"0.91058",0.91058,1
"GO:0009083","branched-chain amino acid catabolic process",17,1,2.25,"0.91058",0.91058,1
"GO:0010185","regulation of cellular defense response",17,1,2.25,"0.91058",0.91058,1
"GO:0021903","rostrocaudal neural tube patterning",17,1,2.25,"0.91058",0.91058,1
"GO:0031290","retinal ganglion cell axon guidance",17,1,2.25,"0.91058",0.91058,1
"GO:0032008","positive regulation of TOR signaling",17,1,2.25,"0.91058",0.91058,1
"GO:0033120","positive regulation of RNA splicing",17,1,2.25,"0.91058",0.91058,1
"GO:0035418","protein localization to synapse",17,1,2.25,"0.91058",0.91058,1
"GO:0035455","response to interferon-alpha",17,1,2.25,"0.91058",0.91058,1
"GO:0045792","negative regulation of cell size",17,1,2.25,"0.91058",0.91058,1
"GO:0051785","positive regulation of nuclear division",17,1,2.25,"0.91058",0.91058,1
"GO:0051973","positive regulation of telomerase activity",17,1,2.25,"0.91058",0.91058,1
"GO:0060603","mammary gland duct morphogenesis",17,1,2.25,"0.91058",0.91058,1
"GO:0061001","regulation of dendritic spine morphogenesis",17,1,2.25,"0.91058",0.91058,1
"GO:0097120","receptor localization to synapse",17,1,2.25,"0.91058",0.91058,1
"GO:0097178","ruffle assembly",17,1,2.25,"0.91058",0.91058,1
"GO:1901017","negative regulation of potassium ion transmembrane transporter activity",17,1,2.25,"0.91058",0.91058,1
"GO:1901380","negative regulation of potassium ion transmembrane transport",17,1,2.25,"0.91058",0.91058,1
"GO:1901663","quinone biosynthetic process",17,1,2.25,"0.91058",0.91058,1
"GO:1902692","regulation of neuroblast proliferation",17,1,2.25,"0.91058",0.91058,1
"GO:0006897","endocytosis",354,39,46.83,"0.91080",0.9108,1
"GO:0000380","alternative mRNA splicing, via spliceosome",29,2,3.84,"0.91182",0.91182,1
"GO:0010770","positive regulation of cell morphogenesis",29,2,3.84,"0.91182",0.91182,1
"GO:0051306","mitotic sister chromatid separation",29,2,3.84,"0.91182",0.91182,1
"GO:0072132","mesenchyme morphogenesis",29,2,3.84,"0.91182",0.91182,1
"GO:0060078","regulation of postsynaptic membrane potential",50,4,6.62,"0.91218",0.91218,1
"GO:0090307","mitotic spindle assembly",50,4,6.62,"0.91218",0.91218,1
"GO:0099565","chemical synaptic transmission, postsynaptic",50,4,6.62,"0.91218",0.91218,1
"GO:0140014","mitotic nuclear division",160,16,21.17,"0.91293",0.91293,1
"GO:0044409","entry into host",60,5,7.94,"0.91316",0.91316,1
"GO:0001890","placenta development",40,3,5.29,"0.91396",0.91396,1
"GO:0002685","regulation of leukocyte migration",40,3,5.29,"0.91396",0.91396,1
"GO:0006360","transcription by RNA polymerase I",40,3,5.29,"0.91396",0.91396,1
"GO:0006890","retrograde vesicle-mediated transport, Golgi to endoplasmic reticulum",40,3,5.29,"0.91396",0.91396,1
"GO:0007405","neuroblast proliferation",40,3,5.29,"0.91396",0.91396,1
"GO:0031279","regulation of cyclase activity",40,3,5.29,"0.91396",0.91396,1
"GO:0032210","regulation of telomere maintenance via telomerase",40,3,5.29,"0.91396",0.91396,1
"GO:0034644","cellular response to UV",40,3,5.29,"0.91396",0.91396,1
"GO:0050764","regulation of phagocytosis",40,3,5.29,"0.91396",0.91396,1
"GO:0090150","establishment of protein localization to membrane",116,11,15.35,"0.91437",0.91437,1
"GO:0070085","glycosylation",178,18,23.55,"0.91555",0.91555,1
"GO:0001704","formation of primary germ layer",70,6,9.26,"0.91558",0.91558,1
"GO:0034767","positive regulation of monoatomic ion transmembrane transport",70,6,9.26,"0.91558",0.91558,1
"GO:0006403","RNA localization",143,14,18.92,"0.91563",0.91563,1
"GO:0032388","positive regulation of intracellular transport",89,8,11.77,"0.91663",0.91663,1
"GO:0001558","regulation of cell growth",196,20,25.93,"0.91842",0.91842,1
"GO:0072522","purine-containing compound biosynthetic process",117,11,15.48,"0.91955",0.91955,1
"GO:0043254","regulation of protein-containing complex assembly",205,21,27.12,"0.91992",0.91992,1
"GO:0006301","postreplication repair",30,2,3.97,"0.92136",0.92136,1
"GO:0007140","male meiotic nuclear division",30,2,3.97,"0.92136",0.92136,1
"GO:0010842","retina layer formation",30,2,3.97,"0.92136",0.92136,1
"GO:0010972","negative regulation of G2/M transition of mitotic cell cycle",30,2,3.97,"0.92136",0.92136,1
"GO:0030834","regulation of actin filament depolymerization",30,2,3.97,"0.92136",0.92136,1
"GO:0060043","regulation of cardiac muscle cell proliferation",30,2,3.97,"0.92136",0.92136,1
"GO:0098815","modulation of excitatory postsynaptic potential",30,2,3.97,"0.92136",0.92136,1
"GO:0032715","negative regulation of interleukin-6 production",71,6,9.39,"0.92196",0.92196,1
"GO:0001510","RNA methylation",41,3,5.42,"0.92217",0.92217,1
"GO:0019935","cyclic-nucleotide-mediated signaling",41,3,5.42,"0.92217",0.92217,1
"GO:0048002","antigen processing and presentation of peptide antigen",41,3,5.42,"0.92217",0.92217,1
"GO:0048663","neuron fate commitment",41,3,5.42,"0.92217",0.92217,1
"GO:0051339","regulation of lyase activity",41,3,5.42,"0.92217",0.92217,1
"GO:0055007","cardiac muscle cell differentiation",41,3,5.42,"0.92217",0.92217,1
"GO:1901796","regulation of signal transduction by p53 class mediator",41,3,5.42,"0.92217",0.92217,1
"GO:2000779","regulation of double-strand break repair",41,3,5.42,"0.92217",0.92217,1
"GO:0003283","atrial septum development",18,1,2.38,"0.92243",0.92243,1
"GO:0006356","regulation of transcription by RNA polymerase I",18,1,2.38,"0.92243",0.92243,1
"GO:0006376","mRNA splice site recognition",18,1,2.38,"0.92243",0.92243,1
"GO:0006754","ATP biosynthetic process",18,1,2.38,"0.92243",0.92243,1
"GO:0007019","microtubule depolymerization",18,1,2.38,"0.92243",0.92243,1
"GO:0007602","phototransduction",18,1,2.38,"0.92243",0.92243,1
"GO:0014047","glutamate secretion",18,1,2.38,"0.92243",0.92243,1
"GO:0031641","regulation of myelination",18,1,2.38,"0.92243",0.92243,1
"GO:0033173","calcineurin-NFAT signaling cascade",18,1,2.38,"0.92243",0.92243,1
"GO:0034205","amyloid-beta formation",18,1,2.38,"0.92243",0.92243,1
"GO:0040020","regulation of meiotic nuclear division",18,1,2.38,"0.92243",0.92243,1
"GO:0042249","establishment of planar polarity of embryonic epithelium",18,1,2.38,"0.92243",0.92243,1
"GO:0043647","inositol phosphate metabolic process",18,1,2.38,"0.92243",0.92243,1
"GO:0045738","negative regulation of DNA repair",18,1,2.38,"0.92243",0.92243,1
"GO:0048857","neural nucleus development",18,1,2.38,"0.92243",0.92243,1
"GO:0070509","calcium ion import",18,1,2.38,"0.92243",0.92243,1
"GO:0070884","regulation of calcineurin-NFAT signaling cascade",18,1,2.38,"0.92243",0.92243,1
"GO:0071539","protein localization to centrosome",18,1,2.38,"0.92243",0.92243,1
"GO:0090177","establishment of planar polarity involved in neural tube closure",18,1,2.38,"0.92243",0.92243,1
"GO:0090314","positive regulation of protein targeting to membrane",18,1,2.38,"0.92243",0.92243,1
"GO:0097720","calcineurin-mediated signaling",18,1,2.38,"0.92243",0.92243,1
"GO:0106056","regulation of calcineurin-mediated signaling",18,1,2.38,"0.92243",0.92243,1
"GO:1902305","regulation of sodium ion transmembrane transport",18,1,2.38,"0.92243",0.92243,1
"GO:2000780","negative regulation of double-strand break repair",18,1,2.38,"0.92243",0.92243,1
"GO:0097435","supramolecular fiber organization",325,35,43,"0.92432",0.92432,1
"GO:0006164","purine nucleotide biosynthetic process",109,10,14.42,"0.92502",0.92502,1
"GO:0006405","RNA export from nucleus",62,5,8.2,"0.92661",0.92661,1
"GO:0051261","protein depolymerization",62,5,8.2,"0.92661",0.92661,1
"GO:0046483","heterocycle metabolic process",3456,434,457.24,"0.92681",0.92681,1
"GO:0043933","protein-containing complex organization",1254,150,165.91,"0.92862",0.92862,1
"GO:0061951","establishment of protein localization to plasma membrane",42,3,5.56,"0.92966",0.92966,1
"GO:0097061","dendritic spine organization",42,3,5.56,"0.92966",0.92966,1
"GO:1901879","regulation of protein depolymerization",42,3,5.56,"0.92966",0.92966,1
"GO:0000271","polysaccharide biosynthetic process",31,2,4.1,"0.92992",0.92992,1
"GO:0002028","regulation of sodium ion transport",31,2,4.1,"0.92992",0.92992,1
"GO:0017158","regulation of calcium ion-dependent exocytosis",31,2,4.1,"0.92992",0.92992,1
"GO:0021532","neural tube patterning",31,2,4.1,"0.92992",0.92992,1
"GO:0031397","negative regulation of protein ubiquitination",31,2,4.1,"0.92992",0.92992,1
"GO:0048259","regulation of receptor-mediated endocytosis",31,2,4.1,"0.92992",0.92992,1
"GO:0097340","inhibition of cysteine-type endopeptidase activity",31,2,4.1,"0.92992",0.92992,1
"GO:0097341","zymogen inhibition",31,2,4.1,"0.92992",0.92992,1
"GO:1901983","regulation of protein acetylation",31,2,4.1,"0.92992",0.92992,1
"GO:1902750","negative regulation of cell cycle G2/M phase transition",31,2,4.1,"0.92992",0.92992,1
"GO:1990001","inhibition of cysteine-type endopeptidase activity involved in apoptotic process",31,2,4.1,"0.92992",0.92992,1
"GO:2000059","negative regulation of ubiquitin-dependent protein catabolic process",31,2,4.1,"0.92992",0.92992,1
"GO:0060627","regulation of vesicle-mediated transport",225,23,29.77,"0.92993",0.92993,1
"GO:0141086","negative regulation of inflammasome-mediated signaling pathway",63,5,8.34,"0.93262",0.93262,1
"GO:1900226","negative regulation of NLRP3 inflammasome complex assembly",63,5,8.34,"0.93262",0.93262,1
"GO:0002204","somatic recombination of immunoglobulin genes involved in immune response",19,1,2.51,"0.93271",0.93271,1
"GO:0002208","somatic diversification of immunoglobulins involved in immune response",19,1,2.51,"0.93271",0.93271,1
"GO:0006582","melanin metabolic process",19,1,2.51,"0.93271",0.93271,1
"GO:0007218","neuropeptide signaling pathway",19,1,2.51,"0.93271",0.93271,1
"GO:0007435","salivary gland morphogenesis",19,1,2.51,"0.93271",0.93271,1
"GO:0008356","asymmetric cell division",19,1,2.51,"0.93271",0.93271,1
"GO:0019646","aerobic electron transport chain",19,1,2.51,"0.93271",0.93271,1
"GO:0030488","tRNA methylation",19,1,2.51,"0.93271",0.93271,1
"GO:0030574","collagen catabolic process",19,1,2.51,"0.93271",0.93271,1
"GO:0030593","neutrophil chemotaxis",19,1,2.51,"0.93271",0.93271,1
"GO:0034394","protein localization to cell surface",19,1,2.51,"0.93271",0.93271,1
"GO:0045047","protein targeting to ER",19,1,2.51,"0.93271",0.93271,1
"GO:0045190","isotype switching",19,1,2.51,"0.93271",0.93271,1
"GO:0051148","negative regulation of muscle cell differentiation",19,1,2.51,"0.93271",0.93271,1
"GO:0051341","regulation of oxidoreductase activity",19,1,2.51,"0.93271",0.93271,1
"GO:0055057","neuroblast division",19,1,2.51,"0.93271",0.93271,1
"GO:0072698","protein localization to microtubule cytoskeleton",19,1,2.51,"0.93271",0.93271,1
"GO:1901661","quinone metabolic process",19,1,2.51,"0.93271",0.93271,1
"GO:1902116","negative regulation of organelle assembly",19,1,2.51,"0.93271",0.93271,1
"GO:1902743","regulation of lamellipodium organization",19,1,2.51,"0.93271",0.93271,1
"GO:1905508","protein localization to microtubule organizing center",19,1,2.51,"0.93271",0.93271,1
"GO:2000136","regulation of cell proliferation involved in heart morphogenesis",19,1,2.51,"0.93271",0.93271,1
"GO:1903510","mucopolysaccharide metabolic process",53,4,7.01,"0.93325",0.93325,1
"GO:0042060","wound healing",156,15,20.64,"0.93328",0.93328,1
"GO:0035265","organ growth",73,6,9.66,"0.93348",0.93348,1
"GO:0030522","intracellular receptor signaling pathway",165,16,21.83,"0.93372",0.93372,1
"GO:0030705","cytoskeleton-dependent intracellular transport",102,9,13.49,"0.93560",0.9356,1
"GO:0030317","flagellated sperm motility",43,3,5.69,"0.93648",0.93648,1
"GO:0065003","protein-containing complex assembly",997,117,131.91,"0.93648",0.93648,1
"GO:0032386","regulation of intracellular transport",148,14,19.58,"0.93683",0.93683,1
"GO:0006611","protein export from nucleus",32,2,4.23,"0.93759",0.93759,1
"GO:0007631","feeding behavior",32,2,4.23,"0.93759",0.93759,1
"GO:0010565","regulation of cellular ketone metabolic process",32,2,4.23,"0.93759",0.93759,1
"GO:0019886","antigen processing and presentation of exogenous peptide antigen via MHC class II",32,2,4.23,"0.93759",0.93759,1
"GO:0043535","regulation of blood vessel endothelial cell migration",32,2,4.23,"0.93759",0.93759,1
"GO:0046148","pigment biosynthetic process",32,2,4.23,"0.93759",0.93759,1
"GO:0048168","regulation of neuronal synaptic plasticity",32,2,4.23,"0.93759",0.93759,1
"GO:0032687","negative regulation of interferon-alpha production",64,5,8.47,"0.93818",0.93818,1
"GO:1900016","negative regulation of cytokine production involved in inflammatory response",64,5,8.47,"0.93818",0.93818,1
"GO:1901606","alpha-amino acid catabolic process",64,5,8.47,"0.93818",0.93818,1
"GO:0039532","negative regulation of viral-induced cytoplasmic pattern recognition receptor signaling pathway",74,6,9.79,"0.93865",0.93865,1
"GO:0033365","protein localization to organelle",439,48,58.08,"0.93894",0.93894,1
"GO:0006612","protein targeting to membrane",54,4,7.14,"0.93918",0.93918,1
"GO:0048738","cardiac muscle tissue development",103,9,13.63,"0.93996",0.93996,1
"GO:0006807","nitrogen compound metabolic process",5772,737,763.65,"0.94017",0.94017,1
"GO:0140694","non-membrane-bounded organelle assembly",211,21,27.92,"0.94057",0.94057,1
"GO:0043604","amide biosynthetic process",498,55,65.89,"0.94126",0.94126,1
"GO:0051236","establishment of RNA localization",122,11,16.14,"0.94162",0.94162,1
"GO:0001867","complement activation, lectin pathway",20,1,2.65,"0.94163",0.94163,1
"GO:0007193","adenylate cyclase-inhibiting G protein-coupled receptor signaling pathway",20,1,2.65,"0.94163",0.94163,1
"GO:0010712","regulation of collagen metabolic process",20,1,2.65,"0.94163",0.94163,1
"GO:0021794","thalamus development",20,1,2.65,"0.94163",0.94163,1
"GO:0032527","protein exit from endoplasmic reticulum",20,1,2.65,"0.94163",0.94163,1
"GO:0034332","adherens junction organization",20,1,2.65,"0.94163",0.94163,1
"GO:0044380","protein localization to cytoskeleton",20,1,2.65,"0.94163",0.94163,1
"GO:0045910","negative regulation of DNA recombination",20,1,2.65,"0.94163",0.94163,1
"GO:0050686","negative regulation of mRNA processing",20,1,2.65,"0.94163",0.94163,1
"GO:0060443","mammary gland morphogenesis",20,1,2.65,"0.94163",0.94163,1
"GO:0061323","cell proliferation involved in heart morphogenesis",20,1,2.65,"0.94163",0.94163,1
"GO:0099175","regulation of postsynapse organization",20,1,2.65,"0.94163",0.94163,1
"GO:2000463","positive regulation of excitatory postsynaptic potential",20,1,2.65,"0.94163",0.94163,1
"GO:0033002","muscle cell proliferation",94,8,12.44,"0.94187",0.94187,1
"GO:0051146","striated muscle cell differentiation",113,10,14.95,"0.94263",0.94263,1
"GO:0035088","establishment or maintenance of apical/basal cell polarity",44,3,5.82,"0.94268",0.94268,1
"GO:0042440","pigment metabolic process",44,3,5.82,"0.94268",0.94268,1
"GO:0044826","viral genome integration into host DNA",44,3,5.82,"0.94268",0.94268,1
"GO:0097722","sperm motility",44,3,5.82,"0.94268",0.94268,1
"GO:0106027","neuron projection organization",44,3,5.82,"0.94268",0.94268,1
"GO:0007049","cell cycle",1161,137,153.6,"0.94330",0.9433,1
"GO:0060285","cilium-dependent cell motility",65,5,8.6,"0.94333",0.94333,1
"GO:0032480","negative regulation of type I interferon production",75,6,9.92,"0.94346",0.94346,1
"GO:0044249","cellular biosynthetic process",4039,508,534.37,"0.94360",0.9436,1
"GO:0008333","endosome to lysosome transport",33,2,4.37,"0.94446",0.94446,1
"GO:0021872","forebrain generation of neurons",33,2,4.37,"0.94446",0.94446,1
"GO:0034661","ncRNA catabolic process",33,2,4.37,"0.94446",0.94446,1
"GO:0090263","positive regulation of canonical Wnt signaling pathway",55,4,7.28,"0.94463",0.94463,1
"GO:0044839","cell cycle G2/M phase transition",95,8,12.57,"0.94603",0.94603,1
"GO:0031644","regulation of nervous system process",76,6,10.05,"0.94793",0.94793,1
"GO:0050687","negative regulation of defense response to virus",76,6,10.05,"0.94793",0.94793,1
"GO:0006139","nucleobase-containing compound metabolic process",3324,414,439.77,"0.94801",0.94801,1
"GO:0007189","adenylate cyclase-activating G protein-coupled receptor signaling pathway",45,3,5.95,"0.94832",0.94832,1
"GO:0019042","viral latency",45,3,5.95,"0.94832",0.94832,1
"GO:0019043","establishment of viral latency",45,3,5.95,"0.94832",0.94832,1
"GO:0055017","cardiac muscle tissue growth",45,3,5.95,"0.94832",0.94832,1
"GO:0060411","cardiac septum morphogenesis",45,3,5.95,"0.94832",0.94832,1
"GO:0060419","heart growth",45,3,5.95,"0.94832",0.94832,1
"GO:0075713","establishment of integrated proviral latency",45,3,5.95,"0.94832",0.94832,1
"GO:1904356","regulation of telomere maintenance via telomere lengthening",45,3,5.95,"0.94832",0.94832,1
"GO:0048232","male gamete generation",240,24,31.75,"0.94852",0.94852,1
"GO:0002027","regulation of heart rate",21,1,2.78,"0.94937",0.94937,1
"GO:0003272","endocardial cushion formation",21,1,2.78,"0.94937",0.94937,1
"GO:0006921","cellular component disassembly involved in execution phase of apoptosis",21,1,2.78,"0.94937",0.94937,1
"GO:0010824","regulation of centrosome duplication",21,1,2.78,"0.94937",0.94937,1
"GO:0014015","positive regulation of gliogenesis",21,1,2.78,"0.94937",0.94937,1
"GO:0016075","rRNA catabolic process",21,1,2.78,"0.94937",0.94937,1
"GO:0019048","modulation by virus of host process",21,1,2.78,"0.94937",0.94937,1
"GO:0021879","forebrain neuron differentiation",21,1,2.78,"0.94937",0.94937,1
"GO:0030262","apoptotic nuclear changes",21,1,2.78,"0.94937",0.94937,1
"GO:0030513","positive regulation of BMP signaling pathway",21,1,2.78,"0.94937",0.94937,1
"GO:0036159","inner dynein arm assembly",21,1,2.78,"0.94937",0.94937,1
"GO:0044818","mitotic G2/M transition checkpoint",21,1,2.78,"0.94937",0.94937,1
"GO:0046164","alcohol catabolic process",21,1,2.78,"0.94937",0.94937,1
"GO:0048524","positive regulation of viral process",21,1,2.78,"0.94937",0.94937,1
"GO:0050435","amyloid-beta metabolic process",21,1,2.78,"0.94937",0.94937,1
"GO:0060045","positive regulation of cardiac muscle cell proliferation",21,1,2.78,"0.94937",0.94937,1
"GO:0060412","ventricular septum morphogenesis",21,1,2.78,"0.94937",0.94937,1
"GO:0070536","protein K63-linked deubiquitination",21,1,2.78,"0.94937",0.94937,1
"GO:0038127","ERBB signaling pathway",56,4,7.41,"0.94963",0.94963,1
"GO:0007283","spermatogenesis",223,22,29.5,"0.94968",0.94968,1
"GO:0051028","mRNA transport",96,8,12.7,"0.94992",0.94992,1
"GO:0090407","organophosphate biosynthetic process",301,31,39.82,"0.95006",0.95006,1
"GO:0002495","antigen processing and presentation of peptide antigen via MHC class II",34,2,4.5,"0.95061",0.95061,1
"GO:0002504","antigen processing and presentation of peptide or polysaccharide antigen via MHC class II",34,2,4.5,"0.95061",0.95061,1
"GO:0075732","viral penetration into host nucleus",34,2,4.5,"0.95061",0.95061,1
"GO:0032984","protein-containing complex disassembly",134,12,17.73,"0.95131",0.95131,1
"GO:0006725","cellular aromatic compound metabolic process",3482,434,460.68,"0.95164",0.95164,1
"GO:0002534","cytokine production involved in inflammatory response",67,5,8.86,"0.95248",0.95248,1
"GO:0007188","adenylate cyclase-modulating G protein-coupled receptor signaling pathway",67,5,8.86,"0.95248",0.95248,1
"GO:0032607","interferon-alpha production",67,5,8.86,"0.95248",0.95248,1
"GO:0032647","regulation of interferon-alpha production",67,5,8.86,"0.95248",0.95248,1
"GO:0032688","negative regulation of interferon-beta production",67,5,8.86,"0.95248",0.95248,1
"GO:0044546","NLRP3 inflammasome complex assembly",67,5,8.86,"0.95248",0.95248,1
"GO:0140632","canonical inflammasome complex assembly",67,5,8.86,"0.95248",0.95248,1
"GO:0141084","inflammasome-mediated signaling pathway",67,5,8.86,"0.95248",0.95248,1
"GO:0141085","regulation of inflammasome-mediated signaling pathway",67,5,8.86,"0.95248",0.95248,1
"GO:1900015","regulation of cytokine production involved in inflammatory response",67,5,8.86,"0.95248",0.95248,1
"GO:1900225","regulation of NLRP3 inflammasome complex assembly",67,5,8.86,"0.95248",0.95248,1
"GO:1901223","negative regulation of non-canonical NF-kappaB signal transduction",67,5,8.86,"0.95248",0.95248,1
"GO:0016573","histone acetylation",87,7,11.51,"0.95254",0.95254,1
"GO:0033036","macromolecule localization",1582,189,209.3,"0.95408",0.95408,1
"GO:0009165","nucleotide biosynthetic process",135,12,17.86,"0.95438",0.95438,1
"GO:0014706","striated muscle tissue development",107,9,14.16,"0.95492",0.95492,1
"GO:0001818","negative regulation of cytokine production",126,11,16.67,"0.95529",0.95529,1
"GO:0003351","epithelial cilium movement involved in extracellular fluid movement",22,1,2.91,"0.95608",0.95608,1
"GO:0006195","purine nucleotide catabolic process",22,1,2.91,"0.95608",0.95608,1
"GO:0007431","salivary gland development",22,1,2.91,"0.95608",0.95608,1
"GO:0016447","somatic recombination of immunoglobulin gene segments",22,1,2.91,"0.95608",0.95608,1
"GO:0031146","SCF-dependent proteasomal ubiquitin-dependent protein catabolic process",22,1,2.91,"0.95608",0.95608,1
"GO:0033014","tetrapyrrole biosynthetic process",22,1,2.91,"0.95608",0.95608,1
"GO:0042168","heme metabolic process",22,1,2.91,"0.95608",0.95608,1
"GO:0042775","mitochondrial ATP synthesis coupled electron transport",22,1,2.91,"0.95608",0.95608,1
"GO:0046605","regulation of centrosome cycle",22,1,2.91,"0.95608",0.95608,1
"GO:0061462","protein localization to lysosome",22,1,2.91,"0.95608",0.95608,1
"GO:0071218","cellular response to misfolded protein",22,1,2.91,"0.95608",0.95608,1
"GO:0000184","nuclear-transcribed mRNA catabolic process, nonsense-mediated decay",35,2,4.63,"0.95611",0.95611,1
"GO:0031338","regulation of vesicle fusion",35,2,4.63,"0.95611",0.95611,1
"GO:0046785","microtubule polymerization",35,2,4.63,"0.95611",0.95611,1
"GO:0051972","regulation of telomerase activity",35,2,4.63,"0.95611",0.95611,1
"GO:0060038","cardiac muscle cell proliferation",35,2,4.63,"0.95611",0.95611,1
"GO:0075733","intracellular transport of virus",35,2,4.63,"0.95611",0.95611,1
"GO:1901655","cellular response to ketone",35,2,4.63,"0.95611",0.95611,1
"GO:2001259","positive regulation of cation channel activity",35,2,4.63,"0.95611",0.95611,1
"GO:0001539","cilium or flagellum-dependent cell motility",68,5,9,"0.95653",0.95653,1
"GO:0046620","regulation of organ growth",47,3,6.22,"0.95807",0.95807,1
"GO:0048024","regulation of mRNA splicing, via spliceosome",47,3,6.22,"0.95807",0.95807,1
"GO:0031333","negative regulation of protein-containing complex assembly",108,9,14.29,"0.95810",0.9581,1
"GO:0009895","negative regulation of catabolic process",127,11,16.8,"0.95823",0.95823,1
"GO:0070727","cellular macromolecule localization",1350,159,178.61,"0.95950",0.9595,1
"GO:0006282","regulation of DNA repair",69,5,9.13,"0.96026",0.96026,1
"GO:0016571","histone methylation",69,5,9.13,"0.96026",0.96026,1
"GO:0031122","cytoplasmic microtubule organization",36,2,4.76,"0.96101",0.96101,1
"GO:0046794","transport of virus",36,2,4.76,"0.96101",0.96101,1
"GO:0000381","regulation of alternative mRNA splicing, via spliceosome",23,1,3.04,"0.96190",0.9619,1
"GO:0003203","endocardial cushion morphogenesis",23,1,3.04,"0.96190",0.9619,1
"GO:0006858","extracellular transport",23,1,3.04,"0.96190",0.9619,1
"GO:0016339","calcium-dependent cell-cell adhesion via plasma membrane cell adhesion molecules",23,1,3.04,"0.96190",0.9619,1
"GO:0036158","outer dynein arm assembly",23,1,3.04,"0.96190",0.9619,1
"GO:0051788","response to misfolded protein",23,1,3.04,"0.96190",0.9619,1
"GO:0090102","cochlea development",23,1,3.04,"0.96190",0.9619,1
"GO:0120162","positive regulation of cold-induced thermogenesis",23,1,3.04,"0.96190",0.9619,1
"GO:1902414","protein localization to cell junction",23,1,3.04,"0.96190",0.9619,1
"GO:2000106","regulation of leukocyte apoptotic process",23,1,3.04,"0.96190",0.9619,1
"GO:0043170","macromolecule metabolic process",5318,673,703.58,"0.96220",0.9622,1
"GO:0045454","cell redox homeostasis",59,4,7.81,"0.96225",0.96225,1
"GO:0050806","positive regulation of synaptic transmission",59,4,7.81,"0.96225",0.96225,1
"GO:1904064","positive regulation of cation transmembrane transport",59,4,7.81,"0.96225",0.96225,1
"GO:0006487","protein N-linked glycosylation",48,3,6.35,"0.96228",0.96228,1
"GO:0019882","antigen processing and presentation",48,3,6.35,"0.96228",0.96228,1
"GO:0000086","G2/M transition of mitotic cell cycle",90,7,11.91,"0.96268",0.96268,1
"GO:0006479","protein methylation",90,7,11.91,"0.96268",0.96268,1
"GO:0008213","protein alkylation",90,7,11.91,"0.96268",0.96268,1
"GO:0018393","internal peptidyl-lysine acetylation",90,7,11.91,"0.96268",0.96268,1
"GO:1902850","microtubule cytoskeleton organization involved in mitosis",100,8,13.23,"0.96309",0.96309,1
"GO:0051649","establishment of localization in cell",1212,141,160.35,"0.96466",0.96466,1
"GO:0050657","nucleic acid transport",120,10,15.88,"0.96488",0.96488,1
"GO:0050658","RNA transport",120,10,15.88,"0.96488",0.96488,1
"GO:0010955","negative regulation of protein processing",37,2,4.9,"0.96539",0.96539,1
"GO:0055021","regulation of cardiac muscle tissue growth",37,2,4.9,"0.96539",0.96539,1
"GO:0060420","regulation of heart growth",37,2,4.9,"0.96539",0.96539,1
"GO:0072666","establishment of protein localization to vacuole",37,2,4.9,"0.96539",0.96539,1
"GO:1903318","negative regulation of protein maturation",37,2,4.9,"0.96539",0.96539,1
"GO:0043484","regulation of RNA splicing",71,5,9.39,"0.96686",0.96686,1
"GO:0006298","mismatch repair",24,1,3.18,"0.96695",0.96695,1
"GO:0010799","regulation of peptidyl-threonine phosphorylation",24,1,3.18,"0.96695",0.96695,1
"GO:0032273","positive regulation of protein polymerization",24,1,3.18,"0.96695",0.96695,1
"GO:0034243","regulation of transcription elongation by RNA polymerase II",24,1,3.18,"0.96695",0.96695,1
"GO:0035162","embryonic hemopoiesis",24,1,3.18,"0.96695",0.96695,1
"GO:0042773","ATP synthesis coupled electron transport",24,1,3.18,"0.96695",0.96695,1
"GO:0055023","positive regulation of cardiac muscle tissue growth",24,1,3.18,"0.96695",0.96695,1
"GO:0060421","positive regulation of heart growth",24,1,3.18,"0.96695",0.96695,1
"GO:0061515","myeloid cell development",24,1,3.18,"0.96695",0.96695,1
"GO:0015031","protein transport",917,104,121.32,"0.96731",0.96731,1
"GO:1901293","nucleoside phosphate biosynthetic process",140,12,18.52,"0.96733",0.96733,1
"GO:0008104","protein localization",1336,156,176.76,"0.96822",0.96822,1
"GO:0006475","internal protein amino acid acetylation",92,7,12.17,"0.96830",0.9683,1
"GO:1901137","carbohydrate derivative biosynthetic process",414,43,54.77,"0.96852",0.96852,1
"GO:0039531","regulation of viral-induced cytoplasmic pattern recognition receptor signaling pathway",82,6,10.85,"0.96868",0.96868,1
"GO:0001707","mesoderm formation",38,2,5.03,"0.96929",0.96929,1
"GO:0003281","ventricular septum development",38,2,5.03,"0.96929",0.96929,1
"GO:0010507","negative regulation of autophagy",38,2,5.03,"0.96929",0.96929,1
"GO:1903051","negative regulation of proteolysis involved in protein catabolic process",38,2,5.03,"0.96929",0.96929,1
"GO:0070646","protein modification by small protein removal",122,10,16.14,"0.96962",0.96962,1
"GO:0010970","transport along microtubule",93,7,12.3,"0.97081",0.97081,1
"GO:0022618","protein-RNA complex assembly",113,9,14.95,"0.97118",0.97118,1
"GO:0030433","ubiquitin-dependent ERAD pathway",83,6,10.98,"0.97128",0.97128,1
"GO:0003197","endocardial cushion development",25,1,3.31,"0.97134",0.97134,1
"GO:0006778","porphyrin-containing compound metabolic process",25,1,3.31,"0.97134",0.97134,1
"GO:0006891","intra-Golgi vesicle-mediated transport",25,1,3.31,"0.97134",0.97134,1
"GO:0006895","Golgi to endosome transport",25,1,3.31,"0.97134",0.97134,1
"GO:0035196","miRNA processing",25,1,3.31,"0.97134",0.97134,1
"GO:0051153","regulation of striated muscle cell differentiation",25,1,3.31,"0.97134",0.97134,1
"GO:0051930","regulation of sensory perception of pain",25,1,3.31,"0.97134",0.97134,1
"GO:0072599","establishment of protein localization to endoplasmic reticulum",25,1,3.31,"0.97134",0.97134,1
"GO:0098659","inorganic cation import across plasma membrane",25,1,3.31,"0.97134",0.97134,1
"GO:0099587","inorganic ion import across plasma membrane",25,1,3.31,"0.97134",0.97134,1
"GO:0018205","peptidyl-lysine modification",189,17,25.01,"0.97240",0.9724,1
"GO:0009059","macromolecule biosynthetic process",3468,428,458.82,"0.97246",0.97246,1
"GO:0031109","microtubule polymerization or depolymerization",51,3,6.75,"0.97263",0.97263,1
"GO:0018394","peptidyl-lysine acetylation",94,7,12.44,"0.97314",0.97314,1
"GO:0071826","protein-RNA complex organization",114,9,15.08,"0.97330",0.9733,1
"GO:0045184","establishment of protein localization",973,110,128.73,"0.97364",0.97364,1
"GO:0022411","cellular component disassembly",236,22,31.22,"0.97495",0.97495,1
"GO:0009101","glycoprotein biosynthetic process",218,20,28.84,"0.97501",0.97501,1
"GO:0000462","maturation of SSU-rRNA from tricistronic rRNA transcript (SSU-rRNA, 5.8S rRNA, LSU-rRNA)",26,1,3.44,"0.97514",0.97514,1
"GO:0010257","NADH dehydrogenase complex assembly",26,1,3.44,"0.97514",0.97514,1
"GO:0016445","somatic diversification of immunoglobulins",26,1,3.44,"0.97514",0.97514,1
"GO:0032981","mitochondrial respiratory chain complex I assembly",26,1,3.44,"0.97514",0.97514,1
"GO:0045214","sarcomere organization",26,1,3.44,"0.97514",0.97514,1
"GO:0048708","astrocyte differentiation",26,1,3.44,"0.97514",0.97514,1
"GO:0052652","cyclic purine nucleotide metabolic process",26,1,3.44,"0.97514",0.97514,1
"GO:0006023","aminoglycan biosynthetic process",52,3,6.88,"0.97544",0.97544,1
"GO:0097194","execution phase of apoptosis",52,3,6.88,"0.97544",0.97544,1
"GO:0043967","histone H4 acetylation",40,2,5.29,"0.97586",0.97586,1
"GO:0048332","mesoderm morphogenesis",40,2,5.29,"0.97586",0.97586,1
"GO:0048644","muscle organ morphogenesis",40,2,5.29,"0.97586",0.97586,1
"GO:0007098","centrosome cycle",85,6,11.25,"0.97591",0.97591,1
"GO:0030163","protein catabolic process",624,67,82.56,"0.97706",0.97706,1
"GO:0007268","chemical synaptic transmission",309,30,40.88,"0.97740",0.9774,1
"GO:0098916","anterograde trans-synaptic signaling",309,30,40.88,"0.97740",0.9774,1
"GO:0016192","vesicle-mediated transport",954,107,126.22,"0.97758",0.97758,1
"GO:0007052","mitotic spindle organization",86,6,11.38,"0.97796",0.97796,1
"GO:0042273","ribosomal large subunit biogenesis",53,3,7.01,"0.97797",0.97797,1
"GO:2001257","regulation of cation channel activity",53,3,7.01,"0.97797",0.97797,1
"GO:0030206","chondroitin sulfate biosynthetic process",27,1,3.57,"0.97843",0.97843,1
"GO:0045199","maintenance of epithelial cell apical/basal polarity",27,1,3.57,"0.97843",0.97843,1
"GO:0045740","positive regulation of DNA replication",27,1,3.57,"0.97843",0.97843,1
"GO:0071526","semaphorin-plexin signaling pathway",27,1,3.57,"0.97843",0.97843,1
"GO:0098900","regulation of action potential",27,1,3.57,"0.97843",0.97843,1
"GO:0099537","trans-synaptic signaling",310,30,41.01,"0.97852",0.97852,1
"GO:0050684","regulation of mRNA processing",65,4,8.6,"0.97916",0.97916,1
"GO:0034641","cellular nitrogen compound metabolic process",3693,455,488.59,"0.98008",0.98008,1
"GO:0035249","synaptic transmission, glutamatergic",54,3,7.14,"0.98025",0.98025,1
"GO:1903305","regulation of regulated secretory pathway",54,3,7.14,"0.98025",0.98025,1
"GO:0043161","proteasome-mediated ubiquitin-dependent protein catabolic process",303,29,40.09,"0.98044",0.98044,1
"GO:1901990","regulation of mitotic cell cycle phase transition",176,15,23.29,"0.98061",0.98061,1
"GO:0002753","cytosolic pattern recognition receptor signaling pathway",98,7,12.97,"0.98085",0.98085,1
"GO:0036503","ERAD pathway",98,7,12.97,"0.98085",0.98085,1
"GO:0045197","establishment or maintenance of epithelial cell apical/basal polarity",42,2,5.56,"0.98107",0.98107,1
"GO:0070286","axonemal dynein complex assembly",42,2,5.56,"0.98107",0.98107,1
"GO:0072665","protein localization to vacuole",42,2,5.56,"0.98107",0.98107,1
"GO:0009100","glycoprotein metabolic process",259,24,34.27,"0.98107",0.98107,1
"GO:0043043","peptide biosynthetic process",443,45,58.61,"0.98113",0.98113,1
"GO:0006515","protein quality control for misfolded or incompletely synthesized proteins",28,1,3.7,"0.98129",0.98129,1
"GO:0009187","cyclic nucleotide metabolic process",28,1,3.7,"0.98129",0.98129,1
"GO:0035090","maintenance of apical/basal cell polarity",28,1,3.7,"0.98129",0.98129,1
"GO:0035272","exocrine system development",28,1,3.7,"0.98129",0.98129,1
"GO:2000279","negative regulation of DNA biosynthetic process",28,1,3.7,"0.98129",0.98129,1
"GO:0099536","synaptic signaling",313,30,41.41,"0.98157",0.98157,1
"GO:0006473","protein acetylation",109,8,14.42,"0.98204",0.98204,1
"GO:0016579","protein deubiquitination",109,8,14.42,"0.98204",0.98204,1
"GO:0003231","cardiac ventricle development",55,3,7.28,"0.98231",0.98231,1
"GO:0021536","diencephalon development",67,4,8.86,"0.98299",0.98299,1
"GO:0050804","modulation of chemical synaptic transmission",159,13,21.04,"0.98307",0.98307,1
"GO:0099177","regulation of trans-synaptic signaling",159,13,21.04,"0.98307",0.98307,1
"GO:0006368","transcription elongation by RNA polymerase II",43,2,5.69,"0.98324",0.98324,1
"GO:0044458","motile cilium assembly",29,1,3.84,"0.98378",0.98378,1
"GO:0032259","methylation",150,12,19.85,"0.98384",0.98384,1
"GO:0016043","cellular component organization",3507,429,463.98,"0.98494",0.98494,1
"GO:0022607","cellular component assembly",1796,210,237.61,"0.98503",0.98503,1
"GO:0042177","negative regulation of protein catabolic process",44,2,5.82,"0.98517",0.98517,1
"GO:0060079","excitatory postsynaptic potential",44,2,5.82,"0.98517",0.98517,1
"GO:0043414","macromolecule methylation",142,11,18.79,"0.98584",0.98584,1
"GO:0050650","chondroitin sulfate proteoglycan biosynthetic process",30,1,3.97,"0.98593",0.98593,1
"GO:0060998","regulation of dendritic spine development",30,1,3.97,"0.98593",0.98593,1
"GO:0031023","microtubule organizing center organization",91,6,12.04,"0.98597",0.98597,1
"GO:0051298","centrosome duplication",45,2,5.95,"0.98689",0.98689,1
"GO:0090630","activation of GTPase activity",45,2,5.95,"0.98689",0.98689,1
"GO:0019722","calcium-mediated signaling",81,5,10.72,"0.98711",0.98711,1
"GO:0043687","post-translational protein modification",906,99,119.87,"0.98725",0.98725,1
"GO:0006623","protein targeting to vacuole",31,1,4.1,"0.98780",0.9878,1
"GO:0051931","regulation of sensory perception",31,1,4.1,"0.98780",0.9878,1
"GO:0060291","long-term synaptic potentiation",31,1,4.1,"0.98780",0.9878,1
"GO:0099111","microtubule-based transport",114,8,15.08,"0.98818",0.98818,1
"GO:0030166","proteoglycan biosynthetic process",46,2,6.09,"0.98841",0.98841,1
"GO:0051966","regulation of synaptic transmission, glutamatergic",46,2,6.09,"0.98841",0.98841,1
"GO:0016482","cytosolic transport",104,7,13.76,"0.98865",0.98865,1
"GO:0046434","organophosphate catabolic process",71,4,9.39,"0.98874",0.98874,1
"GO:0009057","macromolecule catabolic process",861,93,113.91,"0.98912",0.98912,1
"GO:0010498","proteasomal protein catabolic process",341,32,45.11,"0.98920",0.9892,1
"GO:0006605","protein targeting",175,14,23.15,"0.98921",0.98921,1
"GO:1901880","negative regulation of protein depolymerization",32,1,4.23,"0.98941",0.98941,1
"GO:0014855","striated muscle cell proliferation",47,2,6.22,"0.98975",0.98975,1
"GO:0006888","endoplasmic reticulum to Golgi vesicle-mediated transport",127,9,16.8,"0.99056",0.99056,1
"GO:0006119","oxidative phosphorylation",33,1,4.37,"0.99082",0.99082,1
"GO:0006414","translational elongation",33,1,4.37,"0.99082",0.99082,1
"GO:0030011","maintenance of cell polarity",33,1,4.37,"0.99082",0.99082,1
"GO:0043242","negative regulation of protein-containing complex disassembly",33,1,4.37,"0.99082",0.99082,1
"GO:0043966","histone H3 acetylation",33,1,4.37,"0.99082",0.99082,1
"GO:1901566","organonitrogen compound biosynthetic process",1073,118,141.96,"0.99108",0.99108,1
"GO:0006892","post-Golgi vesicle-mediated transport",85,5,11.25,"0.99130",0.9913,1
"GO:0006024","glycosaminoglycan biosynthetic process",49,2,6.48,"0.99201",0.99201,1
"GO:0007029","endoplasmic reticulum organization",34,1,4.5,"0.99204",0.99204,1
"GO:0009166","nucleotide catabolic process",34,1,4.5,"0.99204",0.99204,1
"GO:0003341","cilium movement",108,7,14.29,"0.99207",0.99207,1
"GO:0007030","Golgi organization",87,5,11.51,"0.99287",0.99287,1
"GO:0006399","tRNA metabolic process",121,8,16.01,"0.99355",0.99355,1
"GO:0031056","regulation of histone modification",64,3,8.47,"0.99356",0.99356,1
"GO:0051100","negative regulation of binding",64,3,8.47,"0.99356",0.99356,1
"GO:0140053","mitochondrial gene expression",64,3,8.47,"0.99356",0.99356,1
"GO:0140056","organelle localization by membrane tethering",64,3,8.47,"0.99356",0.99356,1
"GO:0034660","ncRNA metabolic process",440,42,58.21,"0.99364",0.99364,1
"GO:0042558","pteridine-containing compound metabolic process",36,1,4.76,"0.99401",0.99401,1
"GO:1902749","regulation of cell cycle G2/M phase transition",65,3,8.6,"0.99426",0.99426,1
"GO:0007051","spindle organization",123,8,16.27,"0.99460",0.9946,1
"GO:0022406","membrane docking",66,3,8.73,"0.99488",0.99488,1
"GO:0007010","cytoskeleton organization",705,72,93.27,"0.99502",0.99502,1
"GO:0048167","regulation of synaptic plasticity",79,4,10.45,"0.99518",0.99518,1
"GO:0019932","second-messenger-mediated signaling",125,8,16.54,"0.99548",0.99548,1
"GO:0060415","muscle tissue morphogenesis",38,1,5.03,"0.99550",0.9955,1
"GO:0070972","protein localization to endoplasmic reticulum",38,1,5.03,"0.99550",0.9955,1
"GO:1901292","nucleoside phosphate catabolic process",38,1,5.03,"0.99550",0.9955,1
"GO:0006511","ubiquitin-dependent protein catabolic process",438,41,57.95,"0.99553",0.99553,1
"GO:0006996","organelle organization",1906,218,252.17,"0.99563",0.99563,1
"GO:0008033","tRNA processing",81,4,10.72,"0.99612",0.99612,1
"GO:0043543","protein acylation",127,8,16.8,"0.99623",0.99623,1
"GO:0019941","modification-dependent protein catabolic process",442,41,58.48,"0.99637",0.99637,1
"GO:0030048","actin filament-based movement",40,1,5.29,"0.99661",0.99661,1
"GO:0030490","maturation of SSU-rRNA",40,1,5.29,"0.99661",0.99661,1
"GO:0042073","intraciliary transport",40,1,5.29,"0.99661",0.99661,1
"GO:0046907","intracellular transport",943,99,124.76,"0.99665",0.99665,1
"GO:0045995","regulation of embryonic development",41,1,5.42,"0.99706",0.99706,1
"GO:0006886","intracellular protein transport",458,42,60.59,"0.99751",0.99751,1
"GO:0070925","organelle assembly",610,59,80.7,"0.99769",0.99769,1
"GO:0051603","proteolysis involved in protein catabolic process",522,49,69.06,"0.99770",0.9977,1
"GO:0018022","peptidyl-lysine methylation",59,2,7.81,"0.99773",0.99773,1
"GO:0016570","histone modification",226,17,29.9,"0.99776",0.99776,1
"GO:0043632","modification-dependent macromolecule catabolic process",451,41,59.67,"0.99777",0.99777,1
"GO:0010389","regulation of G2/M transition of mitotic cell cycle",60,2,7.94,"0.99800",0.998,1
"GO:0031503","protein-containing complex localization",75,3,9.92,"0.99821",0.99821,1
"GO:0030031","cell projection assembly",422,37,55.83,"0.99853",0.99853,1
"GO:0120031","plasma membrane bounded cell projection assembly",422,37,55.83,"0.99853",0.99853,1
"GO:0071840","cellular component organization or biogenesis",3673,436,485.94,"0.99887",0.99887,1
"GO:0006400","tRNA modification",48,1,6.35,"0.99892",0.99892,1
"GO:0042274","ribosomal small subunit biogenesis",48,1,6.35,"0.99892",0.99892,1
"GO:0009451","RNA modification",94,4,12.44,"0.99908",0.99908,1
"GO:0009987","cellular process",9608,1238,1271.16,"0.99916",0.99916,1
"GO:0034968","histone lysine methylation",50,1,6.62,"0.99919",0.99919,1
"GO:0044085","cellular component biogenesis",2004,223,265.13,"0.99924",0.99924,1
"GO:0060271","cilium assembly",330,26,43.66,"0.99928",0.99928,1
"GO:0035082","axoneme assembly",68,2,9,"0.99929",0.99929,1
"GO:0016071","mRNA metabolic process",453,39,59.93,"0.99930",0.9993,1
"GO:0006412","translation",416,35,55.04,"0.99931",0.99931,1
"GO:0008380","RNA splicing",294,22,38.9,"0.99942",0.99942,1
"GO:0044782","cilium organization",344,27,45.51,"0.99947",0.99947,1
"GO:0048193","Golgi vesicle transport",246,17,32.55,"0.99952",0.99952,1
"GO:0032543","mitochondrial translation",54,1,7.14,"0.99954",0.99954,1
"GO:0043087","regulation of GTPase activity",138,7,18.26,"0.99956",0.99956,1
"GO:0000377","RNA splicing, via transesterification reactions with bulged adenosine as nucleophile",186,11,24.61,"0.99965",0.99965,1
"GO:0000398","mRNA splicing, via spliceosome",186,11,24.61,"0.99965",0.99965,1
"GO:0000375","RNA splicing, via transesterification reactions",188,11,24.87,"0.99971",0.99971,1
"GO:0000226","microtubule cytoskeleton organization",360,27,47.63,"0.99983",0.99983,1
"GO:0001578","microtubule bundle formation",81,2,10.72,"0.99987",0.99987,1
"GO:0006397","mRNA processing",338,24,44.72,"0.99990",0.9999,1
"GO:0043547","positive regulation of GTPase activity",100,3,13.23,"0.99991",0.99991,1
"GO:0007018","microtubule-based movement",259,16,34.27,"0.99993",0.99993,1
"GO:0042254","ribosome biogenesis",232,13,30.69,"0.99996",0.99996,1
"GO:0006364","rRNA processing",157,6,20.77,"0.99999",0.99999,1
"GO:0016072","rRNA metabolic process",185,8,24.48,"0.99999",0.99999,1
"GO:0022613","ribonucleoprotein complex biogenesis",309,18,40.88,"0.99999",0.99999,1
"GO:0034470","ncRNA processing",299,17,39.56,"0.99999",0.99999,1
"GO:0007017","microtubule-based process",554,36,73.3,"1.00000",1,1
"GO:0006396","RNA processing",657,44,86.92,"1.00000",1,1
"GO:0008150","biological_process",10665,1411,1411,"1.00000",1,1
"GO:0000212","meiotic spindle organization",11,0,1.46,"1.00000",1,1
"GO:0000244","spliceosomal tri-snRNP complex assembly",10,0,1.32,"1.00000",1,1
"GO:0000460","maturation of 5.8S rRNA",32,0,4.23,"1.00000",1,1
"GO:0000466","maturation of 5.8S rRNA from tricistronic rRNA transcript (SSU-rRNA, 5.8S rRNA, LSU-rRNA)",17,0,2.25,"1.00000",1,1
"GO:0000470","maturation of LSU-rRNA",18,0,2.38,"1.00000",1,1
"GO:0000479","endonucleolytic cleavage of tricistronic rRNA transcript (SSU-rRNA, 5.8S rRNA, LSU-rRNA)",11,0,1.46,"1.00000",1,1
"GO:0001556","oocyte maturation",10,0,1.32,"1.00000",1,1
"GO:0001662","behavioral fear response",14,0,1.85,"1.00000",1,1
"GO:0002097","tRNA wobble base modification",12,0,1.59,"1.00000",1,1
"GO:0002181","cytoplasmic translation",38,0,5.03,"1.00000",1,1
"GO:0002183","cytoplasmic translational initiation",10,0,1.32,"1.00000",1,1
"GO:0002209","behavioral defense response",14,0,1.85,"1.00000",1,1
"GO:0002230","positive regulation of defense response to virus by host",12,0,1.59,"1.00000",1,1
"GO:0002566","somatic diversification of immune receptors via somatic mutation",11,0,1.46,"1.00000",1,1
"GO:0003208","cardiac ventricle morphogenesis",21,0,2.78,"1.00000",1,1
"GO:0003229","ventricular cardiac muscle tissue development",17,0,2.25,"1.00000",1,1
"GO:0006084","acetyl-CoA metabolic process",20,0,2.65,"1.00000",1,1
"GO:0006182","cGMP biosynthetic process",14,0,1.85,"1.00000",1,1
"GO:0006269","DNA replication, synthesis of RNA primer",10,0,1.32,"1.00000",1,1
"GO:0006271","DNA strand elongation involved in DNA replication",10,0,1.32,"1.00000",1,1
"GO:0006297","nucleotide-excision repair, DNA gap filling",10,0,1.32,"1.00000",1,1
"GO:0006309","apoptotic DNA fragmentation",12,0,1.59,"1.00000",1,1
"GO:0006361","transcription initiation at RNA polymerase I promoter",11,0,1.46,"1.00000",1,1
"GO:0006413","translational initiation",58,0,7.67,"1.00000",1,1
"GO:0006415","translational termination",23,0,3.04,"1.00000",1,1
"GO:0006446","regulation of translational initiation",38,0,5.03,"1.00000",1,1
"GO:0006488","dolichol-linked oligosaccharide biosynthetic process",11,0,1.46,"1.00000",1,1
"GO:0006490","oligosaccharide-lipid intermediate biosynthetic process",12,0,1.59,"1.00000",1,1
"GO:0006491","N-glycan processing",13,0,1.72,"1.00000",1,1
"GO:0006517","protein deglycosylation",17,0,2.25,"1.00000",1,1
"GO:0006607","NLS-bearing protein import into nucleus",16,0,2.12,"1.00000",1,1
"GO:0006760","folic acid-containing compound metabolic process",31,0,4.1,"1.00000",1,1
"GO:0006779","porphyrin-containing compound biosynthetic process",19,0,2.51,"1.00000",1,1
"GO:0006783","heme biosynthetic process",17,0,2.25,"1.00000",1,1
"GO:0006826","iron ion transport",18,0,2.38,"1.00000",1,1
"GO:0006851","mitochondrial calcium ion transmembrane transport",13,0,1.72,"1.00000",1,1
"GO:0006879","intracellular iron ion homeostasis",23,0,3.04,"1.00000",1,1
"GO:0006896","Golgi to vacuole transport",14,0,1.85,"1.00000",1,1
"GO:0006940","regulation of smooth muscle contraction",16,0,2.12,"1.00000",1,1
"GO:0006978","DNA damage response, signal transduction by p53 class mediator resulting in transcription of p21 cla...",11,0,1.46,"1.00000",1,1
"GO:0007099","centriole replication",19,0,2.51,"1.00000",1,1
"GO:0007100","mitotic centrosome separation",13,0,1.72,"1.00000",1,1
"GO:0007168","receptor guanylyl cyclase signaling pathway",12,0,1.59,"1.00000",1,1
"GO:0007194","negative regulation of adenylate cyclase activity",16,0,2.12,"1.00000",1,1
"GO:0007200","phospholipase C-activating G protein-coupled receptor signaling pathway",14,0,1.85,"1.00000",1,1
"GO:0007271","synaptic transmission, cholinergic",19,0,2.51,"1.00000",1,1
"GO:0007274","neuromuscular synaptic transmission",20,0,2.65,"1.00000",1,1
"GO:0007288","sperm axoneme assembly",10,0,1.32,"1.00000",1,1
"GO:0007638","mechanosensory behavior",18,0,2.38,"1.00000",1,1
"GO:0009074","aromatic amino acid family catabolic process",15,0,1.98,"1.00000",1,1
"GO:0009154","purine ribonucleotide catabolic process",16,0,2.12,"1.00000",1,1
"GO:0009190","cyclic nucleotide biosynthetic process",16,0,2.12,"1.00000",1,1
"GO:0009261","ribonucleotide catabolic process",17,0,2.25,"1.00000",1,1
"GO:0009262","deoxyribonucleotide metabolic process",17,0,2.25,"1.00000",1,1
"GO:0009394","2'-deoxyribonucleotide metabolic process",12,0,1.59,"1.00000",1,1
"GO:0009595","detection of biotic stimulus",29,0,3.84,"1.00000",1,1
"GO:0009648","photoperiodism",12,0,1.59,"1.00000",1,1
"GO:0009649","entrainment of circadian clock",12,0,1.59,"1.00000",1,1
"GO:0009988","cell-cell recognition",13,0,1.72,"1.00000",1,1
"GO:0010447","response to acidic pH",10,0,1.32,"1.00000",1,1
"GO:0010649","regulation of cell communication by electrical coupling",12,0,1.59,"1.00000",1,1
"GO:0010650","positive regulation of cell communication by electrical coupling",10,0,1.32,"1.00000",1,1
"GO:0010738","regulation of protein kinase A signaling",12,0,1.59,"1.00000",1,1
"GO:0010752","regulation of cGMP-mediated signaling",14,0,1.85,"1.00000",1,1
"GO:0010753","positive regulation of cGMP-mediated signaling",12,0,1.59,"1.00000",1,1
"GO:0010765","positive regulation of sodium ion transport",14,0,1.85,"1.00000",1,1
"GO:0010800","positive regulation of peptidyl-threonine phosphorylation",17,0,2.25,"1.00000",1,1
"GO:0010971","positive regulation of G2/M transition of mitotic cell cycle",10,0,1.32,"1.00000",1,1
"GO:0010996","response to auditory stimulus",19,0,2.51,"1.00000",1,1
"GO:0014841","skeletal muscle satellite cell proliferation",10,0,1.32,"1.00000",1,1
"GO:0014842","regulation of skeletal muscle satellite cell proliferation",10,0,1.32,"1.00000",1,1
"GO:0014856","skeletal muscle cell proliferation",12,0,1.59,"1.00000",1,1
"GO:0014857","regulation of skeletal muscle cell proliferation",12,0,1.59,"1.00000",1,1
"GO:0015986","proton motive force-driven ATP synthesis",13,0,1.72,"1.00000",1,1
"GO:0016045","detection of bacterium",23,0,3.04,"1.00000",1,1
"GO:0016093","polyprenol metabolic process",16,0,2.12,"1.00000",1,1
"GO:0016578","histone deubiquitination",14,0,1.85,"1.00000",1,1
"GO:0018023","peptidyl-lysine trimethylation",25,0,3.31,"1.00000",1,1
"GO:0018027","peptidyl-lysine dimethylation",10,0,1.32,"1.00000",1,1
"GO:0018126","protein hydroxylation",15,0,1.98,"1.00000",1,1
"GO:0018198","peptidyl-cysteine modification",10,0,1.32,"1.00000",1,1
"GO:0018279","protein N-linked glycosylation via asparagine",18,0,2.38,"1.00000",1,1
"GO:0018345","protein palmitoylation",12,0,1.59,"1.00000",1,1
"GO:0018410","C-terminal protein amino acid modification",12,0,1.59,"1.00000",1,1
"GO:0019217","regulation of fatty acid metabolic process",19,0,2.51,"1.00000",1,1
"GO:0019348","dolichol metabolic process",15,0,1.98,"1.00000",1,1
"GO:0019433","triglyceride catabolic process",10,0,1.32,"1.00000",1,1
"GO:0019692","deoxyribose phosphate metabolic process",14,0,1.85,"1.00000",1,1
"GO:0019934","cGMP-mediated signaling",21,0,2.78,"1.00000",1,1
"GO:0021522","spinal cord motor neuron differentiation",19,0,2.51,"1.00000",1,1
"GO:0021854","hypothalamus development",14,0,1.85,"1.00000",1,1
"GO:0021884","forebrain neuron development",13,0,1.72,"1.00000",1,1
"GO:0021904","dorsal/ventral neural tube patterning",10,0,1.32,"1.00000",1,1
"GO:0021983","pituitary gland development",17,0,2.25,"1.00000",1,1
"GO:0021984","adenohypophysis development",11,0,1.46,"1.00000",1,1
"GO:0022622","root system development",12,0,1.59,"1.00000",1,1
"GO:0030242","autophagy of peroxisome",10,0,1.32,"1.00000",1,1
"GO:0030318","melanocyte differentiation",10,0,1.32,"1.00000",1,1
"GO:0030575","nuclear body organization",10,0,1.32,"1.00000",1,1
"GO:0030835","negative regulation of actin filament depolymerization",21,0,2.78,"1.00000",1,1
"GO:0030953","astral microtubule organization",10,0,1.32,"1.00000",1,1
"GO:0031054","pre-miRNA processing",13,0,1.72,"1.00000",1,1
"GO:0031060","regulation of histone methylation",25,0,3.31,"1.00000",1,1
"GO:0031062","positive regulation of histone methylation",18,0,2.38,"1.00000",1,1
"GO:0031112","positive regulation of microtubule polymerization or depolymerization",14,0,1.85,"1.00000",1,1
"GO:0031116","positive regulation of microtubule polymerization",14,0,1.85,"1.00000",1,1
"GO:0031125","rRNA 3'-end processing",12,0,1.59,"1.00000",1,1
"GO:0031223","auditory behavior",11,0,1.46,"1.00000",1,1
"GO:0031280","negative regulation of cyclase activity",16,0,2.12,"1.00000",1,1
"GO:0031281","positive regulation of cyclase activity",13,0,1.72,"1.00000",1,1
"GO:0031581","hemidesmosome assembly",13,0,1.72,"1.00000",1,1
"GO:0032091","negative regulation of protein binding",39,0,5.16,"1.00000",1,1
"GO:0032211","negative regulation of telomere maintenance via telomerase",20,0,2.65,"1.00000",1,1
"GO:0032493","response to bacterial lipoprotein",13,0,1.72,"1.00000",1,1
"GO:0032785","negative regulation of DNA-templated transcription, elongation",10,0,1.32,"1.00000",1,1
"GO:0032801","receptor catabolic process",19,0,2.51,"1.00000",1,1
"GO:0033962","P-body assembly",11,0,1.46,"1.00000",1,1
"GO:0034112","positive regulation of homotypic cell-cell adhesion",10,0,1.32,"1.00000",1,1
"GO:0034383","low-density lipoprotein particle clearance",10,0,1.32,"1.00000",1,1
"GO:0034389","lipid droplet organization",11,0,1.46,"1.00000",1,1
"GO:0034427","nuclear-transcribed mRNA catabolic process, exonucleolytic, 3'-5'",11,0,1.46,"1.00000",1,1
"GO:0034982","mitochondrial protein processing",12,0,1.59,"1.00000",1,1
"GO:0035116","embryonic hindlimb morphogenesis",10,0,1.32,"1.00000",1,1
"GO:0035137","hindlimb morphogenesis",13,0,1.72,"1.00000",1,1
"GO:0035268","protein mannosylation",14,0,1.85,"1.00000",1,1
"GO:0035269","protein O-linked mannosylation",12,0,1.59,"1.00000",1,1
"GO:0035308","negative regulation of protein dephosphorylation",14,0,1.85,"1.00000",1,1
"GO:0035640","exploration behavior",13,0,1.72,"1.00000",1,1
"GO:0035721","intraciliary retrograde transport",11,0,1.46,"1.00000",1,1
"GO:0035735","intraciliary transport involved in cilium assembly",19,0,2.51,"1.00000",1,1
"GO:0035999","tetrahydrofolate interconversion",15,0,1.98,"1.00000",1,1
"GO:0036010","protein localization to endosome",11,0,1.46,"1.00000",1,1
"GO:0036498","IRE1-mediated unfolded protein response",16,0,2.12,"1.00000",1,1
"GO:0039529","RIG-I signaling pathway",11,0,1.46,"1.00000",1,1
"GO:0039535","regulation of RIG-I signaling pathway",10,0,1.32,"1.00000",1,1
"GO:0042118","endothelial cell activation",10,0,1.32,"1.00000",1,1
"GO:0042130","negative regulation of T cell proliferation",13,0,1.72,"1.00000",1,1
"GO:0042297","vocal learning",11,0,1.46,"1.00000",1,1
"GO:0042398","cellular modified amino acid biosynthetic process",23,0,3.04,"1.00000",1,1
"GO:0042596","fear response",14,0,1.85,"1.00000",1,1
"GO:0042772","DNA damage response, signal transduction resulting in transcription",12,0,1.59,"1.00000",1,1
"GO:0042994","cytoplasmic sequestering of transcription factor",10,0,1.32,"1.00000",1,1
"GO:0043114","regulation of vascular permeability",13,0,1.72,"1.00000",1,1
"GO:0043153","entrainment of circadian clock by photoperiod",10,0,1.32,"1.00000",1,1
"GO:0043300","regulation of leukocyte degranulation",14,0,1.85,"1.00000",1,1
"GO:0043304","regulation of mast cell degranulation",12,0,1.59,"1.00000",1,1
"GO:0043330","response to exogenous dsRNA",10,0,1.32,"1.00000",1,1
"GO:0043476","pigment accumulation",10,0,1.32,"1.00000",1,1
"GO:0043482","cellular pigment accumulation",10,0,1.32,"1.00000",1,1
"GO:0043485","endosome to pigment granule transport",10,0,1.32,"1.00000",1,1
"GO:0043555","regulation of translation in response to stress",10,0,1.32,"1.00000",1,1
"GO:0043558","regulation of translational initiation in response to stress",10,0,1.32,"1.00000",1,1
"GO:0043981","histone H4-K5 acetylation",15,0,1.98,"1.00000",1,1
"GO:0043982","histone H4-K8 acetylation",15,0,1.98,"1.00000",1,1
"GO:0043984","histone H4-K16 acetylation",16,0,2.12,"1.00000",1,1
"GO:0044346","fibroblast apoptotic process",11,0,1.46,"1.00000",1,1
"GO:0045022","early endosome to late endosome transport",23,0,3.04,"1.00000",1,1
"GO:0045161","neuronal ion channel clustering",14,0,1.85,"1.00000",1,1
"GO:0045163","clustering of voltage-gated potassium channels",10,0,1.32,"1.00000",1,1
"GO:0045176","apical protein localization",10,0,1.32,"1.00000",1,1
"GO:0045324","late endosome to vacuole transport",21,0,2.78,"1.00000",1,1
"GO:0045687","positive regulation of glial cell differentiation",17,0,2.25,"1.00000",1,1
"GO:0045762","positive regulation of adenylate cyclase activity",10,0,1.32,"1.00000",1,1
"GO:0045932","negative regulation of muscle contraction",11,0,1.46,"1.00000",1,1
"GO:0045947","negative regulation of translational initiation",16,0,2.12,"1.00000",1,1
"GO:0045948","positive regulation of translational initiation",11,0,1.46,"1.00000",1,1
"GO:0046058","cAMP metabolic process",10,0,1.32,"1.00000",1,1
"GO:0046068","cGMP metabolic process",19,0,2.51,"1.00000",1,1
"GO:0046337","phosphatidylethanolamine metabolic process",12,0,1.59,"1.00000",1,1
"GO:0046386","deoxyribose phosphate catabolic process",10,0,1.32,"1.00000",1,1
"GO:0046461","neutral lipid catabolic process",15,0,1.98,"1.00000",1,1
"GO:0046464","acylglycerol catabolic process",15,0,1.98,"1.00000",1,1
"GO:0046503","glycerolipid catabolic process",20,0,2.65,"1.00000",1,1
"GO:0046621","negative regulation of organ growth",13,0,1.72,"1.00000",1,1
"GO:0046653","tetrahydrofolate metabolic process",20,0,2.65,"1.00000",1,1
"GO:0046823","negative regulation of nucleocytoplasmic transport",10,0,1.32,"1.00000",1,1
"GO:0046831","regulation of RNA export from nucleus",11,0,1.46,"1.00000",1,1
"GO:0046854","phosphatidylinositol phosphate biosynthetic process",11,0,1.46,"1.00000",1,1
"GO:0048172","regulation of short-term neuronal synaptic plasticity",16,0,2.12,"1.00000",1,1
"GO:0048262","determination of dorsal/ventral asymmetry",12,0,1.59,"1.00000",1,1
"GO:0048311","mitochondrion distribution",12,0,1.59,"1.00000",1,1
"GO:0048312","intracellular distribution of mitochondria",10,0,1.32,"1.00000",1,1
"GO:0048364","root development",12,0,1.59,"1.00000",1,1
"GO:0048485","sympathetic nervous system development",11,0,1.46,"1.00000",1,1
"GO:0048710","regulation of astrocyte differentiation",12,0,1.59,"1.00000",1,1
"GO:0048745","smooth muscle tissue development",13,0,1.72,"1.00000",1,1
"GO:0048757","pigment granule maturation",10,0,1.32,"1.00000",1,1
"GO:0050685","positive regulation of mRNA processing",10,0,1.32,"1.00000",1,1
"GO:0050765","negative regulation of phagocytosis",12,0,1.59,"1.00000",1,1
"GO:0050850","positive regulation of calcium-mediated signaling",13,0,1.72,"1.00000",1,1
"GO:0051154","negative regulation of striated muscle cell differentiation",10,0,1.32,"1.00000",1,1
"GO:0051220","cytoplasmic sequestering of protein",15,0,1.98,"1.00000",1,1
"GO:0051349","positive regulation of lyase activity",12,0,1.59,"1.00000",1,1
"GO:0051350","negative regulation of lyase activity",18,0,2.38,"1.00000",1,1
"GO:0051353","positive regulation of oxidoreductase activity",11,0,1.46,"1.00000",1,1
"GO:0051568","histone H3-K4 methylation",29,0,3.84,"1.00000",1,1
"GO:0051569","regulation of histone H3-K4 methylation",11,0,1.46,"1.00000",1,1
"GO:0051570","regulation of histone H3-K9 methylation",10,0,1.32,"1.00000",1,1
"GO:0051693","actin filament capping",18,0,2.38,"1.00000",1,1
"GO:0051764","actin crosslink formation",10,0,1.32,"1.00000",1,1
"GO:0051923","sulfation",10,0,1.32,"1.00000",1,1
"GO:0051968","positive regulation of synaptic transmission, glutamatergic",16,0,2.12,"1.00000",1,1
"GO:0051974","negative regulation of telomerase activity",18,0,2.38,"1.00000",1,1
"GO:0055008","cardiac muscle tissue morphogenesis",34,0,4.5,"1.00000",1,1
"GO:0055010","ventricular cardiac muscle tissue morphogenesis",15,0,1.98,"1.00000",1,1
"GO:0060019","radial glial cell differentiation",14,0,1.85,"1.00000",1,1
"GO:0060292","long-term synaptic depression",10,0,1.32,"1.00000",1,1
"GO:0060317","cardiac epithelial to mesenchymal transition",11,0,1.46,"1.00000",1,1
"GO:0060563","neuroepithelial cell differentiation",10,0,1.32,"1.00000",1,1
"GO:0060896","neural plate pattern specification",11,0,1.46,"1.00000",1,1
"GO:0060897","neural plate regionalization",10,0,1.32,"1.00000",1,1
"GO:0061000","negative regulation of dendritic spine development",13,0,1.72,"1.00000",1,1
"GO:0061307","cardiac neural crest cell differentiation involved in heart development",11,0,1.46,"1.00000",1,1
"GO:0061311","cell surface receptor signaling pathway involved in heart development",16,0,2.12,"1.00000",1,1
"GO:0061724","lipophagy",12,0,1.59,"1.00000",1,1
"GO:0062125","regulation of mitochondrial gene expression",10,0,1.32,"1.00000",1,1
"GO:0062208","positive regulation of pattern recognition receptor signaling pathway",12,0,1.59,"1.00000",1,1
"GO:0070125","mitochondrial translational elongation",15,0,1.98,"1.00000",1,1
"GO:0070126","mitochondrial translational termination",15,0,1.98,"1.00000",1,1
"GO:0070129","regulation of mitochondrial translation",10,0,1.32,"1.00000",1,1
"GO:0070252","actin-mediated cell contraction",27,0,3.57,"1.00000",1,1
"GO:0070269","pyroptosis",13,0,1.72,"1.00000",1,1
"GO:0070339","response to bacterial lipopeptide",11,0,1.46,"1.00000",1,1
"GO:0071025","RNA surveillance",15,0,1.98,"1.00000",1,1
"GO:0071027","nuclear RNA surveillance",13,0,1.72,"1.00000",1,1
"GO:0071028","nuclear mRNA surveillance",10,0,1.32,"1.00000",1,1
"GO:0071168","protein localization to chromatin",14,0,1.85,"1.00000",1,1
"GO:0071220","cellular response to bacterial lipoprotein",11,0,1.46,"1.00000",1,1
"GO:0071221","cellular response to bacterial lipopeptide",11,0,1.46,"1.00000",1,1
"GO:0071555","cell wall organization",10,0,1.32,"1.00000",1,1
"GO:0071624","positive regulation of granulocyte chemotaxis",12,0,1.59,"1.00000",1,1
"GO:0071625","vocalization behavior",16,0,2.12,"1.00000",1,1
"GO:0071675","regulation of mononuclear cell migration",15,0,1.98,"1.00000",1,1
"GO:0071712","ER-associated misfolded protein catabolic process",11,0,1.46,"1.00000",1,1
"GO:0072014","proximal tubule development",10,0,1.32,"1.00000",1,1
"GO:0072658","maintenance of protein location in membrane",10,0,1.32,"1.00000",1,1
"GO:0072660","maintenance of protein location in plasma membrane",10,0,1.32,"1.00000",1,1
"GO:0085029","extracellular matrix assembly",14,0,1.85,"1.00000",1,1
"GO:0086001","cardiac muscle cell action potential",23,0,3.04,"1.00000",1,1
"GO:0086002","cardiac muscle cell action potential involved in contraction",10,0,1.32,"1.00000",1,1
"GO:0086003","cardiac muscle cell contraction",12,0,1.59,"1.00000",1,1
"GO:0086012","membrane depolarization during cardiac muscle cell action potential",15,0,1.98,"1.00000",1,1
"GO:0086065","cell communication involved in cardiac conduction",12,0,1.59,"1.00000",1,1
"GO:0090023","positive regulation of neutrophil chemotaxis",12,0,1.59,"1.00000",1,1
"GO:0090049","regulation of cell migration involved in sprouting angiogenesis",15,0,1.98,"1.00000",1,1
"GO:0090050","positive regulation of cell migration involved in sprouting angiogenesis",13,0,1.72,"1.00000",1,1
"GO:0090504","epiboly",11,0,1.46,"1.00000",1,1
"GO:0095500","acetylcholine receptor signaling pathway",12,0,1.59,"1.00000",1,1
"GO:0097421","liver regeneration",10,0,1.32,"1.00000",1,1
"GO:0097494","regulation of vesicle size",10,0,1.32,"1.00000",1,1
"GO:0097502","mannosylation",14,0,1.85,"1.00000",1,1
"GO:0097711","ciliary basal body-plasma membrane docking",24,0,3.18,"1.00000",1,1
"GO:0098534","centriole assembly",19,0,2.51,"1.00000",1,1
"GO:0098543","detection of other organism",23,0,3.04,"1.00000",1,1
"GO:0098581","detection of external biotic stimulus",24,0,3.18,"1.00000",1,1
"GO:0098596","imitative learning",11,0,1.46,"1.00000",1,1
"GO:0098597","observational learning",12,0,1.59,"1.00000",1,1
"GO:0098598","learned vocalization behavior or vocal learning",12,0,1.59,"1.00000",1,1
"GO:0098902","regulation of membrane depolarization during action potential",10,0,1.32,"1.00000",1,1
"GO:0098927","vesicle-mediated transport between endosomal compartments",24,0,3.18,"1.00000",1,1
"GO:0099072","regulation of postsynaptic membrane neurotransmitter receptor levels",11,0,1.46,"1.00000",1,1
"GO:0099402","plant organ development",15,0,1.98,"1.00000",1,1
"GO:0099563","modification of synaptic structure",11,0,1.46,"1.00000",1,1
"GO:0120316","sperm flagellum assembly",10,0,1.32,"1.00000",1,1
"GO:1900101","regulation of endoplasmic reticulum unfolded protein response",16,0,2.12,"1.00000",1,1
"GO:1900181","negative regulation of protein localization to nucleus",12,0,1.59,"1.00000",1,1
"GO:1900271","regulation of long-term synaptic potentiation",19,0,2.51,"1.00000",1,1
"GO:1900273","positive regulation of long-term synaptic potentiation",15,0,1.98,"1.00000",1,1
"GO:1900825","regulation of membrane depolarization during cardiac muscle cell action potential",10,0,1.32,"1.00000",1,1
"GO:1900827","positive regulation of membrane depolarization during cardiac muscle cell action potential",10,0,1.32,"1.00000",1,1
"GO:1902229","regulation of intrinsic apoptotic signaling pathway in response to DNA damage",10,0,1.32,"1.00000",1,1
"GO:1902259","regulation of delayed rectifier potassium channel activity",10,0,1.32,"1.00000",1,1
"GO:1902260","negative regulation of delayed rectifier potassium channel activity",10,0,1.32,"1.00000",1,1
"GO:1902307","positive regulation of sodium ion transmembrane transport",14,0,1.85,"1.00000",1,1
"GO:1902624","positive regulation of neutrophil migration",13,0,1.72,"1.00000",1,1
"GO:1902745","positive regulation of lamellipodium organization",12,0,1.59,"1.00000",1,1
"GO:1902751","positive regulation of cell cycle G2/M phase transition",11,0,1.46,"1.00000",1,1
"GO:1903421","regulation of synaptic vesicle recycling",11,0,1.46,"1.00000",1,1
"GO:1903779","regulation of cardiac conduction",13,0,1.72,"1.00000",1,1
"GO:1903817","negative regulation of voltage-gated potassium channel activity",11,0,1.46,"1.00000",1,1
"GO:1904355","positive regulation of telomere capping",11,0,1.46,"1.00000",1,1
"GO:1904357","negative regulation of telomere maintenance via telomere lengthening",28,0,3.7,"1.00000",1,1
"GO:1904502","regulation of lipophagy",12,0,1.59,"1.00000",1,1
"GO:1904504","positive regulation of lipophagy",12,0,1.59,"1.00000",1,1
"GO:1904666","regulation of ubiquitin protein ligase activity",10,0,1.32,"1.00000",1,1
"GO:1905144","response to acetylcholine",12,0,1.59,"1.00000",1,1
"GO:1905145","cellular response to acetylcholine",12,0,1.59,"1.00000",1,1
"GO:1905898","positive regulation of response to endoplasmic reticulum stress",14,0,1.85,"1.00000",1,1
"GO:2000042","negative regulation of double-strand break repair via homologous recombination",11,0,1.46,"1.00000",1,1
"GO:2000114","regulation of establishment of cell polarity",10,0,1.32,"1.00000",1,1
"GO:2000209","regulation of anoikis",10,0,1.32,"1.00000",1,1
"GO:2000232","regulation of rRNA processing",11,0,1.46,"1.00000",1,1
"GO:2000651","positive regulation of sodium ion transmembrane transporter activity",13,0,1.72,"1.00000",1,1
"GO:2001244","positive regulation of intrinsic apoptotic signaling pathway",13,0,1.72,"1.00000",1,1
