"GO.ID","Term","Annotated","Significant","Expected","classic","classic_p","FDR"
"GO:0015074","DNA integration",628,138,52.14,"9.6e-28",9.6e-28,4.86912e-24
"GO:0006259","DNA metabolic process",1401,203,116.32,"1.2e-16",1.2e-16,3.0432e-13
"GO:0090304","nucleic acid metabolic process",3851,405,319.72,"2.8e-09",2.8e-09,4.73386666666667e-06
"GO:0006139","nucleobase-containing compound metabolic process",4176,430,346.7,"1.1e-08",1.1e-08,1.31872e-05
"GO:0006310","DNA recombination",552,85,45.83,"1.3e-08",1.3e-08,1.31872e-05
"GO:0046483","heterocycle metabolic process",4319,441,358.58,"2.0e-08",2e-08,1.36944e-05
"GO:0006725","cellular aromatic compound metabolic process",4355,444,361.57,"2.1e-08",2.1e-08,1.36944e-05
"GO:0044419","biological process involved in interspecies interaction between organisms",978,130,81.2,"2.4e-08",2.4e-08,1.36944e-05
"GO:0002221","pattern recognition receptor signaling pathway",189,40,15.69,"2.6e-08",2.6e-08,1.36944e-05
"GO:0002758","innate immune response-activating signaling pathway",204,42,16.94,"2.7e-08",2.7e-08,1.36944e-05
"GO:0045088","regulation of innate immune response",292,53,24.24,"4.0e-08",4e-08,1.84436363636364e-05
"GO:0002218","activation of innate immune response",234,45,19.43,"7.4e-08",7.4e-08,3.12773333333333e-05
"GO:0044403","biological process involved in symbiotic interaction",170,36,14.11,"1.3e-07",1.3e-07,4.70971428571429e-05
"GO:0045089","positive regulation of innate immune response",246,46,20.42,"1.3e-07",1.3e-07,4.70971428571429e-05
"GO:0002753","cytosolic pattern recognition receptor signaling pathway",142,32,11.79,"1.4e-07",1.4e-07,4.73386666666667e-05
"GO:0051701","biological process involved in interaction with host",145,32,12.04,"2.3e-07",2.3e-07,7.291e-05
"GO:0002833","positive regulation of response to biotic stimulus",277,49,23,"2.9e-07",2.9e-07,8.45333333333333e-05
"GO:1901360","organic cyclic compound metabolic process",4511,450,374.52,"3.0e-07",3e-07,8.45333333333333e-05
"GO:0002831","regulation of response to biotic stimulus",336,56,27.9,"3.3e-07",3.3e-07,8.80926315789474e-05
"GO:0002253","activation of immune response",334,55,27.73,"6.2e-07",6.2e-07,0.000157232
"GO:0044826","viral genome integration into host DNA",96,24,7.97,"6.9e-07",6.9e-07,0.000166651428571429
"GO:0044000","movement in host",117,27,9.71,"8.0e-07",8e-07,0.000172448
"GO:0019042","viral latency",97,24,8.05,"8.5e-07",8.5e-07,0.000172448
"GO:0019043","establishment of viral latency",97,24,8.05,"8.5e-07",8.5e-07,0.000172448
"GO:0075713","establishment of integrated proviral latency",97,24,8.05,"8.5e-07",8.5e-07,0.000172448
"GO:0034641","cellular nitrogen compound metabolic process",4573,451,379.66,"1.3e-06",1.3e-06,0.000235485714285714
"GO:0032103","positive regulation of response to external stimulus",359,57,29.81,"1.3e-06",1.3e-06,0.000235485714285714
"GO:0046718","viral entry into host cell",113,26,9.38,"1.3e-06",1.3e-06,0.000235485714285714
"GO:0031349","positive regulation of defense response",275,47,22.83,"1.4e-06",1.4e-06,0.000244855172413793
"GO:0007249","canonical NF-kappaB signal transduction",227,41,18.85,"1.6e-06",1.6e-06,0.00026178064516129
"GO:0044409","entry into host",114,26,9.46,"1.6e-06",1.6e-06,0.00026178064516129
"GO:0001818","negative regulation of cytokine production",151,31,12.54,"1.9e-06",1.9e-06,0.00030115
"GO:0045087","innate immune response",483,70,40.1,"2.6e-06",2.6e-06,0.000399612121212121
"GO:0032101","regulation of response to external stimulus",557,78,46.24,"2.7e-06",2.7e-06,0.000402776470588235
"GO:0019058","viral life cycle",185,35,15.36,"3.0e-06",3e-06,0.000434742857142857
"GO:0030522","intracellular receptor signaling pathway",217,39,18.02,"3.2e-06",3.2e-06,0.00043865945945946
"GO:0043122","regulation of canonical NF-kappaB signal transduction",209,38,17.35,"3.2e-06",3.2e-06,0.00043865945945946
"GO:0002534","cytokine production involved in inflammatory response",85,21,7.06,"4.2e-06",4.2e-06,0.000484145454545454
"GO:0044546","NLRP3 inflammasome complex assembly",85,21,7.06,"4.2e-06",4.2e-06,0.000484145454545454
"GO:0140632","canonical inflammasome complex assembly",85,21,7.06,"4.2e-06",4.2e-06,0.000484145454545454
"GO:0141084","inflammasome-mediated signaling pathway",85,21,7.06,"4.2e-06",4.2e-06,0.000484145454545454
"GO:0141085","regulation of inflammasome-mediated signaling pathway",85,21,7.06,"4.2e-06",4.2e-06,0.000484145454545454
"GO:1900015","regulation of cytokine production involved in inflammatory response",85,21,7.06,"4.2e-06",4.2e-06,0.000484145454545454
"GO:1900225","regulation of NLRP3 inflammasome complex assembly",85,21,7.06,"4.2e-06",4.2e-06,0.000484145454545454
"GO:0031347","regulation of defense response",384,58,31.88,"5.3e-06",5.3e-06,0.000597368888888889
"GO:1901222","regulation of non-canonical NF-kappaB signal transduction",101,23,8.39,"6.5e-06",6.5e-06,0.000716695652173913
"GO:0032687","negative regulation of interferon-alpha production",81,20,6.72,"7.1e-06",7.1e-06,0.000766195744680851
"GO:0039531","regulation of viral-induced cytoplasmic pattern recognition receptor signaling pathway",102,23,8.47,"7.8e-06",7.8e-06,0.000807379591836735
"GO:0043124","negative regulation of canonical NF-kappaB signal transduction",102,23,8.47,"7.8e-06",7.8e-06,0.000807379591836735
"GO:0002757","immune response-activating signaling pathway",277,45,23,"9.3e-06",9.3e-06,0.000943392
"GO:0002764","immune response-regulating signaling pathway",278,45,23.08,"1.0e-05",1e-05,0.000994509803921569
"GO:0032607","interferon-alpha production",84,20,6.97,"1.3e-05",1.3e-05,0.00119883636363636
"GO:0032647","regulation of interferon-alpha production",84,20,6.97,"1.3e-05",1.3e-05,0.00119883636363636
"GO:0032688","negative regulation of interferon-beta production",84,20,6.97,"1.3e-05",1.3e-05,0.00119883636363636
"GO:0039532","negative regulation of viral-induced cytoplasmic pattern recognition receptor signaling pathway",91,21,7.56,"1.3e-05",1.3e-05,0.00119883636363636
"GO:0141086","negative regulation of inflammasome-mediated signaling pathway",79,19,6.56,"1.8e-05",1.8e-05,0.00160168421052632
"GO:1900226","negative regulation of NLRP3 inflammasome complex assembly",79,19,6.56,"1.8e-05",1.8e-05,0.00160168421052632
"GO:0032480","negative regulation of type I interferon production",93,21,7.72,"1.9e-05",1.9e-05,0.00163335593220339
"GO:0050687","negative regulation of defense response to virus",93,21,7.72,"1.9e-05",1.9e-05,0.00163335593220339
"GO:1900016","negative regulation of cytokine production involved in inflammatory response",80,19,6.64,"2.2e-05",2.2e-05,0.00185973333333333
"GO:0002532","production of molecular mediator involved in inflammatory response",102,22,8.47,"2.6e-05",2.6e-05,0.00207490909090909
"GO:0032720","negative regulation of tumor necrosis factor production",102,22,8.47,"2.6e-05",2.6e-05,0.00207490909090909
"GO:1903556","negative regulation of tumor necrosis factor superfamily cytokine production",102,22,8.47,"2.6e-05",2.6e-05,0.00207490909090909
"GO:0032715","negative regulation of interleukin-6 production",88,20,7.31,"2.7e-05",2.7e-05,0.00207490909090909
"GO:0050728","negative regulation of inflammatory response",117,24,9.71,"2.7e-05",2.7e-05,0.00207490909090909
"GO:0062207","regulation of pattern recognition receptor signaling pathway",117,24,9.71,"2.7e-05",2.7e-05,0.00207490909090909
"GO:0032196","transposition",148,28,12.29,"2.9e-05",2.9e-05,0.00219534328358209
"GO:1901223","negative regulation of non-canonical NF-kappaB signal transduction",83,19,6.89,"3.8e-05",3.8e-05,0.00283435294117647
"GO:0006955","immune response",788,97,65.42,"4.3e-05",4.3e-05,0.0031608115942029
"GO:0050778","positive regulation of immune response",413,58,34.29,"4.8e-05",4.8e-05,0.00347794285714286
"GO:0032648","regulation of interferon-beta production",100,21,8.3,"5.9e-05",5.9e-05,0.00421476056338028
"GO:0050727","regulation of inflammatory response",170,30,14.11,"6.0e-05",6e-05,0.00422666666666667
"GO:0080134","regulation of response to stress",706,88,58.61,"6.3e-05",6.3e-05,0.00437720547945205
"GO:0032088","negative regulation of NF-kappaB transcription factor activity",108,22,8.97,"6.4e-05",6.4e-05,0.00438659459459459
"GO:0098542","defense response to other organism",618,79,51.31,"6.5e-05",6.5e-05,0.00439573333333333
"GO:0032608","interferon-beta production",101,21,8.39,"6.9e-05",6.9e-05,0.00454503896103896
"GO:0050776","regulation of immune response",456,62,37.86,"6.9e-05",6.9e-05,0.00454503896103896
"GO:0032680","regulation of tumor necrosis factor production",109,22,9.05,"7.4e-05",7.4e-05,0.00475098734177215
"GO:1903555","regulation of tumor necrosis factor superfamily cytokine production",109,22,9.05,"7.4e-05",7.4e-05,0.00475098734177215
"GO:0006954","inflammatory response",338,49,28.06,"8.2e-05",8.2e-05,0.0051988
"GO:0032640","tumor necrosis factor production",110,22,9.13,"8.6e-05",8.6e-05,0.00531941463414634
"GO:0071706","tumor necrosis factor superfamily cytokine production",110,22,9.13,"8.6e-05",8.6e-05,0.00531941463414634
"GO:0006952","defense response",793,96,65.84,"9.0e-05",9e-05,0.00549975903614458
"GO:0006968","cellular defense response",30,10,2.49,"9.6e-05",9.6e-05,0.00579657142857143
"GO:0045824","negative regulation of innate immune response",96,20,7.97,"9.8e-05",9.8e-05,0.00584771764705882
"GO:0001817","regulation of cytokine production",279,42,23.16,"0.00011",0.00011,0.00641287356321839
"GO:0002684","positive regulation of immune system process",521,68,43.26,"0.00011",0.00011,0.00641287356321839
"GO:0031333","negative regulation of protein-containing complex assembly",128,24,10.63,"0.00012",0.00012,0.00691636363636364
"GO:0075733","intracellular transport of virus",69,16,5.73,"0.00013",0.00013,0.0074085393258427
"GO:0002682","regulation of immune system process",664,82,55.13,"0.00015",0.00015,0.00836043956043956
"GO:0046794","transport of virus",70,16,5.81,"0.00015",0.00015,0.00836043956043956
"GO:0038061","non-canonical NF-kappaB signal transduction",163,28,13.53,"0.00017",0.00017,0.00937217391304348
"GO:0048147","negative regulation of fibroblast proliferation",93,19,7.72,"0.00019",0.00019,0.0103621505376344
"GO:0050777","negative regulation of immune response",124,23,10.29,"0.00020",2e-04,0.0107914893617021
"GO:0043207","response to external biotic stimulus",801,95,66.5,"0.00021",0.00021,0.011095
"GO:0051707","response to other organism",801,95,66.5,"0.00021",0.00021,0.011095
"GO:0050688","regulation of defense response to virus",117,22,9.71,"0.00022",0.00022,0.0115035051546392
"GO:0009607","response to biotic stimulus",834,98,69.24,"0.00023",0.00023,0.0119036734693878
"GO:0002832","negative regulation of response to biotic stimulus",111,21,9.22,"0.00028",0.00028,0.0143450505050505
"GO:0075732","viral penetration into host nucleus",67,15,5.56,"0.00031",0.00031,0.0157232
"GO:0032479","regulation of type I interferon production",128,23,10.63,"0.00032",0.00032,0.0159121568627451
"GO:0032606","type I interferon production",128,23,10.63,"0.00032",0.00032,0.0159121568627451
"GO:0001816","cytokine production",294,42,24.41,"0.00036",0.00036,0.0177273786407767
"GO:0001868","regulation of complement activation, lectin pathway",18,7,1.49,"0.00037",0.00037,0.0178727619047619
"GO:0010185","regulation of cellular defense response",18,7,1.49,"0.00037",0.00037,0.0178727619047619
"GO:0043170","macromolecule metabolic process",6429,586,533.76,"0.00041",0.00041,0.0196181132075472
"GO:0031348","negative regulation of defense response",147,25,12.2,"0.00043",0.00043,0.0201940740740741
"GO:0043433","negative regulation of DNA-binding transcription factor activity",147,25,12.2,"0.00043",0.00043,0.0201940740740741
"GO:0032635","interleukin-6 production",107,20,8.88,"0.00045",0.00045,0.0207490909090909
"GO:0032675","regulation of interleukin-6 production",107,20,8.88,"0.00045",0.00045,0.0207490909090909
"GO:0035278","miRNA-mediated gene silencing by inhibition of translation",57,13,4.73,"0.00064",0.00064,0.029243963963964
"GO:0002755","MyD88-dependent toll-like receptor signaling pathway",31,9,2.57,"0.00068",0.00068,0.0307942857142857
"GO:0016032","viral process",277,39,23,"0.00076",0.00076,0.0338133333333333
"GO:0010172","embryonic body morphogenesis",51,12,4.23,"0.00076",0.00076,0.0338133333333333
"GO:0002376","immune system process",1170,126,97.14,"0.00112",0.00112,0.0493968695652174
"GO:0010629","negative regulation of gene expression",628,74,52.14,"0.00123",0.00123,0.0537806896551724
"GO:0043254","regulation of protein-containing complex assembly",248,35,20.59,"0.00132",0.00132,0.0572225641025641
"GO:0001867","complement activation, lectin pathway",22,7,1.83,"0.00149",0.00149,0.0635065546218487
"GO:0030449","regulation of complement activation",22,7,1.83,"0.00149",0.00149,0.0635065546218487
"GO:0072089","stem cell proliferation",85,16,7.06,"0.00151",0.00151,0.0638226666666667
"GO:0009617","response to bacterium",364,47,30.22,"0.00155",0.00155,0.0649719008264463
"GO:0044237","cellular metabolic process",6966,624,578.34,"0.00165",0.00165,0.0685967213114754
"GO:0050678","regulation of epithelial cell proliferation",262,36,21.75,"0.00183",0.00183,0.0754614634146341
"GO:0071724","response to diacyl bacterial lipopeptide",12,5,1,"0.00189",0.00189,0.07668864
"GO:0071726","cellular response to diacyl bacterial lipopeptide",12,5,1,"0.00189",0.00189,0.07668864
"GO:0048679","regulation of axon regeneration",23,7,1.91,"0.00200",0.002,0.0798740157480315
"GO:0070570","regulation of neuron projection regeneration",23,7,1.91,"0.00200",0.002,0.0798740157480315
"GO:0032102","negative regulation of response to external stimulus",209,30,17.35,"0.00218",0.00218,0.0857128682170543
"GO:0010586","miRNA metabolic process",96,17,7.97,"0.00218",0.00218,0.0857128682170543
"GO:0044068","modulation by symbiont of host cellular process",30,8,2.49,"0.00246",0.00246,0.0959778461538462
"GO:0032691","negative regulation of interleukin-1 beta production",24,7,1.99,"0.00262",0.00262,0.100671515151515
"GO:0032692","negative regulation of interleukin-1 production",24,7,1.99,"0.00262",0.00262,0.100671515151515
"GO:0014003","oligodendrocyte development",37,9,3.07,"0.00268",0.00268,0.102202706766917
"GO:0051090","regulation of DNA-binding transcription factor activity",307,40,25.49,"0.00285",0.00285,0.107874626865672
"GO:0006807","nitrogen compound metabolic process",6928,618,575.18,"0.00298",0.00298,0.111959703703704
"GO:0022010","central nervous system myelination",25,7,2.08,"0.00338",0.00338,0.12513401459854
"GO:0032291","axon ensheathment in central nervous system",25,7,2.08,"0.00338",0.00338,0.12513401459854
"GO:0035195","miRNA-mediated post-transcriptional gene silencing",84,15,6.97,"0.00356",0.00356,0.130842898550725
"GO:0032528","microvillus organization",14,5,1.16,"0.00414",0.00414,0.147194405594406
"GO:0070339","response to bacterial lipopeptide",14,5,1.16,"0.00414",0.00414,0.147194405594406
"GO:0071220","cellular response to bacterial lipoprotein",14,5,1.16,"0.00414",0.00414,0.147194405594406
"GO:0071221","cellular response to bacterial lipopeptide",14,5,1.16,"0.00414",0.00414,0.147194405594406
"GO:0044238","primary metabolic process",7351,651,610.3,"0.00415",0.00415,0.147194405594406
"GO:0016567","protein ubiquitination",627,71,52.06,"0.00421",0.00421,0.148285555555556
"GO:0002683","negative regulation of immune system process",210,29,17.43,"0.00451",0.00451,0.157756689655172
"GO:0019054","modulation by virus of host cellular process",27,7,2.24,"0.00540",0.0054,0.18381744966443
"GO:0031146","SCF-dependent proteasomal ubiquitin-dependent protein catabolic process",27,7,2.24,"0.00540",0.0054,0.18381744966443
"GO:0032611","interleukin-1 beta production",27,7,2.24,"0.00540",0.0054,0.18381744966443
"GO:0032651","regulation of interleukin-1 beta production",27,7,2.24,"0.00540",0.0054,0.18381744966443
"GO:0035194","regulatory ncRNA-mediated post-transcriptional gene silencing",88,15,7.31,"0.00559",0.00559,0.189016533333333
"GO:0032446","protein modification by small protein conjugation",656,73,54.46,"0.00572",0.00572,0.192131390728477
"GO:0060964","regulation of miRNA-mediated gene silencing",64,12,5.31,"0.00582",0.00582,0.194204210526316
"GO:0032695","negative regulation of interleukin-12 production",21,6,1.74,"0.00591",0.00591,0.194646233766234
"GO:0036296","response to increased oxygen levels",21,6,1.74,"0.00591",0.00591,0.194646233766234
"GO:0002224","toll-like receptor signaling pathway",49,10,4.07,"0.00618",0.00618,0.202225548387097
"GO:0048145","regulation of fibroblast proliferation",124,19,10.29,"0.00658",0.00658,0.210755776397516
"GO:0035872","nucleotide-binding domain, leucine rich repeat containing receptor signaling pathway",10,4,0.83,"0.00660",0.0066,0.210755776397516
"GO:0050680","negative regulation of epithelial cell proliferation",151,22,12.54,"0.00668",0.00668,0.210755776397516
"GO:0031103","axon regeneration",28,7,2.32,"0.00669",0.00669,0.210755776397516
"GO:0032612","interleukin-1 production",28,7,2.32,"0.00669",0.00669,0.210755776397516
"GO:0032652","regulation of interleukin-1 production",28,7,2.32,"0.00669",0.00669,0.210755776397516
"GO:0044003","modulation by symbiont of host process",35,8,2.91,"0.00683",0.00683,0.213838024691358
"GO:0048144","fibroblast proliferation",125,19,10.38,"0.00717",0.00717,0.223105766871166
"GO:0140895","cell surface toll-like receptor signaling pathway",22,6,1.83,"0.00756",0.00756,0.233806829268293
"GO:0061351","neural precursor cell proliferation",153,22,12.7,"0.00779",0.00779,0.238718083832335
"GO:0032493","response to bacterial lipoprotein",16,5,1.33,"0.00786",0.00786,0.238718083832335
"GO:0034134","toll-like receptor 2 signaling pathway",16,5,1.33,"0.00786",0.00786,0.238718083832335
"GO:0050673","epithelial cell proliferation",297,37,24.66,"0.00827",0.00827,0.245591578947368
"GO:0032197","retrotransposition",75,13,6.23,"0.00828",0.00828,0.245591578947368
"GO:0060966","regulation of gene silencing by regulatory ncRNA",75,13,6.23,"0.00828",0.00828,0.245591578947368
"GO:1900368","regulation of post-transcriptional gene silencing by regulatory ncRNA",75,13,6.23,"0.00828",0.00828,0.245591578947368
"GO:0010558","negative regulation of macromolecule biosynthetic process",1057,109,87.76,"0.00920",0.0092,0.270897572254335
"GO:0045321","leukocyte activation",430,50,35.7,"0.00924",0.00924,0.270897572254335
"GO:0032655","regulation of interleukin-12 production",23,6,1.91,"0.00953",0.00953,0.276395505617978
"GO:0006313","DNA transposition",60,11,4.98,"0.00961",0.00961,0.276395505617978
"GO:0140894","endolysosomal toll-like receptor signaling pathway",37,8,3.07,"0.00967",0.00967,0.276395505617978
"GO:0032703","negative regulation of interleukin-2 production",11,4,0.91,"0.00970",0.0097,0.276395505617978
"GO:0045652","regulation of megakaryocyte differentiation",11,4,0.91,"0.00970",0.0097,0.276395505617978
"GO:0031102","neuron projection regeneration",30,7,2.49,"0.00995",0.00995,0.281935195530726
"GO:0016441","post-transcriptional gene silencing",94,15,7.8,"0.01030",0.0103,0.290231111111111
"GO:0039657","suppression by virus of host gene expression",17,5,1.41,"0.01038",0.01038,0.290869392265193
"GO:0060026","convergent extension",61,11,5.06,"0.01088",0.01088,0.303205274725275
"GO:0060541","respiratory system development",186,25,15.44,"0.01112",0.01112,0.308200218579235
"GO:0032615","interleukin-12 production",24,6,1.99,"0.01183",0.01183,0.32609652173913
"GO:0006956","complement activation",31,7,2.57,"0.01195",0.01195,0.327623783783784
"GO:0002220","innate immune response activating cell surface receptor signaling pathway",46,9,3.82,"0.01212",0.01212,0.330498064516129
"GO:2000177","regulation of neural precursor cell proliferation",105,16,8.72,"0.01265",0.01265,0.343105882352941
"GO:0051865","protein autoubiquitination",114,17,9.46,"0.01275",0.01275,0.343978723404255
"GO:0055093","response to hyperoxia",18,5,1.49,"0.01341",0.01341,0.359870476190476
"GO:0071688","striated muscle myosin thick filament assembly",12,4,1,"0.01361",0.01361,0.363315368421053
"GO:0001775","cell activation",471,53,39.1,"0.01387",0.01387,0.368317486910995
"GO:0019048","modulation by virus of host process",32,7,2.66,"0.01423",0.01423,0.375909166666667
"GO:0006891","intra-Golgi vesicle-mediated transport",25,6,2.08,"0.01450",0.0145,0.378709333333333
"GO:0035335","peptidyl-tyrosine dephosphorylation",25,6,2.08,"0.01450",0.0145,0.378709333333333
"GO:0002275","myeloid cell activation involved in immune response",89,14,7.39,"0.01456",0.01456,0.378709333333333
"GO:0031327","negative regulation of cellular biosynthetic process",1075,109,89.25,"0.01474",0.01474,0.381435102040816
"GO:0043123","positive regulation of canonical NF-kappaB signal transduction",107,16,8.88,"0.01500",0.015,0.386192893401015
"GO:0006950","response to stress",2384,225,197.93,"0.01520",0.0152,0.389365656565657
"GO:0060147","regulation of post-transcriptional gene silencing",81,13,6.72,"0.01552",0.01552,0.395565025125628
"GO:0071704","organic substance metabolic process",7823,682,649.49,"0.01636",0.01636,0.4148896
"GO:0034162","toll-like receptor 9 signaling pathway",33,7,2.74,"0.01680",0.0168,0.423928358208955
"GO:0039656","modulation by virus of host gene expression",19,5,1.58,"0.01699",0.01699,0.424407058823529
"GO:0048496","maintenance of animal organ identity",19,5,1.58,"0.01699",0.01699,0.424407058823529
"GO:0009605","response to external stimulus",1549,151,128.6,"0.01707",0.01707,0.424407058823529
"GO:0009890","negative regulation of biosynthetic process",1082,109,89.83,"0.01753",0.01753,0.433717853658537
"GO:0048681","negative regulation of axon regeneration",13,4,1.08,"0.01839",0.01839,0.448433076923077
"GO:0070571","negative regulation of neuron projection regeneration",13,4,1.08,"0.01839",0.01839,0.448433076923077
"GO:2000001","regulation of DNA damage checkpoint",13,4,1.08,"0.01839",0.01839,0.448433076923077
"GO:0051607","defense response to virus",185,24,15.36,"0.01894",0.01894,0.457446095238095
"GO:0140546","defense response to symbiont",185,24,15.36,"0.01894",0.01894,0.457446095238095
"GO:0031396","regulation of protein ubiquitination",138,19,11.46,"0.01962",0.01962,0.468624225352113
"GO:0003146","heart jogging",34,7,2.82,"0.01968",0.01968,0.468624225352113
"GO:0050805","negative regulation of synaptic transmission",34,7,2.82,"0.01968",0.01968,0.468624225352113
"GO:0017148","negative regulation of translation",157,21,13.03,"0.01981",0.01981,0.469515514018692
"GO:0021915","neural tube development",196,25,16.27,"0.02044",0.02044,0.48137037037037
"GO:0030011","maintenance of cell polarity",42,8,3.49,"0.02050",0.0205,0.48137037037037
"GO:0002752","cell surface pattern recognition receptor signaling pathway",27,6,2.24,"0.02103",0.02103,0.489285137614679
"GO:0070121","Kupffer's vesicle development",27,6,2.24,"0.02103",0.02103,0.489285137614679
"GO:0001562","response to protozoan",14,4,1.16,"0.02408",0.02408,0.547685022421525
"GO:0030219","megakaryocyte differentiation",14,4,1.16,"0.02408",0.02408,0.547685022421525
"GO:0042832","defense response to protozoan",14,4,1.16,"0.02408",0.02408,0.547685022421525
"GO:0071909","determination of stomach left/right asymmetry",14,4,1.16,"0.02408",0.02408,0.547685022421525
"GO:0090698","post-embryonic plant morphogenesis",14,4,1.16,"0.02408",0.02408,0.547685022421525
"GO:0003143","embryonic heart tube morphogenesis",95,14,7.89,"0.02464",0.02464,0.55792
"GO:0021846","cell proliferation in forebrain",21,5,1.74,"0.02590",0.0259,0.576161403508772
"GO:0021955","central nervous system neuron axonogenesis",21,5,1.74,"0.02590",0.0259,0.576161403508772
"GO:0048286","lung alveolus development",21,5,1.74,"0.02590",0.0259,0.576161403508772
"GO:0070664","negative regulation of leukocyte proliferation",21,5,1.74,"0.02590",0.0259,0.576161403508772
"GO:0045199","maintenance of epithelial cell apical/basal polarity",36,7,2.99,"0.02645",0.02645,0.585827074235808
"GO:0036230","granulocyte activation",79,12,6.56,"0.02906",0.02906,0.640836173913043
"GO:0048678","response to axon injury",45,8,3.74,"0.03008",0.03008,0.658518174273859
"GO:0035090","maintenance of apical/basal cell polarity",37,7,3.07,"0.03036",0.03036,0.658518174273859
"GO:0031034","myosin filament assembly",15,4,1.25,"0.03073",0.03073,0.658518174273859
"GO:0050765","negative regulation of phagocytosis",15,4,1.25,"0.03073",0.03073,0.658518174273859
"GO:0062094","stomach development",15,4,1.25,"0.03073",0.03073,0.658518174273859
"GO:0071908","determination of intestine left/right asymmetry",15,4,1.25,"0.03073",0.03073,0.658518174273859
"GO:0042742","defense response to bacterium",145,19,12.04,"0.03112",0.03112,0.658518174273859
"GO:0035050","embryonic heart tube development",98,14,8.14,"0.03129",0.03129,0.658518174273859
"GO:0002066","columnar/cuboidal epithelial cell development",22,5,1.83,"0.03129",0.03129,0.658518174273859
"GO:0033623","regulation of integrin activation",22,5,1.83,"0.03129",0.03129,0.658518174273859
"GO:0044806","G-quadruplex DNA unwinding",22,5,1.83,"0.03129",0.03129,0.658518174273859
"GO:0021782","glial cell development",89,13,7.39,"0.03164",0.03164,0.663132561983471
"GO:1903320","regulation of protein modification by small protein conjugation or removal",155,20,12.87,"0.03179",0.03179,0.663534485596708
"GO:0034249","negative regulation of amide metabolic process",165,21,13.7,"0.03232",0.03232,0.671832131147541
"GO:0030324","lung development",108,15,8.97,"0.03306",0.03306,0.682452032520325
"GO:0044344","cellular response to fibroblast growth factor stimulus",146,19,12.12,"0.03310",0.0331,0.682452032520325
"GO:0042110","T cell activation",246,29,20.42,"0.03449",0.03449,0.708231902834008
"GO:0043009","chordate embryonic development",455,49,37.78,"0.03527",0.03527,0.721328387096774
"GO:0010605","negative regulation of macromolecule metabolic process",1316,127,109.26,"0.03631",0.03631,0.739615742971888
"GO:0008543","fibroblast growth factor receptor signaling pathway",138,18,11.46,"0.03663",0.03663,0.742699921568627
"GO:0009792","embryo development ending in birth or egg hatching",499,53,41.43,"0.03681",0.03681,0.742699921568627
"GO:0031324","negative regulation of cellular metabolic process",1317,127,109.34,"0.03703",0.03703,0.742699921568627
"GO:0010171","body morphogenesis",91,13,7.56,"0.03708",0.03708,0.742699921568627
"GO:0070647","protein modification by small protein conjugation or removal",760,77,63.1,"0.03728",0.03728,0.742699921568627
"GO:0019068","virion assembly",23,5,1.91,"0.03734",0.03734,0.742699921568627
"GO:0030968","endoplasmic reticulum unfolded protein response",82,12,6.81,"0.03751",0.03751,0.743166875
"GO:0002021","response to dietary excess",16,4,1.33,"0.03836",0.03836,0.748315076923077
"GO:0035469","determination of pancreatic left/right asymmetry",16,4,1.33,"0.03836",0.03836,0.748315076923077
"GO:0043984","histone H4-K16 acetylation",16,4,1.33,"0.03836",0.03836,0.748315076923077
"GO:0044060","regulation of endocrine process",16,4,1.33,"0.03836",0.03836,0.748315076923077
"GO:0008152","metabolic process",8147,703,676.39,"0.03863",0.03863,0.750694865900383
"GO:0051241","negative regulation of multicellular organismal process",544,57,45.16,"0.03914",0.03914,0.755014448669201
"GO:0061371","determination of heart left/right asymmetry",101,14,8.39,"0.03915",0.03915,0.755014448669201
"GO:0001938","positive regulation of endothelial cell proliferation",57,9,4.73,"0.04398",0.04398,0.821330802919708
"GO:0007096","regulation of exit from mitosis",10,3,0.83,"0.04400",0.044,0.821330802919708
"GO:0031440","regulation of mRNA 3'-end processing",10,3,0.83,"0.04400",0.044,0.821330802919708
"GO:0033015","tetrapyrrole catabolic process",10,3,0.83,"0.04400",0.044,0.821330802919708
"GO:0055062","phosphate ion homeostasis",10,3,0.83,"0.04400",0.044,0.821330802919708
"GO:0060135","maternal process involved in female pregnancy",10,3,0.83,"0.04400",0.044,0.821330802919708
"GO:1904666","regulation of ubiquitin protein ligase activity",10,3,0.83,"0.04400",0.044,0.821330802919708
"GO:1904886","beta-catenin destruction complex disassembly",10,3,0.83,"0.04400",0.044,0.821330802919708
"GO:0000731","DNA synthesis involved in DNA repair",40,7,3.32,"0.04437",0.04437,0.821330802919708
"GO:0048793","pronephros development",40,7,3.32,"0.04437",0.04437,0.821330802919708
"GO:0060997","dendritic spine morphogenesis",40,7,3.32,"0.04437",0.04437,0.821330802919708
"GO:1903034","regulation of response to wounding",66,10,5.48,"0.04461",0.04461,0.822770618181818
"GO:0006817","phosphate ion transport",17,4,1.41,"0.04697",0.04697,0.846052765957447
"GO:0019227","neuronal action potential propagation",17,4,1.41,"0.04697",0.04697,0.846052765957447
"GO:0021952","central nervous system projection neuron axonogenesis",17,4,1.41,"0.04697",0.04697,0.846052765957447
"GO:0071907","determination of digestive tract left/right asymmetry",17,4,1.41,"0.04697",0.04697,0.846052765957447
"GO:0071910","determination of liver left/right asymmetry",17,4,1.41,"0.04697",0.04697,0.846052765957447
"GO:0098870","action potential propagation",17,4,1.41,"0.04697",0.04697,0.846052765957447
"GO:0044092","negative regulation of molecular function",507,53,42.09,"0.04704",0.04704,0.846052765957447
"GO:0002252","immune effector process",285,32,23.66,"0.04887",0.04887,0.875860918727915
"GO:0006888","endoplasmic reticulum to Golgi vesicle-mediated transport",143,18,11.87,"0.04931",0.04931,0.880634929577465
"GO:0014029","neural crest formation",41,7,3.4,"0.04983",0.04983,0.886799157894737
"GO:0060429","epithelium development",818,81,67.91,"0.05212",0.05212,0.924231111111111
"GO:0001936","regulation of endothelial cell proliferation",77,11,6.39,"0.05238",0.05238,0.924231111111111
"GO:0007368","determination of left/right symmetry",154,19,12.79,"0.05248",0.05248,0.924231111111111
"GO:0060996","dendritic spine development",68,10,5.65,"0.05305",0.05305,0.928350896551724
"GO:0048709","oligodendrocyte differentiation",59,9,4.9,"0.05308",0.05308,0.928350896551724
"GO:0009408","response to heat",96,13,7.97,"0.05353",0.05353,0.933003986254295
"GO:0001935","endothelial cell proliferation",87,12,7.22,"0.05520",0.0552,0.954946754966887
"GO:0034620","cellular response to unfolded protein",87,12,7.22,"0.05520",0.0552,0.954946754966887
"GO:0031290","retinal ganglion cell axon guidance",18,4,1.49,"0.05656",0.05656,0.954946754966887
"GO:0006610","ribosomal protein import into nucleus",11,3,0.91,"0.05686",0.05686,0.954946754966887
"GO:0007619","courtship behavior",11,3,0.91,"0.05686",0.05686,0.954946754966887
"GO:0014866","skeletal myofibril assembly",11,3,0.91,"0.05686",0.05686,0.954946754966887
"GO:0022038","corpus callosum development",11,3,0.91,"0.05686",0.05686,0.954946754966887
"GO:0030241","skeletal muscle myosin thick filament assembly",11,3,0.91,"0.05686",0.05686,0.954946754966887
"GO:0060292","long-term synaptic depression",11,3,0.91,"0.05686",0.05686,0.954946754966887
"GO:0060542","regulation of strand invasion",11,3,0.91,"0.05686",0.05686,0.954946754966887
"GO:0098530","positive regulation of strand invasion",11,3,0.91,"0.05686",0.05686,0.954946754966887
"GO:0048584","positive regulation of response to stimulus",1193,114,99.05,"0.05750",0.0575,0.957527081967213
"GO:0045639","positive regulation of myeloid cell differentiation",51,8,4.23,"0.05758",0.05758,0.957527081967213
"GO:0051384","response to glucocorticoid",51,8,4.23,"0.05758",0.05758,0.957527081967213
"GO:0030433","ubiquitin-dependent ERAD pathway",88,12,7.31,"0.05931",0.05931,0.973660387096774
"GO:0010518","positive regulation of phospholipase activity",26,5,2.16,"0.05951",0.05951,0.973660387096774
"GO:0022600","digestive system process",26,5,2.16,"0.05951",0.05951,0.973660387096774
"GO:0033622","integrin activation",26,5,2.16,"0.05951",0.05951,0.973660387096774
"GO:0060193","positive regulation of lipase activity",26,5,2.16,"0.05951",0.05951,0.973660387096774
"GO:0009615","response to virus",218,25,18.1,"0.06136",0.06136,0.999606666666667
"GO:0060972","left/right pattern formation",157,19,13.03,"0.06149",0.06149,0.999606666666667
"GO:0106027","neuron projection organization",52,8,4.32,"0.06332",0.06332,1
"GO:0050896","response to stimulus",5221,457,433.46,"0.06590",0.0659,1
"GO:0007617","mating behavior",19,4,1.58,"0.06711",0.06711,1
"GO:0006959","humoral immune response",71,10,5.89,"0.06757",0.06757,1
"GO:0016045","detection of bacterium",27,5,2.24,"0.06825",0.06825,1
"GO:0097009","energy homeostasis",27,5,2.24,"0.06825",0.06825,1
"GO:0098543","detection of other organism",27,5,2.24,"0.06825",0.06825,1
"GO:0031047","regulatory ncRNA-mediated gene silencing",149,18,12.37,"0.06829",0.06829,1
"GO:0002274","myeloid leukocyte activation",139,17,11.54,"0.06833",0.06833,1
"GO:0002920","regulation of humoral immune response",44,7,3.65,"0.06867",0.06867,1
"GO:0030316","osteoclast differentiation",62,9,5.15,"0.06889",0.06889,1
"GO:0002695","negative regulation of leukocyte activation",53,8,4.4,"0.06942",0.06942,1
"GO:0021766","hippocampus development",53,8,4.4,"0.06942",0.06942,1
"GO:0043552","positive regulation of phosphatidylinositol 3-kinase activity",53,8,4.4,"0.06942",0.06942,1
"GO:0009414","response to water deprivation",12,3,1,"0.07127",0.07127,1
"GO:0021631","optic nerve morphogenesis",12,3,1,"0.07127",0.07127,1
"GO:0031424","keratinization",12,3,1,"0.07127",0.07127,1
"GO:0042359","vitamin D metabolic process",12,3,1,"0.07127",0.07127,1
"GO:0045736","negative regulation of cyclin-dependent protein serine/threonine kinase activity",12,3,1,"0.07127",0.07127,1
"GO:0048311","mitochondrion distribution",12,3,1,"0.07127",0.07127,1
"GO:0060179","male mating behavior",12,3,1,"0.07127",0.07127,1
"GO:1904030","negative regulation of cyclin-dependent protein kinase activity",12,3,1,"0.07127",0.07127,1
"GO:2000272","negative regulation of signaling receptor activity",12,3,1,"0.07127",0.07127,1
"GO:0046649","lymphocyte activation",327,35,27.15,"0.07149",0.07149,1
"GO:0071774","response to fibroblast growth factor",160,19,13.28,"0.07151",0.07151,1
"GO:0030323","respiratory tube development",130,16,10.79,"0.07200",0.072,1
"GO:0071897","DNA biosynthetic process",130,16,10.79,"0.07200",0.072,1
"GO:0002444","myeloid leukocyte mediated immunity",91,12,7.56,"0.07286",0.07286,1
"GO:0009892","negative regulation of metabolic process",1425,133,118.31,"0.07557",0.07557,1
"GO:0090218","positive regulation of lipid kinase activity",54,8,4.48,"0.07586",0.07586,1
"GO:0003007","heart morphogenesis",234,26,19.43,"0.07739",0.07739,1
"GO:0006901","vesicle coating",28,5,2.32,"0.07767",0.07767,1
"GO:0007413","axonal fasciculation",28,5,2.32,"0.07767",0.07767,1
"GO:0048207","vesicle targeting, rough ER to cis-Golgi",28,5,2.32,"0.07767",0.07767,1
"GO:0048208","COPII vesicle coating",28,5,2.32,"0.07767",0.07767,1
"GO:0098581","detection of external biotic stimulus",28,5,2.32,"0.07767",0.07767,1
"GO:0106030","neuron projection fasciculation",28,5,2.32,"0.07767",0.07767,1
"GO:0021953","central nervous system neuron differentiation",92,12,7.64,"0.07778",0.07778,1
"GO:0002175","protein localization to paranode region of axon",20,4,1.66,"0.07860",0.0786,1
"GO:0010633","negative regulation of epithelial cell migration",20,4,1.66,"0.07860",0.0786,1
"GO:0018279","protein N-linked glycosylation via asparagine",20,4,1.66,"0.07860",0.0786,1
"GO:0048545","response to steroid hormone",122,15,10.13,"0.08018",0.08018,1
"GO:0008037","cell recognition",132,16,10.96,"0.08018",0.08018,1
"GO:0046887","positive regulation of hormone secretion",55,8,4.57,"0.08264",0.08264,1
"GO:0002065","columnar/cuboidal epithelial cell differentiation",46,7,3.82,"0.08330",0.0833,1
"GO:0007585","respiratory gaseous exchange by respiratory system",46,7,3.82,"0.08330",0.0833,1
"GO:0045637","regulation of myeloid cell differentiation",103,13,8.55,"0.08398",0.08398,1
"GO:0050768","negative regulation of neurogenesis",103,13,8.55,"0.08398",0.08398,1
"GO:0002092","positive regulation of receptor internalization",13,3,1.08,"0.08714",0.08714,1
"GO:0009415","response to water",13,3,1.08,"0.08714",0.08714,1
"GO:0018410","C-terminal protein amino acid modification",13,3,1.08,"0.08714",0.08714,1
"GO:0022622","root system development",13,3,1.08,"0.08714",0.08714,1
"GO:0036035","osteoclast development",13,3,1.08,"0.08714",0.08714,1
"GO:0048364","root development",13,3,1.08,"0.08714",0.08714,1
"GO:0051569","regulation of histone H3-K4 methylation",13,3,1.08,"0.08714",0.08714,1
"GO:0061158","3'-UTR-mediated mRNA destabilization",13,3,1.08,"0.08714",0.08714,1
"GO:0071385","cellular response to glucocorticoid stimulus",13,3,1.08,"0.08714",0.08714,1
"GO:0090270","regulation of fibroblast growth factor production",13,3,1.08,"0.08714",0.08714,1
"GO:0098751","bone cell development",13,3,1.08,"0.08714",0.08714,1
"GO:1900745","positive regulation of p38MAPK cascade",13,3,1.08,"0.08714",0.08714,1
"GO:1902895","positive regulation of miRNA transcription",13,3,1.08,"0.08714",0.08714,1
"GO:0050729","positive regulation of inflammatory response",29,5,2.41,"0.08775",0.08775,1
"GO:0007163","establishment or maintenance of cell polarity",185,21,15.36,"0.08793",0.08793,1
"GO:0006814","sodium ion transport",104,13,8.63,"0.08908",0.08908,1
"GO:0009799","specification of symmetry",175,20,14.53,"0.08928",0.08928,1
"GO:0009855","determination of bilateral symmetry",175,20,14.53,"0.08928",0.08928,1
"GO:0002283","neutrophil activation involved in immune response",75,10,6.23,"0.09053",0.09053,1
"GO:0009299","mRNA transcription",21,4,1.74,"0.09100",0.091,1
"GO:0010225","response to UV-C",21,4,1.74,"0.09100",0.091,1
"GO:0031033","myosin filament organization",21,4,1.74,"0.09100",0.091,1
"GO:0038066","p38MAPK cascade",21,4,1.74,"0.09100",0.091,1
"GO:0060986","endocrine hormone secretion",21,4,1.74,"0.09100",0.091,1
"GO:0140962","multicellular organismal-level chemical homeostasis",21,4,1.74,"0.09100",0.091,1
"GO:0033209","tumor necrosis factor-mediated signaling pathway",38,6,3.15,"0.09101",0.09101,1
"GO:0097581","lamellipodium organization",38,6,3.15,"0.09101",0.09101,1
"GO:0043506","regulation of JUN kinase activity",47,7,3.9,"0.09123",0.09123,1
"GO:1902532","negative regulation of intracellular signal transduction",335,35,27.81,"0.09272",0.09272,1
"GO:0000209","protein polyubiquitination",229,25,19.01,"0.09572",0.09572,1
"GO:0031669","cellular response to nutrient levels",156,18,12.95,"0.09604",0.09604,1
"GO:0010517","regulation of phospholipase activity",30,5,2.49,"0.09847",0.09847,1
"GO:0019098","reproductive behavior",30,5,2.49,"0.09847",0.09847,1
"GO:0048199","vesicle targeting, to, from or within Golgi",30,5,2.49,"0.09847",0.09847,1
"GO:0050829","defense response to Gram-negative bacterium",30,5,2.49,"0.09847",0.09847,1
"GO:0060219","camera-type eye photoreceptor cell differentiation",30,5,2.49,"0.09847",0.09847,1
"GO:0021761","limbic system development",96,12,7.97,"0.09954",0.09954,1
"GO:0030242","autophagy of peroxisome",39,6,3.24,"0.10041",0.10041,1
"GO:0043094","cellular metabolic compound salvage",39,6,3.24,"0.10041",0.10041,1
"GO:0070207","protein homotrimerization",39,6,3.24,"0.10041",0.10041,1
"GO:0071526","semaphorin-plexin signaling pathway",39,6,3.24,"0.10041",0.10041,1
"GO:0032501","multicellular organismal process",4465,390,370.7,"0.10259",0.10259,1
"GO:0042119","neutrophil activation",77,10,6.39,"0.10357",0.10357,1
"GO:0002237","response to molecule of bacterial origin",189,21,15.69,"0.10393",0.10393,1
"GO:0001759","organ induction",22,4,1.83,"0.10427",0.10427,1
"GO:0010803","regulation of tumor necrosis factor-mediated signaling pathway",22,4,1.83,"0.10427",0.10427,1
"GO:0051443","positive regulation of ubiquitin-protein transferase activity",22,4,1.83,"0.10427",0.10427,1
"GO:1902743","regulation of lamellipodium organization",22,4,1.83,"0.10427",0.10427,1
"GO:0003309","type B pancreatic cell differentiation",14,3,1.16,"0.10434",0.10434,1
"GO:0006972","hyperosmotic response",14,3,1.16,"0.10434",0.10434,1
"GO:0021554","optic nerve development",14,3,1.16,"0.10434",0.10434,1
"GO:0035308","negative regulation of protein dephosphorylation",14,3,1.16,"0.10434",0.10434,1
"GO:0035864","response to potassium ion",14,3,1.16,"0.10434",0.10434,1
"GO:0040009","regulation of growth rate",14,3,1.16,"0.10434",0.10434,1
"GO:0043173","nucleotide salvage",14,3,1.16,"0.10434",0.10434,1
"GO:0060004","reflex",14,3,1.16,"0.10434",0.10434,1
"GO:0060216","definitive hemopoiesis",14,3,1.16,"0.10434",0.10434,1
"GO:0071384","cellular response to corticosteroid stimulus",14,3,1.16,"0.10434",0.10434,1
"GO:0090269","fibroblast growth factor production",14,3,1.16,"0.10434",0.10434,1
"GO:1902893","regulation of miRNA transcription",14,3,1.16,"0.10434",0.10434,1
"GO:0071219","cellular response to molecule of bacterial origin",87,11,7.22,"0.10493",0.10493,1
"GO:0031960","response to corticosteroid",58,8,4.82,"0.10506",0.10506,1
"GO:0009653","anatomical structure morphogenesis",1912,173,158.74,"0.10864",0.10864,1
"GO:0046879","hormone secretion",128,15,10.63,"0.10951",0.10951,1
"GO:0051646","mitochondrion localization",31,5,2.57,"0.10981",0.10981,1
"GO:0060191","regulation of lipase activity",31,5,2.57,"0.10981",0.10981,1
"GO:0097340","inhibition of cysteine-type endopeptidase activity",31,5,2.57,"0.10981",0.10981,1
"GO:0097341","zymogen inhibition",31,5,2.57,"0.10981",0.10981,1
"GO:1904035","regulation of epithelial cell apoptotic process",31,5,2.57,"0.10981",0.10981,1
"GO:1990001","inhibition of cysteine-type endopeptidase activity involved in apoptotic process",31,5,2.57,"0.10981",0.10981,1
"GO:0010842","retina layer formation",40,6,3.32,"0.11030",0.1103,1
"GO:0050885","neuromuscular process controlling balance",40,6,3.32,"0.11030",0.1103,1
"GO:0071205","protein localization to juxtaparanode region of axon",40,6,3.32,"0.11030",0.1103,1
"GO:0019216","regulation of lipid metabolic process",160,18,13.28,"0.11471",0.11471,1
"GO:0009267","cellular response to starvation",129,15,10.71,"0.11496",0.11496,1
"GO:0006903","vesicle targeting",50,7,4.15,"0.11746",0.11746,1
"GO:0032663","regulation of interleukin-2 production",50,7,4.15,"0.11746",0.11746,1
"GO:0050771","negative regulation of axonogenesis",50,7,4.15,"0.11746",0.11746,1
"GO:0097061","dendritic spine organization",50,7,4.15,"0.11746",0.11746,1
"GO:0002446","neutrophil mediated immunity",79,10,6.56,"0.11764",0.11764,1
"GO:0002573","myeloid leukocyte differentiation",99,12,8.22,"0.11803",0.11803,1
"GO:0031664","regulation of lipopolysaccharide-mediated signaling pathway",23,4,1.91,"0.11836",0.11836,1
"GO:0060027","convergent extension involved in gastrulation",23,4,1.91,"0.11836",0.11836,1
"GO:1901976","regulation of cell cycle checkpoint",23,4,1.91,"0.11836",0.11836,1
"GO:0050866","negative regulation of cell activation",60,8,4.98,"0.12171",0.12171,1
"GO:0045646","regulation of erythrocyte differentiation",32,5,2.66,"0.12176",0.12176,1
"GO:0050886","endocrine process",32,5,2.66,"0.12176",0.12176,1
"GO:2000095","regulation of Wnt signaling pathway, planar cell polarity pathway",32,5,2.66,"0.12176",0.12176,1
"GO:0001325","formation of extrachromosomal circular DNA",15,3,1.25,"0.12274",0.12274,1
"GO:0033003","regulation of mast cell activation",15,3,1.25,"0.12274",0.12274,1
"GO:0033006","regulation of mast cell activation involved in immune response",15,3,1.25,"0.12274",0.12274,1
"GO:0033339","pectoral fin development",15,3,1.25,"0.12274",0.12274,1
"GO:0042148","strand invasion",15,3,1.25,"0.12274",0.12274,1
"GO:0045661","regulation of myoblast differentiation",15,3,1.25,"0.12274",0.12274,1
"GO:0060428","lung epithelium development",15,3,1.25,"0.12274",0.12274,1
"GO:0061000","negative regulation of dendritic spine development",15,3,1.25,"0.12274",0.12274,1
"GO:0061820","telomeric D-loop disassembly",15,3,1.25,"0.12274",0.12274,1
"GO:0062208","positive regulation of pattern recognition receptor signaling pathway",15,3,1.25,"0.12274",0.12274,1
"GO:0072017","distal tubule development",15,3,1.25,"0.12274",0.12274,1
"GO:0090656","t-circle formation",15,3,1.25,"0.12274",0.12274,1
"GO:0090657","telomeric loop disassembly",15,3,1.25,"0.12274",0.12274,1
"GO:0090737","telomere maintenance via telomere trimming",15,3,1.25,"0.12274",0.12274,1
"GO:0034612","response to tumor necrosis factor",80,10,6.64,"0.12505",0.12505,1
"GO:0008285","negative regulation of cell population proliferation",500,49,41.51,"0.12508",0.12508,1
"GO:0045834","positive regulation of lipid metabolic process",90,11,7.47,"0.12516",0.12516,1
"GO:0032623","interleukin-2 production",51,7,4.23,"0.12699",0.12699,1
"GO:0042594","response to starvation",152,17,12.62,"0.12736",0.12736,1
"GO:0031016","pancreas development",61,8,5.06,"0.13052",0.13052,1
"GO:0035821","modulation of process of another organism",61,8,5.06,"0.13052",0.13052,1
"GO:0009914","hormone transport",132,15,10.96,"0.13224",0.13224,1
"GO:0030913","paranodal junction assembly",24,4,1.99,"0.13322",0.13322,1
"GO:0010092","specification of animal organ identity",33,5,2.74,"0.13428",0.13428,1
"GO:0051438","regulation of ubiquitin-protein transferase activity",33,5,2.74,"0.13428",0.13428,1
"GO:0021954","central nervous system neuron development",52,7,4.32,"0.13689",0.13689,1
"GO:0045197","establishment or maintenance of epithelial cell apical/basal polarity",52,7,4.32,"0.13689",0.13689,1
"GO:0042149","cellular response to glucose starvation",62,8,5.15,"0.13965",0.13965,1
"GO:0007272","ensheathment of neurons",92,11,7.64,"0.13976",0.13976,1
"GO:0008366","axon ensheathment",92,11,7.64,"0.13976",0.13976,1
"GO:0002279","mast cell activation involved in immune response",16,3,1.33,"0.14221",0.14221,1
"GO:0005978","glycogen biosynthetic process",16,3,1.33,"0.14221",0.14221,1
"GO:0006775","fat-soluble vitamin metabolic process",16,3,1.33,"0.14221",0.14221,1
"GO:0006829","zinc ion transport",16,3,1.33,"0.14221",0.14221,1
"GO:0042130","negative regulation of T cell proliferation",16,3,1.33,"0.14221",0.14221,1
"GO:0045428","regulation of nitric oxide biosynthetic process",16,3,1.33,"0.14221",0.14221,1
"GO:0048670","regulation of collateral sprouting",16,3,1.33,"0.14221",0.14221,1
"GO:0071109","superior temporal gyrus development",16,3,1.33,"0.14221",0.14221,1
"GO:0071470","cellular response to osmotic stress",16,3,1.33,"0.14221",0.14221,1
"GO:0080164","regulation of nitric oxide metabolic process",16,3,1.33,"0.14221",0.14221,1
"GO:0099402","plant organ development",16,3,1.33,"0.14221",0.14221,1
"GO:1901873","regulation of post-translational protein modification",208,22,17.27,"0.14246",0.14246,1
"GO:0002763","positive regulation of myeloid leukocyte differentiation",43,6,3.57,"0.14277",0.14277,1
"GO:0014037","Schwann cell differentiation",43,6,3.57,"0.14277",0.14277,1
"GO:0032091","negative regulation of protein binding",43,6,3.57,"0.14277",0.14277,1
"GO:0006986","response to unfolded protein",113,13,9.38,"0.14333",0.14333,1
"GO:0035967","cellular response to topologically incorrect protein",113,13,9.38,"0.14333",0.14333,1
"GO:0046883","regulation of hormone secretion",113,13,9.38,"0.14333",0.14333,1
"GO:0030099","myeloid cell differentiation",187,20,15.53,"0.14476",0.14476,1
"GO:0060998","regulation of dendritic spine development",34,5,2.82,"0.14735",0.14735,1
"GO:0003156","regulation of animal organ formation",25,4,2.08,"0.14880",0.1488,1
"GO:0003283","atrial septum development",25,4,2.08,"0.14880",0.1488,1
"GO:0018208","peptidyl-proline modification",25,4,2.08,"0.14880",0.1488,1
"GO:0019985","translesion synthesis",25,4,2.08,"0.14880",0.1488,1
"GO:0031128","developmental induction",25,4,2.08,"0.14880",0.1488,1
"GO:0031663","lipopolysaccharide-mediated signaling pathway",25,4,2.08,"0.14880",0.1488,1
"GO:0043618","regulation of transcription from RNA polymerase II promoter in response to stress",25,4,2.08,"0.14880",0.1488,1
"GO:0043620","regulation of DNA-templated transcription in response to stress",25,4,2.08,"0.14880",0.1488,1
"GO:0060350","endochondral bone morphogenesis",25,4,2.08,"0.14880",0.1488,1
"GO:2000628","regulation of miRNA metabolic process",25,4,2.08,"0.14880",0.1488,1
"GO:0071383","cellular response to steroid hormone stimulus",63,8,5.23,"0.14909",0.14909,1
"GO:0031668","cellular response to extracellular stimulus",188,20,15.61,"0.15011",0.15011,1
"GO:0051716","cellular response to stimulus",4138,359,343.55,"0.15215",0.15215,1
"GO:0070482","response to oxygen levels",167,18,13.86,"0.15230",0.1523,1
"GO:0030216","keratinocyte differentiation",44,6,3.65,"0.15447",0.15447,1
"GO:1903312","negative regulation of mRNA metabolic process",44,6,3.65,"0.15447",0.15447,1
"GO:0043161","proteasome-mediated ubiquitin-dependent protein catabolic process",320,32,26.57,"0.15559",0.15559,1
"GO:0043299","leukocyte degranulation",84,10,6.97,"0.15715",0.15715,1
"GO:0006284","base-excision repair",54,7,4.48,"0.15778",0.15778,1
"GO:0035088","establishment or maintenance of apical/basal cell polarity",54,7,4.48,"0.15778",0.15778,1
"GO:0043550","regulation of lipid kinase activity",64,8,5.31,"0.15883",0.15883,1
"GO:0071456","cellular response to hypoxia",64,8,5.31,"0.15883",0.15883,1
"GO:1902531","regulation of intracellular signal transduction",1013,93,84.1,"0.15927",0.15927,1
"GO:0065009","regulation of molecular function",1314,119,109.09,"0.16009",0.16009,1
"GO:0036503","ERAD pathway",105,12,8.72,"0.16044",0.16044,1
"GO:0071216","cellular response to biotic stimulus",105,12,8.72,"0.16044",0.16044,1
"GO:0043687","post-translational protein modification",979,90,81.28,"0.16061",0.16061,1
"GO:0009595","detection of biotic stimulus",35,5,2.91,"0.16093",0.16093,1
"GO:0016601","Rac protein signal transduction",35,5,2.91,"0.16093",0.16093,1
"GO:0030032","lamellipodium assembly",35,5,2.91,"0.16093",0.16093,1
"GO:0031124","mRNA 3'-end processing",35,5,2.91,"0.16093",0.16093,1
"GO:0031297","replication fork processing",35,5,2.91,"0.16093",0.16093,1
"GO:0035295","tube development",876,81,72.73,"0.16176",0.16176,1
"GO:0007076","mitotic chromosome condensation",17,3,1.41,"0.16262",0.16262,1
"GO:0010715","regulation of extracellular matrix disassembly",17,3,1.41,"0.16262",0.16262,1
"GO:0035456","response to interferon-beta",17,3,1.41,"0.16262",0.16262,1
"GO:0035458","cellular response to interferon-beta",17,3,1.41,"0.16262",0.16262,1
"GO:0045576","mast cell activation",17,3,1.41,"0.16262",0.16262,1
"GO:1900120","regulation of receptor binding",17,3,1.41,"0.16262",0.16262,1
"GO:1900273","positive regulation of long-term synaptic potentiation",17,3,1.41,"0.16262",0.16262,1
"GO:2000630","positive regulation of miRNA metabolic process",17,3,1.41,"0.16262",0.16262,1
"GO:0008038","neuron recognition",95,11,7.89,"0.16327",0.16327,1
"GO:0006417","regulation of translation",245,25,20.34,"0.16465",0.16465,1
"GO:0006112","energy reserve metabolic process",26,4,2.16,"0.16503",0.16503,1
"GO:0042744","hydrogen peroxide catabolic process",26,4,2.16,"0.16503",0.16503,1
"GO:0045672","positive regulation of osteoclast differentiation",26,4,2.16,"0.16503",0.16503,1
"GO:0050884","neuromuscular process controlling posture",26,4,2.16,"0.16503",0.16503,1
"GO:0051702","biological process involved in interaction with symbiont",26,4,2.16,"0.16503",0.16503,1
"GO:0061515","myeloid cell development",26,4,2.16,"0.16503",0.16503,1
"GO:0071480","cellular response to gamma radiation",26,4,2.16,"0.16503",0.16503,1
"GO:1904036","negative regulation of epithelial cell apoptotic process",26,4,2.16,"0.16503",0.16503,1
"GO:0042063","gliogenesis",180,19,14.94,"0.16564",0.16564,1
"GO:0010594","regulation of endothelial cell migration",85,10,7.06,"0.16576",0.16576,1
"GO:0051250","negative regulation of lymphocyte activation",45,6,3.74,"0.16658",0.16658,1
"GO:1904019","epithelial cell apoptotic process",45,6,3.74,"0.16658",0.16658,1
"GO:0034605","cellular response to heat",55,7,4.57,"0.16874",0.16874,1
"GO:0050921","positive regulation of chemotaxis",55,7,4.57,"0.16874",0.16874,1
"GO:0002366","leukocyte activation involved in immune response",149,16,12.37,"0.17319",0.17319,1
"GO:0060291","long-term synaptic potentiation",36,5,2.99,"0.17500",0.175,1
"GO:0090114","COPII-coated vesicle budding",36,5,2.99,"0.17500",0.175,1
"GO:0071453","cellular response to oxygen levels",76,9,6.31,"0.17722",0.17722,1
"GO:0080135","regulation of cellular response to stress",292,29,24.24,"0.17903",0.17903,1
"GO:0003407","neural retina development",66,8,5.48,"0.17917",0.17917,1
"GO:0045598","regulation of fat cell differentiation",66,8,5.48,"0.17917",0.17917,1
"GO:0009743","response to carbohydrate",118,13,9.8,"0.17975",0.17975,1
"GO:0045732","positive regulation of protein catabolic process",118,13,9.8,"0.17975",0.17975,1
"GO:0002263","cell activation involved in immune response",150,16,12.45,"0.17992",0.17992,1
"GO:0010001","glial cell differentiation",150,16,12.45,"0.17992",0.17992,1
"GO:0061245","establishment or maintenance of bipolar cell polarity",56,7,4.65,"0.18002",0.18002,1
"GO:0071103","DNA conformation change",56,7,4.65,"0.18002",0.18002,1
"GO:0021602","cranial nerve morphogenesis",27,4,2.24,"0.18186",0.18186,1
"GO:0045069","regulation of viral genome replication",27,4,2.24,"0.18186",0.18186,1
"GO:0045600","positive regulation of fat cell differentiation",27,4,2.24,"0.18186",0.18186,1
"GO:0110110","positive regulation of animal organ morphogenesis",27,4,2.24,"0.18186",0.18186,1
"GO:0048583","regulation of response to stimulus",2120,187,176.01,"0.18226",0.18226,1
"GO:0048813","dendrite morphogenesis",129,14,10.71,"0.18266",0.18266,1
"GO:0071322","cellular response to carbohydrate stimulus",87,10,7.22,"0.18363",0.18363,1
"GO:0006607","NLS-bearing protein import into nucleus",18,3,1.49,"0.18383",0.18383,1
"GO:0006910","phagocytosis, recognition",18,3,1.49,"0.18383",0.18383,1
"GO:0009226","nucleotide-sugar biosynthetic process",18,3,1.49,"0.18383",0.18383,1
"GO:0010458","exit from mitosis",18,3,1.49,"0.18383",0.18383,1
"GO:0010863","positive regulation of phospholipase C activity",18,3,1.49,"0.18383",0.18383,1
"GO:0032228","regulation of synaptic transmission, GABAergic",18,3,1.49,"0.18383",0.18383,1
"GO:0035883","enteroendocrine cell differentiation",18,3,1.49,"0.18383",0.18383,1
"GO:0043666","regulation of phosphoprotein phosphatase activity",18,3,1.49,"0.18383",0.18383,1
"GO:0048260","positive regulation of receptor-mediated endocytosis",18,3,1.49,"0.18383",0.18383,1
"GO:0051693","actin filament capping",18,3,1.49,"0.18383",0.18383,1
"GO:0061614","miRNA transcription",18,3,1.49,"0.18383",0.18383,1
"GO:1900370","positive regulation of post-transcriptional gene silencing by RNA",18,3,1.49,"0.18383",0.18383,1
"GO:1900744","regulation of p38MAPK cascade",18,3,1.49,"0.18383",0.18383,1
"GO:1902042","negative regulation of extrinsic apoptotic signaling pathway via death domain receptors",18,3,1.49,"0.18383",0.18383,1
"GO:0050679","positive regulation of epithelial cell proliferation",98,11,8.14,"0.18860",0.1886,1
"GO:0051092","positive regulation of NF-kappaB transcription factor activity",98,11,8.14,"0.18860",0.1886,1
"GO:0010498","proteasomal protein catabolic process",361,35,29.97,"0.18866",0.18866,1
"GO:0002067","glandular epithelial cell differentiation",37,5,3.07,"0.18951",0.18951,1
"GO:0002793","positive regulation of peptide secretion",37,5,3.07,"0.18951",0.18951,1
"GO:0022011","myelination in peripheral nervous system",37,5,3.07,"0.18951",0.18951,1
"GO:0031122","cytoplasmic microtubule organization",37,5,3.07,"0.18951",0.18951,1
"GO:0032292","peripheral nervous system axon ensheathment",37,5,3.07,"0.18951",0.18951,1
"GO:0035329","hippo signaling",37,5,3.07,"0.18951",0.18951,1
"GO:0071554","cell wall organization or biogenesis",37,5,3.07,"0.18951",0.18951,1
"GO:0090277","positive regulation of peptide hormone secretion",37,5,3.07,"0.18951",0.18951,1
"GO:0015698","inorganic anion transport",67,8,5.56,"0.18975",0.18975,1
"GO:1990138","neuron projection extension",130,14,10.79,"0.19015",0.19015,1
"GO:0071496","cellular response to external stimulus",217,22,18.02,"0.19109",0.19109,1
"GO:0001570","vasculogenesis",47,6,3.9,"0.19193",0.19193,1
"GO:0099612","protein localization to axon",47,6,3.9,"0.19193",0.19193,1
"GO:1903350","response to dopamine",47,6,3.9,"0.19193",0.19193,1
"GO:1903351","cellular response to dopamine",47,6,3.9,"0.19193",0.19193,1
"GO:0061387","regulation of extent of cell growth",88,10,7.31,"0.19289",0.19289,1
"GO:0043491","phosphatidylinositol 3-kinase/protein kinase B signal transduction",120,13,9.96,"0.19547",0.19547,1
"GO:0016055","Wnt signaling pathway",329,32,27.31,"0.19616",0.19616,1
"GO:0045596","negative regulation of cell differentiation",318,31,26.4,"0.19711",0.19711,1
"GO:0043405","regulation of MAP kinase activity",99,11,8.22,"0.19742",0.19742,1
"GO:0007154","cell communication",3669,317,304.61,"0.19884",0.19884,1
"GO:0001504","neurotransmitter uptake",10,2,0.83,"0.19908",0.19908,1
"GO:0001956","positive regulation of neurotransmitter secretion",10,2,0.83,"0.19908",0.19908,1
"GO:0006171","cAMP biosynthetic process",10,2,0.83,"0.19908",0.19908,1
"GO:0007501","mesodermal cell fate specification",10,2,0.83,"0.19908",0.19908,1
"GO:0009111","vitamin catabolic process",10,2,0.83,"0.19908",0.19908,1
"GO:0010596","negative regulation of endothelial cell migration",10,2,0.83,"0.19908",0.19908,1
"GO:0014009","glial cell proliferation",10,2,0.83,"0.19908",0.19908,1
"GO:0015889","cobalamin transport",10,2,0.83,"0.19908",0.19908,1
"GO:0019509","L-methionine salvage from methylthioadenosine",10,2,0.83,"0.19908",0.19908,1
"GO:0031291","Ran protein signal transduction",10,2,0.83,"0.19908",0.19908,1
"GO:0032649","regulation of type II interferon production",10,2,0.83,"0.19908",0.19908,1
"GO:0035766","cell chemotaxis to fibroblast growth factor",10,2,0.83,"0.19908",0.19908,1
"GO:0035768","endothelial cell chemotaxis to fibroblast growth factor",10,2,0.83,"0.19908",0.19908,1
"GO:0042365","water-soluble vitamin catabolic process",10,2,0.83,"0.19908",0.19908,1
"GO:0042473","outer ear morphogenesis",10,2,0.83,"0.19908",0.19908,1
"GO:0043476","pigment accumulation",10,2,0.83,"0.19908",0.19908,1
"GO:0043482","cellular pigment accumulation",10,2,0.83,"0.19908",0.19908,1
"GO:0043485","endosome to pigment granule transport",10,2,0.83,"0.19908",0.19908,1
"GO:0044827","modulation by host of viral genome replication",10,2,0.83,"0.19908",0.19908,1
"GO:0046459","short-chain fatty acid metabolic process",10,2,0.83,"0.19908",0.19908,1
"GO:0048312","intracellular distribution of mitochondria",10,2,0.83,"0.19908",0.19908,1
"GO:0048339","paraxial mesoderm development",10,2,0.83,"0.19908",0.19908,1
"GO:0048368","lateral mesoderm development",10,2,0.83,"0.19908",0.19908,1
"GO:0048757","pigment granule maturation",10,2,0.83,"0.19908",0.19908,1
"GO:0051123","RNA polymerase II preinitiation complex assembly",10,2,0.83,"0.19908",0.19908,1
"GO:0060897","neural plate regionalization",10,2,0.83,"0.19908",0.19908,1
"GO:0072021","ascending thin limb development",10,2,0.83,"0.19908",0.19908,1
"GO:0072218","metanephric ascending thin limb development",10,2,0.83,"0.19908",0.19908,1
"GO:0072235","metanephric distal tubule development",10,2,0.83,"0.19908",0.19908,1
"GO:0090558","plant epidermis development",10,2,0.83,"0.19908",0.19908,1
"GO:0099601","regulation of neurotransmitter receptor activity",10,2,0.83,"0.19908",0.19908,1
"GO:1900037","regulation of cellular response to hypoxia",10,2,0.83,"0.19908",0.19908,1
"GO:1904847","regulation of cell chemotaxis to fibroblast growth factor",10,2,0.83,"0.19908",0.19908,1
"GO:2000144","positive regulation of DNA-templated transcription initiation",10,2,0.83,"0.19908",0.19908,1
"GO:2000544","regulation of endothelial cell chemotaxis to fibroblast growth factor",10,2,0.83,"0.19908",0.19908,1
"GO:0030517","negative regulation of axon extension",28,4,2.32,"0.19923",0.19923,1
"GO:0048668","collateral sprouting",28,4,2.32,"0.19923",0.19923,1
"GO:0070498","interleukin-1-mediated signaling pathway",28,4,2.32,"0.19923",0.19923,1
"GO:0071800","podosome assembly",28,4,2.32,"0.19923",0.19923,1
"GO:0006470","protein dephosphorylation",110,12,9.13,"0.20090",0.2009,1
"GO:0198738","cell-cell signaling by wnt",330,32,27.4,"0.20099",0.20099,1
"GO:0010821","regulation of mitochondrion organization",58,7,4.82,"0.20349",0.20349,1
"GO:0071356","cellular response to tumor necrosis factor",58,7,4.82,"0.20349",0.20349,1
"GO:0018108","peptidyl-tyrosine phosphorylation",121,13,10.05,"0.20356",0.20356,1
"GO:0018212","peptidyl-tyrosine modification",121,13,10.05,"0.20356",0.20356,1
"GO:0045005","DNA-templated DNA replication maintenance of fidelity",38,5,3.15,"0.20444",0.20444,1
"GO:0006513","protein monoubiquitination",48,6,3.99,"0.20512",0.20512,1
"GO:0032801","receptor catabolic process",48,6,3.99,"0.20512",0.20512,1
"GO:0055088","lipid homeostasis",48,6,3.99,"0.20512",0.20512,1
"GO:0002223","stimulatory C-type lectin receptor signaling pathway",19,3,1.58,"0.20572",0.20572,1
"GO:0002886","regulation of myeloid leukocyte mediated immunity",19,3,1.58,"0.20572",0.20572,1
"GO:0007589","body fluid secretion",19,3,1.58,"0.20572",0.20572,1
"GO:0010591","regulation of lamellipodium assembly",19,3,1.58,"0.20572",0.20572,1
"GO:0031641","regulation of myelination",19,3,1.58,"0.20572",0.20572,1
"GO:0032945","negative regulation of mononuclear cell proliferation",19,3,1.58,"0.20572",0.20572,1
"GO:0035735","intraciliary transport involved in cilium assembly",19,3,1.58,"0.20572",0.20572,1
"GO:0048015","phosphatidylinositol-mediated signaling",19,3,1.58,"0.20572",0.20572,1
"GO:0050672","negative regulation of lymphocyte proliferation",19,3,1.58,"0.20572",0.20572,1
"GO:0061343","cell adhesion involved in heart morphogenesis",19,3,1.58,"0.20572",0.20572,1
"GO:1900274","regulation of phospholipase C activity",19,3,1.58,"0.20572",0.20572,1
"GO:1990840","response to lectin",19,3,1.58,"0.20572",0.20572,1
"GO:1990858","cellular response to lectin",19,3,1.58,"0.20572",0.20572,1
"GO:0030516","regulation of axon extension",79,9,6.56,"0.20714",0.20714,1
"GO:0042552","myelination",79,9,6.56,"0.20714",0.20714,1
"GO:0050806","positive regulation of synaptic transmission",69,8,5.73,"0.21166",0.21166,1
"GO:0051961","negative regulation of nervous system development",122,13,10.13,"0.21179",0.21179,1
"GO:0022411","cellular component disassembly",265,26,22,"0.21213",0.21213,1
"GO:0051091","positive regulation of DNA-binding transcription factor activity",155,16,12.87,"0.21549",0.21549,1
"GO:0046777","protein autophosphorylation",177,18,14.7,"0.21618",0.21618,1
"GO:0006099","tricarboxylic acid cycle",29,4,2.41,"0.21706",0.21706,1
"GO:0007080","mitotic metaphase chromosome alignment",29,4,2.41,"0.21706",0.21706,1
"GO:0016322","neuron remodeling",29,4,2.41,"0.21706",0.21706,1
"GO:0033333","fin development",29,4,2.41,"0.21706",0.21706,1
"GO:0090090","negative regulation of canonical Wnt signaling pathway",80,9,6.64,"0.21755",0.21755,1
"GO:0001676","long-chain fatty acid metabolic process",49,6,4.07,"0.21863",0.21863,1
"GO:0051248","negative regulation of protein metabolic process",504,47,41.84,"0.21888",0.21888,1
"GO:2000050","regulation of non-canonical Wnt signaling pathway",39,5,3.24,"0.21973",0.21973,1
"GO:0021700","developmental maturation",233,23,19.34,"0.22055",0.22055,1
"GO:0006260","DNA replication",278,27,23.08,"0.22225",0.22225,1
"GO:0043406","positive regulation of MAP kinase activity",70,8,5.81,"0.22296",0.22296,1
"GO:0048646","anatomical structure formation involved in morphogenesis",875,79,72.65,"0.22650",0.2265,1
"GO:0034248","regulation of amide metabolic process",279,27,23.16,"0.22788",0.22788,1
"GO:0098781","ncRNA transcription",60,7,4.98,"0.22805",0.22805,1
"GO:0002090","regulation of receptor internalization",20,3,1.66,"0.22815",0.22815,1
"GO:0031407","oxylipin metabolic process",20,3,1.66,"0.22815",0.22815,1
"GO:0031408","oxylipin biosynthetic process",20,3,1.66,"0.22815",0.22815,1
"GO:0035640","exploration behavior",20,3,1.66,"0.22815",0.22815,1
"GO:0050686","negative regulation of mRNA processing",20,3,1.66,"0.22815",0.22815,1
"GO:0051851","modulation by host of symbiont process",20,3,1.66,"0.22815",0.22815,1
"GO:0060438","trachea development",20,3,1.66,"0.22815",0.22815,1
"GO:0071168","protein localization to chromatin",20,3,1.66,"0.22815",0.22815,1
"GO:1903146","regulation of autophagy of mitochondrion",20,3,1.66,"0.22815",0.22815,1
"GO:0031398","positive regulation of protein ubiquitination",81,9,6.72,"0.22815",0.22815,1
"GO:0015833","peptide transport",135,14,11.21,"0.22970",0.2297,1
"GO:0010571","positive regulation of nuclear cell cycle DNA replication",11,2,0.91,"0.23068",0.23068,1
"GO:0010837","regulation of keratinocyte proliferation",11,2,0.91,"0.23068",0.23068,1
"GO:0016114","terpenoid biosynthetic process",11,2,0.91,"0.23068",0.23068,1
"GO:0030953","astral microtubule organization",11,2,0.91,"0.23068",0.23068,1
"GO:0032609","type II interferon production",11,2,0.91,"0.23068",0.23068,1
"GO:0034383","low-density lipoprotein particle clearance",11,2,0.91,"0.23068",0.23068,1
"GO:0042407","cristae formation",11,2,0.91,"0.23068",0.23068,1
"GO:0043649","dicarboxylic acid catabolic process",11,2,0.91,"0.23068",0.23068,1
"GO:0043934","sporulation",11,2,0.91,"0.23068",0.23068,1
"GO:0044788","modulation by host of viral process",11,2,0.91,"0.23068",0.23068,1
"GO:0044804","nucleophagy",11,2,0.91,"0.23068",0.23068,1
"GO:0046485","ether lipid metabolic process",11,2,0.91,"0.23068",0.23068,1
"GO:0051590","positive regulation of neurotransmitter transport",11,2,0.91,"0.23068",0.23068,1
"GO:0060896","neural plate pattern specification",11,2,0.91,"0.23068",0.23068,1
"GO:0071425","hematopoietic stem cell proliferation",11,2,0.91,"0.23068",0.23068,1
"GO:0090504","epiboly",11,2,0.91,"0.23068",0.23068,1
"GO:1902914","regulation of protein polyubiquitination",11,2,0.91,"0.23068",0.23068,1
"GO:1902969","mitotic DNA replication",11,2,0.91,"0.23068",0.23068,1
"GO:0009913","epidermal cell differentiation",92,10,7.64,"0.23183",0.23183,1
"GO:1903322","positive regulation of protein modification by small protein conjugation or removal",92,10,7.64,"0.23183",0.23183,1
"GO:0000422","autophagy of mitochondrion",50,6,4.15,"0.23242",0.23242,1
"GO:0043401","steroid hormone mediated signaling pathway",50,6,4.15,"0.23242",0.23242,1
"GO:0045324","late endosome to vacuole transport",50,6,4.15,"0.23242",0.23242,1
"GO:0061726","mitochondrion disassembly",50,6,4.15,"0.23242",0.23242,1
"GO:0030072","peptide hormone secretion",103,11,8.55,"0.23442",0.23442,1
"GO:0010595","positive regulation of endothelial cell migration",71,8,5.89,"0.23449",0.23449,1
"GO:0043312","neutrophil degranulation",71,8,5.89,"0.23449",0.23449,1
"GO:2000278","regulation of DNA biosynthetic process",71,8,5.89,"0.23449",0.23449,1
"GO:0002526","acute inflammatory response",30,4,2.49,"0.23531",0.23531,1
"GO:0007588","excretion",30,4,2.49,"0.23531",0.23531,1
"GO:0048841","regulation of axon extension involved in axon guidance",30,4,2.49,"0.23531",0.23531,1
"GO:0071625","vocalization behavior",30,4,2.49,"0.23531",0.23531,1
"GO:1902041","regulation of extrinsic apoptotic signaling pathway via death domain receptors",30,4,2.49,"0.23531",0.23531,1
"GO:0002478","antigen processing and presentation of exogenous peptide antigen",40,5,3.32,"0.23537",0.23537,1
"GO:0006637","acyl-CoA metabolic process",40,5,3.32,"0.23537",0.23537,1
"GO:0010955","negative regulation of protein processing",40,5,3.32,"0.23537",0.23537,1
"GO:0035383","thioester metabolic process",40,5,3.32,"0.23537",0.23537,1
"GO:0043535","regulation of blood vessel endothelial cell migration",40,5,3.32,"0.23537",0.23537,1
"GO:1903318","negative regulation of protein maturation",40,5,3.32,"0.23537",0.23537,1
"GO:0006486","protein glycosylation",202,20,16.77,"0.23594",0.23594,1
"GO:0043413","macromolecule glycosylation",202,20,16.77,"0.23594",0.23594,1
"GO:0002697","regulation of immune effector process",158,16,13.12,"0.23822",0.23822,1
"GO:0048469","cell maturation",158,16,13.12,"0.23822",0.23822,1
"GO:0006898","receptor-mediated endocytosis",147,15,12.2,"0.23826",0.23826,1
"GO:0007605","sensory perception of sound",82,9,6.81,"0.23894",0.23894,1
"GO:0003008","system process",903,81,74.97,"0.24197",0.24197,1
"GO:0071214","cellular response to abiotic stimulus",159,16,13.2,"0.24600",0.246,1
"GO:0104004","cellular response to environmental stimulus",159,16,13.2,"0.24600",0.246,1
"GO:0006766","vitamin metabolic process",72,8,5.98,"0.24621",0.24621,1
"GO:0036294","cellular response to decreased oxygen levels",72,8,5.98,"0.24621",0.24621,1
"GO:0019221","cytokine-mediated signaling pathway",148,15,12.29,"0.24634",0.24634,1
"GO:0001707","mesoderm formation",51,6,4.23,"0.24648",0.24648,1
"GO:0006487","protein N-linked glycosylation",51,6,4.23,"0.24648",0.24648,1
"GO:0009790","embryo development",894,80,74.22,"0.25079",0.25079,1
"GO:0002043","blood vessel endothelial cell proliferation involved in sprouting angiogenesis",21,3,1.74,"0.25101",0.25101,1
"GO:0002690","positive regulation of leukocyte chemotaxis",21,3,1.74,"0.25101",0.25101,1
"GO:0007435","salivary gland morphogenesis",21,3,1.74,"0.25101",0.25101,1
"GO:0007635","chemosensory behavior",21,3,1.74,"0.25101",0.25101,1
"GO:0021695","cerebellar cortex development",21,3,1.74,"0.25101",0.25101,1
"GO:0030835","negative regulation of actin filament depolymerization",21,3,1.74,"0.25101",0.25101,1
"GO:0031666","positive regulation of lipopolysaccharide-mediated signaling pathway",21,3,1.74,"0.25101",0.25101,1
"GO:0045292","mRNA cis splicing, via spliceosome",21,3,1.74,"0.25101",0.25101,1
"GO:0045682","regulation of epidermis development",21,3,1.74,"0.25101",0.25101,1
"GO:0051932","synaptic transmission, GABAergic",21,3,1.74,"0.25101",0.25101,1
"GO:0140747","regulation of ncRNA transcription",21,3,1.74,"0.25101",0.25101,1
"GO:1900271","regulation of long-term synaptic potentiation",21,3,1.74,"0.25101",0.25101,1
"GO:2001028","positive regulation of endothelial cell chemotaxis",21,3,1.74,"0.25101",0.25101,1
"GO:0007586","digestion",41,5,3.4,"0.25130",0.2513,1
"GO:0043507","positive regulation of JUN kinase activity",41,5,3.4,"0.25130",0.2513,1
"GO:0072189","ureter development",41,5,3.4,"0.25130",0.2513,1
"GO:0043488","regulation of mRNA stability",94,10,7.8,"0.25234",0.25234,1
"GO:0002790","peptide secretion",105,11,8.72,"0.25385",0.25385,1
"GO:0007416","synapse assembly",160,16,13.28,"0.25389",0.25389,1
"GO:0007622","rhythmic behavior",31,4,2.57,"0.25390",0.2539,1
"GO:0032024","positive regulation of insulin secretion",31,4,2.57,"0.25390",0.2539,1
"GO:0032410","negative regulation of transporter activity",31,4,2.57,"0.25390",0.2539,1
"GO:0032413","negative regulation of ion transmembrane transporter activity",31,4,2.57,"0.25390",0.2539,1
"GO:0045806","negative regulation of endocytosis",31,4,2.57,"0.25390",0.2539,1
"GO:0048512","circadian behavior",31,4,2.57,"0.25390",0.2539,1
"GO:0055092","sterol homeostasis",31,4,2.57,"0.25390",0.2539,1
"GO:1903035","negative regulation of response to wounding",31,4,2.57,"0.25390",0.2539,1
"GO:0048598","embryonic morphogenesis",593,54,49.23,"0.25410",0.2541,1
"GO:0050878","regulation of body fluid levels",138,14,11.46,"0.25492",0.25492,1
"GO:0070085","glycosylation",205,20,17.02,"0.25668",0.25668,1
"GO:0031667","response to nutrient levels",284,27,23.58,"0.25697",0.25697,1
"GO:0009755","hormone-mediated signaling pathway",73,8,6.06,"0.25812",0.25812,1
"GO:0009066","aspartate family amino acid metabolic process",52,6,4.32,"0.26077",0.26077,1
"GO:0071868","cellular response to monoamine stimulus",52,6,4.32,"0.26077",0.26077,1
"GO:0071870","cellular response to catecholamine stimulus",52,6,4.32,"0.26077",0.26077,1
"GO:0001710","mesodermal cell fate commitment",12,2,1,"0.26256",0.26256,1
"GO:0002024","diet induced thermogenesis",12,2,1,"0.26256",0.26256,1
"GO:0002704","negative regulation of leukocyte mediated immunity",12,2,1,"0.26256",0.26256,1
"GO:0003416","endochondral bone growth",12,2,1,"0.26256",0.26256,1
"GO:0006882","intracellular zinc ion homeostasis",12,2,1,"0.26256",0.26256,1
"GO:0007028","cytoplasm organization",12,2,1,"0.26256",0.26256,1
"GO:0014841","skeletal muscle satellite cell proliferation",12,2,1,"0.26256",0.26256,1
"GO:0014842","regulation of skeletal muscle satellite cell proliferation",12,2,1,"0.26256",0.26256,1
"GO:0032490","detection of molecule of bacterial origin",12,2,1,"0.26256",0.26256,1
"GO:0033262","regulation of nuclear cell cycle DNA replication",12,2,1,"0.26256",0.26256,1
"GO:0042474","middle ear morphogenesis",12,2,1,"0.26256",0.26256,1
"GO:0042537","benzene-containing compound metabolic process",12,2,1,"0.26256",0.26256,1
"GO:0043248","proteasome assembly",12,2,1,"0.26256",0.26256,1
"GO:0045071","negative regulation of viral genome replication",12,2,1,"0.26256",0.26256,1
"GO:0071267","L-methionine salvage",12,2,1,"0.26256",0.26256,1
"GO:0071921","cohesin loading",12,2,1,"0.26256",0.26256,1
"GO:0072236","metanephric loop of Henle development",12,2,1,"0.26256",0.26256,1
"GO:0098868","bone growth",12,2,1,"0.26256",0.26256,1
"GO:1900151","regulation of nuclear-transcribed mRNA catabolic process, deadenylation-dependent decay",12,2,1,"0.26256",0.26256,1
"GO:1900153","positive regulation of nuclear-transcribed mRNA catabolic process, deadenylation-dependent decay",12,2,1,"0.26256",0.26256,1
"GO:1902745","positive regulation of lamellipodium organization",12,2,1,"0.26256",0.26256,1
"GO:2001204","regulation of osteoclast development",12,2,1,"0.26256",0.26256,1
"GO:0031099","regeneration",95,10,7.89,"0.26281",0.26281,1
"GO:0001890","placenta development",42,5,3.49,"0.26749",0.26749,1
"GO:0006367","transcription initiation at RNA polymerase II promoter",42,5,3.49,"0.26749",0.26749,1
"GO:0014044","Schwann cell development",42,5,3.49,"0.26749",0.26749,1
"GO:0015695","organic cation transport",42,5,3.49,"0.26749",0.26749,1
"GO:0019884","antigen processing and presentation of exogenous antigen",42,5,3.49,"0.26749",0.26749,1
"GO:0043967","histone H4 acetylation",42,5,3.49,"0.26749",0.26749,1
"GO:0061178","regulation of insulin secretion involved in cellular response to glucose stimulus",42,5,3.49,"0.26749",0.26749,1
"GO:0070371","ERK1 and ERK2 cascade",173,17,14.36,"0.26854",0.26854,1
"GO:0060828","regulation of canonical Wnt signaling pathway",151,15,12.54,"0.27121",0.27121,1
"GO:0060562","epithelial tube morphogenesis",332,31,27.56,"0.27123",0.27123,1
"GO:0035966","response to topologically incorrect protein",140,14,11.62,"0.27228",0.27228,1
"GO:1903532","positive regulation of secretion by cell",140,14,11.62,"0.27228",0.27228,1
"GO:0007043","cell-cell junction assembly",85,9,7.06,"0.27232",0.27232,1
"GO:0030073","insulin secretion",85,9,7.06,"0.27232",0.27232,1
"GO:0021794","thalamus development",32,4,2.66,"0.27278",0.27278,1
"GO:0030834","regulation of actin filament depolymerization",32,4,2.66,"0.27278",0.27278,1
"GO:0031646","positive regulation of nervous system process",32,4,2.66,"0.27278",0.27278,1
"GO:0048013","ephrin receptor signaling pathway",32,4,2.66,"0.27278",0.27278,1
"GO:0051568","histone H3-K4 methylation",32,4,2.66,"0.27278",0.27278,1
"GO:0048675","axon extension",107,11,8.88,"0.27381",0.27381,1
"GO:0001569","branching involved in blood vessel morphogenesis",22,3,1.83,"0.27418",0.27418,1
"GO:0008299","isoprenoid biosynthetic process",22,3,1.83,"0.27418",0.27418,1
"GO:0015697","quaternary ammonium group transport",22,3,1.83,"0.27418",0.27418,1
"GO:0019991","septate junction assembly",22,3,1.83,"0.27418",0.27418,1
"GO:0050909","sensory perception of taste",22,3,1.83,"0.27418",0.27418,1
"GO:0051974","negative regulation of telomerase activity",22,3,1.83,"0.27418",0.27418,1
"GO:1902570","protein localization to nucleolus",22,3,1.83,"0.27418",0.27418,1
"GO:0019079","viral genome replication",53,6,4.4,"0.27528",0.27528,1
"GO:0032392","DNA geometric change",53,6,4.4,"0.27528",0.27528,1
"GO:0048332","mesoderm morphogenesis",53,6,4.4,"0.27528",0.27528,1
"GO:0034654","nucleobase-containing compound biosynthetic process",2282,197,189.46,"0.27591",0.27591,1
"GO:0048871","multicellular organismal-level homeostasis",356,33,29.56,"0.27737",0.27737,1
"GO:0001701","in utero embryonic development",163,16,13.53,"0.27811",0.27811,1
"GO:0071695","anatomical structure maturation",208,20,17.27,"0.27811",0.27811,1
"GO:0031123","RNA 3'-end processing",64,7,5.31,"0.27984",0.27984,1
"GO:0002429","immune response-activating cell surface receptor signaling pathway",119,12,9.88,"0.28333",0.28333,1
"GO:0050905","neuromuscular process",86,9,7.14,"0.28375",0.28375,1
"GO:0008625","extrinsic apoptotic signaling pathway via death domain receptors",43,5,3.57,"0.28390",0.2839,1
"GO:0035773","insulin secretion involved in cellular response to glucose stimulus",43,5,3.57,"0.28390",0.2839,1
"GO:0044786","cell cycle DNA replication",43,5,3.57,"0.28390",0.2839,1
"GO:0097529","myeloid leukocyte migration",43,5,3.57,"0.28390",0.2839,1
"GO:0048588","developmental cell growth",164,16,13.62,"0.28635",0.28635,1
"GO:0002443","leukocyte mediated immunity",198,19,16.44,"0.28774",0.28774,1
"GO:0009987","cellular process",11435,955,949.37,"0.28830",0.2883,1
"GO:0007424","open tracheal system development",54,6,4.48,"0.28996",0.28996,1
"GO:0019882","antigen processing and presentation",54,6,4.48,"0.28996",0.28996,1
"GO:0070206","protein trimerization",54,6,4.48,"0.28996",0.28996,1
"GO:0072659","protein localization to plasma membrane",187,18,15.53,"0.29008",0.29008,1
"GO:0006301","postreplication repair",33,4,2.74,"0.29188",0.29188,1
"GO:0008045","motor neuron axon guidance",33,4,2.74,"0.29188",0.29188,1
"GO:0016574","histone ubiquitination",33,4,2.74,"0.29188",0.29188,1
"GO:0032288","myelin assembly",33,4,2.74,"0.29188",0.29188,1
"GO:0033059","cellular pigmentation",33,4,2.74,"0.29188",0.29188,1
"GO:0070936","protein K48-linked ubiquitination",33,4,2.74,"0.29188",0.29188,1
"GO:0042127","regulation of cell population proliferation",1294,113,107.43,"0.29209",0.29209,1
"GO:0050877","nervous system process",602,54,49.98,"0.29240",0.2924,1
"GO:0001947","heart looping",65,7,5.4,"0.29324",0.29324,1
"GO:0007422","peripheral nervous system development",65,7,5.4,"0.29324",0.29324,1
"GO:0070663","regulation of leukocyte proliferation",65,7,5.4,"0.29324",0.29324,1
"GO:0030178","negative regulation of Wnt signaling pathway",109,11,9.05,"0.29425",0.29425,1
"GO:0002068","glandular epithelial cell development",13,2,1.08,"0.29446",0.29446,1
"GO:0008206","bile acid metabolic process",13,2,1.08,"0.29446",0.29446,1
"GO:0008298","intracellular mRNA localization",13,2,1.08,"0.29446",0.29446,1
"GO:0010922","positive regulation of phosphatase activity",13,2,1.08,"0.29446",0.29446,1
"GO:0014002","astrocyte development",13,2,1.08,"0.29446",0.29446,1
"GO:0030836","positive regulation of actin filament depolymerization",13,2,1.08,"0.29446",0.29446,1
"GO:0031952","regulation of protein autophosphorylation",13,2,1.08,"0.29446",0.29446,1
"GO:0034085","establishment of sister chromatid cohesion",13,2,1.08,"0.29446",0.29446,1
"GO:0035118","embryonic pectoral fin morphogenesis",13,2,1.08,"0.29446",0.29446,1
"GO:0042023","DNA endoreduplication",13,2,1.08,"0.29446",0.29446,1
"GO:0042048","olfactory behavior",13,2,1.08,"0.29446",0.29446,1
"GO:0043102","amino acid salvage",13,2,1.08,"0.29446",0.29446,1
"GO:0045070","positive regulation of viral genome replication",13,2,1.08,"0.29446",0.29446,1
"GO:0045187","regulation of circadian sleep/wake cycle, sleep",13,2,1.08,"0.29446",0.29446,1
"GO:0048520","positive regulation of behavior",13,2,1.08,"0.29446",0.29446,1
"GO:0048570","notochord morphogenesis",13,2,1.08,"0.29446",0.29446,1
"GO:0048671","negative regulation of collateral sprouting",13,2,1.08,"0.29446",0.29446,1
"GO:0051967","negative regulation of synaptic transmission, glutamatergic",13,2,1.08,"0.29446",0.29446,1
"GO:0060080","inhibitory postsynaptic potential",13,2,1.08,"0.29446",0.29446,1
"GO:0060346","bone trabecula formation",13,2,1.08,"0.29446",0.29446,1
"GO:0060445","branching involved in salivary gland morphogenesis",13,2,1.08,"0.29446",0.29446,1
"GO:0060484","lung-associated mesenchyme development",13,2,1.08,"0.29446",0.29446,1
"GO:0070269","pyroptosis",13,2,1.08,"0.29446",0.29446,1
"GO:0072070","loop of Henle development",13,2,1.08,"0.29446",0.29446,1
"GO:1901881","positive regulation of protein depolymerization",13,2,1.08,"0.29446",0.29446,1
"GO:1903306","negative regulation of regulated secretory pathway",13,2,1.08,"0.29446",0.29446,1
"GO:2000105","positive regulation of DNA-templated DNA replication",13,2,1.08,"0.29446",0.29446,1
"GO:2000142","regulation of DNA-templated transcription initiation",13,2,1.08,"0.29446",0.29446,1
"GO:0016051","carbohydrate biosynthetic process",98,10,8.14,"0.29503",0.29503,1
"GO:0048562","embryonic organ morphogenesis",256,24,21.25,"0.29586",0.29586,1
"GO:0006921","cellular component disassembly involved in execution phase of apoptosis",23,3,1.91,"0.29755",0.29755,1
"GO:0009250","glucan biosynthetic process",23,3,1.91,"0.29755",0.29755,1
"GO:0030262","apoptotic nuclear changes",23,3,1.91,"0.29755",0.29755,1
"GO:0048536","spleen development",23,3,1.91,"0.29755",0.29755,1
"GO:0050433","regulation of catecholamine secretion",23,3,1.91,"0.29755",0.29755,1
"GO:0051452","intracellular pH reduction",23,3,1.91,"0.29755",0.29755,1
"GO:0097237","cellular response to toxic substance",23,3,1.91,"0.29755",0.29755,1
"GO:2001026","regulation of endothelial cell chemotaxis",23,3,1.91,"0.29755",0.29755,1
"GO:0021537","telencephalon development",188,18,15.61,"0.29791",0.29791,1
"GO:0010721","negative regulation of cell development",143,14,11.87,"0.29903",0.29903,1
"GO:0048568","embryonic organ development",337,31,27.98,"0.30012",0.30012,1
"GO:0045494","photoreceptor cell maintenance",44,5,3.65,"0.30049",0.30049,1
"GO:0002768","immune response-regulating cell surface receptor signaling pathway",121,12,10.05,"0.30295",0.30295,1
"GO:0032874","positive regulation of stress-activated MAPK cascade",55,6,4.57,"0.30481",0.30481,1
"GO:0050714","positive regulation of protein secretion",55,6,4.57,"0.30481",0.30481,1
"GO:0070304","positive regulation of stress-activated protein kinase signaling cascade",55,6,4.57,"0.30481",0.30481,1
"GO:0071867","response to monoamine",55,6,4.57,"0.30481",0.30481,1
"GO:0071869","response to catecholamine",55,6,4.57,"0.30481",0.30481,1
"GO:0072666","establishment of protein localization to vacuole",66,7,5.48,"0.30677",0.30677,1
"GO:0032465","regulation of cytokinesis",88,9,7.31,"0.30696",0.30696,1
"GO:0051703","biological process involved in intraspecies interaction between organisms",77,8,6.39,"0.30732",0.30732,1
"GO:0034976","response to endoplasmic reticulum stress",212,20,17.6,"0.30761",0.30761,1
"GO:0048858","cell projection morphogenesis",524,47,43.5,"0.30848",0.30848,1
"GO:0120039","plasma membrane bounded cell projection morphogenesis",524,47,43.5,"0.30848",0.30848,1
"GO:0009611","response to wounding",258,24,21.42,"0.30938",0.30938,1
"GO:0043536","positive regulation of blood vessel endothelial cell migration",34,4,2.82,"0.31116",0.31116,1
"GO:0070373","negative regulation of ERK1 and ERK2 cascade",34,4,2.82,"0.31116",0.31116,1
"GO:0097530","granulocyte migration",34,4,2.82,"0.31116",0.31116,1
"GO:2000279","negative regulation of DNA biosynthetic process",34,4,2.82,"0.31116",0.31116,1
"GO:0071345","cellular response to cytokine stimulus",293,27,24.33,"0.31282",0.31282,1
"GO:0010556","regulation of macromolecule biosynthetic process",2524,216,209.55,"0.31383",0.31383,1
"GO:0007165","signal transduction",3228,275,268,"0.31399",0.31399,1
"GO:0009266","response to temperature stimulus",156,15,12.95,"0.31441",0.31441,1
"GO:0032496","response to lipopolysaccharide",156,15,12.95,"0.31441",0.31441,1
"GO:0051896","regulation of phosphatidylinositol 3-kinase/protein kinase B signal transduction",111,11,9.22,"0.31509",0.31509,1
"GO:0030518","intracellular steroid hormone receptor signaling pathway",45,5,3.74,"0.31723",0.31723,1
"GO:0048002","antigen processing and presentation of peptide antigen",45,5,3.74,"0.31723",0.31723,1
"GO:0021543","pallium development",145,14,12.04,"0.31728",0.31728,1
"GO:0009991","response to extracellular stimulus",317,29,26.32,"0.31870",0.3187,1
"GO:0019226","transmission of nerve impulse",89,9,7.39,"0.31873",0.31873,1
"GO:0023052","signaling",3541,301,293.98,"0.31874",0.31874,1
"GO:0006941","striated muscle contraction",56,6,4.65,"0.31978",0.31978,1
"GO:0010468","regulation of gene expression",2455,210,203.82,"0.31982",0.31982,1
"GO:0070372","regulation of ERK1 and ERK2 cascade",168,16,13.95,"0.32006",0.32006,1
"GO:0051348","negative regulation of transferase activity",134,13,11.13,"0.32012",0.32012,1
"GO:0006415","translational termination",24,3,1.99,"0.32102",0.32102,1
"GO:0007431","salivary gland development",24,3,1.99,"0.32102",0.32102,1
"GO:0009086","methionine biosynthetic process",24,3,1.99,"0.32102",0.32102,1
"GO:0016447","somatic recombination of immunoglobulin gene segments",24,3,1.99,"0.32102",0.32102,1
"GO:0021544","subpallium development",24,3,1.99,"0.32102",0.32102,1
"GO:0021756","striatum development",24,3,1.99,"0.32102",0.32102,1
"GO:0035914","skeletal muscle cell differentiation",24,3,1.99,"0.32102",0.32102,1
"GO:0045445","myoblast differentiation",24,3,1.99,"0.32102",0.32102,1
"GO:0048662","negative regulation of smooth muscle cell proliferation",24,3,1.99,"0.32102",0.32102,1
"GO:0060148","positive regulation of post-transcriptional gene silencing",24,3,1.99,"0.32102",0.32102,1
"GO:1902373","negative regulation of mRNA catabolic process",24,3,1.99,"0.32102",0.32102,1
"GO:0018130","heterocycle biosynthetic process",2349,201,195.02,"0.32282",0.32282,1
"GO:0031098","stress-activated protein kinase signaling cascade",157,15,13.03,"0.32327",0.32327,1
"GO:0001958","endochondral ossification",14,2,1.16,"0.32615",0.32615,1
"GO:0006103","2-oxoglutarate metabolic process",14,2,1.16,"0.32615",0.32615,1
"GO:0006309","apoptotic DNA fragmentation",14,2,1.16,"0.32615",0.32615,1
"GO:0006662","glycerol ether metabolic process",14,2,1.16,"0.32615",0.32615,1
"GO:0007419","ventral cord development",14,2,1.16,"0.32615",0.32615,1
"GO:0014856","skeletal muscle cell proliferation",14,2,1.16,"0.32615",0.32615,1
"GO:0014857","regulation of skeletal muscle cell proliferation",14,2,1.16,"0.32615",0.32615,1
"GO:0016080","synaptic vesicle targeting",14,2,1.16,"0.32615",0.32615,1
"GO:0035138","pectoral fin morphogenesis",14,2,1.16,"0.32615",0.32615,1
"GO:0036075","replacement ossification",14,2,1.16,"0.32615",0.32615,1
"GO:0042749","regulation of circadian sleep/wake cycle",14,2,1.16,"0.32615",0.32615,1
"GO:0042795","snRNA transcription by RNA polymerase II",14,2,1.16,"0.32615",0.32615,1
"GO:0043114","regulation of vascular permeability",14,2,1.16,"0.32615",0.32615,1
"GO:0043304","regulation of mast cell degranulation",14,2,1.16,"0.32615",0.32615,1
"GO:0045616","regulation of keratinocyte differentiation",14,2,1.16,"0.32615",0.32615,1
"GO:0046128","purine ribonucleoside metabolic process",14,2,1.16,"0.32615",0.32615,1
"GO:0046685","response to arsenic-containing substance",14,2,1.16,"0.32615",0.32615,1
"GO:0050802","circadian sleep/wake cycle, sleep",14,2,1.16,"0.32615",0.32615,1
"GO:0060351","cartilage development involved in endochondral bone morphogenesis",14,2,1.16,"0.32615",0.32615,1
"GO:0060674","placenta blood vessel development",14,2,1.16,"0.32615",0.32615,1
"GO:0061430","bone trabecula morphogenesis",14,2,1.16,"0.32615",0.32615,1
"GO:0070897","transcription preinitiation complex assembly",14,2,1.16,"0.32615",0.32615,1
"GO:0071361","cellular response to ethanol",14,2,1.16,"0.32615",0.32615,1
"GO:0019438","aromatic compound biosynthetic process",2364,202,196.27,"0.33050",0.3305,1
"GO:0048259","regulation of receptor-mediated endocytosis",35,4,2.91,"0.33054",0.33054,1
"GO:1903900","regulation of viral life cycle",35,4,2.91,"0.33054",0.33054,1
"GO:0051603","proteolysis involved in protein catabolic process",564,50,46.83,"0.33219",0.33219,1
"GO:0050796","regulation of insulin secretion",79,8,6.56,"0.33264",0.33264,1
"GO:0048513","animal organ development",1865,160,154.84,"0.33321",0.33321,1
"GO:0048731","system development",2604,222,216.19,"0.33416",0.33416,1
"GO:0051100","negative regulation of binding",68,7,5.65,"0.33418",0.33418,1
"GO:0019219","regulation of nucleobase-containing compound metabolic process",2093,179,173.77,"0.33828",0.33828,1
"GO:0061013","regulation of mRNA catabolic process",102,10,8.47,"0.33945",0.33945,1
"GO:0001837","epithelial to mesenchymal transition",136,13,11.29,"0.33946",0.33946,1
"GO:0008544","epidermis development",136,13,11.29,"0.33946",0.33946,1
"GO:0010608","post-transcriptional regulation of gene expression",309,28,25.65,"0.34139",0.34139,1
"GO:0001843","neural tube closure",91,9,7.56,"0.34253",0.34253,1
"GO:0002791","regulation of peptide secretion",91,9,7.56,"0.34253",0.34253,1
"GO:0060993","kidney morphogenesis",91,9,7.56,"0.34253",0.34253,1
"GO:0090276","regulation of peptide hormone secretion",91,9,7.56,"0.34253",0.34253,1
"GO:0048729","tissue morphogenesis",531,47,44.09,"0.34262",0.34262,1
"GO:0009889","regulation of biosynthetic process",2584,220,214.53,"0.34358",0.34358,1
"GO:0009888","tissue development",1263,109,104.86,"0.34400",0.344,1
"GO:0002698","negative regulation of immune effector process",25,3,2.08,"0.34451",0.34451,1
"GO:0005977","glycogen metabolic process",25,3,2.08,"0.34451",0.34451,1
"GO:0006809","nitric oxide biosynthetic process",25,3,2.08,"0.34451",0.34451,1
"GO:0016266","O-glycan processing",25,3,2.08,"0.34451",0.34451,1
"GO:0018023","peptidyl-lysine trimethylation",25,3,2.08,"0.34451",0.34451,1
"GO:0045599","negative regulation of fat cell differentiation",25,3,2.08,"0.34451",0.34451,1
"GO:0050432","catecholamine secretion",25,3,2.08,"0.34451",0.34451,1
"GO:0050918","positive chemotaxis",25,3,2.08,"0.34451",0.34451,1
"GO:0071621","granulocyte chemotaxis",25,3,2.08,"0.34451",0.34451,1
"GO:1903078","positive regulation of protein localization to plasma membrane",25,3,2.08,"0.34451",0.34451,1
"GO:2000352","negative regulation of endothelial cell apoptotic process",25,3,2.08,"0.34451",0.34451,1
"GO:0051047","positive regulation of secretion",148,14,12.29,"0.34514",0.34514,1
"GO:0060326","cell chemotaxis",80,8,6.64,"0.34543",0.34543,1
"GO:0033554","cellular response to stress",1311,113,108.84,"0.34586",0.34586,1
"GO:0051246","regulation of protein metabolic process",1323,114,109.84,"0.34631",0.34631,1
"GO:0043542","endothelial cell migration",114,11,9.46,"0.34694",0.34694,1
"GO:0032990","cell part morphogenesis",532,47,44.17,"0.34759",0.34759,1
"GO:0007600","sensory perception",345,31,28.64,"0.34836",0.34836,1
"GO:0000079","regulation of cyclin-dependent protein serine/threonine kinase activity",36,4,2.99,"0.34998",0.34998,1
"GO:0019886","antigen processing and presentation of exogenous peptide antigen via MHC class II",36,4,2.99,"0.34998",0.34998,1
"GO:0030239","myofibril assembly",36,4,2.99,"0.34998",0.34998,1
"GO:0030595","leukocyte chemotaxis",36,4,2.99,"0.34998",0.34998,1
"GO:0034766","negative regulation of monoatomic ion transmembrane transport",36,4,2.99,"0.34998",0.34998,1
"GO:0070534","protein K63-linked ubiquitination",58,6,4.82,"0.35002",0.35002,1
"GO:0031326","regulation of cellular biosynthetic process",2563,218,212.79,"0.35067",0.35067,1
"GO:0001659","temperature homeostasis",47,5,3.9,"0.35100",0.351,1
"GO:0035176","social behavior",47,5,3.9,"0.35100",0.351,1
"GO:0035239","tube morphogenesis",686,60,56.95,"0.35289",0.35289,1
"GO:0048812","neuron projection morphogenesis",522,46,43.34,"0.35633",0.35633,1
"GO:0009452","7-methylguanosine RNA capping",15,2,1.25,"0.35744",0.35744,1
"GO:0016081","synaptic vesicle docking",15,2,1.25,"0.35744",0.35744,1
"GO:0021682","nerve maturation",15,2,1.25,"0.35744",0.35744,1
"GO:0021696","cerebellar cortex morphogenesis",15,2,1.25,"0.35744",0.35744,1
"GO:0021873","forebrain neuroblast division",15,2,1.25,"0.35744",0.35744,1
"GO:0022410","circadian sleep/wake cycle process",15,2,1.25,"0.35744",0.35744,1
"GO:0030903","notochord development",15,2,1.25,"0.35744",0.35744,1
"GO:0032104","regulation of response to extracellular stimulus",15,2,1.25,"0.35744",0.35744,1
"GO:0032107","regulation of response to nutrient levels",15,2,1.25,"0.35744",0.35744,1
"GO:0032438","melanosome organization",15,2,1.25,"0.35744",0.35744,1
"GO:0034472","snRNA 3'-end processing",15,2,1.25,"0.35744",0.35744,1
"GO:0035751","regulation of lysosomal lumen pH",15,2,1.25,"0.35744",0.35744,1
"GO:0043303","mast cell degranulation",15,2,1.25,"0.35744",0.35744,1
"GO:0045907","positive regulation of vasoconstriction",15,2,1.25,"0.35744",0.35744,1
"GO:0045920","negative regulation of exocytosis",15,2,1.25,"0.35744",0.35744,1
"GO:0045933","positive regulation of muscle contraction",15,2,1.25,"0.35744",0.35744,1
"GO:0048169","regulation of long-term neuronal synaptic plasticity",15,2,1.25,"0.35744",0.35744,1
"GO:0051220","cytoplasmic sequestering of protein",15,2,1.25,"0.35744",0.35744,1
"GO:0051898","negative regulation of phosphatidylinositol 3-kinase/protein kinase B signal transduction",15,2,1.25,"0.35744",0.35744,1
"GO:0060856","establishment of blood-brain barrier",15,2,1.25,"0.35744",0.35744,1
"GO:0060857","establishment of glial blood-brain barrier",15,2,1.25,"0.35744",0.35744,1
"GO:0071679","commissural neuron axon guidance",15,2,1.25,"0.35744",0.35744,1
"GO:0097300","programmed necrotic cell death",15,2,1.25,"0.35744",0.35744,1
"GO:0120033","negative regulation of plasma membrane bounded cell projection assembly",15,2,1.25,"0.35744",0.35744,1
"GO:0048193","Golgi vesicle transport",265,24,22,"0.35805",0.35805,1
"GO:0002009","morphogenesis of an epithelium",452,40,37.53,"0.35857",0.35857,1
"GO:0048645","animal organ formation",70,7,5.81,"0.36190",0.3619,1
"GO:1901362","organic cyclic compound biosynthetic process",2460,209,204.24,"0.36196",0.36196,1
"GO:0001841","neural tube formation",104,10,8.63,"0.36209",0.36209,1
"GO:0030900","forebrain development",289,26,23.99,"0.36305",0.36305,1
"GO:0070613","regulation of protein processing",59,6,4.9,"0.36523",0.36523,1
"GO:0071901","negative regulation of protein serine/threonine kinase activity",59,6,4.9,"0.36523",0.36523,1
"GO:1903317","regulation of protein maturation",59,6,4.9,"0.36523",0.36523,1
"GO:0050920","regulation of chemotaxis",93,9,7.72,"0.36659",0.36659,1
"GO:0051129","negative regulation of cellular component organization",477,42,39.6,"0.36675",0.36675,1
"GO:0002688","regulation of leukocyte chemotaxis",26,3,2.16,"0.36792",0.36792,1
"GO:0009225","nucleotide-sugar metabolic process",26,3,2.16,"0.36792",0.36792,1
"GO:0019730","antimicrobial humoral response",26,3,2.16,"0.36792",0.36792,1
"GO:0042698","ovulation cycle",26,3,2.16,"0.36792",0.36792,1
"GO:0046209","nitric oxide metabolic process",26,3,2.16,"0.36792",0.36792,1
"GO:1901658","glycosyl compound catabolic process",26,3,2.16,"0.36792",0.36792,1
"GO:0006721","terpenoid metabolic process",48,5,3.99,"0.36796",0.36796,1
"GO:1990845","adaptive thermogenesis",48,5,3.99,"0.36796",0.36796,1
"GO:0050890","cognition",162,15,13.45,"0.36838",0.36838,1
"GO:0002377","immunoglobulin production",37,4,3.07,"0.36943",0.36943,1
"GO:0021545","cranial nerve development",37,4,3.07,"0.36943",0.36943,1
"GO:0042743","hydrogen peroxide metabolic process",37,4,3.07,"0.36943",0.36943,1
"GO:0050868","negative regulation of T cell activation",37,4,3.07,"0.36943",0.36943,1
"GO:1903038","negative regulation of leukocyte cell-cell adhesion",37,4,3.07,"0.36943",0.36943,1
"GO:0009101","glycoprotein biosynthetic process",255,23,21.17,"0.36981",0.36981,1
"GO:0032984","protein-containing complex disassembly",151,14,12.54,"0.37345",0.37345,1
"GO:0009746","response to hexose",105,10,8.72,"0.37348",0.37348,1
"GO:0021510","spinal cord development",71,7,5.89,"0.37584",0.37584,1
"GO:0022408","negative regulation of cell-cell adhesion",71,7,5.89,"0.37584",0.37584,1
"GO:0072665","protein localization to vacuole",71,7,5.89,"0.37584",0.37584,1
"GO:0006511","ubiquitin-dependent protein catabolic process",467,41,38.77,"0.37625",0.37625,1
"GO:0014020","primary neural tube formation",94,9,7.8,"0.37869",0.37869,1
"GO:0006355","regulation of DNA-templated transcription",1762,150,146.29,"0.37921",0.37921,1
"GO:0006623","protein targeting to vacuole",60,6,4.98,"0.38047",0.38047,1
"GO:0043154","negative regulation of cysteine-type endopeptidase activity involved in apoptotic process",60,6,4.98,"0.38047",0.38047,1
"GO:0045454","cell redox homeostasis",60,6,4.98,"0.38047",0.38047,1
"GO:2000117","negative regulation of cysteine-type endopeptidase activity",60,6,4.98,"0.38047",0.38047,1
"GO:0009416","response to light stimulus",210,19,17.43,"0.38211",0.38211,1
"GO:2001141","regulation of RNA biosynthetic process",1763,150,146.37,"0.38216",0.38216,1
"GO:2000027","regulation of animal organ morphogenesis",106,10,8.8,"0.38491",0.38491,1
"GO:0032508","DNA duplex unwinding",49,5,4.07,"0.38493",0.38493,1
"GO:0007417","central nervous system development",682,59,56.62,"0.38807",0.38807,1
"GO:0001964","startle response",16,2,1.33,"0.38819",0.38819,1
"GO:0002448","mast cell mediated immunity",16,2,1.33,"0.38819",0.38819,1
"GO:0009074","aromatic amino acid family catabolic process",16,2,1.33,"0.38819",0.38819,1
"GO:0009164","nucleoside catabolic process",16,2,1.33,"0.38819",0.38819,1
"GO:0009301","snRNA transcription",16,2,1.33,"0.38819",0.38819,1
"GO:0009651","response to salt stress",16,2,1.33,"0.38819",0.38819,1
"GO:0009988","cell-cell recognition",16,2,1.33,"0.38819",0.38819,1
"GO:0010039","response to iron ion",16,2,1.33,"0.38819",0.38819,1
"GO:0018126","protein hydroxylation",16,2,1.33,"0.38819",0.38819,1
"GO:0019321","pentose metabolic process",16,2,1.33,"0.38819",0.38819,1
"GO:0033119","negative regulation of RNA splicing",16,2,1.33,"0.38819",0.38819,1
"GO:0042278","purine nucleoside metabolic process",16,2,1.33,"0.38819",0.38819,1
"GO:0042745","circadian sleep/wake cycle",16,2,1.33,"0.38819",0.38819,1
"GO:0042755","eating behavior",16,2,1.33,"0.38819",0.38819,1
"GO:0043300","regulation of leukocyte degranulation",16,2,1.33,"0.38819",0.38819,1
"GO:0043616","keratinocyte proliferation",16,2,1.33,"0.38819",0.38819,1
"GO:0043981","histone H4-K5 acetylation",16,2,1.33,"0.38819",0.38819,1
"GO:0043982","histone H4-K8 acetylation",16,2,1.33,"0.38819",0.38819,1
"GO:0046058","cAMP metabolic process",16,2,1.33,"0.38819",0.38819,1
"GO:0046456","icosanoid biosynthetic process",16,2,1.33,"0.38819",0.38819,1
"GO:0046856","phosphatidylinositol dephosphorylation",16,2,1.33,"0.38819",0.38819,1
"GO:0048333","mesodermal cell differentiation",16,2,1.33,"0.38819",0.38819,1
"GO:0048842","positive regulation of axon extension involved in axon guidance",16,2,1.33,"0.38819",0.38819,1
"GO:0051969","regulation of transmission of nerve impulse",16,2,1.33,"0.38819",0.38819,1
"GO:0060117","auditory receptor cell development",16,2,1.33,"0.38819",0.38819,1
"GO:0060287","epithelial cilium movement involved in determination of left/right asymmetry",16,2,1.33,"0.38819",0.38819,1
"GO:0060795","cell fate commitment involved in formation of primary germ layer",16,2,1.33,"0.38819",0.38819,1
"GO:0060973","cell migration involved in heart development",16,2,1.33,"0.38819",0.38819,1
"GO:0070126","mitochondrial translational termination",16,2,1.33,"0.38819",0.38819,1
"GO:0071265","L-methionine biosynthetic process",16,2,1.33,"0.38819",0.38819,1
"GO:0071675","regulation of mononuclear cell migration",16,2,1.33,"0.38819",0.38819,1
"GO:0120163","negative regulation of cold-induced thermogenesis",16,2,1.33,"0.38819",0.38819,1
"GO:1904646","cellular response to amyloid-beta",16,2,1.33,"0.38819",0.38819,1
"GO:1990748","cellular detoxification",16,2,1.33,"0.38819",0.38819,1
"GO:2000379","positive regulation of reactive oxygen species metabolic process",16,2,1.33,"0.38819",0.38819,1
"GO:0006261","DNA-templated DNA replication",141,13,11.71,"0.38867",0.38867,1
"GO:0000271","polysaccharide biosynthetic process",38,4,3.15,"0.38884",0.38884,1
"GO:0002495","antigen processing and presentation of peptide antigen via MHC class II",38,4,3.15,"0.38884",0.38884,1
"GO:0002504","antigen processing and presentation of peptide or polysaccharide antigen via MHC class II",38,4,3.15,"0.38884",0.38884,1
"GO:0003230","cardiac atrium development",38,4,3.15,"0.38884",0.38884,1
"GO:0010923","negative regulation of phosphatase activity",38,4,3.15,"0.38884",0.38884,1
"GO:0048010","vascular endothelial growth factor receptor signaling pathway",38,4,3.15,"0.38884",0.38884,1
"GO:0055002","striated muscle cell development",38,4,3.15,"0.38884",0.38884,1
"GO:1901880","negative regulation of protein depolymerization",38,4,3.15,"0.38884",0.38884,1
"GO:0001754","eye photoreceptor cell differentiation",72,7,5.98,"0.38980",0.3898,1
"GO:0033865","nucleoside bisphosphate metabolic process",72,7,5.98,"0.38980",0.3898,1
"GO:0033875","ribonucleoside bisphosphate metabolic process",72,7,5.98,"0.38980",0.3898,1
"GO:0034032","purine nucleoside bisphosphate metabolic process",72,7,5.98,"0.38980",0.3898,1
"GO:0001819","positive regulation of cytokine production",118,11,9.8,"0.39017",0.39017,1
"GO:0050708","regulation of protein secretion",118,11,9.8,"0.39017",0.39017,1
"GO:0060606","tube closure",95,9,7.89,"0.39082",0.39082,1
"GO:0090087","regulation of peptide transport",95,9,7.89,"0.39082",0.39082,1
"GO:0006220","pyrimidine nucleotide metabolic process",27,3,2.24,"0.39118",0.39118,1
"GO:0006298","mismatch repair",27,3,2.24,"0.39118",0.39118,1
"GO:0006555","methionine metabolic process",27,3,2.24,"0.39118",0.39118,1
"GO:0008039","synaptic target recognition",27,3,2.24,"0.39118",0.39118,1
"GO:0019369","arachidonic acid metabolic process",27,3,2.24,"0.39118",0.39118,1
"GO:0032892","positive regulation of organic acid transport",27,3,2.24,"0.39118",0.39118,1
"GO:0035196","miRNA processing",27,3,2.24,"0.39118",0.39118,1
"GO:0035767","endothelial cell chemotaxis",27,3,2.24,"0.39118",0.39118,1
"GO:0045161","neuronal ion channel clustering",27,3,2.24,"0.39118",0.39118,1
"GO:0045740","positive regulation of DNA replication",27,3,2.24,"0.39118",0.39118,1
"GO:0070252","actin-mediated cell contraction",27,3,2.24,"0.39118",0.39118,1
"GO:0060070","canonical Wnt signaling pathway",188,17,15.61,"0.39309",0.39309,1
"GO:0042593","glucose homeostasis",130,12,10.79,"0.39468",0.39468,1
"GO:0044057","regulation of system process",235,21,19.51,"0.39503",0.39503,1
"GO:0001508","action potential",107,10,8.88,"0.39636",0.39636,1
"GO:0034284","response to monosaccharide",107,10,8.88,"0.39636",0.39636,1
"GO:0019941","modification-dependent protein catabolic process",471,41,39.1,"0.39812",0.39812,1
"GO:0051172","negative regulation of nitrogen compound metabolic process",1017,87,84.43,"0.39830",0.3983,1
"GO:0007162","negative regulation of cell adhesion",119,11,9.88,"0.40105",0.40105,1
"GO:0048593","camera-type eye morphogenesis",119,11,9.88,"0.40105",0.40105,1
"GO:0007062","sister chromatid cohesion",50,5,4.15,"0.40188",0.40188,1
"GO:0010332","response to gamma radiation",50,5,4.15,"0.40188",0.40188,1
"GO:1902652","secondary alcohol metabolic process",96,9,7.97,"0.40296",0.40296,1
"GO:0099173","postsynapse organization",73,7,6.06,"0.40376",0.40376,1
"GO:0033500","carbohydrate homeostasis",131,12,10.88,"0.40507",0.40507,1
"GO:1901875","positive regulation of post-translational protein modification",131,12,10.88,"0.40507",0.40507,1
"GO:0071692","protein localization to extracellular region",166,15,13.78,"0.40514",0.40514,1
"GO:0006904","vesicle docking involved in exocytosis",39,4,3.24,"0.40817",0.40817,1
"GO:0010507","negative regulation of autophagy",39,4,3.24,"0.40817",0.40817,1
"GO:0021872","forebrain generation of neurons",39,4,3.24,"0.40817",0.40817,1
"GO:0035725","sodium ion transmembrane transport",39,4,3.24,"0.40817",0.40817,1
"GO:0043242","negative regulation of protein-containing complex disassembly",39,4,3.24,"0.40817",0.40817,1
"GO:0045670","regulation of osteoclast differentiation",39,4,3.24,"0.40817",0.40817,1
"GO:0016358","dendrite development",190,17,15.77,"0.41037",0.41037,1
"GO:0002761","regulation of myeloid leukocyte differentiation",62,6,5.15,"0.41096",0.41096,1
"GO:0060071","Wnt signaling pathway, planar cell polarity pathway",62,6,5.15,"0.41096",0.41096,1
"GO:0032989","cellular component morphogenesis",592,51,49.15,"0.41123",0.41123,1
"GO:0009314","response to radiation",296,26,24.57,"0.41126",0.41126,1
"GO:0009628","response to abiotic stimulus",830,71,68.91,"0.41214",0.41214,1
"GO:0030111","regulation of Wnt signaling pathway",202,18,16.77,"0.41261",0.41261,1
"GO:0001655","urogenital system development",28,3,2.32,"0.41421",0.41421,1
"GO:0006144","purine nucleobase metabolic process",28,3,2.32,"0.41421",0.41421,1
"GO:0016445","somatic diversification of immunoglobulins",28,3,2.32,"0.41421",0.41421,1
"GO:0021515","cell differentiation in spinal cord",28,3,2.32,"0.41421",0.41421,1
"GO:0030837","negative regulation of actin filament polymerization",28,3,2.32,"0.41421",0.41421,1
"GO:0033334","fin morphogenesis",28,3,2.32,"0.41421",0.41421,1
"GO:0035151","regulation of tube size, open tracheal system",28,3,2.32,"0.41421",0.41421,1
"GO:0045214","sarcomere organization",28,3,2.32,"0.41421",0.41421,1
"GO:0046888","negative regulation of hormone secretion",28,3,2.32,"0.41421",0.41421,1
"GO:0050810","regulation of steroid biosynthetic process",28,3,2.32,"0.41421",0.41421,1
"GO:2000351","regulation of endothelial cell apoptotic process",28,3,2.32,"0.41421",0.41421,1
"GO:0000082","G1/S transition of mitotic cell cycle",167,15,13.86,"0.41438",0.41438,1
"GO:0003015","heart process",97,9,8.05,"0.41511",0.41511,1
"GO:0009749","response to glucose",97,9,8.05,"0.41511",0.41511,1
"GO:0051302","regulation of cell division",132,12,10.96,"0.41547",0.41547,1
"GO:0002694","regulation of leukocyte activation",179,16,14.86,"0.41682",0.41682,1
"GO:1902533","positive regulation of intracellular signal transduction",510,44,42.34,"0.41688",0.41688,1
"GO:0006275","regulation of DNA replication",74,7,6.14,"0.41772",0.41772,1
"GO:1903052","positive regulation of proteolysis involved in protein catabolic process",74,7,6.14,"0.41772",0.41772,1
"GO:0032535","regulation of cellular component size",238,21,19.76,"0.41826",0.41826,1
"GO:0001961","positive regulation of cytokine-mediated signaling pathway",17,2,1.41,"0.41826",0.41826,1
"GO:0003382","epithelial cell morphogenesis",17,2,1.41,"0.41826",0.41826,1
"GO:0006308","DNA catabolic process",17,2,1.41,"0.41826",0.41826,1
"GO:0009068","aspartate family amino acid catabolic process",17,2,1.41,"0.41826",0.41826,1
"GO:0009235","cobalamin metabolic process",17,2,1.41,"0.41826",0.41826,1
"GO:0016556","mRNA modification",17,2,1.41,"0.41826",0.41826,1
"GO:0018904","ether metabolic process",17,2,1.41,"0.41826",0.41826,1
"GO:0022602","ovulation cycle process",17,2,1.41,"0.41826",0.41826,1
"GO:0032305","positive regulation of icosanoid secretion",17,2,1.41,"0.41826",0.41826,1
"GO:0033146","regulation of intracellular estrogen receptor signaling pathway",17,2,1.41,"0.41826",0.41826,1
"GO:0034508","centromere complex assembly",17,2,1.41,"0.41826",0.41826,1
"GO:0045010","actin nucleation",17,2,1.41,"0.41826",0.41826,1
"GO:0045947","negative regulation of translational initiation",17,2,1.41,"0.41826",0.41826,1
"GO:0048255","mRNA stabilization",17,2,1.41,"0.41826",0.41826,1
"GO:0048525","negative regulation of viral process",17,2,1.41,"0.41826",0.41826,1
"GO:0048753","pigment granule organization",17,2,1.41,"0.41826",0.41826,1
"GO:0051131","chaperone-mediated protein complex assembly",17,2,1.41,"0.41826",0.41826,1
"GO:0060999","positive regulation of dendritic spine development",17,2,1.41,"0.41826",0.41826,1
"GO:0071555","cell wall organization",17,2,1.41,"0.41826",0.41826,1
"GO:0072553","terminal button organization",17,2,1.41,"0.41826",0.41826,1
"GO:0097484","dendrite extension",17,2,1.41,"0.41826",0.41826,1
"GO:0098930","axonal transport",17,2,1.41,"0.41826",0.41826,1
"GO:1904705","regulation of vascular associated smooth muscle cell proliferation",17,2,1.41,"0.41826",0.41826,1
"GO:1990874","vascular associated smooth muscle cell proliferation",17,2,1.41,"0.41826",0.41826,1
"GO:2000167","regulation of planar cell polarity pathway involved in neural tube closure",17,2,1.41,"0.41826",0.41826,1
"GO:2000193","positive regulation of fatty acid transport",17,2,1.41,"0.41826",0.41826,1
"GO:0046578","regulation of Ras protein signal transduction",144,13,11.96,"0.41854",0.41854,1
"GO:0001895","retina homeostasis",51,5,4.23,"0.41877",0.41877,1
"GO:0014855","striated muscle cell proliferation",51,5,4.23,"0.41877",0.41877,1
"GO:1901879","regulation of protein depolymerization",51,5,4.23,"0.41877",0.41877,1
"GO:0043487","regulation of RNA stability",109,10,9.05,"0.41930",0.4193,1
"GO:0007166","cell surface receptor signaling pathway",1620,137,134.5,"0.41968",0.41968,1
"GO:0036211","protein modification process",2220,187,184.31,"0.42355",0.42355,1
"GO:0051656","establishment of organelle localization",227,20,18.85,"0.42450",0.4245,1
"GO:0032774","RNA biosynthetic process",2005,169,166.46,"0.42544",0.42544,1
"GO:0001568","blood vessel development",476,41,39.52,"0.42573",0.42573,1
"GO:0048856","anatomical structure development",3841,322,318.89,"0.42601",0.42601,1
"GO:0006493","protein O-linked glycosylation",63,6,5.23,"0.42615",0.42615,1
"GO:0090175","regulation of establishment of planar polarity",63,6,5.23,"0.42615",0.42615,1
"GO:0051053","negative regulation of DNA metabolic process",98,9,8.14,"0.42725",0.42725,1
"GO:0030042","actin filament depolymerization",40,4,3.32,"0.42737",0.42737,1
"GO:0048846","axon extension involved in axon guidance",40,4,3.32,"0.42737",0.42737,1
"GO:1902284","neuron projection extension involved in neuron projection guidance",40,4,3.32,"0.42737",0.42737,1
"GO:1904029","regulation of cyclin-dependent protein kinase activity",40,4,3.32,"0.42737",0.42737,1
"GO:2000179","positive regulation of neural precursor cell proliferation",40,4,3.32,"0.42737",0.42737,1
"GO:0009165","nucleotide biosynthetic process",145,13,12.04,"0.42851",0.42851,1
"GO:0009306","protein secretion",145,13,12.04,"0.42851",0.42851,1
"GO:0035592","establishment of protein localization to extracellular region",145,13,12.04,"0.42851",0.42851,1
"GO:0055123","digestive system development",145,13,12.04,"0.42851",0.42851,1
"GO:0007369","gastrulation",157,14,13.03,"0.43083",0.43083,1
"GO:0031334","positive regulation of protein-containing complex assembly",75,7,6.23,"0.43164",0.43164,1
"GO:0034101","erythrocyte homeostasis",75,7,6.23,"0.43164",0.43164,1
"GO:0060042","retina morphogenesis in camera-type eye",75,7,6.23,"0.43164",0.43164,1
"GO:0048585","negative regulation of response to stimulus",847,72,70.32,"0.43361",0.43361,1
"GO:0006351","DNA-templated transcription",1984,167,164.72,"0.43401",0.43401,1
"GO:0042327","positive regulation of phosphorylation",430,37,35.7,"0.43454",0.43454,1
"GO:0042129","regulation of T cell proliferation",52,5,4.32,"0.43558",0.43558,1
"GO:0043534","blood vessel endothelial cell migration",52,5,4.32,"0.43558",0.43558,1
"GO:0044087","regulation of cellular component biogenesis",585,50,48.57,"0.43571",0.43571,1
"GO:0010817","regulation of hormone levels",264,23,21.92,"0.43617",0.43617,1
"GO:0001892","embryonic placenta development",29,3,2.41,"0.43696",0.43696,1
"GO:0001954","positive regulation of cell-matrix adhesion",29,3,2.41,"0.43696",0.43696,1
"GO:0006027","glycosaminoglycan catabolic process",29,3,2.41,"0.43696",0.43696,1
"GO:0031018","endocrine pancreas development",29,3,2.41,"0.43696",0.43696,1
"GO:0031060","regulation of histone methylation",29,3,2.41,"0.43696",0.43696,1
"GO:0035152","regulation of tube architecture, open tracheal system",29,3,2.41,"0.43696",0.43696,1
"GO:0042088","T-helper 1 type immune response",29,3,2.41,"0.43696",0.43696,1
"GO:0050766","positive regulation of phagocytosis",29,3,2.41,"0.43696",0.43696,1
"GO:0060343","trabecula formation",29,3,2.41,"0.43696",0.43696,1
"GO:0072577","endothelial cell apoptotic process",29,3,2.41,"0.43696",0.43696,1
"GO:1903053","regulation of extracellular matrix organization",29,3,2.41,"0.43696",0.43696,1
"GO:2001057","reactive nitrogen species metabolic process",29,3,2.41,"0.43696",0.43696,1
"GO:0032872","regulation of stress-activated MAPK cascade",99,9,8.22,"0.43938",0.43938,1
"GO:0070302","regulation of stress-activated protein kinase signaling cascade",99,9,8.22,"0.43938",0.43938,1
"GO:0018022","peptidyl-lysine methylation",64,6,5.31,"0.44129",0.44129,1
"GO:0051093","negative regulation of developmental process",455,39,37.78,"0.44143",0.44143,1
"GO:0010212","response to ionizing radiation",111,10,9.22,"0.44222",0.44222,1
"GO:0048468","cell development",1616,136,134.17,"0.44485",0.44485,1
"GO:0033138","positive regulation of peptidyl-serine phosphorylation",76,7,6.31,"0.44553",0.44553,1
"GO:0002718","regulation of cytokine production involved in immune response",41,4,3.4,"0.44641",0.44641,1
"GO:0006890","retrograde vesicle-mediated transport, Golgi to endoplasmic reticulum",41,4,3.4,"0.44641",0.44641,1
"GO:0034763","negative regulation of transmembrane transport",41,4,3.4,"0.44641",0.44641,1
"GO:0071479","cellular response to ionizing radiation",41,4,3.4,"0.44641",0.44641,1
"GO:0106106","cold-induced thermogenesis",41,4,3.4,"0.44641",0.44641,1
"GO:0120161","regulation of cold-induced thermogenesis",41,4,3.4,"0.44641",0.44641,1
"GO:0000038","very long-chain fatty acid metabolic process",18,2,1.49,"0.44757",0.44757,1
"GO:0001825","blastocyst formation",18,2,1.49,"0.44757",0.44757,1
"GO:0006376","mRNA splice site recognition",18,2,1.49,"0.44757",0.44757,1
"GO:0006541","glutamine metabolic process",18,2,1.49,"0.44757",0.44757,1
"GO:0006953","acute-phase response",18,2,1.49,"0.44757",0.44757,1
"GO:0009119","ribonucleoside metabolic process",18,2,1.49,"0.44757",0.44757,1
"GO:0009127","purine nucleoside monophosphate biosynthetic process",18,2,1.49,"0.44757",0.44757,1
"GO:0009168","purine ribonucleoside monophosphate biosynthetic process",18,2,1.49,"0.44757",0.44757,1
"GO:0010669","epithelial structure maintenance",18,2,1.49,"0.44757",0.44757,1
"GO:0015804","neutral amino acid transport",18,2,1.49,"0.44757",0.44757,1
"GO:0032506","cytokinetic process",18,2,1.49,"0.44757",0.44757,1
"GO:0033173","calcineurin-NFAT signaling cascade",18,2,1.49,"0.44757",0.44757,1
"GO:0034312","diol biosynthetic process",18,2,1.49,"0.44757",0.44757,1
"GO:0035774","positive regulation of insulin secretion involved in cellular response to glucose stimulus",18,2,1.49,"0.44757",0.44757,1
"GO:0042572","retinol metabolic process",18,2,1.49,"0.44757",0.44757,1
"GO:0043030","regulation of macrophage activation",18,2,1.49,"0.44757",0.44757,1
"GO:0044179","hemolysis in another organism",18,2,1.49,"0.44757",0.44757,1
"GO:0051715","cytolysis in another organism",18,2,1.49,"0.44757",0.44757,1
"GO:0061001","regulation of dendritic spine morphogenesis",18,2,1.49,"0.44757",0.44757,1
"GO:0070884","regulation of calcineurin-NFAT signaling cascade",18,2,1.49,"0.44757",0.44757,1
"GO:0071467","cellular response to pH",18,2,1.49,"0.44757",0.44757,1
"GO:0071539","protein localization to centrosome",18,2,1.49,"0.44757",0.44757,1
"GO:0071622","regulation of granulocyte chemotaxis",18,2,1.49,"0.44757",0.44757,1
"GO:0106056","regulation of calcineurin-mediated signaling",18,2,1.49,"0.44757",0.44757,1
"GO:0048167","regulation of synaptic plasticity",88,8,7.31,"0.44882",0.44882,1
"GO:0070555","response to interleukin-1",53,5,4.4,"0.45228",0.45228,1
"GO:0015980","energy derivation by oxidation of organic compounds",112,10,9.3,"0.45365",0.45365,1
"GO:0045216","cell-cell junction organization",112,10,9.3,"0.45365",0.45365,1
"GO:0060560","developmental growth involved in morphogenesis",195,17,16.19,"0.45369",0.45369,1
"GO:0051347","positive regulation of transferase activity",326,28,27.07,"0.45422",0.45422,1
"GO:0044093","positive regulation of molecular function",804,68,66.75,"0.45428",0.45428,1
"GO:0051252","regulation of RNA metabolic process",1919,161,159.32,"0.45442",0.45442,1
"GO:1990778","protein localization to cell periphery",207,18,17.19,"0.45467",0.45467,1
"GO:0051403","stress-activated MAPK cascade",124,11,10.29,"0.45548",0.45548,1
"GO:0070374","positive regulation of ERK1 and ERK2 cascade",124,11,10.29,"0.45548",0.45548,1
"GO:0021549","cerebellum development",65,6,5.4,"0.45634",0.45634,1
"GO:0045862","positive regulation of proteolysis",231,20,19.18,"0.45638",0.45638,1
"GO:0048565","digestive tract development",136,12,11.29,"0.45704",0.45704,1
"GO:0051247","positive regulation of protein metabolic process",733,62,60.86,"0.45793",0.45793,1
"GO:0033674","positive regulation of kinase activity",279,24,23.16,"0.45902",0.45902,1
"GO:0043632","modification-dependent macromolecule catabolic process",482,41,40.02,"0.45908",0.45908,1
"GO:0031330","negative regulation of cellular catabolic process",77,7,6.39,"0.45935",0.45935,1
"GO:0002053","positive regulation of mesenchymal cell proliferation",30,3,2.49,"0.45936",0.45936,1
"GO:0002562","somatic diversification of immune receptors via germline recombination within a single locus",30,3,2.49,"0.45936",0.45936,1
"GO:0002687","positive regulation of leukocyte migration",30,3,2.49,"0.45936",0.45936,1
"GO:0016137","glycoside metabolic process",30,3,2.49,"0.45936",0.45936,1
"GO:0016444","somatic cell DNA recombination",30,3,2.49,"0.45936",0.45936,1
"GO:0019218","regulation of steroid metabolic process",30,3,2.49,"0.45936",0.45936,1
"GO:0030261","chromosome condensation",30,3,2.49,"0.45936",0.45936,1
"GO:0030587","sorocarp development",30,3,2.49,"0.45936",0.45936,1
"GO:0031623","receptor internalization",30,3,2.49,"0.45936",0.45936,1
"GO:0033143","regulation of intracellular steroid hormone receptor signaling pathway",30,3,2.49,"0.45936",0.45936,1
"GO:0033260","nuclear DNA replication",30,3,2.49,"0.45936",0.45936,1
"GO:0035272","exocrine system development",30,3,2.49,"0.45936",0.45936,1
"GO:0042632","cholesterol homeostasis",30,3,2.49,"0.45936",0.45936,1
"GO:0045638","negative regulation of myeloid cell differentiation",30,3,2.49,"0.45936",0.45936,1
"GO:0072132","mesenchyme morphogenesis",30,3,2.49,"0.45936",0.45936,1
"GO:0099120","socially cooperative development",30,3,2.49,"0.45936",0.45936,1
"GO:0042551","neuron maturation",89,8,7.39,"0.46167",0.46167,1
"GO:0023057","negative regulation of signaling",782,66,64.92,"0.46284",0.46284,1
"GO:0045444","fat cell differentiation",101,9,8.39,"0.46353",0.46353,1
"GO:0051648","vesicle localization",113,10,9.38,"0.46505",0.46505,1
"GO:0022617","extracellular matrix disassembly",42,4,3.49,"0.46524",0.46524,1
"GO:0043627","response to estrogen",42,4,3.49,"0.46524",0.46524,1
"GO:0034329","cell junction assembly",292,25,24.24,"0.46667",0.46667,1
"GO:0009887","animal organ morphogenesis",783,66,65.01,"0.46727",0.46727,1
"GO:0010648","negative regulation of cell communication",783,66,65.01,"0.46727",0.46727,1
"GO:0030855","epithelial cell differentiation",316,27,26.24,"0.46736",0.46736,1
"GO:0001933","negative regulation of protein phosphorylation",149,13,12.37,"0.46832",0.46832,1
"GO:0051966","regulation of synaptic transmission, glutamatergic",54,5,4.48,"0.46884",0.46884,1
"GO:0035270","endocrine system development",66,6,5.48,"0.47130",0.4713,1
"GO:0090263","positive regulation of canonical Wnt signaling pathway",66,6,5.48,"0.47130",0.4713,1
"GO:1903008","organelle disassembly",66,6,5.48,"0.47130",0.4713,1
"GO:2000060","positive regulation of ubiquitin-dependent protein catabolic process",66,6,5.48,"0.47130",0.4713,1
"GO:0071333","cellular response to glucose stimulus",78,7,6.48,"0.47309",0.47309,1
"GO:0007612","learning",90,8,7.47,"0.47446",0.47446,1
"GO:0032409","regulation of transporter activity",90,8,7.47,"0.47446",0.47446,1
"GO:0007007","inner mitochondrial membrane organization",19,2,1.58,"0.47602",0.47602,1
"GO:0007608","sensory perception of smell",19,2,1.58,"0.47602",0.47602,1
"GO:0014014","negative regulation of gliogenesis",19,2,1.58,"0.47602",0.47602,1
"GO:0032878","regulation of establishment or maintenance of cell polarity",19,2,1.58,"0.47602",0.47602,1
"GO:0046676","negative regulation of insulin secretion",19,2,1.58,"0.47602",0.47602,1
"GO:0060760","positive regulation of response to cytokine stimulus",19,2,1.58,"0.47602",0.47602,1
"GO:0072698","protein localization to microtubule cytoskeleton",19,2,1.58,"0.47602",0.47602,1
"GO:0090050","positive regulation of cell migration involved in sprouting angiogenesis",19,2,1.58,"0.47602",0.47602,1
"GO:0097720","calcineurin-mediated signaling",19,2,1.58,"0.47602",0.47602,1
"GO:1905508","protein localization to microtubule organizing center",19,2,1.58,"0.47602",0.47602,1
"GO:1901293","nucleoside phosphate biosynthetic process",150,13,12.45,"0.47822",0.47822,1
"GO:0022008","neurogenesis",1254,105,104.11,"0.47849",0.47849,1
"GO:0044843","cell cycle G1/S phase transition",174,15,14.45,"0.47902",0.47902,1
"GO:0071900","regulation of protein serine/threonine kinase activity",186,16,15.44,"0.47933",0.47933,1
"GO:0042060","wound healing",198,17,16.44,"0.47961",0.47961,1
"GO:0051052","regulation of DNA metabolic process",270,23,22.42,"0.48067",0.48067,1
"GO:0034097","response to cytokine",354,30,29.39,"0.48119",0.48119,1
"GO:0009067","aspartate family amino acid biosynthetic process",31,3,2.57,"0.48138",0.48138,1
"GO:0016486","peptide hormone processing",31,3,2.57,"0.48138",0.48138,1
"GO:0140448","signaling receptor ligand precursor processing",31,3,2.57,"0.48138",0.48138,1
"GO:1904377","positive regulation of protein localization to cell periphery",31,3,2.57,"0.48138",0.48138,1
"GO:0009112","nucleobase metabolic process",43,4,3.57,"0.48384",0.48384,1
"GO:0016101","diterpenoid metabolic process",43,4,3.57,"0.48384",0.48384,1
"GO:0032368","regulation of lipid transport",43,4,3.57,"0.48384",0.48384,1
"GO:0043271","negative regulation of monoatomic ion transport",43,4,3.57,"0.48384",0.48384,1
"GO:0050792","regulation of viral process",43,4,3.57,"0.48384",0.48384,1
"GO:0051489","regulation of filopodium assembly",43,4,3.57,"0.48384",0.48384,1
"GO:0060349","bone morphogenesis",43,4,3.57,"0.48384",0.48384,1
"GO:0080090","regulation of primary metabolic process",2964,247,246.08,"0.48503",0.48503,1
"GO:0007565","female pregnancy",55,5,4.57,"0.48524",0.48524,1
"GO:0030148","sphingolipid biosynthetic process",55,5,4.57,"0.48524",0.48524,1
"GO:0034968","histone lysine methylation",55,5,4.57,"0.48524",0.48524,1
"GO:0046890","regulation of lipid biosynthetic process",55,5,4.57,"0.48524",0.48524,1
"GO:0010466","negative regulation of peptidase activity",67,6,5.56,"0.48614",0.48614,1
"GO:0010951","negative regulation of endopeptidase activity",67,6,5.56,"0.48614",0.48614,1
"GO:0043648","dicarboxylic acid metabolic process",79,7,6.56,"0.48675",0.48675,1
"GO:0045766","positive regulation of angiogenesis",91,8,7.56,"0.48718",0.48718,1
"GO:1904018","positive regulation of vasculature development",91,8,7.56,"0.48718",0.48718,1
"GO:0007267","cell-cell signaling",933,78,77.46,"0.49222",0.49222,1
"GO:0001822","kidney development",260,22,21.59,"0.49564",0.49564,1
"GO:0051171","regulation of nitrogen compound metabolic process",2860,238,237.45,"0.49600",0.496,1
"GO:0008361","regulation of cell size",176,15,14.61,"0.49733",0.49733,1
"GO:0050770","regulation of axonogenesis",140,12,11.62,"0.49825",0.49825,1
"GO:0007292","female gamete generation",128,11,10.63,"0.49859",0.49859,1
"GO:0071326","cellular response to monosaccharide stimulus",80,7,6.64,"0.50030",0.5003,1
"GO:0071331","cellular response to hexose stimulus",80,7,6.64,"0.50030",0.5003,1
"GO:0000041","transition metal ion transport",68,6,5.65,"0.50084",0.50084,1
"GO:0022037","metencephalon development",68,6,5.65,"0.50084",0.50084,1
"GO:0043112","receptor metabolic process",68,6,5.65,"0.50084",0.50084,1
"GO:0043244","regulation of protein-containing complex disassembly",68,6,5.65,"0.50084",0.50084,1
"GO:0001952","regulation of cell-matrix adhesion",56,5,4.65,"0.50147",0.50147,1
"GO:0001959","regulation of cytokine-mediated signaling pathway",56,5,4.65,"0.50147",0.50147,1
"GO:0007250","activation of NF-kappaB-inducing kinase activity",56,5,4.65,"0.50147",0.50147,1
"GO:0042633","hair cycle",56,5,4.65,"0.50147",0.50147,1
"GO:0006026","aminoglycan catabolic process",44,4,3.65,"0.50217",0.50217,1
"GO:0006821","chloride transport",44,4,3.65,"0.50217",0.50217,1
"GO:0010469","regulation of signaling receptor activity",44,4,3.65,"0.50217",0.50217,1
"GO:0060048","cardiac muscle contraction",44,4,3.65,"0.50217",0.50217,1
"GO:0061041","regulation of wound healing",44,4,3.65,"0.50217",0.50217,1
"GO:0090329","regulation of DNA-templated DNA replication",44,4,3.65,"0.50217",0.50217,1
"GO:1903530","regulation of secretion by cell",273,23,22.67,"0.50279",0.50279,1
"GO:0002088","lens development in camera-type eye",32,3,2.66,"0.50296",0.50296,1
"GO:0003351","epithelial cilium movement involved in extracellular fluid movement",32,3,2.66,"0.50296",0.50296,1
"GO:0010464","regulation of mesenchymal cell proliferation",32,3,2.66,"0.50296",0.50296,1
"GO:0032272","negative regulation of protein polymerization",32,3,2.66,"0.50296",0.50296,1
"GO:0032890","regulation of organic acid transport",32,3,2.66,"0.50296",0.50296,1
"GO:0048066","developmental pigmentation",32,3,2.66,"0.50296",0.50296,1
"GO:0060043","regulation of cardiac muscle cell proliferation",32,3,2.66,"0.50296",0.50296,1
"GO:1901019","regulation of calcium ion transmembrane transporter activity",32,3,2.66,"0.50296",0.50296,1
"GO:1901983","regulation of protein acetylation",32,3,2.66,"0.50296",0.50296,1
"GO:0051338","regulation of transferase activity",514,43,42.67,"0.50298",0.50298,1
"GO:0006084","acetyl-CoA metabolic process",20,2,1.66,"0.50356",0.50356,1
"GO:0006862","nucleotide transport",20,2,1.66,"0.50356",0.50356,1
"GO:0006998","nuclear envelope organization",20,2,1.66,"0.50356",0.50356,1
"GO:0010125","mycothiol biosynthetic process",20,2,1.66,"0.50356",0.50356,1
"GO:0010126","mycothiol metabolic process",20,2,1.66,"0.50356",0.50356,1
"GO:0016138","glycoside biosynthetic process",20,2,1.66,"0.50356",0.50356,1
"GO:0016180","snRNA processing",20,2,1.66,"0.50356",0.50356,1
"GO:0019731","antibacterial humoral response",20,2,1.66,"0.50356",0.50356,1
"GO:0021983","pituitary gland development",20,2,1.66,"0.50356",0.50356,1
"GO:0030520","intracellular estrogen receptor signaling pathway",20,2,1.66,"0.50356",0.50356,1
"GO:0030574","collagen catabolic process",20,2,1.66,"0.50356",0.50356,1
"GO:0031062","positive regulation of histone methylation",20,2,1.66,"0.50356",0.50356,1
"GO:0036297","interstrand cross-link repair",20,2,1.66,"0.50356",0.50356,1
"GO:0042136","neurotransmitter biosynthetic process",20,2,1.66,"0.50356",0.50356,1
"GO:0044380","protein localization to cytoskeleton",20,2,1.66,"0.50356",0.50356,1
"GO:0045604","regulation of epidermal cell differentiation",20,2,1.66,"0.50356",0.50356,1
"GO:0046653","tetrahydrofolate metabolic process",20,2,1.66,"0.50356",0.50356,1
"GO:0051968","positive regulation of synaptic transmission, glutamatergic",20,2,1.66,"0.50356",0.50356,1
"GO:0072091","regulation of stem cell proliferation",20,2,1.66,"0.50356",0.50356,1
"GO:0030162","regulation of proteolysis",406,34,33.71,"0.50560",0.5056,1
"GO:0090066","regulation of anatomical structure size",322,27,26.73,"0.50824",0.50824,1
"GO:0048732","gland development",262,22,21.75,"0.51066",0.51066,1
"GO:0031323","regulation of cellular metabolic process",3143,261,260.94,"0.51106",0.51106,1
"GO:0021987","cerebral cortex development",105,9,8.72,"0.51117",0.51117,1
"GO:0051650","establishment of vesicle localization",105,9,8.72,"0.51117",0.51117,1
"GO:0007596","blood coagulation",93,8,7.72,"0.51235",0.51235,1
"GO:0001678","intracellular glucose homeostasis",81,7,6.72,"0.51373",0.51373,1
"GO:0001525","angiogenesis",347,29,28.81,"0.51395",0.51395,1
"GO:0042886","amide transport",190,16,15.77,"0.51466",0.51466,1
"GO:0050865","regulation of cell activation",190,16,15.77,"0.51466",0.51466,1
"GO:0050804","modulation of chemical synaptic transmission",178,15,14.78,"0.51551",0.51551,1
"GO:0099177","regulation of trans-synaptic signaling",178,15,14.78,"0.51551",0.51551,1
"GO:0009100","glycoprotein metabolic process",299,25,24.82,"0.51616",0.51616,1
"GO:0006767","water-soluble vitamin metabolic process",57,5,4.73,"0.51749",0.51749,1
"GO:0097306","cellular response to alcohol",57,5,4.73,"0.51749",0.51749,1
"GO:1903531","negative regulation of secretion by cell",57,5,4.73,"0.51749",0.51749,1
"GO:0003002","regionalization",408,34,33.87,"0.51769",0.51769,1
"GO:0140352","export from cell",553,46,45.91,"0.51791",0.51791,1
"GO:0030163","protein catabolic process",686,57,56.95,"0.51872",0.51872,1
"GO:0051099","positive regulation of binding",130,11,10.79,"0.51983",0.51983,1
"GO:0002685","regulation of leukocyte migration",45,4,3.74,"0.52022",0.52022,1
"GO:0003333","amino acid transmembrane transport",45,4,3.74,"0.52022",0.52022,1
"GO:0008340","determination of adult lifespan",45,4,3.74,"0.52022",0.52022,1
"GO:0009116","nucleoside metabolic process",45,4,3.74,"0.52022",0.52022,1
"GO:0030833","regulation of actin filament polymerization",45,4,3.74,"0.52022",0.52022,1
"GO:0031400","negative regulation of protein modification process",215,18,17.85,"0.52139",0.52139,1
"GO:0033993","response to lipid",421,35,34.95,"0.52314",0.52314,1
"GO:0006760","folic acid-containing compound metabolic process",33,3,2.74,"0.52406",0.52406,1
"GO:0006858","extracellular transport",33,3,2.74,"0.52406",0.52406,1
"GO:0042133","neurotransmitter metabolic process",33,3,2.74,"0.52406",0.52406,1
"GO:0097105","presynaptic membrane assembly",33,3,2.74,"0.52406",0.52406,1
"GO:0002440","production of molecular mediator of immune response",94,8,7.8,"0.52478",0.52478,1
"GO:0051897","positive regulation of phosphatidylinositol 3-kinase/protein kinase B signal transduction",94,8,7.8,"0.52478",0.52478,1
"GO:0032412","regulation of monoatomic ion transmembrane transporter activity",82,7,6.81,"0.52703",0.52703,1
"GO:0042326","negative regulation of phosphorylation",155,13,12.87,"0.52714",0.52714,1
"GO:0043412","macromolecule modification",2330,193,193.44,"0.52838",0.52838,1
"GO:0071222","cellular response to lipopolysaccharide",70,6,5.81,"0.52979",0.52979,1
"GO:0000423","mitophagy",21,2,1.74,"0.53015",0.53015,1
"GO:0007097","nuclear migration",21,2,1.74,"0.53015",0.53015,1
"GO:0008063","Toll signaling pathway",21,2,1.74,"0.53015",0.53015,1
"GO:0009311","oligosaccharide metabolic process",21,2,1.74,"0.53015",0.53015,1
"GO:0010623","programmed cell death involved in cell development",21,2,1.74,"0.53015",0.53015,1
"GO:0010812","negative regulation of cell-substrate adhesion",21,2,1.74,"0.53015",0.53015,1
"GO:0010823","negative regulation of mitochondrion organization",21,2,1.74,"0.53015",0.53015,1
"GO:0031529","ruffle organization",21,2,1.74,"0.53015",0.53015,1
"GO:0032303","regulation of icosanoid secretion",21,2,1.74,"0.53015",0.53015,1
"GO:0034311","diol metabolic process",21,2,1.74,"0.53015",0.53015,1
"GO:0035583","sequestering of TGFbeta in extracellular matrix",21,2,1.74,"0.53015",0.53015,1
"GO:0044036","cell wall macromolecule metabolic process",21,2,1.74,"0.53015",0.53015,1
"GO:0044070","regulation of monoatomic anion transport",21,2,1.74,"0.53015",0.53015,1
"GO:0045163","clustering of voltage-gated potassium channels",21,2,1.74,"0.53015",0.53015,1
"GO:0048524","positive regulation of viral process",21,2,1.74,"0.53015",0.53015,1
"GO:0051491","positive regulation of filopodium assembly",21,2,1.74,"0.53015",0.53015,1
"GO:0060688","regulation of morphogenesis of a branching structure",21,2,1.74,"0.53015",0.53015,1
"GO:0071364","cellular response to epidermal growth factor stimulus",21,2,1.74,"0.53015",0.53015,1
"GO:0071694","maintenance of protein location in extracellular region",21,2,1.74,"0.53015",0.53015,1
"GO:0098754","detoxification",21,2,1.74,"0.53015",0.53015,1
"GO:0099175","regulation of postsynapse organization",21,2,1.74,"0.53015",0.53015,1
"GO:1901532","regulation of hematopoietic progenitor cell differentiation",21,2,1.74,"0.53015",0.53015,1
"GO:2000191","regulation of fatty acid transport",21,2,1.74,"0.53015",0.53015,1
"GO:2000273","positive regulation of signaling receptor activity",21,2,1.74,"0.53015",0.53015,1
"GO:0030198","extracellular matrix organization",204,17,16.94,"0.53080",0.5308,1
"GO:0043410","positive regulation of MAPK cascade",289,24,23.99,"0.53105",0.53105,1
"GO:0032147","activation of protein kinase activity",119,10,9.88,"0.53228",0.53228,1
"GO:0050954","sensory perception of mechanical stimulus",119,10,9.88,"0.53228",0.53228,1
"GO:0010562","positive regulation of phosphorus metabolic process",459,38,38.11,"0.53291",0.53291,1
"GO:0045937","positive regulation of phosphate metabolic process",459,38,38.11,"0.53291",0.53291,1
"GO:0006970","response to osmotic stress",58,5,4.82,"0.53328",0.53328,1
"GO:0010921","regulation of phosphatase activity",58,5,4.82,"0.53328",0.53328,1
"GO:0051056","regulation of small GTPase mediated signal transduction",168,14,13.95,"0.53506",0.53506,1
"GO:0048514","blood vessel morphogenesis",411,34,34.12,"0.53571",0.53571,1
"GO:0043085","positive regulation of catalytic activity",605,50,50.23,"0.53634",0.53634,1
"GO:0048638","regulation of developmental growth",229,19,19.01,"0.53647",0.53647,1
"GO:0006665","sphingolipid metabolic process",95,8,7.89,"0.53710",0.5371,1
"GO:0050817","coagulation",95,8,7.89,"0.53710",0.5371,1
"GO:0071902","positive regulation of protein serine/threonine kinase activity",95,8,7.89,"0.53710",0.5371,1
"GO:0002367","cytokine production involved in immune response",46,4,3.82,"0.53795",0.53795,1
"GO:0035305","negative regulation of dephosphorylation",46,4,3.82,"0.53795",0.53795,1
"GO:0050764","regulation of phagocytosis",46,4,3.82,"0.53795",0.53795,1
"GO:0051781","positive regulation of cell division",46,4,3.82,"0.53795",0.53795,1
"GO:1905515","non-motile cilium assembly",46,4,3.82,"0.53795",0.53795,1
"GO:1990823","response to leukemia inhibitory factor",46,4,3.82,"0.53795",0.53795,1
"GO:1990830","cellular response to leukemia inhibitory factor",46,4,3.82,"0.53795",0.53795,1
"GO:0007399","nervous system development",1742,144,144.63,"0.53824",0.53824,1
"GO:0002262","myeloid cell homeostasis",83,7,6.89,"0.54020",0.5402,1
"GO:0031644","regulation of nervous system process",83,7,6.89,"0.54020",0.5402,1
"GO:0060047","heart contraction",83,7,6.89,"0.54020",0.5402,1
"GO:0048592","eye morphogenesis",193,16,16.02,"0.54075",0.54075,1
"GO:0007275","multicellular organism development",3361,278,279.04,"0.54290",0.5429,1
"GO:0010033","response to organic substance",1514,125,125.7,"0.54319",0.54319,1
"GO:0042157","lipoprotein metabolic process",71,6,5.89,"0.54400",0.544,1
"GO:0032940","secretion by cell",546,45,45.33,"0.54450",0.5445,1
"GO:0000097","sulfur amino acid biosynthetic process",34,3,2.82,"0.54467",0.54467,1
"GO:0010565","regulation of cellular ketone metabolic process",34,3,2.82,"0.54467",0.54467,1
"GO:0044042","glucan metabolic process",34,3,2.82,"0.54467",0.54467,1
"GO:0045746","negative regulation of Notch signaling pathway",34,3,2.82,"0.54467",0.54467,1
"GO:0046928","regulation of neurotransmitter secretion",34,3,2.82,"0.54467",0.54467,1
"GO:0051937","catecholamine transport",34,3,2.82,"0.54467",0.54467,1
"GO:0052652","cyclic purine nucleotide metabolic process",34,3,2.82,"0.54467",0.54467,1
"GO:0097090","presynaptic membrane organization",34,3,2.82,"0.54467",0.54467,1
"GO:0099054","presynapse assembly",34,3,2.82,"0.54467",0.54467,1
"GO:2001237","negative regulation of extrinsic apoptotic signaling pathway",34,3,2.82,"0.54467",0.54467,1
"GO:0060348","bone development",108,9,8.97,"0.54602",0.54602,1
"GO:0001666","response to hypoxia",145,12,12.04,"0.54860",0.5486,1
"GO:0006900","vesicle budding from membrane",59,5,4.9,"0.54884",0.54884,1
"GO:0042303","molting cycle",59,5,4.9,"0.54884",0.54884,1
"GO:0044703","multi-organism reproductive process",59,5,4.9,"0.54884",0.54884,1
"GO:0006469","negative regulation of protein kinase activity",96,8,7.97,"0.54929",0.54929,1
"GO:0010927","cellular component assembly involved in morphogenesis",96,8,7.97,"0.54929",0.54929,1
"GO:0010646","regulation of cell communication",1891,156,157,"0.55037",0.55037,1
"GO:0007601","visual perception",133,11,11.04,"0.55116",0.55116,1
"GO:0009057","macromolecule catabolic process",972,80,80.7,"0.55212",0.55212,1
"GO:0001944","vasculature development",499,41,41.43,"0.55285",0.55285,1
"GO:0051345","positive regulation of hydrolase activity",280,23,23.25,"0.55363",0.55363,1
"GO:0008283","cell population proliferation",2134,176,177.17,"0.55411",0.55411,1
"GO:0009966","regulation of signal transduction",1687,139,140.06,"0.55504",0.55504,1
"GO:0001756","somitogenesis",47,4,3.9,"0.55534",0.55534,1
"GO:0048278","vesicle docking",47,4,3.9,"0.55534",0.55534,1
"GO:0071347","cellular response to interleukin-1",47,4,3.9,"0.55534",0.55534,1
"GO:0016242","negative regulation of macroautophagy",22,2,1.83,"0.55574",0.55574,1
"GO:0021879","forebrain neuron differentiation",22,2,1.83,"0.55574",0.55574,1
"GO:0021903","rostrocaudal neural tube patterning",22,2,1.83,"0.55574",0.55574,1
"GO:0031111","negative regulation of microtubule polymerization or depolymerization",22,2,1.83,"0.55574",0.55574,1
"GO:0031223","auditory behavior",22,2,1.83,"0.55574",0.55574,1
"GO:0034381","plasma lipoprotein particle clearance",22,2,1.83,"0.55574",0.55574,1
"GO:0034656","nucleobase-containing small molecule catabolic process",22,2,1.83,"0.55574",0.55574,1
"GO:0035581","sequestering of extracellular ligand from receptor",22,2,1.83,"0.55574",0.55574,1
"GO:0042297","vocal learning",22,2,1.83,"0.55574",0.55574,1
"GO:0046839","phospholipid dephosphorylation",22,2,1.83,"0.55574",0.55574,1
"GO:0051894","positive regulation of focal adhesion assembly",22,2,1.83,"0.55574",0.55574,1
"GO:0070509","calcium ion import",22,2,1.83,"0.55574",0.55574,1
"GO:0070977","bone maturation",22,2,1.83,"0.55574",0.55574,1
"GO:0072583","clathrin-dependent endocytosis",22,2,1.83,"0.55574",0.55574,1
"GO:0090049","regulation of cell migration involved in sprouting angiogenesis",22,2,1.83,"0.55574",0.55574,1
"GO:0090178","regulation of establishment of planar polarity involved in neural tube closure",22,2,1.83,"0.55574",0.55574,1
"GO:0090179","planar cell polarity pathway involved in neural tube closure",22,2,1.83,"0.55574",0.55574,1
"GO:0098596","imitative learning",22,2,1.83,"0.55574",0.55574,1
"GO:0150117","positive regulation of cell-substrate junction organization",22,2,1.83,"0.55574",0.55574,1
"GO:1900115","extracellular regulation of signal transduction",22,2,1.83,"0.55574",0.55574,1
"GO:1900116","extracellular negative regulation of signal transduction",22,2,1.83,"0.55574",0.55574,1
"GO:1904645","response to amyloid-beta",22,2,1.83,"0.55574",0.55574,1
"GO:2000679","positive regulation of transcription regulatory region DNA binding",22,2,1.83,"0.55574",0.55574,1
"GO:0043062","extracellular structure organization",207,17,17.19,"0.55588",0.55588,1
"GO:0023051","regulation of signaling",1881,155,156.17,"0.55657",0.55657,1
"GO:0030182","neuron differentiation",1046,86,86.84,"0.55715",0.55715,1
"GO:0051276","chromosome organization",366,30,30.39,"0.55793",0.55793,1
"GO:0031401","positive regulation of protein modification process",500,41,41.51,"0.55826",0.55826,1
"GO:0006402","mRNA catabolic process",146,12,12.12,"0.55846",0.55846,1
"GO:0007611","learning or memory",146,12,12.12,"0.55846",0.55846,1
"GO:0048511","rhythmic process",146,12,12.12,"0.55846",0.55846,1
"GO:0072359","circulatory system development",792,65,65.75,"0.56002",0.56002,1
"GO:0006479","protein methylation",97,8,8.05,"0.56135",0.56135,1
"GO:0008213","protein alkylation",97,8,8.05,"0.56135",0.56135,1
"GO:0009411","response to UV",97,8,8.05,"0.56135",0.56135,1
"GO:0031399","regulation of protein modification process",756,62,62.77,"0.56190",0.5619,1
"GO:0050767","regulation of neurogenesis",220,18,18.27,"0.56206",0.56206,1
"GO:0042330","taxis",171,14,14.2,"0.56256",0.56256,1
"GO:0006352","DNA-templated transcription initiation",60,5,4.98,"0.56415",0.56415,1
"GO:0009593","detection of chemical stimulus",60,5,4.98,"0.56415",0.56415,1
"GO:0060759","regulation of response to cytokine stimulus",60,5,4.98,"0.56415",0.56415,1
"GO:0007389","pattern specification process",428,35,35.53,"0.56424",0.56424,1
"GO:0001909","leukocyte mediated cytotoxicity",35,3,2.91,"0.56474",0.56474,1
"GO:0010453","regulation of cell fate commitment",35,3,2.91,"0.56474",0.56474,1
"GO:0031397","negative regulation of protein ubiquitination",35,3,2.91,"0.56474",0.56474,1
"GO:0048168","regulation of neuronal synaptic plasticity",35,3,2.91,"0.56474",0.56474,1
"GO:0051588","regulation of neurotransmitter transport",35,3,2.91,"0.56474",0.56474,1
"GO:0072243","metanephric nephron epithelium development",35,3,2.91,"0.56474",0.56474,1
"GO:1902369","negative regulation of RNA catabolic process",35,3,2.91,"0.56474",0.56474,1
"GO:2000573","positive regulation of DNA biosynthetic process",35,3,2.91,"0.56474",0.56474,1
"GO:0060255","regulation of macromolecule metabolic process",3165,261,262.77,"0.56504",0.56504,1
"GO:0017157","regulation of exocytosis",85,7,7.06,"0.56606",0.56606,1
"GO:0030336","negative regulation of cell migration",85,7,7.06,"0.56606",0.56606,1
"GO:1901657","glycosyl compound metabolic process",85,7,7.06,"0.56606",0.56606,1
"GO:0048762","mesenchymal cell differentiation",196,16,16.27,"0.56641",0.56641,1
"GO:0010506","regulation of autophagy",147,12,12.2,"0.56824",0.56824,1
"GO:0044271","cellular nitrogen compound biosynthetic process",2804,231,232.8,"0.56844",0.56844,1
"GO:0010632","regulation of epithelial cell migration",184,15,15.28,"0.56888",0.56888,1
"GO:0006720","isoprenoid metabolic process",73,6,6.06,"0.57183",0.57183,1
"GO:0030218","erythrocyte differentiation",73,6,6.06,"0.57183",0.57183,1
"GO:0043473","pigmentation",73,6,6.06,"0.57183",0.57183,1
"GO:0045807","positive regulation of endocytosis",73,6,6.06,"0.57183",0.57183,1
"GO:0007599","hemostasis",98,8,8.14,"0.57327",0.57327,1
"GO:0010977","negative regulation of neuron projection development",98,8,8.14,"0.57327",0.57327,1
"GO:0006909","phagocytosis",123,10,10.21,"0.57545",0.57545,1
"GO:0007420","brain development",479,39,39.77,"0.57659",0.57659,1
"GO:0007015","actin filament organization",185,15,15.36,"0.57756",0.57756,1
"GO:0016311","dephosphorylation",185,15,15.36,"0.57756",0.57756,1
"GO:0021536","diencephalon development",86,7,7.14,"0.57873",0.57873,1
"GO:0022898","regulation of transmembrane transporter activity",86,7,7.14,"0.57873",0.57873,1
"GO:0046530","photoreceptor cell differentiation",86,7,7.14,"0.57873",0.57873,1
"GO:0051048","negative regulation of secretion",61,5,5.06,"0.57919",0.57919,1
"GO:0001975","response to amphetamine",10,1,0.83,"0.57981",0.57981,1
"GO:0002686","negative regulation of leukocyte migration",10,1,0.83,"0.57981",0.57981,1
"GO:0003181","atrioventricular valve morphogenesis",10,1,0.83,"0.57981",0.57981,1
"GO:0003188","heart valve formation",10,1,0.83,"0.57981",0.57981,1
"GO:0005513","detection of calcium ion",10,1,0.83,"0.57981",0.57981,1
"GO:0006268","DNA unwinding involved in DNA replication",10,1,0.83,"0.57981",0.57981,1
"GO:0006269","DNA replication, synthesis of RNA primer",10,1,0.83,"0.57981",0.57981,1
"GO:0006271","DNA strand elongation involved in DNA replication",10,1,0.83,"0.57981",0.57981,1
"GO:0006297","nucleotide-excision repair, DNA gap filling",10,1,0.83,"0.57981",0.57981,1
"GO:0006474","N-terminal protein amino acid acetylation",10,1,0.83,"0.57981",0.57981,1
"GO:0006570","tyrosine metabolic process",10,1,0.83,"0.57981",0.57981,1
"GO:0006589","octopamine biosynthetic process",10,1,0.83,"0.57981",0.57981,1
"GO:0006595","polyamine metabolic process",10,1,0.83,"0.57981",0.57981,1
"GO:0006855","xenobiotic transmembrane transport",10,1,0.83,"0.57981",0.57981,1
"GO:0006878","intracellular copper ion homeostasis",10,1,0.83,"0.57981",0.57981,1
"GO:0007252","I-kappaB phosphorylation",10,1,0.83,"0.57981",0.57981,1
"GO:0009744","response to sucrose",10,1,0.83,"0.57981",0.57981,1
"GO:0010573","vascular endothelial growth factor production",10,1,0.83,"0.57981",0.57981,1
"GO:0016139","glycoside catabolic process",10,1,0.83,"0.57981",0.57981,1
"GO:0018026","peptidyl-lysine monomethylation",10,1,0.83,"0.57981",0.57981,1
"GO:0018202","peptidyl-histidine modification",10,1,0.83,"0.57981",0.57981,1
"GO:0019370","leukotriene biosynthetic process",10,1,0.83,"0.57981",0.57981,1
"GO:0021534","cell proliferation in hindbrain",10,1,0.83,"0.57981",0.57981,1
"GO:0021610","facial nerve morphogenesis",10,1,0.83,"0.57981",0.57981,1
"GO:0021612","facial nerve structural organization",10,1,0.83,"0.57981",0.57981,1
"GO:0021692","cerebellar Purkinje cell layer morphogenesis",10,1,0.83,"0.57981",0.57981,1
"GO:0021762","substantia nigra development",10,1,0.83,"0.57981",0.57981,1
"GO:0021871","forebrain regionalization",10,1,0.83,"0.57981",0.57981,1
"GO:0021924","cell proliferation in external granule layer",10,1,0.83,"0.57981",0.57981,1
"GO:0021930","cerebellar granule cell precursor proliferation",10,1,0.83,"0.57981",0.57981,1
"GO:0030435","sporulation resulting in formation of a cellular spore",10,1,0.83,"0.57981",0.57981,1
"GO:0032011","ARF protein signal transduction",10,1,0.83,"0.57981",0.57981,1
"GO:0032012","regulation of ARF protein signal transduction",10,1,0.83,"0.57981",0.57981,1
"GO:0032401","establishment of melanosome localization",10,1,0.83,"0.57981",0.57981,1
"GO:0032402","melanosome transport",10,1,0.83,"0.57981",0.57981,1
"GO:0033504","floor plate development",10,1,0.83,"0.57981",0.57981,1
"GO:0034285","response to disaccharide",10,1,0.83,"0.57981",0.57981,1
"GO:0035036","sperm-egg recognition",10,1,0.83,"0.57981",0.57981,1
"GO:0035729","cellular response to hepatocyte growth factor stimulus",10,1,0.83,"0.57981",0.57981,1
"GO:0035809","regulation of urine volume",10,1,0.83,"0.57981",0.57981,1
"GO:0035988","chondrocyte proliferation",10,1,0.83,"0.57981",0.57981,1
"GO:0036258","multivesicular body assembly",10,1,0.83,"0.57981",0.57981,1
"GO:0036303","lymph vessel morphogenesis",10,1,0.83,"0.57981",0.57981,1
"GO:0036335","intestinal stem cell homeostasis",10,1,0.83,"0.57981",0.57981,1
"GO:0039702","viral budding via host ESCRT complex",10,1,0.83,"0.57981",0.57981,1
"GO:0042118","endothelial cell activation",10,1,0.83,"0.57981",0.57981,1
"GO:0042421","norepinephrine biosynthetic process",10,1,0.83,"0.57981",0.57981,1
"GO:0042574","retinal metabolic process",10,1,0.83,"0.57981",0.57981,1
"GO:0042759","long-chain fatty acid biosynthetic process",10,1,0.83,"0.57981",0.57981,1
"GO:0042908","xenobiotic transport",10,1,0.83,"0.57981",0.57981,1
"GO:0042953","lipoprotein transport",10,1,0.83,"0.57981",0.57981,1
"GO:0042994","cytoplasmic sequestering of transcription factor",10,1,0.83,"0.57981",0.57981,1
"GO:0044872","lipoprotein localization",10,1,0.83,"0.57981",0.57981,1
"GO:0045064","T-helper 2 cell differentiation",10,1,0.83,"0.57981",0.57981,1
"GO:0045116","protein neddylation",10,1,0.83,"0.57981",0.57981,1
"GO:0045601","regulation of endothelial cell differentiation",10,1,0.83,"0.57981",0.57981,1
"GO:0045777","positive regulation of blood pressure",10,1,0.83,"0.57981",0.57981,1
"GO:0046333","octopamine metabolic process",10,1,0.83,"0.57981",0.57981,1
"GO:0046827","positive regulation of protein export from nucleus",10,1,0.83,"0.57981",0.57981,1
"GO:0048308","organelle inheritance",10,1,0.83,"0.57981",0.57981,1
"GO:0048840","otolith development",10,1,0.83,"0.57981",0.57981,1
"GO:0050912","detection of chemical stimulus involved in sensory perception of taste",10,1,0.83,"0.57981",0.57981,1
"GO:0050915","sensory perception of sour taste",10,1,0.83,"0.57981",0.57981,1
"GO:0051043","regulation of membrane protein ectodomain proteolysis",10,1,0.83,"0.57981",0.57981,1
"GO:0061101","neuroendocrine cell differentiation",10,1,0.83,"0.57981",0.57981,1
"GO:0070232","regulation of T cell apoptotic process",10,1,0.83,"0.57981",0.57981,1
"GO:0070444","oligodendrocyte progenitor proliferation",10,1,0.83,"0.57981",0.57981,1
"GO:0070445","regulation of oligodendrocyte progenitor proliferation",10,1,0.83,"0.57981",0.57981,1
"GO:0070654","sensory epithelium regeneration",10,1,0.83,"0.57981",0.57981,1
"GO:0070843","misfolded protein transport",10,1,0.83,"0.57981",0.57981,1
"GO:0070844","polyubiquitinated protein transport",10,1,0.83,"0.57981",0.57981,1
"GO:0070845","polyubiquitinated misfolded protein transport",10,1,0.83,"0.57981",0.57981,1
"GO:0070846","Hsp90 deacetylation",10,1,0.83,"0.57981",0.57981,1
"GO:0071468","cellular response to acidic pH",10,1,0.83,"0.57981",0.57981,1
"GO:0072273","metanephric nephron morphogenesis",10,1,0.83,"0.57981",0.57981,1
"GO:0086002","cardiac muscle cell action potential involved in contraction",10,1,0.83,"0.57981",0.57981,1
"GO:0090085","regulation of protein deubiquitination",10,1,0.83,"0.57981",0.57981,1
"GO:0097494","regulation of vesicle size",10,1,0.83,"0.57981",0.57981,1
"GO:1901300","positive regulation of hydrogen peroxide-mediated programmed cell death",10,1,0.83,"0.57981",0.57981,1
"GO:1902229","regulation of intrinsic apoptotic signaling pathway in response to DNA damage",10,1,0.83,"0.57981",0.57981,1
"GO:1902285","semaphorin-plexin signaling pathway involved in neuron projection guidance",10,1,0.83,"0.57981",0.57981,1
"GO:1904350","regulation of protein catabolic process in the vacuole",10,1,0.83,"0.57981",0.57981,1
"GO:1905165","regulation of lysosomal protein catabolic process",10,1,0.83,"0.57981",0.57981,1
"GO:1990256","signal clustering",10,1,0.83,"0.57981",0.57981,1
"GO:2000209","regulation of anoikis",10,1,0.83,"0.57981",0.57981,1
"GO:2001044","regulation of integrin-mediated signaling pathway",10,1,0.83,"0.57981",0.57981,1
"GO:0040013","negative regulation of locomotion",111,9,9.22,"0.57987",0.57987,1
"GO:0000266","mitochondrial fission",23,2,1.91,"0.58033",0.58033,1
"GO:0001773","myeloid dendritic cell activation",23,2,1.91,"0.58033",0.58033,1
"GO:0002792","negative regulation of peptide secretion",23,2,1.91,"0.58033",0.58033,1
"GO:0003044","regulation of systemic arterial blood pressure mediated by a chemical signal",23,2,1.91,"0.58033",0.58033,1
"GO:0006625","protein targeting to peroxisome",23,2,1.91,"0.58033",0.58033,1
"GO:0019229","regulation of vasoconstriction",23,2,1.91,"0.58033",0.58033,1
"GO:0032467","positive regulation of cytokinesis",23,2,1.91,"0.58033",0.58033,1
"GO:0042116","macrophage activation",23,2,1.91,"0.58033",0.58033,1
"GO:0042771","intrinsic apoptotic signaling pathway in response to DNA damage by p53 class mediator",23,2,1.91,"0.58033",0.58033,1
"GO:0043011","myeloid dendritic cell differentiation",23,2,1.91,"0.58033",0.58033,1
"GO:0043243","positive regulation of protein-containing complex disassembly",23,2,1.91,"0.58033",0.58033,1
"GO:0048532","anatomical structure arrangement",23,2,1.91,"0.58033",0.58033,1
"GO:0050931","pigment cell differentiation",23,2,1.91,"0.58033",0.58033,1
"GO:0060045","positive regulation of cardiac muscle cell proliferation",23,2,1.91,"0.58033",0.58033,1
"GO:0070849","response to epidermal growth factor",23,2,1.91,"0.58033",0.58033,1
"GO:0071542","dopaminergic neuron differentiation",23,2,1.91,"0.58033",0.58033,1
"GO:0072662","protein localization to peroxisome",23,2,1.91,"0.58033",0.58033,1
"GO:0072663","establishment of protein localization to peroxisome",23,2,1.91,"0.58033",0.58033,1
"GO:0090162","establishment of epithelial cell polarity",23,2,1.91,"0.58033",0.58033,1
"GO:0090278","negative regulation of peptide hormone secretion",23,2,1.91,"0.58033",0.58033,1
"GO:0098597","observational learning",23,2,1.91,"0.58033",0.58033,1
"GO:0098598","learned vocalization behavior or vocal learning",23,2,1.91,"0.58033",0.58033,1
"GO:1901264","carbohydrate derivative transport",23,2,1.91,"0.58033",0.58033,1
"GO:1903573","negative regulation of response to endoplasmic reticulum stress",23,2,1.91,"0.58033",0.58033,1
"GO:1905330","regulation of morphogenesis of an epithelium",23,2,1.91,"0.58033",0.58033,1
"GO:0048869","cellular developmental process",2543,209,211.13,"0.58118",0.58118,1
"GO:0007169","transmembrane receptor protein tyrosine kinase signaling pathway",431,35,35.78,"0.58154",0.58154,1
"GO:0022603","regulation of anatomical structure morphogenesis",529,43,43.92,"0.58272",0.58272,1
"GO:0010563","negative regulation of phosphorus metabolic process",198,16,16.44,"0.58321",0.58321,1
"GO:0045936","negative regulation of phosphate metabolic process",198,16,16.44,"0.58321",0.58321,1
"GO:0000245","spliceosomal complex assembly",36,3,2.99,"0.58427",0.58427,1
"GO:0002200","somatic diversification of immune receptors",36,3,2.99,"0.58427",0.58427,1
"GO:0002726","positive regulation of T cell cytokine production",36,3,2.99,"0.58427",0.58427,1
"GO:0032418","lysosome localization",36,3,2.99,"0.58427",0.58427,1
"GO:0035162","embryonic hemopoiesis",36,3,2.99,"0.58427",0.58427,1
"GO:0051480","regulation of cytosolic calcium ion concentration",36,3,2.99,"0.58427",0.58427,1
"GO:1990849","vacuolar localization",36,3,2.99,"0.58427",0.58427,1
"GO:0055086","nucleobase-containing small molecule metabolic process",358,29,29.72,"0.58440",0.5844,1
"GO:0000122","negative regulation of transcription by RNA polymerase II",309,25,25.65,"0.58494",0.58494,1
"GO:0016571","histone methylation",74,6,6.14,"0.58543",0.58543,1
"GO:0045471","response to ethanol",74,6,6.14,"0.58543",0.58543,1
"GO:0051494","negative regulation of cytoskeleton organization",74,6,6.14,"0.58543",0.58543,1
"GO:0065004","protein-DNA complex assembly",74,6,6.14,"0.58543",0.58543,1
"GO:0061564","axon development",395,32,32.79,"0.58579",0.58579,1
"GO:0031345","negative regulation of cell projection organization",124,10,10.29,"0.58597",0.58597,1
"GO:0051239","regulation of multicellular organismal process",1491,122,123.79,"0.58648",0.58648,1
"GO:0007156","homophilic cell adhesion via plasma membrane adhesion molecules",149,12,12.37,"0.58754",0.58754,1
"GO:0046847","filopodium assembly",49,4,4.07,"0.58903",0.58903,1
"GO:0007498","mesoderm development",87,7,7.22,"0.59123",0.59123,1
"GO:0030177","positive regulation of Wnt signaling pathway",87,7,7.22,"0.59123",0.59123,1
"GO:0001838","embryonic epithelial tube formation",137,11,11.37,"0.59168",0.59168,1
"GO:0050953","sensory perception of light stimulus",137,11,11.37,"0.59168",0.59168,1
"GO:0051222","positive regulation of protein transport",137,11,11.37,"0.59168",0.59168,1
"GO:0006885","regulation of pH",62,5,5.15,"0.59395",0.59395,1
"GO:0035249","synaptic transmission, glutamatergic",62,5,5.15,"0.59395",0.59395,1
"GO:0009968","negative regulation of signal transduction",727,59,60.36,"0.59530",0.5953,1
"GO:0007005","mitochondrion organization",286,23,23.74,"0.59588",0.59588,1
"GO:0051046","regulation of secretion",286,23,23.74,"0.59588",0.59588,1
"GO:0070887","cellular response to chemical stimulus",1251,102,103.86,"0.59625",0.59625,1
"GO:0000819","sister chromatid segregation",125,10,10.38,"0.59638",0.59638,1
"GO:0051098","regulation of binding",212,17,17.6,"0.59661",0.59661,1
"GO:0045765","regulation of angiogenesis",150,12,12.45,"0.59704",0.59704,1
"GO:0042221","response to chemical",1859,152,154.34,"0.59876",0.59876,1
"GO:0042176","regulation of protein catabolic process",188,15,15.61,"0.60319",0.60319,1
"GO:0002369","T cell cytokine production",37,3,3.07,"0.60322",0.60322,1
"GO:0002724","regulation of T cell cytokine production",37,3,3.07,"0.60322",0.60322,1
"GO:0007158","neuron cell-cell adhesion",37,3,3.07,"0.60322",0.60322,1
"GO:0007212","dopamine receptor signaling pathway",37,3,3.07,"0.60322",0.60322,1
"GO:0009187","cyclic nucleotide metabolic process",37,3,3.07,"0.60322",0.60322,1
"GO:0021587","cerebellum morphogenesis",37,3,3.07,"0.60322",0.60322,1
"GO:0032922","circadian regulation of gene expression",37,3,3.07,"0.60322",0.60322,1
"GO:0045666","positive regulation of neuron differentiation",37,3,3.07,"0.60322",0.60322,1
"GO:0051180","vitamin transport",37,3,3.07,"0.60322",0.60322,1
"GO:0051591","response to cAMP",37,3,3.07,"0.60322",0.60322,1
"GO:0060038","cardiac muscle cell proliferation",37,3,3.07,"0.60322",0.60322,1
"GO:0072207","metanephric epithelium development",37,3,3.07,"0.60322",0.60322,1
"GO:0001704","formation of primary germ layer",88,7,7.31,"0.60353",0.60353,1
"GO:0002381","immunoglobulin production involved in immunoglobulin-mediated immune response",24,2,1.99,"0.60391",0.60391,1
"GO:0006695","cholesterol biosynthetic process",24,2,1.99,"0.60391",0.60391,1
"GO:0006828","manganese ion transport",24,2,1.99,"0.60391",0.60391,1
"GO:0006879","intracellular iron ion homeostasis",24,2,1.99,"0.60391",0.60391,1
"GO:0009072","aromatic amino acid metabolic process",24,2,1.99,"0.60391",0.60391,1
"GO:0009083","branched-chain amino acid catabolic process",24,2,1.99,"0.60391",0.60391,1
"GO:0009126","purine nucleoside monophosphate metabolic process",24,2,1.99,"0.60391",0.60391,1
"GO:0009167","purine ribonucleoside monophosphate metabolic process",24,2,1.99,"0.60391",0.60391,1
"GO:0009190","cyclic nucleotide biosynthetic process",24,2,1.99,"0.60391",0.60391,1
"GO:0009309","amine biosynthetic process",24,2,1.99,"0.60391",0.60391,1
"GO:0021772","olfactory bulb development",24,2,1.99,"0.60391",0.60391,1
"GO:0021988","olfactory lobe development",24,2,1.99,"0.60391",0.60391,1
"GO:0030947","regulation of vascular endothelial growth factor receptor signaling pathway",24,2,1.99,"0.60391",0.60391,1
"GO:0031670","cellular response to nutrient",24,2,1.99,"0.60391",0.60391,1
"GO:0042401","biogenic amine biosynthetic process",24,2,1.99,"0.60391",0.60391,1
"GO:0042491","inner ear auditory receptor cell differentiation",24,2,1.99,"0.60391",0.60391,1
"GO:0043574","peroxisomal transport",24,2,1.99,"0.60391",0.60391,1
"GO:0045910","negative regulation of DNA recombination",24,2,1.99,"0.60391",0.60391,1
"GO:0048703","embryonic viscerocranium morphogenesis",24,2,1.99,"0.60391",0.60391,1
"GO:0051647","nucleus localization",24,2,1.99,"0.60391",0.60391,1
"GO:0055057","neuroblast division",24,2,1.99,"0.60391",0.60391,1
"GO:1902653","secondary alcohol biosynthetic process",24,2,1.99,"0.60391",0.60391,1
"GO:0030154","cell differentiation",2540,208,210.88,"0.60473",0.60473,1
"GO:0033559","unsaturated fatty acid metabolic process",50,4,4.15,"0.60530",0.6053,1
"GO:0051310","metaphase chromosome alignment",50,4,4.15,"0.60530",0.6053,1
"GO:0072527","pyrimidine-containing compound metabolic process",50,4,4.15,"0.60530",0.6053,1
"GO:0120192","tight junction assembly",50,4,4.15,"0.60530",0.6053,1
"GO:2000377","regulation of reactive oxygen species metabolic process",50,4,4.15,"0.60530",0.6053,1
"GO:0045229","external encapsulating structure organization",238,19,19.76,"0.60613",0.60613,1
"GO:0001894","tissue homeostasis",176,14,14.61,"0.60696",0.60696,1
"GO:0032502","developmental process",4053,333,336.49,"0.60744",0.60744,1
"GO:0001889","liver development",101,8,8.39,"0.60811",0.60811,1
"GO:0002703","regulation of leukocyte mediated immunity",101,8,8.39,"0.60811",0.60811,1
"GO:0043588","skin development",101,8,8.39,"0.60811",0.60811,1
"GO:0006413","translational initiation",63,5,5.23,"0.60841",0.60841,1
"GO:0007606","sensory perception of chemical stimulus",63,5,5.23,"0.60841",0.60841,1
"GO:0008064","regulation of actin polymerization or depolymerization",63,5,5.23,"0.60841",0.60841,1
"GO:0032944","regulation of mononuclear cell proliferation",63,5,5.23,"0.60841",0.60841,1
"GO:0050670","regulation of lymphocyte proliferation",63,5,5.23,"0.60841",0.60841,1
"GO:0120254","olefinic compound metabolic process",63,5,5.23,"0.60841",0.60841,1
"GO:0019439","aromatic compound catabolic process",313,25,25.99,"0.61145",0.61145,1
"GO:0000902","cell morphogenesis",694,56,57.62,"0.61166",0.61166,1
"GO:0022612","gland morphogenesis",76,6,6.31,"0.61194",0.61194,1
"GO:0035567","non-canonical Wnt signaling pathway",76,6,6.31,"0.61194",0.61194,1
"GO:0042180","cellular ketone metabolic process",76,6,6.31,"0.61194",0.61194,1
"GO:0000054","ribosomal subunit export from nucleus",11,1,0.91,"0.61472",0.61472,1
"GO:0001522","pseudouridine synthesis",11,1,0.91,"0.61472",0.61472,1
"GO:0002089","lens morphogenesis in camera-type eye",11,1,0.91,"0.61472",0.61472,1
"GO:0006004","fucose metabolic process",11,1,0.91,"0.61472",0.61472,1
"GO:0006098","pentose-phosphate shunt",11,1,0.91,"0.61472",0.61472,1
"GO:0006140","regulation of nucleotide metabolic process",11,1,0.91,"0.61472",0.61472,1
"GO:0006188","IMP biosynthetic process",11,1,0.91,"0.61472",0.61472,1
"GO:0006670","sphingosine metabolic process",11,1,0.91,"0.61472",0.61472,1
"GO:0006971","hypotonic response",11,1,0.91,"0.61472",0.61472,1
"GO:0007039","protein catabolic process in the vacuole",11,1,0.91,"0.61472",0.61472,1
"GO:0007595","lactation",11,1,0.91,"0.61472",0.61472,1
"GO:0009065","glutamine family amino acid catabolic process",11,1,0.91,"0.61472",0.61472,1
"GO:0010756","positive regulation of plasminogen activation",11,1,0.91,"0.61472",0.61472,1
"GO:0016446","somatic hypermutation of immunoglobulin genes",11,1,0.91,"0.61472",0.61472,1
"GO:0016558","protein import into peroxisome matrix",11,1,0.91,"0.61472",0.61472,1
"GO:0018342","protein prenylation",11,1,0.91,"0.61472",0.61472,1
"GO:0019433","triglyceride catabolic process",11,1,0.91,"0.61472",0.61472,1
"GO:0021561","facial nerve development",11,1,0.91,"0.61472",0.61472,1
"GO:0030212","hyaluronan metabolic process",11,1,0.91,"0.61472",0.61472,1
"GO:0030252","growth hormone secretion",11,1,0.91,"0.61472",0.61472,1
"GO:0030728","ovulation",11,1,0.91,"0.61472",0.61472,1
"GO:0030857","negative regulation of epithelial cell differentiation",11,1,0.91,"0.61472",0.61472,1
"GO:0030878","thyroid gland development",11,1,0.91,"0.61472",0.61472,1
"GO:0032350","regulation of hormone metabolic process",11,1,0.91,"0.61472",0.61472,1
"GO:0032400","melanosome localization",11,1,0.91,"0.61472",0.61472,1
"GO:0032780","negative regulation of ATP-dependent activity",11,1,0.91,"0.61472",0.61472,1
"GO:0033028","myeloid cell apoptotic process",11,1,0.91,"0.61472",0.61472,1
"GO:0033750","ribosome localization",11,1,0.91,"0.61472",0.61472,1
"GO:0034244","negative regulation of transcription elongation by RNA polymerase II",11,1,0.91,"0.61472",0.61472,1
"GO:0035641","locomotory exploration behavior",11,1,0.91,"0.61472",0.61472,1
"GO:0035721","intraciliary retrograde transport",11,1,0.91,"0.61472",0.61472,1
"GO:0035728","response to hepatocyte growth factor",11,1,0.91,"0.61472",0.61472,1
"GO:0036257","multivesicular body organization",11,1,0.91,"0.61472",0.61472,1
"GO:0042531","positive regulation of tyrosine phosphorylation of STAT protein",11,1,0.91,"0.61472",0.61472,1
"GO:0042559","pteridine-containing compound biosynthetic process",11,1,0.91,"0.61472",0.61472,1
"GO:0043153","entrainment of circadian clock by photoperiod",11,1,0.91,"0.61472",0.61472,1
"GO:0044030","regulation of DNA methylation",11,1,0.91,"0.61472",0.61472,1
"GO:0045577","regulation of B cell differentiation",11,1,0.91,"0.61472",0.61472,1
"GO:0045651","positive regulation of macrophage differentiation",11,1,0.91,"0.61472",0.61472,1
"GO:0045745","positive regulation of G protein-coupled receptor signaling pathway",11,1,0.91,"0.61472",0.61472,1
"GO:0046112","nucleobase biosynthetic process",11,1,0.91,"0.61472",0.61472,1
"GO:0046519","sphingoid metabolic process",11,1,0.91,"0.61472",0.61472,1
"GO:0051156","glucose 6-phosphate metabolic process",11,1,0.91,"0.61472",0.61472,1
"GO:0051764","actin crosslink formation",11,1,0.91,"0.61472",0.61472,1
"GO:0051904","pigment granule transport",11,1,0.91,"0.61472",0.61472,1
"GO:0051905","establishment of pigment granule localization",11,1,0.91,"0.61472",0.61472,1
"GO:0055003","cardiac myofibril assembly",11,1,0.91,"0.61472",0.61472,1
"GO:0055070","copper ion homeostasis",11,1,0.91,"0.61472",0.61472,1
"GO:0060317","cardiac epithelial to mesenchymal transition",11,1,0.91,"0.61472",0.61472,1
"GO:0060416","response to growth hormone",11,1,0.91,"0.61472",0.61472,1
"GO:0070293","renal absorption",11,1,0.91,"0.61472",0.61472,1
"GO:0071398","cellular response to fatty acid",11,1,0.91,"0.61472",0.61472,1
"GO:0072014","proximal tubule development",11,1,0.91,"0.61472",0.61472,1
"GO:0072114","pronephros morphogenesis",11,1,0.91,"0.61472",0.61472,1
"GO:0072350","tricarboxylic acid metabolic process",11,1,0.91,"0.61472",0.61472,1
"GO:0090034","regulation of chaperone-mediated protein complex assembly",11,1,0.91,"0.61472",0.61472,1
"GO:0090035","positive regulation of chaperone-mediated protein complex assembly",11,1,0.91,"0.61472",0.61472,1
"GO:0090394","negative regulation of excitatory postsynaptic potential",11,1,0.91,"0.61472",0.61472,1
"GO:0097202","activation of cysteine-type endopeptidase activity",11,1,0.91,"0.61472",0.61472,1
"GO:0097354","prenylation",11,1,0.91,"0.61472",0.61472,1
"GO:0098801","regulation of renal system process",11,1,0.91,"0.61472",0.61472,1
"GO:0098908","regulation of neuronal action potential",11,1,0.91,"0.61472",0.61472,1
"GO:1900542","regulation of purine nucleotide metabolic process",11,1,0.91,"0.61472",0.61472,1
"GO:1901385","regulation of voltage-gated calcium channel activity",11,1,0.91,"0.61472",0.61472,1
"GO:1901861","regulation of muscle tissue development",11,1,0.91,"0.61472",0.61472,1
"GO:1905146","lysosomal protein catabolic process",11,1,0.91,"0.61472",0.61472,1
"GO:1990399","epithelium regeneration",11,1,0.91,"0.61472",0.61472,1
"GO:2000114","regulation of establishment of cell polarity",11,1,0.91,"0.61472",0.61472,1
"GO:2000345","regulation of hepatocyte proliferation",11,1,0.91,"0.61472",0.61472,1
"GO:0006412","translation",437,35,36.28,"0.61540",0.6154,1
"GO:0001934","positive regulation of protein phosphorylation",376,30,31.22,"0.61914",0.61914,1
"GO:0033673","negative regulation of kinase activity",102,8,8.47,"0.61939",0.61939,1
"GO:2000058","regulation of ubiquitin-dependent protein catabolic process",102,8,8.47,"0.61939",0.61939,1
"GO:0016485","protein processing",190,15,15.77,"0.61989",0.61989,1
"GO:0006690","icosanoid metabolic process",51,4,4.23,"0.62118",0.62118,1
"GO:0010463","mesenchymal cell proliferation",51,4,4.23,"0.62118",0.62118,1
"GO:0015837","amine transport",51,4,4.23,"0.62118",0.62118,1
"GO:0016525","negative regulation of angiogenesis",51,4,4.23,"0.62118",0.62118,1
"GO:0030901","midbrain development",51,4,4.23,"0.62118",0.62118,1
"GO:0043297","apical junction assembly",51,4,4.23,"0.62118",0.62118,1
"GO:0120193","tight junction organization",51,4,4.23,"0.62118",0.62118,1
"GO:0001709","cell fate determination",38,3,3.15,"0.62160",0.6216,1
"GO:0015844","monoamine transport",38,3,3.15,"0.62160",0.6216,1
"GO:0035220","wing disc development",38,3,3.15,"0.62160",0.6216,1
"GO:0035304","regulation of protein dephosphorylation",38,3,3.15,"0.62160",0.6216,1
"GO:0042558","pteridine-containing compound metabolic process",38,3,3.15,"0.62160",0.6216,1
"GO:0048844","artery morphogenesis",38,3,3.15,"0.62160",0.6216,1
"GO:0050864","regulation of B cell activation",38,3,3.15,"0.62160",0.6216,1
"GO:0061180","mammary gland epithelium development",38,3,3.15,"0.62160",0.6216,1
"GO:0099172","presynapse organization",38,3,3.15,"0.62160",0.6216,1
"GO:1901655","cellular response to ketone",38,3,3.15,"0.62160",0.6216,1
"GO:0001906","cell killing",64,5,5.31,"0.62258",0.62258,1
"GO:0030832","regulation of actin filament length",64,5,5.31,"0.62258",0.62258,1
"GO:0042592","homeostatic process",868,70,72.06,"0.62289",0.62289,1
"GO:0001764","neuron migration",115,9,9.55,"0.62313",0.62313,1
"GO:0060249","anatomical structure homeostasis",178,14,14.78,"0.62414",0.62414,1
"GO:0072657","protein localization to membrane",315,25,26.15,"0.62443",0.62443,1
"GO:0008593","regulation of Notch signaling pathway",77,6,6.39,"0.62484",0.62484,1
"GO:0036293","response to decreased oxygen levels",153,12,12.7,"0.62495",0.62495,1
"GO:1901342","regulation of vasculature development",153,12,12.7,"0.62495",0.62495,1
"GO:0006887","exocytosis",340,27,28.23,"0.62582",0.62582,1
"GO:0051640","organelle localization",340,27,28.23,"0.62582",0.62582,1
"GO:0000272","polysaccharide catabolic process",25,2,2.08,"0.62646",0.62646,1
"GO:0001910","regulation of leukocyte mediated cytotoxicity",25,2,2.08,"0.62646",0.62646,1
"GO:0006305","DNA alkylation",25,2,2.08,"0.62646",0.62646,1
"GO:0006306","DNA methylation",25,2,2.08,"0.62646",0.62646,1
"GO:0009303","rRNA transcription",25,2,2.08,"0.62646",0.62646,1
"GO:0009310","amine catabolic process",25,2,2.08,"0.62646",0.62646,1
"GO:0010822","positive regulation of mitochondrion organization",25,2,2.08,"0.62646",0.62646,1
"GO:0015012","heparan sulfate proteoglycan biosynthetic process",25,2,2.08,"0.62646",0.62646,1
"GO:0035065","regulation of histone acetylation",25,2,2.08,"0.62646",0.62646,1
"GO:0042402","cellular biogenic amine catabolic process",25,2,2.08,"0.62646",0.62646,1
"GO:0046329","negative regulation of JNK cascade",25,2,2.08,"0.62646",0.62646,1
"GO:0046579","positive regulation of Ras protein signal transduction",25,2,2.08,"0.62646",0.62646,1
"GO:0046889","positive regulation of lipid biosynthetic process",25,2,2.08,"0.62646",0.62646,1
"GO:0050922","negative regulation of chemotaxis",25,2,2.08,"0.62646",0.62646,1
"GO:0061647","histone H3-K9 modification",25,2,2.08,"0.62646",0.62646,1
"GO:0120162","positive regulation of cold-induced thermogenesis",25,2,2.08,"0.62646",0.62646,1
"GO:0007052","mitotic spindle organization",90,7,7.47,"0.62755",0.62755,1
"GO:0009566","fertilization",90,7,7.47,"0.62755",0.62755,1
"GO:0014033","neural crest cell differentiation",90,7,7.47,"0.62755",0.62755,1
"GO:0033135","regulation of peptidyl-serine phosphorylation",90,7,7.47,"0.62755",0.62755,1
"GO:0048477","oogenesis",90,7,7.47,"0.62755",0.62755,1
"GO:2000146","negative regulation of cell motility",90,7,7.47,"0.62755",0.62755,1
"GO:0006935","chemotaxis",166,13,13.78,"0.62883",0.62883,1
"GO:0061008","hepaticobiliary system development",103,8,8.55,"0.63050",0.6305,1
"GO:0140694","non-membrane-bounded organelle assembly",229,18,19.01,"0.63188",0.63188,1
"GO:0009896","positive regulation of catabolic process",279,22,23.16,"0.63278",0.63278,1
"GO:0000070","mitotic sister chromatid segregation",116,9,9.63,"0.63358",0.63358,1
"GO:0006468","protein phosphorylation",883,71,73.31,"0.63381",0.63381,1
"GO:0045934","negative regulation of nucleobase-containing compound metabolic process",613,49,50.89,"0.63403",0.63403,1
"GO:0000910","cytokinesis",154,12,12.79,"0.63403",0.63403,1
"GO:0005976","polysaccharide metabolic process",65,5,5.4,"0.63643",0.63643,1
"GO:0008016","regulation of heart contraction",65,5,5.4,"0.63643",0.63643,1
"GO:0030282","bone mineralization",65,5,5.4,"0.63643",0.63643,1
"GO:0045453","bone resorption",65,5,5.4,"0.63643",0.63643,1
"GO:0046683","response to organophosphorus",65,5,5.4,"0.63643",0.63643,1
"GO:0007189","adenylate cyclase-activating G protein-coupled receptor signaling pathway",52,4,4.32,"0.63665",0.63665,1
"GO:0035601","protein deacylation",52,4,4.32,"0.63665",0.63665,1
"GO:0045669","positive regulation of osteoblast differentiation",52,4,4.32,"0.63665",0.63665,1
"GO:0046620","regulation of organ growth",52,4,4.32,"0.63665",0.63665,1
"GO:0090307","mitotic spindle assembly",52,4,4.32,"0.63665",0.63665,1
"GO:0098732","macromolecule deacylation",52,4,4.32,"0.63665",0.63665,1
"GO:1903050","regulation of proteolysis involved in protein catabolic process",129,10,10.71,"0.63671",0.63671,1
"GO:0023056","positive regulation of signaling",847,68,70.32,"0.63685",0.63685,1
"GO:0055001","muscle cell development",78,6,6.48,"0.63748",0.63748,1
"GO:0001523","retinoid metabolic process",39,3,3.24,"0.63938",0.63938,1
"GO:0002165","instar larval or pupal development",39,3,3.24,"0.63938",0.63938,1
"GO:0002720","positive regulation of cytokine production involved in immune response",39,3,3.24,"0.63938",0.63938,1
"GO:0006304","DNA modification",39,3,3.24,"0.63938",0.63938,1
"GO:0006611","protein export from nucleus",39,3,3.24,"0.63938",0.63938,1
"GO:0032743","positive regulation of interleukin-2 production",39,3,3.24,"0.63938",0.63938,1
"GO:0036465","synaptic vesicle recycling",39,3,3.24,"0.63938",0.63938,1
"GO:0051972","regulation of telomerase activity",39,3,3.24,"0.63938",0.63938,1
"GO:0072001","renal system development",280,22,23.25,"0.63953",0.63953,1
"GO:0046903","secretion",590,47,48.98,"0.64165",0.64165,1
"GO:0045595","regulation of cell differentiation",824,66,68.41,"0.64301",0.64301,1
"GO:0007159","leukocyte cell-cell adhesion",117,9,9.71,"0.64386",0.64386,1
"GO:0001556","oocyte maturation",12,1,1,"0.64674",0.64674,1
"GO:0001963","synaptic transmission, dopaminergic",12,1,1,"0.64674",0.64674,1
"GO:0001990","regulation of systemic arterial blood pressure by hormone",12,1,1,"0.64674",0.64674,1
"GO:0002097","tRNA wobble base modification",12,1,1,"0.64674",0.64674,1
"GO:0002474","antigen processing and presentation of peptide antigen via MHC class I",12,1,1,"0.64674",0.64674,1
"GO:0006568","tryptophan metabolic process",12,1,1,"0.64674",0.64674,1
"GO:0006586","indolalkylamine metabolic process",12,1,1,"0.64674",0.64674,1
"GO:0006691","leukotriene metabolic process",12,1,1,"0.64674",0.64674,1
"GO:0006692","prostanoid metabolic process",12,1,1,"0.64674",0.64674,1
"GO:0006693","prostaglandin metabolic process",12,1,1,"0.64674",0.64674,1
"GO:0006740","NADPH regeneration",12,1,1,"0.64674",0.64674,1
"GO:0006907","pinocytosis",12,1,1,"0.64674",0.64674,1
"GO:0007530","sex determination",12,1,1,"0.64674",0.64674,1
"GO:0008354","germ cell migration",12,1,1,"0.64674",0.64674,1
"GO:0008587","imaginal disc-derived wing margin morphogenesis",12,1,1,"0.64674",0.64674,1
"GO:0009048","dosage compensation by inactivation of X chromosome",12,1,1,"0.64674",0.64674,1
"GO:0010661","positive regulation of muscle cell apoptotic process",12,1,1,"0.64674",0.64674,1
"GO:0014819","regulation of skeletal muscle contraction",12,1,1,"0.64674",0.64674,1
"GO:0014832","urinary bladder smooth muscle contraction",12,1,1,"0.64674",0.64674,1
"GO:0014848","urinary tract smooth muscle contraction",12,1,1,"0.64674",0.64674,1
"GO:0018027","peptidyl-lysine dimethylation",12,1,1,"0.64674",0.64674,1
"GO:0018149","peptide cross-linking",12,1,1,"0.64674",0.64674,1
"GO:0018195","peptidyl-arginine modification",12,1,1,"0.64674",0.64674,1
"GO:0019336","phenol-containing compound catabolic process",12,1,1,"0.64674",0.64674,1
"GO:0019614","catechol-containing compound catabolic process",12,1,1,"0.64674",0.64674,1
"GO:0019852","L-ascorbic acid metabolic process",12,1,1,"0.64674",0.64674,1
"GO:0032781","positive regulation of ATP-dependent activity",12,1,1,"0.64674",0.64674,1
"GO:0032785","negative regulation of DNA-templated transcription, elongation",12,1,1,"0.64674",0.64674,1
"GO:0034314","Arp2/3 complex-mediated actin nucleation",12,1,1,"0.64674",0.64674,1
"GO:0035066","positive regulation of histone acetylation",12,1,1,"0.64674",0.64674,1
"GO:0036003","positive regulation of transcription from RNA polymerase II promoter in response to stress",12,1,1,"0.64674",0.64674,1
"GO:0036037","CD8-positive, alpha-beta T cell activation",12,1,1,"0.64674",0.64674,1
"GO:0042092","type 2 immune response",12,1,1,"0.64674",0.64674,1
"GO:0042420","dopamine catabolic process",12,1,1,"0.64674",0.64674,1
"GO:0042424","catecholamine catabolic process",12,1,1,"0.64674",0.64674,1
"GO:0043968","histone H2A acetylation",12,1,1,"0.64674",0.64674,1
"GO:0045103","intermediate filament-based process",12,1,1,"0.64674",0.64674,1
"GO:0045104","intermediate filament cytoskeleton organization",12,1,1,"0.64674",0.64674,1
"GO:0046040","IMP metabolic process",12,1,1,"0.64674",0.64674,1
"GO:0046337","phosphatidylethanolamine metabolic process",12,1,1,"0.64674",0.64674,1
"GO:0046755","viral budding",12,1,1,"0.64674",0.64674,1
"GO:0046835","carbohydrate phosphorylation",12,1,1,"0.64674",0.64674,1
"GO:0050482","arachidonic acid secretion",12,1,1,"0.64674",0.64674,1
"GO:0050891","multicellular organismal-level water homeostasis",12,1,1,"0.64674",0.64674,1
"GO:0050961","detection of temperature stimulus involved in sensory perception",12,1,1,"0.64674",0.64674,1
"GO:0050965","detection of temperature stimulus involved in sensory perception of pain",12,1,1,"0.64674",0.64674,1
"GO:0051570","regulation of histone H3-K9 methylation",12,1,1,"0.64674",0.64674,1
"GO:0051875","pigment granule localization",12,1,1,"0.64674",0.64674,1
"GO:0060211","regulation of nuclear-transcribed mRNA poly(A) tail shortening",12,1,1,"0.64674",0.64674,1
"GO:0060213","positive regulation of nuclear-transcribed mRNA poly(A) tail shortening",12,1,1,"0.64674",0.64674,1
"GO:0060563","neuroepithelial cell differentiation",12,1,1,"0.64674",0.64674,1
"GO:0060982","coronary artery morphogenesis",12,1,1,"0.64674",0.64674,1
"GO:0070633","transepithelial transport",12,1,1,"0.64674",0.64674,1
"GO:0071786","endoplasmic reticulum tubular network organization",12,1,1,"0.64674",0.64674,1
"GO:0072176","nephric duct development",12,1,1,"0.64674",0.64674,1
"GO:0072574","hepatocyte proliferation",12,1,1,"0.64674",0.64674,1
"GO:0072575","epithelial cell proliferation involved in liver morphogenesis",12,1,1,"0.64674",0.64674,1
"GO:0086003","cardiac muscle cell contraction",12,1,1,"0.64674",0.64674,1
"GO:0086065","cell communication involved in cardiac conduction",12,1,1,"0.64674",0.64674,1
"GO:0090042","tubulin deacetylation",12,1,1,"0.64674",0.64674,1
"GO:0097345","mitochondrial outer membrane permeabilization",12,1,1,"0.64674",0.64674,1
"GO:0140718","facultative heterochromatin formation",12,1,1,"0.64674",0.64674,1
"GO:1900181","negative regulation of protein localization to nucleus",12,1,1,"0.64674",0.64674,1
"GO:1900746","regulation of vascular endothelial growth factor signaling pathway",12,1,1,"0.64674",0.64674,1
"GO:1901334","lactone metabolic process",12,1,1,"0.64674",0.64674,1
"GO:1902547","regulation of cellular response to vascular endothelial growth factor stimulus",12,1,1,"0.64674",0.64674,1
"GO:1903170","negative regulation of calcium ion transmembrane transport",12,1,1,"0.64674",0.64674,1
"GO:1903861","positive regulation of dendrite extension",12,1,1,"0.64674",0.64674,1
"GO:1903963","arachidonate transport",12,1,1,"0.64674",0.64674,1
"GO:1904058","positive regulation of sensory perception of pain",12,1,1,"0.64674",0.64674,1
"GO:2000758","positive regulation of peptidyl-lysine acetylation",12,1,1,"0.64674",0.64674,1
"GO:2001014","regulation of skeletal muscle cell differentiation",12,1,1,"0.64674",0.64674,1
"GO:0048699","generation of neurons",1107,89,91.91,"0.64702",0.64702,1
"GO:0007193","adenylate cyclase-inhibiting G protein-coupled receptor signaling pathway",26,2,2.16,"0.64801",0.64801,1
"GO:0009156","ribonucleoside monophosphate biosynthetic process",26,2,2.16,"0.64801",0.64801,1
"GO:0032211","negative regulation of telomere maintenance via telomerase",26,2,2.16,"0.64801",0.64801,1
"GO:0040001","establishment of mitotic spindle localization",26,2,2.16,"0.64801",0.64801,1
"GO:0042249","establishment of planar polarity of embryonic epithelium",26,2,2.16,"0.64801",0.64801,1
"GO:0043489","RNA stabilization",26,2,2.16,"0.64801",0.64801,1
"GO:0051057","positive regulation of small GTPase mediated signal transduction",26,2,2.16,"0.64801",0.64801,1
"GO:0051930","regulation of sensory perception of pain",26,2,2.16,"0.64801",0.64801,1
"GO:0055023","positive regulation of cardiac muscle tissue growth",26,2,2.16,"0.64801",0.64801,1
"GO:0060159","regulation of dopamine receptor signaling pathway",26,2,2.16,"0.64801",0.64801,1
"GO:0060236","regulation of mitotic spindle organization",26,2,2.16,"0.64801",0.64801,1
"GO:0060421","positive regulation of heart growth",26,2,2.16,"0.64801",0.64801,1
"GO:0090073","positive regulation of protein homodimerization activity",26,2,2.16,"0.64801",0.64801,1
"GO:0090102","cochlea development",26,2,2.16,"0.64801",0.64801,1
"GO:0090177","establishment of planar polarity involved in neural tube closure",26,2,2.16,"0.64801",0.64801,1
"GO:0097028","dendritic cell differentiation",26,2,2.16,"0.64801",0.64801,1
"GO:2000677","regulation of transcription regulatory region DNA binding",26,2,2.16,"0.64801",0.64801,1
"GO:0070848","response to growth factor",468,37,38.85,"0.64926",0.64926,1
"GO:1901890","positive regulation of cell junction assembly",79,6,6.56,"0.64987",0.64987,1
"GO:0010811","positive regulation of cell-substrate adhesion",66,5,5.48,"0.64996",0.64996,1
"GO:0022404","molting cycle process",53,4,4.4,"0.65170",0.6517,1
"GO:0022405","hair cycle process",53,4,4.4,"0.65170",0.6517,1
"GO:0030879","mammary gland development",53,4,4.4,"0.65170",0.6517,1
"GO:2000181","negative regulation of blood vessel morphogenesis",53,4,4.4,"0.65170",0.6517,1
"GO:0010810","regulation of cell-substrate adhesion",105,8,8.72,"0.65217",0.65217,1
"GO:0072593","reactive oxygen species metabolic process",118,9,9.8,"0.65399",0.65399,1
"GO:0019222","regulation of metabolic process",3433,280,285.02,"0.65400",0.654,1
"GO:0043549","regulation of kinase activity",432,34,35.87,"0.65563",0.65563,1
"GO:0002064","epithelial cell development",131,10,10.88,"0.65604",0.65604,1
"GO:0043543","protein acylation",131,10,10.88,"0.65604",0.65604,1
"GO:0097191","extrinsic apoptotic signaling pathway",131,10,10.88,"0.65604",0.65604,1
"GO:0014013","regulation of gliogenesis",40,3,3.32,"0.65657",0.65657,1
"GO:0021575","hindbrain morphogenesis",40,3,3.32,"0.65657",0.65657,1
"GO:0045921","positive regulation of exocytosis",40,3,3.32,"0.65657",0.65657,1
"GO:0046189","phenol-containing compound biosynthetic process",40,3,3.32,"0.65657",0.65657,1
"GO:0051893","regulation of focal adhesion assembly",40,3,3.32,"0.65657",0.65657,1
"GO:0055021","regulation of cardiac muscle tissue growth",40,3,3.32,"0.65657",0.65657,1
"GO:0060420","regulation of heart growth",40,3,3.32,"0.65657",0.65657,1
"GO:0070972","protein localization to endoplasmic reticulum",40,3,3.32,"0.65657",0.65657,1
"GO:0090109","regulation of cell-substrate junction assembly",40,3,3.32,"0.65657",0.65657,1
"GO:0150116","regulation of cell-substrate junction organization",40,3,3.32,"0.65657",0.65657,1
"GO:1903321","negative regulation of protein modification by small protein conjugation or removal",40,3,3.32,"0.65657",0.65657,1
"GO:0044770","cell cycle phase transition",370,29,30.72,"0.65667",0.65667,1
"GO:0048666","neuron development",889,71,73.81,"0.65705",0.65705,1
"GO:0016331","morphogenesis of embryonic epithelium",182,14,15.11,"0.65736",0.65736,1
"GO:0010634","positive regulation of epithelial cell migration",144,11,11.96,"0.65826",0.65826,1
"GO:2001236","regulation of extrinsic apoptotic signaling pathway",93,7,7.72,"0.66200",0.662,1
"GO:0007204","positive regulation of cytosolic calcium ion concentration",80,6,6.64,"0.66200",0.662,1
"GO:0031214","biomineral tissue development",80,6,6.64,"0.66200",0.662,1
"GO:0046328","regulation of JNK cascade",80,6,6.64,"0.66200",0.662,1
"GO:0048640","negative regulation of developmental growth",80,6,6.64,"0.66200",0.662,1
"GO:0048864","stem cell development",80,6,6.64,"0.66200",0.662,1
"GO:0023061","signal release",296,23,24.57,"0.66243",0.66243,1
"GO:0007623","circadian rhythm",106,8,8.8,"0.66273",0.66273,1
"GO:0002700","regulation of production of molecular mediator of immune response",67,5,5.56,"0.66318",0.66318,1
"GO:0006820","monoatomic anion transport",67,5,5.56,"0.66318",0.66318,1
"GO:0009064","glutamine family amino acid metabolic process",67,5,5.56,"0.66318",0.66318,1
"GO:0050684","regulation of mRNA processing",67,5,5.56,"0.66318",0.66318,1
"GO:0060840","artery development",67,5,5.56,"0.66318",0.66318,1
"GO:1901800","positive regulation of proteasomal protein catabolic process",67,5,5.56,"0.66318",0.66318,1
"GO:0043010","camera-type eye development",246,19,20.42,"0.66401",0.66401,1
"GO:1901565","organonitrogen compound catabolic process",965,77,80.12,"0.66549",0.66549,1
"GO:0051303","establishment of chromosome localization",54,4,4.48,"0.66633",0.66633,1
"GO:1901343","negative regulation of vasculature development",54,4,4.48,"0.66633",0.66633,1
"GO:0050808","synapse organization",259,20,21.5,"0.66684",0.66684,1
"GO:0001763","morphogenesis of a branching structure",145,11,12.04,"0.66726",0.66726,1
"GO:0006936","muscle contraction",145,11,12.04,"0.66726",0.66726,1
"GO:0072175","epithelial tube formation",145,11,12.04,"0.66726",0.66726,1
"GO:1904951","positive regulation of establishment of protein localization",145,11,12.04,"0.66726",0.66726,1
"GO:0060485","mesenchyme development",234,18,19.43,"0.66826",0.66826,1
"GO:0006730","one-carbon metabolic process",27,2,2.24,"0.66855",0.66855,1
"GO:0010656","negative regulation of muscle cell apoptotic process",27,2,2.24,"0.66855",0.66855,1
"GO:0030431","sleep",27,2,2.24,"0.66855",0.66855,1
"GO:0036260","RNA capping",27,2,2.24,"0.66855",0.66855,1
"GO:0042659","regulation of cell fate specification",27,2,2.24,"0.66855",0.66855,1
"GO:0043462","regulation of ATP-dependent activity",27,2,2.24,"0.66855",0.66855,1
"GO:0050709","negative regulation of protein secretion",27,2,2.24,"0.66855",0.66855,1
"GO:0051445","regulation of meiotic cell cycle",27,2,2.24,"0.66855",0.66855,1
"GO:0061337","cardiac conduction",27,2,2.24,"0.66855",0.66855,1
"GO:0090224","regulation of spindle organization",27,2,2.24,"0.66855",0.66855,1
"GO:1990542","mitochondrial transmembrane transport",27,2,2.24,"0.66855",0.66855,1
"GO:0006066","alcohol metabolic process",247,19,20.51,"0.67092",0.67092,1
"GO:1903706","regulation of hemopoiesis",171,13,14.2,"0.67124",0.67124,1
"GO:0051960","regulation of nervous system development",310,24,25.74,"0.67158",0.67158,1
"GO:0010647","positive regulation of cell communication",856,68,71.07,"0.67199",0.67199,1
"GO:0006694","steroid biosynthetic process",94,7,7.8,"0.67304",0.67304,1
"GO:0030902","hindbrain development",94,7,7.8,"0.67304",0.67304,1
"GO:0071277","cellular response to calcium ion",41,3,3.4,"0.67317",0.67317,1
"GO:0006029","proteoglycan metabolic process",81,6,6.72,"0.67386",0.67386,1
"GO:0030010","establishment of cell polarity",81,6,6.72,"0.67386",0.67386,1
"GO:0046165","alcohol biosynthetic process",81,6,6.72,"0.67386",0.67386,1
"GO:0014032","neural crest cell development",68,5,5.65,"0.67606",0.67606,1
"GO:0061157","mRNA destabilization",68,5,5.65,"0.67606",0.67606,1
"GO:0000413","protein peptidyl-prolyl isomerization",13,1,1.08,"0.67610",0.6761,1
"GO:0000959","mitochondrial RNA metabolic process",13,1,1.08,"0.67610",0.6761,1
"GO:0001782","B cell homeostasis",13,1,1.08,"0.67610",0.6761,1
"GO:0002566","somatic diversification of immune receptors via somatic mutation",13,1,1.08,"0.67610",0.6761,1
"GO:0003009","skeletal muscle contraction",13,1,1.08,"0.67610",0.6761,1
"GO:0003338","metanephros morphogenesis",13,1,1.08,"0.67610",0.6761,1
"GO:0006359","regulation of transcription by RNA polymerase III",13,1,1.08,"0.67610",0.6761,1
"GO:0006491","N-glycan processing",13,1,1.08,"0.67610",0.6761,1
"GO:0006614","SRP-dependent cotranslational protein targeting to membrane",13,1,1.08,"0.67610",0.6761,1
"GO:0007035","vacuolar acidification",13,1,1.08,"0.67610",0.6761,1
"GO:0007205","protein kinase C-activating G protein-coupled receptor signaling pathway",13,1,1.08,"0.67610",0.6761,1
"GO:0010962","regulation of glucan biosynthetic process",13,1,1.08,"0.67610",0.6761,1
"GO:0015937","coenzyme A biosynthetic process",13,1,1.08,"0.67610",0.6761,1
"GO:0015986","proton motive force-driven ATP synthesis",13,1,1.08,"0.67610",0.6761,1
"GO:0019376","galactolipid catabolic process",13,1,1.08,"0.67610",0.6761,1
"GO:0021697","cerebellar cortex formation",13,1,1.08,"0.67610",0.6761,1
"GO:0030540","female genitalia development",13,1,1.08,"0.67610",0.6761,1
"GO:0031054","pre-miRNA processing",13,1,1.08,"0.67610",0.6761,1
"GO:0032461","positive regulation of protein oligomerization",13,1,1.08,"0.67610",0.6761,1
"GO:0032509","endosome transport via multivesicular body sorting pathway",13,1,1.08,"0.67610",0.6761,1
"GO:0033599","regulation of mammary gland epithelial cell proliferation",13,1,1.08,"0.67610",0.6761,1
"GO:0034067","protein localization to Golgi apparatus",13,1,1.08,"0.67610",0.6761,1
"GO:0034214","protein hexamerization",13,1,1.08,"0.67610",0.6761,1
"GO:0035261","external genitalia morphogenesis",13,1,1.08,"0.67610",0.6761,1
"GO:0035330","regulation of hippo signaling",13,1,1.08,"0.67610",0.6761,1
"GO:0035994","response to muscle stretch",13,1,1.08,"0.67610",0.6761,1
"GO:0039694","viral RNA genome replication",13,1,1.08,"0.67610",0.6761,1
"GO:0042135","neurotransmitter catabolic process",13,1,1.08,"0.67610",0.6761,1
"GO:0043101","purine-containing compound salvage",13,1,1.08,"0.67610",0.6761,1
"GO:0043516","regulation of DNA damage response, signal transduction by p53 class mediator",13,1,1.08,"0.67610",0.6761,1
"GO:0043555","regulation of translation in response to stress",13,1,1.08,"0.67610",0.6761,1
"GO:0043558","regulation of translational initiation in response to stress",13,1,1.08,"0.67610",0.6761,1
"GO:0044335","canonical Wnt signaling pathway involved in neural crest cell differentiation",13,1,1.08,"0.67610",0.6761,1
"GO:0045191","regulation of isotype switching",13,1,1.08,"0.67610",0.6761,1
"GO:0045540","regulation of cholesterol biosynthetic process",13,1,1.08,"0.67610",0.6761,1
"GO:0045649","regulation of macrophage differentiation",13,1,1.08,"0.67610",0.6761,1
"GO:0045943","positive regulation of transcription by RNA polymerase I",13,1,1.08,"0.67610",0.6761,1
"GO:0046326","positive regulation of glucose import",13,1,1.08,"0.67610",0.6761,1
"GO:0046621","negative regulation of organ growth",13,1,1.08,"0.67610",0.6761,1
"GO:0048485","sympathetic nervous system development",13,1,1.08,"0.67610",0.6761,1
"GO:0050655","dermatan sulfate proteoglycan metabolic process",13,1,1.08,"0.67610",0.6761,1
"GO:0050923","regulation of negative chemotaxis",13,1,1.08,"0.67610",0.6761,1
"GO:0051770","positive regulation of nitric-oxide synthase biosynthetic process",13,1,1.08,"0.67610",0.6761,1
"GO:0061734","parkin-mediated stimulation of mitophagy in response to mitochondrial depolarization",13,1,1.08,"0.67610",0.6761,1
"GO:0070842","aggresome assembly",13,1,1.08,"0.67610",0.6761,1
"GO:0071732","cellular response to nitric oxide",13,1,1.08,"0.67610",0.6761,1
"GO:0072012","glomerulus vasculature development",13,1,1.08,"0.67610",0.6761,1
"GO:0090009","primitive streak formation",13,1,1.08,"0.67610",0.6761,1
"GO:0090118","receptor-mediated endocytosis involved in cholesterol transport",13,1,1.08,"0.67610",0.6761,1
"GO:0090140","regulation of mitochondrial fission",13,1,1.08,"0.67610",0.6761,1
"GO:0090200","positive regulation of release of cytochrome c from mitochondria",13,1,1.08,"0.67610",0.6761,1
"GO:0090244","Wnt signaling pathway involved in somitogenesis",13,1,1.08,"0.67610",0.6761,1
"GO:0090245","axis elongation involved in somitogenesis",13,1,1.08,"0.67610",0.6761,1
"GO:0097066","response to thyroid hormone",13,1,1.08,"0.67610",0.6761,1
"GO:0106118","regulation of sterol biosynthetic process",13,1,1.08,"0.67610",0.6761,1
"GO:1902036","regulation of hematopoietic stem cell differentiation",13,1,1.08,"0.67610",0.6761,1
"GO:1902170","cellular response to reactive nitrogen species",13,1,1.08,"0.67610",0.6761,1
"GO:1903779","regulation of cardiac conduction",13,1,1.08,"0.67610",0.6761,1
"GO:1903859","regulation of dendrite extension",13,1,1.08,"0.67610",0.6761,1
"GO:1990390","protein K33-linked ubiquitination",13,1,1.08,"0.67610",0.6761,1
"GO:0007219","Notch signaling pathway",159,12,13.2,"0.67768",0.67768,1
"GO:0002062","chondrocyte differentiation",55,4,4.57,"0.68053",0.68053,1
"GO:0002711","positive regulation of T cell mediated immunity",55,4,4.57,"0.68053",0.68053,1
"GO:0008630","intrinsic apoptotic signaling pathway in response to DNA damage",55,4,4.57,"0.68053",0.68053,1
"GO:0060078","regulation of postsynaptic membrane potential",55,4,4.57,"0.68053",0.68053,1
"GO:0071346","cellular response to type II interferon",55,4,4.57,"0.68053",0.68053,1
"GO:0099565","chemical synaptic transmission, postsynaptic",55,4,4.57,"0.68053",0.68053,1
"GO:0099504","synaptic vesicle cycle",108,8,8.97,"0.68326",0.68326,1
"GO:0021675","nerve development",95,7,7.89,"0.68385",0.68385,1
"GO:0051346","negative regulation of hydrolase activity",134,10,11.13,"0.68393",0.68393,1
"GO:0030001","metal ion transport",475,37,39.44,"0.68475",0.68475,1
"GO:0051249","regulation of lymphocyte activation",147,11,12.2,"0.68486",0.68486,1
"GO:0006577","amino-acid betaine metabolic process",28,2,2.32,"0.68812",0.68812,1
"GO:0006857","oligopeptide transport",28,2,2.32,"0.68812",0.68812,1
"GO:0008088","axo-dendritic transport",28,2,2.32,"0.68812",0.68812,1
"GO:0009081","branched-chain amino acid metabolic process",28,2,2.32,"0.68812",0.68812,1
"GO:0009124","nucleoside monophosphate biosynthetic process",28,2,2.32,"0.68812",0.68812,1
"GO:0016126","sterol biosynthetic process",28,2,2.32,"0.68812",0.68812,1
"GO:0019377","glycolipid catabolic process",28,2,2.32,"0.68812",0.68812,1
"GO:0031100","animal organ regeneration",28,2,2.32,"0.68812",0.68812,1
"GO:0033866","nucleoside bisphosphate biosynthetic process",28,2,2.32,"0.68812",0.68812,1
"GO:0034030","ribonucleoside bisphosphate biosynthetic process",28,2,2.32,"0.68812",0.68812,1
"GO:0034033","purine nucleoside bisphosphate biosynthetic process",28,2,2.32,"0.68812",0.68812,1
"GO:0035306","positive regulation of dephosphorylation",28,2,2.32,"0.68812",0.68812,1
"GO:0042310","vasoconstriction",28,2,2.32,"0.68812",0.68812,1
"GO:0044550","secondary metabolite biosynthetic process",28,2,2.32,"0.68812",0.68812,1
"GO:0045814","negative regulation of gene expression, epigenetic",28,2,2.32,"0.68812",0.68812,1
"GO:0046825","regulation of protein export from nucleus",28,2,2.32,"0.68812",0.68812,1
"GO:0070228","regulation of lymphocyte apoptotic process",28,2,2.32,"0.68812",0.68812,1
"GO:0098900","regulation of action potential",28,2,2.32,"0.68812",0.68812,1
"GO:2000756","regulation of peptidyl-lysine acetylation",28,2,2.32,"0.68812",0.68812,1
"GO:0006939","smooth muscle contraction",69,5,5.73,"0.68861",0.68861,1
"GO:0060113","inner ear receptor cell differentiation",69,5,5.73,"0.68861",0.68861,1
"GO:0001885","endothelial cell development",42,3,3.49,"0.68916",0.68916,1
"GO:0002011","morphogenesis of an epithelial sheet",42,3,3.49,"0.68916",0.68916,1
"GO:0006081","cellular aldehyde metabolic process",42,3,3.49,"0.68916",0.68916,1
"GO:0010657","muscle cell apoptotic process",42,3,3.49,"0.68916",0.68916,1
"GO:0010660","regulation of muscle cell apoptotic process",42,3,3.49,"0.68916",0.68916,1
"GO:0016064","immunoglobulin mediated immune response",42,3,3.49,"0.68916",0.68916,1
"GO:0019724","B cell mediated immunity",42,3,3.49,"0.68916",0.68916,1
"GO:0046330","positive regulation of JNK cascade",42,3,3.49,"0.68916",0.68916,1
"GO:0046364","monosaccharide biosynthetic process",42,3,3.49,"0.68916",0.68916,1
"GO:0061383","trabecula morphogenesis",42,3,3.49,"0.68916",0.68916,1
"GO:1903076","regulation of protein localization to plasma membrane",42,3,3.49,"0.68916",0.68916,1
"GO:0097305","response to alcohol",122,9,10.13,"0.69279",0.69279,1
"GO:0050790","regulation of catalytic activity",948,75,78.71,"0.69288",0.69288,1
"GO:0099003","vesicle-mediated transport in synapse",109,8,9.05,"0.69322",0.69322,1
"GO:0032411","positive regulation of transporter activity",56,4,4.65,"0.69430",0.6943,1
"GO:0032436","positive regulation of proteasomal ubiquitin-dependent protein catabolic process",56,4,4.65,"0.69430",0.6943,1
"GO:0034341","response to type II interferon",56,4,4.65,"0.69430",0.6943,1
"GO:0048814","regulation of dendrite morphogenesis",56,4,4.65,"0.69430",0.6943,1
"GO:0051453","regulation of intracellular pH",56,4,4.65,"0.69430",0.6943,1
"GO:0051965","positive regulation of synapse assembly",56,4,4.65,"0.69430",0.6943,1
"GO:1901874","negative regulation of post-translational protein modification",56,4,4.65,"0.69430",0.6943,1
"GO:0001736","establishment of planar polarity",96,7,7.97,"0.69443",0.69443,1
"GO:0007164","establishment of tissue polarity",96,7,7.97,"0.69443",0.69443,1
"GO:0009152","purine ribonucleotide biosynthetic process",96,7,7.97,"0.69443",0.69443,1
"GO:1903037","regulation of leukocyte cell-cell adhesion",96,7,7.97,"0.69443",0.69443,1
"GO:0030097","hemopoiesis",427,33,35.45,"0.69481",0.69481,1
"GO:0071396","cellular response to lipid",238,18,19.76,"0.69593",0.69593,1
"GO:0035150","regulation of tube size",83,6,6.89,"0.69677",0.69677,1
"GO:0035265","organ growth",83,6,6.89,"0.69677",0.69677,1
"GO:0060538","skeletal muscle organ development",83,6,6.89,"0.69677",0.69677,1
"GO:0002521","leukocyte differentiation",213,16,17.68,"0.69943",0.69943,1
"GO:0051128","regulation of cellular component organization",1418,113,117.73,"0.70055",0.70055,1
"GO:0009060","aerobic respiration",70,5,5.81,"0.70083",0.70083,1
"GO:0031056","regulation of histone modification",70,5,5.81,"0.70083",0.70083,1
"GO:0001558","regulation of cell growth",226,17,18.76,"0.70100",0.701,1
"GO:0061138","morphogenesis of a branching epithelium",136,10,11.29,"0.70174",0.70174,1
"GO:0000305","response to oxygen radical",14,1,1.16,"0.70302",0.70302,1
"GO:0006370","7-methylguanosine mRNA capping",14,1,1.16,"0.70302",0.70302,1
"GO:0006825","copper ion transport",14,1,1.16,"0.70302",0.70302,1
"GO:0007000","nucleolus organization",14,1,1.16,"0.70302",0.70302,1
"GO:0007446","imaginal disc growth",14,1,1.16,"0.70302",0.70302,1
"GO:0007474","imaginal disc-derived wing vein specification",14,1,1.16,"0.70302",0.70302,1
"GO:0007549","dosage compensation",14,1,1.16,"0.70302",0.70302,1
"GO:0008089","anterograde axonal transport",14,1,1.16,"0.70302",0.70302,1
"GO:0008542","visual learning",14,1,1.16,"0.70302",0.70302,1
"GO:0009648","photoperiodism",14,1,1.16,"0.70302",0.70302,1
"GO:0009649","entrainment of circadian clock",14,1,1.16,"0.70302",0.70302,1
"GO:0015919","peroxisomal membrane transport",14,1,1.16,"0.70302",0.70302,1
"GO:0021884","forebrain neuron development",14,1,1.16,"0.70302",0.70302,1
"GO:0021984","adenohypophysis development",14,1,1.16,"0.70302",0.70302,1
"GO:0022028","tangential migration from the subventricular zone to the olfactory bulb",14,1,1.16,"0.70302",0.70302,1
"GO:0022616","DNA strand elongation",14,1,1.16,"0.70302",0.70302,1
"GO:0031987","locomotion involved in locomotory behavior",14,1,1.16,"0.70302",0.70302,1
"GO:0032222","regulation of synaptic transmission, cholinergic",14,1,1.16,"0.70302",0.70302,1
"GO:0032570","response to progesterone",14,1,1.16,"0.70302",0.70302,1
"GO:0033144","negative regulation of intracellular steroid hormone receptor signaling pathway",14,1,1.16,"0.70302",0.70302,1
"GO:0033336","caudal fin development",14,1,1.16,"0.70302",0.70302,1
"GO:0033338","medial fin development",14,1,1.16,"0.70302",0.70302,1
"GO:0033363","secretory granule organization",14,1,1.16,"0.70302",0.70302,1
"GO:0034035","purine ribonucleoside bisphosphate metabolic process",14,1,1.16,"0.70302",0.70302,1
"GO:0034351","negative regulation of glial cell apoptotic process",14,1,1.16,"0.70302",0.70302,1
"GO:0034392","negative regulation of smooth muscle cell apoptotic process",14,1,1.16,"0.70302",0.70302,1
"GO:0034776","response to histamine",14,1,1.16,"0.70302",0.70302,1
"GO:0035122","embryonic medial fin morphogenesis",14,1,1.16,"0.70302",0.70302,1
"GO:0035124","embryonic caudal fin morphogenesis",14,1,1.16,"0.70302",0.70302,1
"GO:0035141","medial fin morphogenesis",14,1,1.16,"0.70302",0.70302,1
"GO:0035143","caudal fin morphogenesis",14,1,1.16,"0.70302",0.70302,1
"GO:0038084","vascular endothelial growth factor signaling pathway",14,1,1.16,"0.70302",0.70302,1
"GO:0042219","cellular modified amino acid catabolic process",14,1,1.16,"0.70302",0.70302,1
"GO:0042415","norepinephrine metabolic process",14,1,1.16,"0.70302",0.70302,1
"GO:0042430","indole-containing compound metabolic process",14,1,1.16,"0.70302",0.70302,1
"GO:0043392","negative regulation of DNA binding",14,1,1.16,"0.70302",0.70302,1
"GO:0044340","canonical Wnt signaling pathway involved in regulation of cell proliferation",14,1,1.16,"0.70302",0.70302,1
"GO:0045779","negative regulation of bone resorption",14,1,1.16,"0.70302",0.70302,1
"GO:0046851","negative regulation of bone remodeling",14,1,1.16,"0.70302",0.70302,1
"GO:0050850","positive regulation of calcium-mediated signaling",14,1,1.16,"0.70302",0.70302,1
"GO:0051767","nitric-oxide synthase biosynthetic process",14,1,1.16,"0.70302",0.70302,1
"GO:0051769","regulation of nitric-oxide synthase biosynthetic process",14,1,1.16,"0.70302",0.70302,1
"GO:0051926","negative regulation of calcium ion transport",14,1,1.16,"0.70302",0.70302,1
"GO:0055078","sodium ion homeostasis",14,1,1.16,"0.70302",0.70302,1
"GO:0061437","renal system vasculature development",14,1,1.16,"0.70302",0.70302,1
"GO:0061440","kidney vasculature development",14,1,1.16,"0.70302",0.70302,1
"GO:0070986","left/right axis specification",14,1,1.16,"0.70302",0.70302,1
"GO:0071320","cellular response to cAMP",14,1,1.16,"0.70302",0.70302,1
"GO:0071420","cellular response to histamine",14,1,1.16,"0.70302",0.70302,1
"GO:0090181","regulation of cholesterol metabolic process",14,1,1.16,"0.70302",0.70302,1
"GO:0097242","amyloid-beta clearance",14,1,1.16,"0.70302",0.70302,1
"GO:0097421","liver regeneration",14,1,1.16,"0.70302",0.70302,1
"GO:1901298","regulation of hydrogen peroxide-mediated programmed cell death",14,1,1.16,"0.70302",0.70302,1
"GO:1901984","negative regulation of protein acetylation",14,1,1.16,"0.70302",0.70302,1
"GO:1901985","positive regulation of protein acetylation",14,1,1.16,"0.70302",0.70302,1
"GO:1902043","positive regulation of extrinsic apoptotic signaling pathway via death domain receptors",14,1,1.16,"0.70302",0.70302,1
"GO:1902110","positive regulation of mitochondrial membrane permeability involved in apoptotic process",14,1,1.16,"0.70302",0.70302,1
"GO:1902686","mitochondrial outer membrane permeabilization involved in programmed cell death",14,1,1.16,"0.70302",0.70302,1
"GO:1905906","regulation of amyloid fibril formation",14,1,1.16,"0.70302",0.70302,1
"GO:1905953","negative regulation of lipid localization",14,1,1.16,"0.70302",0.70302,1
"GO:0006446","regulation of translational initiation",43,3,3.57,"0.70456",0.70456,1
"GO:0007215","glutamate receptor signaling pathway",43,3,3.57,"0.70456",0.70456,1
"GO:0015748","organophosphate ester transport",43,3,3.57,"0.70456",0.70456,1
"GO:0016073","snRNA metabolic process",43,3,3.57,"0.70456",0.70456,1
"GO:0031640","killing of cells of another organism",43,3,3.57,"0.70456",0.70456,1
"GO:0033013","tetrapyrrole metabolic process",43,3,3.57,"0.70456",0.70456,1
"GO:0042073","intraciliary transport",43,3,3.57,"0.70456",0.70456,1
"GO:0055008","cardiac muscle tissue morphogenesis",43,3,3.57,"0.70456",0.70456,1
"GO:0141060","disruption of anatomical structure in another organism",43,3,3.57,"0.70456",0.70456,1
"GO:0141061","disruption of cell in another organism",43,3,3.57,"0.70456",0.70456,1
"GO:0051336","regulation of hydrolase activity",429,33,35.62,"0.70495",0.70495,1
"GO:0044772","mitotic cell cycle phase transition",303,23,25.16,"0.70548",0.70548,1
"GO:0000380","alternative mRNA splicing, via spliceosome",29,2,2.41,"0.70672",0.70672,1
"GO:0006094","gluconeogenesis",29,2,2.41,"0.70672",0.70672,1
"GO:0007031","peroxisome organization",29,2,2.41,"0.70672",0.70672,1
"GO:0007391","dorsal closure",29,2,2.41,"0.70672",0.70672,1
"GO:0007476","imaginal disc-derived wing morphogenesis",29,2,2.41,"0.70672",0.70672,1
"GO:0021517","ventral spinal cord development",29,2,2.41,"0.70672",0.70672,1
"GO:0032873","negative regulation of stress-activated MAPK cascade",29,2,2.41,"0.70672",0.70672,1
"GO:0042181","ketone biosynthetic process",29,2,2.41,"0.70672",0.70672,1
"GO:0048708","astrocyte differentiation",29,2,2.41,"0.70672",0.70672,1
"GO:0051954","positive regulation of amine transport",29,2,2.41,"0.70672",0.70672,1
"GO:0070303","negative regulation of stress-activated protein kinase signaling cascade",29,2,2.41,"0.70672",0.70672,1
"GO:0071260","cellular response to mechanical stimulus",29,2,2.41,"0.70672",0.70672,1
"GO:0072234","metanephric nephron tubule development",29,2,2.41,"0.70672",0.70672,1
"GO:0097479","synaptic vesicle localization",29,2,2.41,"0.70672",0.70672,1
"GO:0006612","protein targeting to membrane",57,4,4.73,"0.70765",0.70765,1
"GO:0050000","chromosome localization",57,4,4.73,"0.70765",0.70765,1
"GO:0097194","execution phase of apoptosis",57,4,4.73,"0.70765",0.70765,1
"GO:0140029","exocytic process",57,4,4.73,"0.70765",0.70765,1
"GO:1903305","regulation of regulated secretory pathway",57,4,4.73,"0.70765",0.70765,1
"GO:0009063","amino acid catabolic process",84,6,6.97,"0.70782",0.70782,1
"GO:1903311","regulation of mRNA metabolic process",163,12,13.53,"0.71034",0.71034,1
"GO:0071407","cellular response to organic cyclic compound",253,19,21,"0.71075",0.71075,1
"GO:0016236","macroautophagy",176,13,14.61,"0.71080",0.7108,1
"GO:0043393","regulation of protein binding",124,9,10.29,"0.71114",0.71114,1
"GO:0044706","multi-multicellular organism process",71,5,5.89,"0.71271",0.71271,1
"GO:0050779","RNA destabilization",71,5,5.89,"0.71271",0.71271,1
"GO:0060284","regulation of cell development",431,33,35.78,"0.71490",0.7149,1
"GO:0044270","cellular nitrogen compound catabolic process",292,22,24.24,"0.71553",0.71553,1
"GO:0007507","heart development",469,36,38.94,"0.71624",0.71624,1
"GO:0043583","ear development",151,11,12.54,"0.71833",0.71833,1
"GO:0045333","cellular respiration",85,6,7.06,"0.71859",0.71859,1
"GO:0016575","histone deacetylation",44,3,3.65,"0.71937",0.71937,1
"GO:0030048","actin filament-based movement",44,3,3.65,"0.71937",0.71937,1
"GO:0035315","hair cell differentiation",44,3,3.65,"0.71937",0.71937,1
"GO:0072210","metanephric nephron development",44,3,3.65,"0.71937",0.71937,1
"GO:0062197","cellular response to chemical stress",125,9,10.38,"0.72004",0.72004,1
"GO:0006090","pyruvate metabolic process",58,4,4.82,"0.72056",0.72056,1
"GO:0030041","actin filament polymerization",58,4,4.82,"0.72056",0.72056,1
"GO:0031175","neuron projection development",745,58,61.85,"0.72066",0.72066,1
"GO:0042490","mechanoreceptor differentiation",72,5,5.98,"0.72425",0.72425,1
"GO:1902904","negative regulation of supramolecular fiber organization",72,5,5.98,"0.72425",0.72425,1
"GO:1903825","organic acid transmembrane transport",72,5,5.98,"0.72425",0.72425,1
"GO:1905039","carboxylic acid transmembrane transport",72,5,5.98,"0.72425",0.72425,1
"GO:0002042","cell migration involved in sprouting angiogenesis",30,2,2.49,"0.72439",0.72439,1
"GO:0006687","glycosphingolipid metabolic process",30,2,2.49,"0.72439",0.72439,1
"GO:0007472","wing disc morphogenesis",30,2,2.49,"0.72439",0.72439,1
"GO:0007638","mechanosensory behavior",30,2,2.49,"0.72439",0.72439,1
"GO:0010996","response to auditory stimulus",30,2,2.49,"0.72439",0.72439,1
"GO:0019319","hexose biosynthetic process",30,2,2.49,"0.72439",0.72439,1
"GO:0032366","intracellular sterol transport",30,2,2.49,"0.72439",0.72439,1
"GO:0032367","intracellular cholesterol transport",30,2,2.49,"0.72439",0.72439,1
"GO:0032370","positive regulation of lipid transport",30,2,2.49,"0.72439",0.72439,1
"GO:0035114","imaginal disc-derived appendage morphogenesis",30,2,2.49,"0.72439",0.72439,1
"GO:0043605","amide catabolic process",30,2,2.49,"0.72439",0.72439,1
"GO:0046173","polyol biosynthetic process",30,2,2.49,"0.72439",0.72439,1
"GO:0046622","positive regulation of organ growth",30,2,2.49,"0.72439",0.72439,1
"GO:0048737","imaginal disc-derived appendage development",30,2,2.49,"0.72439",0.72439,1
"GO:0070192","chromosome organization involved in meiotic cell cycle",30,2,2.49,"0.72439",0.72439,1
"GO:1990266","neutrophil migration",30,2,2.49,"0.72439",0.72439,1
"GO:0007254","JNK cascade",99,7,8.22,"0.72478",0.72478,1
"GO:0051028","mRNA transport",99,7,8.22,"0.72478",0.72478,1
"GO:0034504","protein localization to nucleus",165,12,13.7,"0.72587",0.72587,1
"GO:0048705","skeletal system morphogenesis",165,12,13.7,"0.72587",0.72587,1
"GO:0006643","membrane lipid metabolic process",152,11,12.62,"0.72633",0.72633,1
"GO:0048872","homeostasis of number of cells",152,11,12.62,"0.72633",0.72633,1
"GO:0007265","Ras protein signal transduction",217,16,18.02,"0.72695",0.72695,1
"GO:0000256","allantoin catabolic process",15,1,1.25,"0.72770",0.7277,1
"GO:0002637","regulation of immunoglobulin production",15,1,1.25,"0.72770",0.7277,1
"GO:0006032","chitin catabolic process",15,1,1.25,"0.72770",0.7277,1
"GO:0006111","regulation of gluconeogenesis",15,1,1.25,"0.72770",0.7277,1
"GO:0006751","glutathione catabolic process",15,1,1.25,"0.72770",0.7277,1
"GO:0007100","mitotic centrosome separation",15,1,1.25,"0.72770",0.7277,1
"GO:0009437","carnitine metabolic process",15,1,1.25,"0.72770",0.7277,1
"GO:0010390","histone monoubiquitination",15,1,1.25,"0.72770",0.7277,1
"GO:0010421","hydrogen peroxide-mediated programmed cell death",15,1,1.25,"0.72770",0.7277,1
"GO:0010447","response to acidic pH",15,1,1.25,"0.72770",0.7277,1
"GO:0010659","cardiac muscle cell apoptotic process",15,1,1.25,"0.72770",0.7277,1
"GO:0010665","regulation of cardiac muscle cell apoptotic process",15,1,1.25,"0.72770",0.7277,1
"GO:0010755","regulation of plasminogen activation",15,1,1.25,"0.72770",0.7277,1
"GO:0016048","detection of temperature stimulus",15,1,1.25,"0.72770",0.7277,1
"GO:0017145","stem cell division",15,1,1.25,"0.72770",0.7277,1
"GO:0021680","cerebellar Purkinje cell layer development",15,1,1.25,"0.72770",0.7277,1
"GO:0021783","preganglionic parasympathetic fiber development",15,1,1.25,"0.72770",0.7277,1
"GO:0031365","N-terminal protein amino acid modification",15,1,1.25,"0.72770",0.7277,1
"GO:0033574","response to testosterone",15,1,1.25,"0.72770",0.7277,1
"GO:0034104","negative regulation of tissue remodeling",15,1,1.25,"0.72770",0.7277,1
"GO:0034453","microtubule anchoring",15,1,1.25,"0.72770",0.7277,1
"GO:0034982","mitochondrial protein processing",15,1,1.25,"0.72770",0.7277,1
"GO:0034983","peptidyl-lysine deacetylation",15,1,1.25,"0.72770",0.7277,1
"GO:0035025","positive regulation of Rho protein signal transduction",15,1,1.25,"0.72770",0.7277,1
"GO:0035384","thioester biosynthetic process",15,1,1.25,"0.72770",0.7277,1
"GO:0040018","positive regulation of multicellular organism growth",15,1,1.25,"0.72770",0.7277,1
"GO:0045780","positive regulation of bone resorption",15,1,1.25,"0.72770",0.7277,1
"GO:0048025","negative regulation of mRNA splicing, via spliceosome",15,1,1.25,"0.72770",0.7277,1
"GO:0048486","parasympathetic nervous system development",15,1,1.25,"0.72770",0.7277,1
"GO:0048843","negative regulation of axon extension involved in axon guidance",15,1,1.25,"0.72770",0.7277,1
"GO:0050873","brown fat cell differentiation",15,1,1.25,"0.72770",0.7277,1
"GO:0051155","positive regulation of striated muscle cell differentiation",15,1,1.25,"0.72770",0.7277,1
"GO:0060347","heart trabecula formation",15,1,1.25,"0.72770",0.7277,1
"GO:0060534","trachea cartilage development",15,1,1.25,"0.72770",0.7277,1
"GO:0060535","trachea cartilage morphogenesis",15,1,1.25,"0.72770",0.7277,1
"GO:0071397","cellular response to cholesterol",15,1,1.25,"0.72770",0.7277,1
"GO:0071616","acyl-CoA biosynthetic process",15,1,1.25,"0.72770",0.7277,1
"GO:0072010","glomerular epithelium development",15,1,1.25,"0.72770",0.7277,1
"GO:0072112","podocyte differentiation",15,1,1.25,"0.72770",0.7277,1
"GO:0072311","glomerular epithelial cell differentiation",15,1,1.25,"0.72770",0.7277,1
"GO:0072576","liver morphogenesis",15,1,1.25,"0.72770",0.7277,1
"GO:0090207","regulation of triglyceride metabolic process",15,1,1.25,"0.72770",0.7277,1
"GO:0097468","programmed cell death in response to reactive oxygen species",15,1,1.25,"0.72770",0.7277,1
"GO:1901797","negative regulation of signal transduction by p53 class mediator",15,1,1.25,"0.72770",0.7277,1
"GO:1902108","regulation of mitochondrial membrane permeability involved in apoptotic process",15,1,1.25,"0.72770",0.7277,1
"GO:1903409","reactive oxygen species biosynthetic process",15,1,1.25,"0.72770",0.7277,1
"GO:1990000","amyloid fibril formation",15,1,1.25,"0.72770",0.7277,1
"GO:1901617","organic hydroxy compound biosynthetic process",126,9,10.46,"0.72876",0.72876,1
"GO:0006473","protein acetylation",113,8,9.38,"0.73106",0.73106,1
"GO:0060322","head development",510,39,42.34,"0.73125",0.73125,1
"GO:0030641","regulation of cellular pH",59,4,4.9,"0.73305",0.73305,1
"GO:0045446","endothelial cell differentiation",59,4,4.9,"0.73305",0.73305,1
"GO:0060021","roof of mouth development",59,4,4.9,"0.73305",0.73305,1
"GO:1905477","positive regulation of protein localization to membrane",59,4,4.9,"0.73305",0.73305,1
"GO:1905952","regulation of lipid localization",59,4,4.9,"0.73305",0.73305,1
"GO:0007517","muscle organ development",166,12,13.78,"0.73343",0.73343,1
"GO:0000018","regulation of DNA recombination",45,3,3.74,"0.73359",0.73359,1
"GO:0019362","pyridine nucleotide metabolic process",45,3,3.74,"0.73359",0.73359,1
"GO:0031638","zymogen activation",45,3,3.74,"0.73359",0.73359,1
"GO:0045773","positive regulation of axon extension",45,3,3.74,"0.73359",0.73359,1
"GO:0048048","embryonic eye morphogenesis",45,3,3.74,"0.73359",0.73359,1
"GO:0048663","neuron fate commitment",45,3,3.74,"0.73359",0.73359,1
"GO:0050731","positive regulation of peptidyl-tyrosine phosphorylation",45,3,3.74,"0.73359",0.73359,1
"GO:0035148","tube formation",153,11,12.7,"0.73418",0.73418,1
"GO:0071363","cellular response to growth factor stimulus",435,33,36.12,"0.73421",0.73421,1
"GO:0006575","cellular modified amino acid metabolic process",100,7,8.3,"0.73443",0.73443,1
"GO:0050900","leukocyte migration",100,7,8.3,"0.73443",0.73443,1
"GO:0043043","peptide biosynthetic process",473,36,39.27,"0.73477",0.73477,1
"GO:0045667","regulation of osteoblast differentiation",73,5,6.06,"0.73546",0.73546,1
"GO:0051261","protein depolymerization",73,5,6.06,"0.73546",0.73546,1
"GO:0061014","positive regulation of mRNA catabolic process",73,5,6.06,"0.73546",0.73546,1
"GO:0009117","nucleotide metabolic process",283,21,23.5,"0.73756",0.73756,1
"GO:0016049","cell growth",283,21,23.5,"0.73756",0.73756,1
"GO:0050793","regulation of developmental process",1382,109,114.74,"0.73821",0.73821,1
"GO:0002040","sprouting angiogenesis",87,6,7.22,"0.73928",0.73928,1
"GO:1902107","positive regulation of leukocyte differentiation",87,6,7.22,"0.73928",0.73928,1
"GO:1903708","positive regulation of hemopoiesis",87,6,7.22,"0.73928",0.73928,1
"GO:0045860","positive regulation of protein kinase activity",219,16,18.18,"0.74011",0.74011,1
"GO:0000002","mitochondrial genome maintenance",31,2,2.57,"0.74115",0.74115,1
"GO:0001700","embryonic development via the syncytial blastoderm",31,2,2.57,"0.74115",0.74115,1
"GO:0002312","B cell activation involved in immune response",31,2,2.57,"0.74115",0.74115,1
"GO:0010906","regulation of glucose metabolic process",31,2,2.57,"0.74115",0.74115,1
"GO:0042102","positive regulation of T cell proliferation",31,2,2.57,"0.74115",0.74115,1
"GO:0043255","regulation of carbohydrate biosynthetic process",31,2,2.57,"0.74115",0.74115,1
"GO:0045124","regulation of bone resorption",31,2,2.57,"0.74115",0.74115,1
"GO:0048488","synaptic vesicle endocytosis",31,2,2.57,"0.74115",0.74115,1
"GO:0071674","mononuclear cell migration",31,2,2.57,"0.74115",0.74115,1
"GO:0072170","metanephric tubule development",31,2,2.57,"0.74115",0.74115,1
"GO:0097006","regulation of plasma lipoprotein particle levels",31,2,2.57,"0.74115",0.74115,1
"GO:0140238","presynaptic endocytosis",31,2,2.57,"0.74115",0.74115,1
"GO:0060173","limb development",141,10,11.71,"0.74344",0.74344,1
"GO:0051174","regulation of phosphorus metabolic process",714,55,59.28,"0.74462",0.74462,1
"GO:0045944","positive regulation of transcription by RNA polymerase II",450,34,37.36,"0.74511",0.74511,1
"GO:0014074","response to purine-containing compound",74,5,6.14,"0.74633",0.74633,1
"GO:0019751","polyol metabolic process",74,5,6.14,"0.74633",0.74633,1
"GO:0007411","axon guidance",207,15,17.19,"0.74652",0.74652,1
"GO:0000288","nuclear-transcribed mRNA catabolic process, deadenylation-dependent decay",46,3,3.82,"0.74724",0.74724,1
"GO:0001824","blastocyst development",46,3,3.82,"0.74724",0.74724,1
"GO:0009994","oocyte differentiation",46,3,3.82,"0.74724",0.74724,1
"GO:0050830","defense response to Gram-positive bacterium",46,3,3.82,"0.74724",0.74724,1
"GO:0042325","regulation of phosphorylation",640,49,53.13,"0.74907",0.74907,1
"GO:0006919","activation of cysteine-type endopeptidase activity involved in apoptotic process",88,6,7.31,"0.74922",0.74922,1
"GO:0007584","response to nutrient",88,6,7.31,"0.74922",0.74922,1
"GO:0051924","regulation of calcium ion transport",88,6,7.31,"0.74922",0.74922,1
"GO:0060041","retina development in camera-type eye",155,11,12.87,"0.74944",0.74944,1
"GO:0000255","allantoin metabolic process",16,1,1.33,"0.75033",0.75033,1
"GO:0001502","cartilage condensation",16,1,1.33,"0.75033",0.75033,1
"GO:0001937","negative regulation of endothelial cell proliferation",16,1,1.33,"0.75033",0.75033,1
"GO:0001945","lymph vessel development",16,1,1.33,"0.75033",0.75033,1
"GO:0003128","heart field specification",16,1,1.33,"0.75033",0.75033,1
"GO:0006613","cotranslational protein targeting to membrane",16,1,1.33,"0.75033",0.75033,1
"GO:0006636","unsaturated fatty acid biosynthetic process",16,1,1.33,"0.75033",0.75033,1
"GO:0006743","ubiquinone metabolic process",16,1,1.33,"0.75033",0.75033,1
"GO:0006744","ubiquinone biosynthetic process",16,1,1.33,"0.75033",0.75033,1
"GO:0006750","glutathione biosynthetic process",16,1,1.33,"0.75033",0.75033,1
"GO:0007260","tyrosine phosphorylation of STAT protein",16,1,1.33,"0.75033",0.75033,1
"GO:0009084","glutamine family amino acid biosynthetic process",16,1,1.33,"0.75033",0.75033,1
"GO:0010658","striated muscle cell apoptotic process",16,1,1.33,"0.75033",0.75033,1
"GO:0010662","regulation of striated muscle cell apoptotic process",16,1,1.33,"0.75033",0.75033,1
"GO:0010828","positive regulation of glucose transmembrane transport",16,1,1.33,"0.75033",0.75033,1
"GO:0010954","positive regulation of protein processing",16,1,1.33,"0.75033",0.75033,1
"GO:0014046","dopamine secretion",16,1,1.33,"0.75033",0.75033,1
"GO:0014059","regulation of dopamine secretion",16,1,1.33,"0.75033",0.75033,1
"GO:0016093","polyprenol metabolic process",16,1,1.33,"0.75033",0.75033,1
"GO:0019363","pyridine nucleotide biosynthetic process",16,1,1.33,"0.75033",0.75033,1
"GO:0021604","cranial nerve structural organization",16,1,1.33,"0.75033",0.75033,1
"GO:0030422","siRNA processing",16,1,1.33,"0.75033",0.75033,1
"GO:0031145","anaphase-promoting complex-dependent catabolic process",16,1,1.33,"0.75033",0.75033,1
"GO:0032308","positive regulation of prostaglandin secretion",16,1,1.33,"0.75033",0.75033,1
"GO:0032885","regulation of polysaccharide biosynthetic process",16,1,1.33,"0.75033",0.75033,1
"GO:0033598","mammary gland epithelial cell proliferation",16,1,1.33,"0.75033",0.75033,1
"GO:0034350","regulation of glial cell apoptotic process",16,1,1.33,"0.75033",0.75033,1
"GO:0035924","cellular response to vascular endothelial growth factor stimulus",16,1,1.33,"0.75033",0.75033,1
"GO:0038095","Fc-epsilon receptor signaling pathway",16,1,1.33,"0.75033",0.75033,1
"GO:0042509","regulation of tyrosine phosphorylation of STAT protein",16,1,1.33,"0.75033",0.75033,1
"GO:0043276","anoikis",16,1,1.33,"0.75033",0.75033,1
"GO:0045838","positive regulation of membrane potential",16,1,1.33,"0.75033",0.75033,1
"GO:0045912","negative regulation of carbohydrate metabolic process",16,1,1.33,"0.75033",0.75033,1
"GO:0045956","positive regulation of calcium ion-dependent exocytosis",16,1,1.33,"0.75033",0.75033,1
"GO:0046461","neutral lipid catabolic process",16,1,1.33,"0.75033",0.75033,1
"GO:0046464","acylglycerol catabolic process",16,1,1.33,"0.75033",0.75033,1
"GO:0048854","brain morphogenesis",16,1,1.33,"0.75033",0.75033,1
"GO:0051560","mitochondrial calcium ion homeostasis",16,1,1.33,"0.75033",0.75033,1
"GO:0060536","cartilage morphogenesis",16,1,1.33,"0.75033",0.75033,1
"GO:0061318","renal filtration cell differentiation",16,1,1.33,"0.75033",0.75033,1
"GO:0061525","hindgut development",16,1,1.33,"0.75033",0.75033,1
"GO:0070125","mitochondrial translational elongation",16,1,1.33,"0.75033",0.75033,1
"GO:0070231","T cell apoptotic process",16,1,1.33,"0.75033",0.75033,1
"GO:0071276","cellular response to cadmium ion",16,1,1.33,"0.75033",0.75033,1
"GO:0071985","multivesicular body sorting pathway",16,1,1.33,"0.75033",0.75033,1
"GO:0072137","condensed mesenchymal cell proliferation",16,1,1.33,"0.75033",0.75033,1
"GO:0098743","cell aggregation",16,1,1.33,"0.75033",0.75033,1
"GO:0098779","positive regulation of mitophagy in response to mitochondrial depolarization",16,1,1.33,"0.75033",0.75033,1
"GO:1900101","regulation of endoplasmic reticulum unfolded protein response",16,1,1.33,"0.75033",0.75033,1
"GO:1901021","positive regulation of calcium ion transmembrane transporter activity",16,1,1.33,"0.75033",0.75033,1
"GO:1903319","positive regulation of protein maturation",16,1,1.33,"0.75033",0.75033,1
"GO:0046394","carboxylic acid biosynthetic process",208,15,17.27,"0.75303",0.75303,1
"GO:0030100","regulation of endocytosis",129,9,10.71,"0.75383",0.75383,1
"GO:0002709","regulation of T cell mediated immunity",61,4,5.06,"0.75676",0.75676,1
"GO:0006354","DNA-templated transcription elongation",61,4,5.06,"0.75676",0.75676,1
"GO:0030199","collagen fibril organization",61,4,5.06,"0.75676",0.75676,1
"GO:0051101","regulation of DNA binding",61,4,5.06,"0.75676",0.75676,1
"GO:0009161","ribonucleoside monophosphate metabolic process",32,2,2.66,"0.75703",0.75703,1
"GO:0030168","platelet activation",32,2,2.66,"0.75703",0.75703,1
"GO:0030865","cortical cytoskeleton organization",32,2,2.66,"0.75703",0.75703,1
"GO:0032365","intracellular lipid transport",32,2,2.66,"0.75703",0.75703,1
"GO:0035120","post-embryonic appendage morphogenesis",32,2,2.66,"0.75703",0.75703,1
"GO:0043496","regulation of protein homodimerization activity",32,2,2.66,"0.75703",0.75703,1
"GO:0046824","positive regulation of nucleocytoplasmic transport",32,2,2.66,"0.75703",0.75703,1
"GO:0051293","establishment of spindle localization",32,2,2.66,"0.75703",0.75703,1
"GO:0051931","regulation of sensory perception",32,2,2.66,"0.75703",0.75703,1
"GO:0048639","positive regulation of developmental growth",116,8,9.63,"0.75728",0.75728,1
"GO:0030155","regulation of cell adhesion",338,25,28.06,"0.75762",0.75762,1
"GO:0048878","chemical homeostasis",491,37,40.76,"0.75830",0.7583,1
"GO:0035023","regulation of Rho protein signal transduction",89,6,7.39,"0.75887",0.75887,1
"GO:0016310","phosphorylation",943,73,78.29,"0.75906",0.75906,1
"GO:0006812","monoatomic cation transport",504,38,41.84,"0.75970",0.7597,1
"GO:0048806","genitalia development",47,3,3.9,"0.76033",0.76033,1
"GO:0060079","excitatory postsynaptic potential",47,3,3.9,"0.76033",0.76033,1
"GO:0009150","purine ribonucleotide metabolic process",183,13,15.19,"0.76098",0.76098,1
"GO:0032956","regulation of actin cytoskeleton organization",130,9,10.79,"0.76182",0.76182,1
"GO:0110053","regulation of actin filament organization",103,7,8.55,"0.76193",0.76193,1
"GO:0051253","negative regulation of RNA metabolic process",530,40,44,"0.76250",0.7625,1
"GO:1901361","organic cyclic compound catabolic process",339,25,28.14,"0.76265",0.76265,1
"GO:0022407","regulation of cell-cell adhesion",157,11,13.03,"0.76410",0.7641,1
"GO:0000165","MAPK cascade",467,35,38.77,"0.76416",0.76416,1
"GO:0006753","nucleoside phosphate metabolic process",288,21,23.91,"0.76537",0.76537,1
"GO:0006164","purine nucleotide biosynthetic process",117,8,9.71,"0.76560",0.7656,1
"GO:0051216","cartilage development",117,8,9.71,"0.76560",0.7656,1
"GO:0016053","organic acid biosynthetic process",210,15,17.43,"0.76570",0.7657,1
"GO:0097485","neuron projection guidance",210,15,17.43,"0.76570",0.7657,1
"GO:0048839","inner ear development",144,10,11.96,"0.76648",0.76648,1
"GO:0098742","cell-cell adhesion via plasma-membrane adhesion molecules",197,14,16.36,"0.76650",0.7665,1
"GO:0003018","vascular process in circulatory system",62,4,5.15,"0.76799",0.76799,1
"GO:0003158","endothelium development",62,4,5.15,"0.76799",0.76799,1
"GO:0007286","spermatid development",62,4,5.15,"0.76799",0.76799,1
"GO:0061053","somite development",62,4,5.15,"0.76799",0.76799,1
"GO:0010628","positive regulation of gene expression",417,31,34.62,"0.76829",0.76829,1
"GO:0071310","cellular response to organic substance",971,75,80.62,"0.76849",0.76849,1
"GO:0009952","anterior/posterior pattern specification",131,9,10.88,"0.76962",0.76962,1
"GO:0099111","microtubule-based transport",131,9,10.88,"0.76962",0.76962,1
"GO:0003279","cardiac septum development",104,7,8.63,"0.77063",0.77063,1
"GO:0009260","ribonucleotide biosynthetic process",104,7,8.63,"0.77063",0.77063,1
"GO:0033002","muscle cell proliferation",104,7,8.63,"0.77063",0.77063,1
"GO:1902850","microtubule cytoskeleton organization involved in mitosis",104,7,8.63,"0.77063",0.77063,1
"GO:0010631","epithelial cell migration",237,17,19.68,"0.77073",0.77073,1
"GO:0090132","epithelium migration",237,17,19.68,"0.77073",0.77073,1
"GO:0007026","negative regulation of microtubule depolymerization",17,1,1.41,"0.77109",0.77109,1
"GO:0007293","germarium-derived egg chamber formation",17,1,1.41,"0.77109",0.77109,1
"GO:0009713","catechol-containing compound biosynthetic process",17,1,1.41,"0.77109",0.77109,1
"GO:0010165","response to X-ray",17,1,1.41,"0.77109",0.77109,1
"GO:0015909","long-chain fatty acid transport",17,1,1.41,"0.77109",0.77109,1
"GO:0019080","viral gene expression",17,1,1.41,"0.77109",0.77109,1
"GO:0030101","natural killer cell activation",17,1,1.41,"0.77109",0.77109,1
"GO:0031114","regulation of microtubule depolymerization",17,1,1.41,"0.77109",0.77109,1
"GO:0032094","response to food",17,1,1.41,"0.77109",0.77109,1
"GO:0032306","regulation of prostaglandin secretion",17,1,1.41,"0.77109",0.77109,1
"GO:0032459","regulation of protein oligomerization",17,1,1.41,"0.77109",0.77109,1
"GO:0034349","glial cell apoptotic process",17,1,1.41,"0.77109",0.77109,1
"GO:0036315","cellular response to sterol",17,1,1.41,"0.77109",0.77109,1
"GO:0042423","catecholamine biosynthetic process",17,1,1.41,"0.77109",0.77109,1
"GO:0046636","negative regulation of alpha-beta T cell activation",17,1,1.41,"0.77109",0.77109,1
"GO:0046666","retinal cell programmed cell death",17,1,1.41,"0.77109",0.77109,1
"GO:0048264","determination of ventral identity",17,1,1.41,"0.77109",0.77109,1
"GO:0060439","trachea morphogenesis",17,1,1.41,"0.77109",0.77109,1
"GO:0070076","histone lysine demethylation",17,1,1.41,"0.77109",0.77109,1
"GO:0070723","response to cholesterol",17,1,1.41,"0.77109",0.77109,1
"GO:0071731","response to nitric oxide",17,1,1.41,"0.77109",0.77109,1
"GO:0099068","postsynapse assembly",17,1,1.41,"0.77109",0.77109,1
"GO:1901017","negative regulation of potassium ion transmembrane transporter activity",17,1,1.41,"0.77109",0.77109,1
"GO:1901072","glucosamine-containing compound catabolic process",17,1,1.41,"0.77109",0.77109,1
"GO:1901380","negative regulation of potassium ion transmembrane transport",17,1,1.41,"0.77109",0.77109,1
"GO:1901663","quinone biosynthetic process",17,1,1.41,"0.77109",0.77109,1
"GO:0051051","negative regulation of transport",158,11,13.12,"0.77120",0.7712,1
"GO:0007032","endosome organization",33,2,2.74,"0.77206",0.77206,1
"GO:0031341","regulation of cell killing",33,2,2.74,"0.77206",0.77206,1
"GO:0032233","positive regulation of actin filament bundle assembly",33,2,2.74,"0.77206",0.77206,1
"GO:0045793","positive regulation of cell size",33,2,2.74,"0.77206",0.77206,1
"GO:0046466","membrane lipid catabolic process",33,2,2.74,"0.77206",0.77206,1
"GO:0046580","negative regulation of Ras protein signal transduction",33,2,2.74,"0.77206",0.77206,1
"GO:0051653","spindle localization",33,2,2.74,"0.77206",0.77206,1
"GO:0060914","heart formation",33,2,2.74,"0.77206",0.77206,1
"GO:0070227","lymphocyte apoptotic process",33,2,2.74,"0.77206",0.77206,1
"GO:1904063","negative regulation of cation transmembrane transport",33,2,2.74,"0.77206",0.77206,1
"GO:0006368","transcription elongation by RNA polymerase II",48,3,3.99,"0.77286",0.77286,1
"GO:0006476","protein deacetylation",48,3,3.99,"0.77286",0.77286,1
"GO:0006641","triglyceride metabolic process",48,3,3.99,"0.77286",0.77286,1
"GO:0034644","cellular response to UV",48,3,3.99,"0.77286",0.77286,1
"GO:0042446","hormone biosynthetic process",48,3,3.99,"0.77286",0.77286,1
"GO:0051952","regulation of amine transport",48,3,3.99,"0.77286",0.77286,1
"GO:0009967","positive regulation of signal transduction",760,58,63.1,"0.77400",0.774,1
"GO:0048736","appendage development",185,13,15.36,"0.77417",0.77417,1
"GO:0034330","cell junction organization",406,30,33.71,"0.77625",0.77625,1
"GO:0090130","tissue migration",238,17,19.76,"0.77648",0.77648,1
"GO:0070507","regulation of microtubule cytoskeleton organization",77,5,6.39,"0.77695",0.77695,1
"GO:1903522","regulation of blood circulation",91,6,7.56,"0.77736",0.77736,1
"GO:0051301","cell division",572,43,47.49,"0.77815",0.77815,1
"GO:0002456","T cell mediated immunity",63,4,5.23,"0.77881",0.77881,1
"GO:0051050","positive regulation of transport",394,29,32.71,"0.77989",0.77989,1
"GO:0008610","lipid biosynthetic process",407,30,33.79,"0.78065",0.78065,1
"GO:0043086","negative regulation of catalytic activity",291,21,24.16,"0.78110",0.7811,1
"GO:0007264","small GTPase mediated signal transduction",278,20,23.08,"0.78112",0.78112,1
"GO:0006897","endocytosis",420,31,34.87,"0.78145",0.78145,1
"GO:0002460","adaptive immune response based on somatic recombination of immune receptors built from immunoglobuli...",119,8,9.88,"0.78163",0.78163,1
"GO:0007281","germ cell development",173,12,14.36,"0.78250",0.7825,1
"GO:1901652","response to peptide",226,16,18.76,"0.78287",0.78287,1
"GO:0030031","cell projection assembly",497,37,41.26,"0.78290",0.7829,1
"GO:0120031","plasma membrane bounded cell projection assembly",497,37,41.26,"0.78290",0.7829,1
"GO:0007444","imaginal disc development",49,3,4.07,"0.78485",0.78485,1
"GO:0038034","signal transduction in absence of ligand",49,3,4.07,"0.78485",0.78485,1
"GO:0048799","animal organ maturation",49,3,4.07,"0.78485",0.78485,1
"GO:0060415","muscle tissue morphogenesis",49,3,4.07,"0.78485",0.78485,1
"GO:0097192","extrinsic apoptotic signaling pathway in absence of ligand",49,3,4.07,"0.78485",0.78485,1
"GO:1904375","regulation of protein localization to cell periphery",49,3,4.07,"0.78485",0.78485,1
"GO:1901137","carbohydrate derivative biosynthetic process",472,35,39.19,"0.78495",0.78495,1
"GO:0019220","regulation of phosphate metabolic process",713,54,59.2,"0.78512",0.78512,1
"GO:1901605","alpha-amino acid metabolic process",200,14,16.6,"0.78518",0.78518,1
"GO:0046700","heterocycle catabolic process",305,22,25.32,"0.78617",0.78617,1
"GO:0051592","response to calcium ion",92,6,7.64,"0.78619",0.78619,1
"GO:0071478","cellular response to radiation",92,6,7.64,"0.78619",0.78619,1
"GO:0072330","monocarboxylic acid biosynthetic process",92,6,7.64,"0.78619",0.78619,1
"GO:0000768","syncytium formation by plasma membrane fusion",34,2,2.82,"0.78627",0.78627,1
"GO:0006414","translational elongation",34,2,2.82,"0.78627",0.78627,1
"GO:0046686","response to cadmium ion",34,2,2.82,"0.78627",0.78627,1
"GO:0051058","negative regulation of small GTPase mediated signal transduction",34,2,2.82,"0.78627",0.78627,1
"GO:0070301","cellular response to hydrogen peroxide",34,2,2.82,"0.78627",0.78627,1
"GO:0140253","cell-cell fusion",34,2,2.82,"0.78627",0.78627,1
"GO:1904357","negative regulation of telomere maintenance via telomere lengthening",34,2,2.82,"0.78627",0.78627,1
"GO:0042472","inner ear morphogenesis",78,5,6.48,"0.78650",0.7865,1
"GO:0072521","purine-containing compound metabolic process",266,19,22.08,"0.78659",0.78659,1
"GO:0090596","sensory organ morphogenesis",266,19,22.08,"0.78659",0.78659,1
"GO:0006520","amino acid metabolic process",253,18,21,"0.78704",0.78704,1
"GO:0046390","ribose phosphate biosynthetic process",106,7,8.8,"0.78732",0.78732,1
"GO:0006836","neurotransmitter transport",147,10,12.2,"0.78804",0.78804,1
"GO:0052547","regulation of peptidase activity",174,12,14.45,"0.78896",0.78896,1
"GO:0007155","cell adhesion",1028,79,85.35,"0.78899",0.78899,1
"GO:0050772","positive regulation of axonogenesis",64,4,5.31,"0.78922",0.78922,1
"GO:0040008","regulation of growth",422,31,35.04,"0.78995",0.78995,1
"GO:0006206","pyrimidine nucleobase metabolic process",18,1,1.49,"0.79012",0.79012,1
"GO:0006356","regulation of transcription by RNA polymerase I",18,1,1.49,"0.79012",0.79012,1
"GO:0006517","protein deglycosylation",18,1,1.49,"0.79012",0.79012,1
"GO:0006754","ATP biosynthetic process",18,1,1.49,"0.79012",0.79012,1
"GO:0006984","ER-nucleus signaling pathway",18,1,1.49,"0.79012",0.79012,1
"GO:0007632","visual behavior",18,1,1.49,"0.79012",0.79012,1
"GO:0010454","negative regulation of cell fate commitment",18,1,1.49,"0.79012",0.79012,1
"GO:0014823","response to activity",18,1,1.49,"0.79012",0.79012,1
"GO:0015865","purine nucleotide transport",18,1,1.49,"0.79012",0.79012,1
"GO:0019184","nonribosomal peptide biosynthetic process",18,1,1.49,"0.79012",0.79012,1
"GO:0030193","regulation of blood coagulation",18,1,1.49,"0.79012",0.79012,1
"GO:0030225","macrophage differentiation",18,1,1.49,"0.79012",0.79012,1
"GO:0030521","androgen receptor signaling pathway",18,1,1.49,"0.79012",0.79012,1
"GO:0031507","heterochromatin formation",18,1,1.49,"0.79012",0.79012,1
"GO:0032881","regulation of polysaccharide metabolic process",18,1,1.49,"0.79012",0.79012,1
"GO:0035561","regulation of chromatin binding",18,1,1.49,"0.79012",0.79012,1
"GO:0038083","peptidyl-tyrosine autophosphorylation",18,1,1.49,"0.79012",0.79012,1
"GO:0040020","regulation of meiotic nuclear division",18,1,1.49,"0.79012",0.79012,1
"GO:0042439","ethanolamine-containing compound metabolic process",18,1,1.49,"0.79012",0.79012,1
"GO:0045840","positive regulation of mitotic nuclear division",18,1,1.49,"0.79012",0.79012,1
"GO:0048172","regulation of short-term neuronal synaptic plasticity",18,1,1.49,"0.79012",0.79012,1
"GO:0050691","regulation of defense response to virus by host",18,1,1.49,"0.79012",0.79012,1
"GO:0051299","centrosome separation",18,1,1.49,"0.79012",0.79012,1
"GO:0051567","histone H3-K9 methylation",18,1,1.49,"0.79012",0.79012,1
"GO:0060019","radial glial cell differentiation",18,1,1.49,"0.79012",0.79012,1
"GO:0071108","protein K48-linked deubiquitination",18,1,1.49,"0.79012",0.79012,1
"GO:0097120","receptor localization to synapse",18,1,1.49,"0.79012",0.79012,1
"GO:0097150","neuronal stem cell population maintenance",18,1,1.49,"0.79012",0.79012,1
"GO:0097178","ruffle assembly",18,1,1.49,"0.79012",0.79012,1
"GO:1900046","regulation of hemostasis",18,1,1.49,"0.79012",0.79012,1
"GO:1904923","regulation of autophagy of mitochondrion in response to mitochondrial depolarization",18,1,1.49,"0.79012",0.79012,1
"GO:1904925","positive regulation of autophagy of mitochondrion in response to mitochondrial depolarization",18,1,1.49,"0.79012",0.79012,1
"GO:0031329","regulation of cellular catabolic process",306,22,25.41,"0.79107",0.79107,1
"GO:0001932","regulation of protein phosphorylation",563,42,46.74,"0.79183",0.79183,1
"GO:0006979","response to oxidative stress",254,18,21.09,"0.79238",0.79238,1
"GO:0060627","regulation of vesicle-mediated transport",241,17,20.01,"0.79315",0.79315,1
"GO:0007179","transforming growth factor beta receptor signaling pathway",93,6,7.72,"0.79476",0.79476,1
"GO:0043281","regulation of cysteine-type endopeptidase activity involved in apoptotic process",148,10,12.29,"0.79489",0.79489,1
"GO:0001738","morphogenesis of a polarized epithelium",107,7,8.88,"0.79531",0.79531,1
"GO:0070661","leukocyte proliferation",107,7,8.88,"0.79531",0.79531,1
"GO:0071560","cellular response to transforming growth factor beta stimulus",107,7,8.88,"0.79531",0.79531,1
"GO:0031503","protein-containing complex localization",79,5,6.56,"0.79573",0.79573,1
"GO:0032434","regulation of proteasomal ubiquitin-dependent protein catabolic process",79,5,6.56,"0.79573",0.79573,1
"GO:0042542","response to hydrogen peroxide",79,5,6.56,"0.79573",0.79573,1
"GO:0061640","cytoskeleton-dependent cytokinesis",79,5,6.56,"0.79573",0.79573,1
"GO:0045859","regulation of protein kinase activity",359,26,29.81,"0.79618",0.79618,1
"GO:0035904","aorta development",50,3,4.15,"0.79631",0.79631,1
"GO:0048041","focal adhesion assembly",50,3,4.15,"0.79631",0.79631,1
"GO:0055017","cardiac muscle tissue growth",50,3,4.15,"0.79631",0.79631,1
"GO:0060119","inner ear receptor cell development",50,3,4.15,"0.79631",0.79631,1
"GO:0060419","heart growth",50,3,4.15,"0.79631",0.79631,1
"GO:0060976","coronary vasculature development",50,3,4.15,"0.79631",0.79631,1
"GO:0072524","pyridine-containing compound metabolic process",50,3,4.15,"0.79631",0.79631,1
"GO:0097435","supramolecular fiber organization",372,27,30.88,"0.79646",0.79646,1
"GO:0002520","immune system development",121,8,10.05,"0.79684",0.79684,1
"GO:0043408","regulation of MAPK cascade",424,31,35.2,"0.79822",0.79822,1
"GO:0007613","memory",65,4,5.4,"0.79924",0.79924,1
"GO:0048515","spermatid differentiation",65,4,5.4,"0.79924",0.79924,1
"GO:0140053","mitochondrial gene expression",65,4,5.4,"0.79924",0.79924,1
"GO:0000184","nuclear-transcribed mRNA catabolic process, nonsense-mediated decay",35,2,2.91,"0.79970",0.7997,1
"GO:0006949","syncytium formation",35,2,2.91,"0.79970",0.7997,1
"GO:0007560","imaginal disc morphogenesis",35,2,2.91,"0.79970",0.7997,1
"GO:0009123","nucleoside monophosphate metabolic process",35,2,2.91,"0.79970",0.7997,1
"GO:0043966","histone H3 acetylation",35,2,2.91,"0.79970",0.7997,1
"GO:0071466","cellular response to xenobiotic stimulus",35,2,2.91,"0.79970",0.7997,1
"GO:0072224","metanephric glomerulus development",35,2,2.91,"0.79970",0.7997,1
"GO:0140014","mitotic nuclear division",176,12,14.61,"0.80146",0.80146,1
"GO:0002822","regulation of adaptive immune response based on somatic recombination of immune receptors built from...",94,6,7.8,"0.80306",0.80306,1
"GO:0006606","protein import into nucleus",94,6,7.8,"0.80306",0.80306,1
"GO:0061136","regulation of proteasomal protein catabolic process",108,7,8.97,"0.80308",0.80308,1
"GO:0007160","cell-matrix adhesion",122,8,10.13,"0.80414",0.80414,1
"GO:0007188","adenylate cyclase-modulating G protein-coupled receptor signaling pathway",80,5,6.64,"0.80465",0.80465,1
"GO:0007519","skeletal muscle tissue development",80,5,6.64,"0.80465",0.80465,1
"GO:0031589","cell-substrate adhesion",190,13,15.77,"0.80491",0.80491,1
"GO:0022402","cell cycle process",833,63,69.16,"0.80547",0.80547,1
"GO:0000096","sulfur amino acid metabolic process",51,3,4.23,"0.80725",0.80725,1
"GO:0030317","flagellated sperm motility",51,3,4.23,"0.80725",0.80725,1
"GO:0030856","regulation of epithelial cell differentiation",51,3,4.23,"0.80725",0.80725,1
"GO:0032414","positive regulation of ion transmembrane transporter activity",51,3,4.23,"0.80725",0.80725,1
"GO:0042752","regulation of circadian rhythm",51,3,4.23,"0.80725",0.80725,1
"GO:0048644","muscle organ morphogenesis",51,3,4.23,"0.80725",0.80725,1
"GO:0001541","ovarian follicle development",19,1,1.58,"0.80757",0.80757,1
"GO:0001914","regulation of T cell mediated cytotoxicity",19,1,1.58,"0.80757",0.80757,1
"GO:0001916","positive regulation of T cell mediated cytotoxicity",19,1,1.58,"0.80757",0.80757,1
"GO:0002335","mature B cell differentiation",19,1,1.58,"0.80757",0.80757,1
"GO:0002455","humoral immune response mediated by circulating immunoglobulin",19,1,1.58,"0.80757",0.80757,1
"GO:0003171","atrioventricular valve development",19,1,1.58,"0.80757",0.80757,1
"GO:0007297","follicle cell of egg chamber migration",19,1,1.58,"0.80757",0.80757,1
"GO:0008053","mitochondrial fusion",19,1,1.58,"0.80757",0.80757,1
"GO:0008156","negative regulation of DNA replication",19,1,1.58,"0.80757",0.80757,1
"GO:0009110","vitamin biosynthetic process",19,1,1.58,"0.80757",0.80757,1
"GO:0010800","positive regulation of peptidyl-threonine phosphorylation",19,1,1.58,"0.80757",0.80757,1
"GO:0016577","histone demethylation",19,1,1.58,"0.80757",0.80757,1
"GO:0019646","aerobic electron transport chain",19,1,1.58,"0.80757",0.80757,1
"GO:0030917","midbrain-hindbrain boundary development",19,1,1.58,"0.80757",0.80757,1
"GO:0033522","histone H2A ubiquitination",19,1,1.58,"0.80757",0.80757,1
"GO:0035590","purinergic nucleotide receptor signaling pathway",19,1,1.58,"0.80757",0.80757,1
"GO:0036314","response to sterol",19,1,1.58,"0.80757",0.80757,1
"GO:0042074","cell migration involved in gastrulation",19,1,1.58,"0.80757",0.80757,1
"GO:0042307","positive regulation of protein import into nucleus",19,1,1.58,"0.80757",0.80757,1
"GO:0042364","water-soluble vitamin biosynthetic process",19,1,1.58,"0.80757",0.80757,1
"GO:0043931","ossification involved in bone maturation",19,1,1.58,"0.80757",0.80757,1
"GO:0045047","protein targeting to ER",19,1,1.58,"0.80757",0.80757,1
"GO:0048538","thymus development",19,1,1.58,"0.80757",0.80757,1
"GO:0060581","cell fate commitment involved in pattern specification",19,1,1.58,"0.80757",0.80757,1
"GO:0060711","labyrinthine layer development",19,1,1.58,"0.80757",0.80757,1
"GO:0060788","ectodermal placode formation",19,1,1.58,"0.80757",0.80757,1
"GO:0060977","coronary vasculature morphogenesis",19,1,1.58,"0.80757",0.80757,1
"GO:0061028","establishment of endothelial barrier",19,1,1.58,"0.80757",0.80757,1
"GO:0070828","heterochromatin organization",19,1,1.58,"0.80757",0.80757,1
"GO:0071295","cellular response to vitamin",19,1,1.58,"0.80757",0.80757,1
"GO:0090314","positive regulation of protein targeting to membrane",19,1,1.58,"0.80757",0.80757,1
"GO:0140058","neuron projection arborization",19,1,1.58,"0.80757",0.80757,1
"GO:1901661","quinone metabolic process",19,1,1.58,"0.80757",0.80757,1
"GO:0048706","embryonic skeletal system development",66,4,5.48,"0.80887",0.80887,1
"GO:0070918","regulatory ncRNA processing",66,4,5.48,"0.80887",0.80887,1
"GO:0061061","muscle structure development",310,22,25.74,"0.80990",0.8099,1
"GO:1901700","response to oxygen-containing compound",973,74,80.78,"0.80991",0.80991,1
"GO:0050863","regulation of T cell activation",109,7,9.05,"0.81062",0.81062,1
"GO:0071559","response to transforming growth factor beta",109,7,9.05,"0.81062",0.81062,1
"GO:0098813","nuclear chromosome segregation",164,11,13.62,"0.81065",0.81065,1
"GO:0043409","negative regulation of MAPK cascade",95,6,7.89,"0.81110",0.8111,1
"GO:0000723","telomere maintenance",123,8,10.21,"0.81124",0.81124,1
"GO:0048754","branching morphogenesis of an epithelial tube",123,8,10.21,"0.81124",0.81124,1
"GO:0006942","regulation of striated muscle contraction",36,2,2.99,"0.81237",0.81237,1
"GO:0007029","endoplasmic reticulum organization",36,2,2.99,"0.81237",0.81237,1
"GO:0021532","neural tube patterning",36,2,2.99,"0.81237",0.81237,1
"GO:0050848","regulation of calcium-mediated signaling",36,2,2.99,"0.81237",0.81237,1
"GO:0050907","detection of chemical stimulus involved in sensory perception",36,2,2.99,"0.81237",0.81237,1
"GO:0072332","intrinsic apoptotic signaling pathway by p53 class mediator",36,2,2.99,"0.81237",0.81237,1
"GO:2000106","regulation of leukocyte apoptotic process",36,2,2.99,"0.81237",0.81237,1
"GO:0031325","positive regulation of cellular metabolic process",1474,114,122.38,"0.81312",0.81312,1
"GO:0045185","maintenance of protein location",81,5,6.72,"0.81325",0.81325,1
"GO:0043414","macromolecule methylation",151,10,12.54,"0.81448",0.81448,1
"GO:1901575","organic substance catabolic process",1512,117,125.53,"0.81466",0.81466,1
"GO:0048667","cell morphogenesis involved in neuron differentiation",454,33,37.69,"0.81478",0.81478,1
"GO:0048518","positive regulation of biological process",3151,250,261.61,"0.81629",0.81629,1
"GO:0009259","ribonucleotide metabolic process",192,13,15.94,"0.81632",0.81632,1
"GO:0009725","response to hormone",403,29,33.46,"0.81757",0.81757,1
"GO:0007006","mitochondrial membrane organization",52,3,4.32,"0.81770",0.8177,1
"GO:0007214","gamma-aminobutyric acid signaling pathway",52,3,4.32,"0.81770",0.8177,1
"GO:0034308","primary alcohol metabolic process",52,3,4.32,"0.81770",0.8177,1
"GO:0097722","sperm motility",52,3,4.32,"0.81770",0.8177,1
"GO:0043524","negative regulation of neuron apoptotic process",67,4,5.56,"0.81812",0.81812,1
"GO:0032200","telomere organization",124,8,10.29,"0.81815",0.81815,1
"GO:0044839","cell cycle G2/M phase transition",96,6,7.97,"0.81887",0.81887,1
"GO:0032970","regulation of actin filament-based process",138,9,11.46,"0.81914",0.81914,1
"GO:0008202","steroid metabolic process",179,12,14.86,"0.81919",0.81919,1
"GO:0016192","vesicle-mediated transport",1115,85,92.57,"0.82004",0.82004,1
"GO:0008154","actin polymerization or depolymerization",82,5,6.81,"0.82155",0.82155,1
"GO:0042471","ear morphogenesis",82,5,6.81,"0.82155",0.82155,1
"GO:0051668","localization within membrane",352,25,29.22,"0.82187",0.82187,1
"GO:0006221","pyrimidine nucleotide biosynthetic process",20,1,1.66,"0.82357",0.82357,1
"GO:0006378","mRNA polyadenylation",20,1,1.66,"0.82357",0.82357,1
"GO:0006516","glycoprotein catabolic process",20,1,1.66,"0.82357",0.82357,1
"GO:0008608","attachment of spindle microtubules to kinetochore",20,1,1.66,"0.82357",0.82357,1
"GO:0009584","detection of visible light",20,1,1.66,"0.82357",0.82357,1
"GO:0019217","regulation of fatty acid metabolic process",20,1,1.66,"0.82357",0.82357,1
"GO:0021522","spinal cord motor neuron differentiation",20,1,1.66,"0.82357",0.82357,1
"GO:0035418","protein localization to synapse",20,1,1.66,"0.82357",0.82357,1
"GO:0035794","positive regulation of mitochondrial membrane permeability",20,1,1.66,"0.82357",0.82357,1
"GO:0035909","aorta morphogenesis",20,1,1.66,"0.82357",0.82357,1
"GO:0042044","fluid transport",20,1,1.66,"0.82357",0.82357,1
"GO:0043171","peptide catabolic process",20,1,1.66,"0.82357",0.82357,1
"GO:0043267","negative regulation of potassium ion transport",20,1,1.66,"0.82357",0.82357,1
"GO:0043647","inositol phosphate metabolic process",20,1,1.66,"0.82357",0.82357,1
"GO:0045466","R7 cell differentiation",20,1,1.66,"0.82357",0.82357,1
"GO:0045738","negative regulation of DNA repair",20,1,1.66,"0.82357",0.82357,1
"GO:0046426","negative regulation of receptor signaling pathway via JAK-STAT",20,1,1.66,"0.82357",0.82357,1
"GO:0048859","formation of anatomical boundary",20,1,1.66,"0.82357",0.82357,1
"GO:0050818","regulation of coagulation",20,1,1.66,"0.82357",0.82357,1
"GO:0050879","multicellular organismal movement",20,1,1.66,"0.82357",0.82357,1
"GO:0050881","musculoskeletal movement",20,1,1.66,"0.82357",0.82357,1
"GO:0060059","embryonic retina morphogenesis in camera-type eye",20,1,1.66,"0.82357",0.82357,1
"GO:0060444","branching involved in mammary gland duct morphogenesis",20,1,1.66,"0.82357",0.82357,1
"GO:0061045","negative regulation of wound healing",20,1,1.66,"0.82357",0.82357,1
"GO:0070542","response to fatty acid",20,1,1.66,"0.82357",0.82357,1
"GO:0071696","ectodermal placode development",20,1,1.66,"0.82357",0.82357,1
"GO:0071697","ectodermal placode morphogenesis",20,1,1.66,"0.82357",0.82357,1
"GO:0090199","regulation of release of cytochrome c from mitochondria",20,1,1.66,"0.82357",0.82357,1
"GO:0090648","response to environmental enrichment",20,1,1.66,"0.82357",0.82357,1
"GO:1902930","regulation of alcohol biosynthetic process",20,1,1.66,"0.82357",0.82357,1
"GO:1904893","negative regulation of receptor signaling pathway via STAT",20,1,1.66,"0.82357",0.82357,1
"GO:2000780","negative regulation of double-strand break repair",20,1,1.66,"0.82357",0.82357,1
"GO:0003073","regulation of systemic arterial blood pressure",37,2,3.07,"0.82432",0.82432,1
"GO:0008306","associative learning",37,2,3.07,"0.82432",0.82432,1
"GO:0016239","positive regulation of macroautophagy",37,2,3.07,"0.82432",0.82432,1
"GO:0031338","regulation of vesicle fusion",37,2,3.07,"0.82432",0.82432,1
"GO:0032946","positive regulation of mononuclear cell proliferation",37,2,3.07,"0.82432",0.82432,1
"GO:0034728","nucleosome organization",37,2,3.07,"0.82432",0.82432,1
"GO:0035094","response to nicotine",37,2,3.07,"0.82432",0.82432,1
"GO:0036342","post-anal tail morphogenesis",37,2,3.07,"0.82432",0.82432,1
"GO:0048707","instar larval or pupal morphogenesis",37,2,3.07,"0.82432",0.82432,1
"GO:0050671","positive regulation of lymphocyte proliferation",37,2,3.07,"0.82432",0.82432,1
"GO:0050795","regulation of behavior",37,2,3.07,"0.82432",0.82432,1
"GO:0051124","synaptic assembly at neuromuscular junction",37,2,3.07,"0.82432",0.82432,1
"GO:0070665","positive regulation of leukocyte proliferation",37,2,3.07,"0.82432",0.82432,1
"GO:0090305","nucleic acid phosphodiester bond hydrolysis",37,2,3.07,"0.82432",0.82432,1
"GO:0003012","muscle system process",180,12,14.94,"0.82483",0.82483,1
"GO:0006401","RNA catabolic process",180,12,14.94,"0.82483",0.82483,1
"GO:0018105","peptidyl-serine phosphorylation",180,12,14.94,"0.82483",0.82483,1
"GO:0051054","positive regulation of DNA metabolic process",139,9,11.54,"0.82551",0.82551,1
"GO:0002819","regulation of adaptive immune response",97,6,8.05,"0.82639",0.82639,1
"GO:0051170","import into nucleus",97,6,8.05,"0.82639",0.82639,1
"GO:0032271","regulation of protein polymerization",68,4,5.65,"0.82700",0.827,1
"GO:1901654","response to ketone",68,4,5.65,"0.82700",0.827,1
"GO:0019693","ribose phosphate metabolic process",194,13,16.11,"0.82723",0.82723,1
"GO:0051606","detection of stimulus",221,15,18.35,"0.82746",0.82746,1
"GO:0045165","cell fate commitment",167,11,13.86,"0.82839",0.82839,1
"GO:0005975","carbohydrate metabolic process",367,26,30.47,"0.82960",0.8296,1
"GO:0003013","circulatory system process",208,14,17.27,"0.82978",0.82978,1
"GO:0002449","lymphocyte mediated immunity",112,7,9.3,"0.83190",0.8319,1
"GO:0018394","peptidyl-lysine acetylation",98,6,8.14,"0.83367",0.83367,1
"GO:0046474","glycerophospholipid biosynthetic process",98,6,8.14,"0.83367",0.83367,1
"GO:0001101","response to acid chemical",69,4,5.73,"0.83552",0.83552,1
"GO:0051017","actin filament bundle assembly",69,4,5.73,"0.83552",0.83552,1
"GO:0007552","metamorphosis",38,2,3.15,"0.83559",0.83559,1
"GO:0031110","regulation of microtubule polymerization or depolymerization",38,2,3.15,"0.83559",0.83559,1
"GO:0032784","regulation of DNA-templated transcription elongation",38,2,3.15,"0.83559",0.83559,1
"GO:0046034","ATP metabolic process",38,2,3.15,"0.83559",0.83559,1
"GO:0098656","monoatomic anion transmembrane transport",38,2,3.15,"0.83559",0.83559,1
"GO:0009893","positive regulation of metabolic process",1684,130,139.81,"0.83594",0.83594,1
"GO:0046631","alpha-beta T cell activation",54,3,4.48,"0.83715",0.83715,1
"GO:0048660","regulation of smooth muscle cell proliferation",54,3,4.48,"0.83715",0.83715,1
"GO:0048704","embryonic skeletal system morphogenesis",54,3,4.48,"0.83715",0.83715,1
"GO:0002706","regulation of lymphocyte mediated immunity",84,5,6.97,"0.83726",0.83726,1
"GO:0035264","multicellular organism growth",84,5,6.97,"0.83726",0.83726,1
"GO:0035303","regulation of dephosphorylation",84,5,6.97,"0.83726",0.83726,1
"GO:0046849","bone remodeling",84,5,6.97,"0.83726",0.83726,1
"GO:1903313","positive regulation of mRNA metabolic process",84,5,6.97,"0.83726",0.83726,1
"GO:0001505","regulation of neurotransmitter levels",127,8,10.54,"0.83769",0.83769,1
"GO:0072522","purine-containing compound biosynthetic process",127,8,10.54,"0.83769",0.83769,1
"GO:0008654","phospholipid biosynthetic process",141,9,11.71,"0.83771",0.83771,1
"GO:0050803","regulation of synapse structure or activity",141,9,11.71,"0.83771",0.83771,1
"GO:0001913","T cell mediated cytotoxicity",21,1,1.74,"0.83824",0.83824,1
"GO:0002204","somatic recombination of immunoglobulin genes involved in immune response",21,1,1.74,"0.83824",0.83824,1
"GO:0002208","somatic diversification of immunoglobulins involved in immune response",21,1,1.74,"0.83824",0.83824,1
"GO:0006482","protein demethylation",21,1,1.74,"0.83824",0.83824,1
"GO:0006940","regulation of smooth muscle contraction",21,1,1.74,"0.83824",0.83824,1
"GO:0007129","homologous chromosome pairing at meiosis",21,1,1.74,"0.83824",0.83824,1
"GO:0008214","protein dealkylation",21,1,1.74,"0.83824",0.83824,1
"GO:0014049","positive regulation of glutamate secretion",21,1,1.74,"0.83824",0.83824,1
"GO:0019374","galactolipid metabolic process",21,1,1.74,"0.83824",0.83824,1
"GO:0030593","neutrophil chemotaxis",21,1,1.74,"0.83824",0.83824,1
"GO:0030850","prostate gland development",21,1,1.74,"0.83824",0.83824,1
"GO:0031639","plasminogen activation",21,1,1.74,"0.83824",0.83824,1
"GO:0034390","smooth muscle cell apoptotic process",21,1,1.74,"0.83824",0.83824,1
"GO:0034391","regulation of smooth muscle cell apoptotic process",21,1,1.74,"0.83824",0.83824,1
"GO:0034587","piRNA processing",21,1,1.74,"0.83824",0.83824,1
"GO:0035307","positive regulation of protein dephosphorylation",21,1,1.74,"0.83824",0.83824,1
"GO:0036269","swimming behavior",21,1,1.74,"0.83824",0.83824,1
"GO:0042546","cell wall biogenesis",21,1,1.74,"0.83824",0.83824,1
"GO:0045190","isotype switching",21,1,1.74,"0.83824",0.83824,1
"GO:0046348","amino sugar catabolic process",21,1,1.74,"0.83824",0.83824,1
"GO:0046503","glycerolipid catabolic process",21,1,1.74,"0.83824",0.83824,1
"GO:0048262","determination of dorsal/ventral asymmetry",21,1,1.74,"0.83824",0.83824,1
"GO:0048857","neural nucleus development",21,1,1.74,"0.83824",0.83824,1
"GO:0050732","negative regulation of peptidyl-tyrosine phosphorylation",21,1,1.74,"0.83824",0.83824,1
"GO:0055010","ventricular cardiac muscle tissue morphogenesis",21,1,1.74,"0.83824",0.83824,1
"GO:0072525","pyridine-containing compound biosynthetic process",21,1,1.74,"0.83824",0.83824,1
"GO:0098780","response to mitochondrial depolarisation",21,1,1.74,"0.83824",0.83824,1
"GO:2000463","positive regulation of excitatory postsynaptic potential",21,1,1.74,"0.83824",0.83824,1
"GO:2001258","negative regulation of cation channel activity",21,1,1.74,"0.83824",0.83824,1
"GO:0014070","response to organic cyclic compound",448,32,37.19,"0.83970",0.8397,1
"GO:1902074","response to salt",210,14,17.43,"0.83976",0.83976,1
"GO:0001501","skeletal system development",344,24,28.56,"0.84223",0.84223,1
"GO:1901135","carbohydrate derivative metabolic process",732,54,60.77,"0.84240",0.8424,1
"GO:0006886","intracellular protein transport",527,38,43.75,"0.84363",0.84363,1
"GO:0008643","carbohydrate transport",70,4,5.81,"0.84368",0.84368,1
"GO:0061572","actin filament bundle organization",70,4,5.81,"0.84368",0.84368,1
"GO:0003205","cardiac chamber development",128,8,10.63,"0.84383",0.84383,1
"GO:0002250","adaptive immune response",156,10,12.95,"0.84395",0.84395,1
"GO:0006790","sulfur compound metabolic process",238,16,19.76,"0.84434",0.84434,1
"GO:0045055","regulated exocytosis",238,16,19.76,"0.84434",0.84434,1
"GO:0008203","cholesterol metabolic process",85,5,7.06,"0.84467",0.84467,1
"GO:0051225","spindle assembly",85,5,7.06,"0.84467",0.84467,1
"GO:0007409","axonogenesis",371,26,30.8,"0.84475",0.84475,1
"GO:0006091","generation of precursor metabolites and energy",184,12,15.28,"0.84607",0.84607,1
"GO:0019748","secondary metabolic process",55,3,4.57,"0.84618",0.84618,1
"GO:0032543","mitochondrial translation",55,3,4.57,"0.84618",0.84618,1
"GO:0034502","protein localization to chromosome",55,3,4.57,"0.84618",0.84618,1
"GO:0097746","blood vessel diameter maintenance",55,3,4.57,"0.84618",0.84618,1
"GO:2001257","regulation of cation channel activity",55,3,4.57,"0.84618",0.84618,1
"GO:0002181","cytoplasmic translation",39,2,3.24,"0.84619",0.84619,1
"GO:0006040","amino sugar metabolic process",39,2,3.24,"0.84619",0.84619,1
"GO:0006749","glutathione metabolic process",39,2,3.24,"0.84619",0.84619,1
"GO:0007229","integrin-mediated signaling pathway",39,2,3.24,"0.84619",0.84619,1
"GO:0009268","response to pH",39,2,3.24,"0.84619",0.84619,1
"GO:0019835","cytolysis",39,2,3.24,"0.84619",0.84619,1
"GO:0048701","embryonic cranial skeleton morphogenesis",39,2,3.24,"0.84619",0.84619,1
"GO:0070841","inclusion body assembly",39,2,3.24,"0.84619",0.84619,1
"GO:1903429","regulation of cell maturation",39,2,3.24,"0.84619",0.84619,1
"GO:0006518","peptide metabolic process",554,40,45.99,"0.84717",0.84717,1
"GO:0010970","transport along microtubule",100,6,8.3,"0.84747",0.84747,1
"GO:0007051","spindle organization",129,8,10.71,"0.84978",0.84978,1
"GO:0043604","amide biosynthetic process",542,39,45,"0.84995",0.84995,1
"GO:0007338","single fertilization",71,4,5.89,"0.85150",0.8515,1
"GO:0016241","regulation of macroautophagy",71,4,5.89,"0.85150",0.8515,1
"GO:0001912","positive regulation of leukocyte mediated cytotoxicity",22,1,1.83,"0.85169",0.85169,1
"GO:0002712","regulation of B cell mediated immunity",22,1,1.83,"0.85169",0.85169,1
"GO:0002889","regulation of immunoglobulin mediated immune response",22,1,1.83,"0.85169",0.85169,1
"GO:0003272","endocardial cushion formation",22,1,1.83,"0.85169",0.85169,1
"GO:0003344","pericardium morphogenesis",22,1,1.83,"0.85169",0.85169,1
"GO:0006030","chitin metabolic process",22,1,1.83,"0.85169",0.85169,1
"GO:0006353","DNA-templated transcription termination",22,1,1.83,"0.85169",0.85169,1
"GO:0006739","NADP metabolic process",22,1,1.83,"0.85169",0.85169,1
"GO:0007200","phospholipase C-activating G protein-coupled receptor signaling pathway",22,1,1.83,"0.85169",0.85169,1
"GO:0014048","regulation of glutamate secretion",22,1,1.83,"0.85169",0.85169,1
"GO:0014075","response to amine",22,1,1.83,"0.85169",0.85169,1
"GO:0015936","coenzyme A metabolic process",22,1,1.83,"0.85169",0.85169,1
"GO:0032435","negative regulation of proteasomal ubiquitin-dependent protein catabolic process",22,1,1.83,"0.85169",0.85169,1
"GO:0032786","positive regulation of DNA-templated transcription, elongation",22,1,1.83,"0.85169",0.85169,1
"GO:0033077","T cell differentiation in thymus",22,1,1.83,"0.85169",0.85169,1
"GO:0033198","response to ATP",22,1,1.83,"0.85169",0.85169,1
"GO:0042168","heme metabolic process",22,1,1.83,"0.85169",0.85169,1
"GO:0042311","vasodilation",22,1,1.83,"0.85169",0.85169,1
"GO:0042438","melanin biosynthetic process",22,1,1.83,"0.85169",0.85169,1
"GO:0042775","mitochondrial ATP synthesis coupled electron transport",22,1,1.83,"0.85169",0.85169,1
"GO:0043162","ubiquitin-dependent protein catabolic process via the multivesicular body sorting pathway",22,1,1.83,"0.85169",0.85169,1
"GO:0045792","negative regulation of cell size",22,1,1.83,"0.85169",0.85169,1
"GO:0046324","regulation of glucose import",22,1,1.83,"0.85169",0.85169,1
"GO:0051457","maintenance of protein location in nucleus",22,1,1.83,"0.85169",0.85169,1
"GO:0060218","hematopoietic stem cell differentiation",22,1,1.83,"0.85169",0.85169,1
"GO:0009894","regulation of catabolic process",504,36,41.84,"0.85267",0.85267,1
"GO:0006629","lipid metabolic process",927,69,76.96,"0.85275",0.85275,1
"GO:0043280","positive regulation of cysteine-type endopeptidase activity involved in apoptotic process",101,6,8.39,"0.85402",0.85402,1
"GO:0120036","plasma membrane bounded cell projection organization",1193,90,99.05,"0.85414",0.85414,1
"GO:0035296","regulation of tube diameter",56,3,4.65,"0.85478",0.85478,1
"GO:0071482","cellular response to light stimulus",56,3,4.65,"0.85478",0.85478,1
"GO:0052548","regulation of endopeptidase activity",172,11,14.28,"0.85509",0.85509,1
"GO:0045861","negative regulation of proteolysis",130,8,10.79,"0.85555",0.85555,1
"GO:0050657","nucleic acid transport",130,8,10.79,"0.85555",0.85555,1
"GO:0050658","RNA transport",130,8,10.79,"0.85555",0.85555,1
"GO:0060491","regulation of cell projection assembly",130,8,10.79,"0.85555",0.85555,1
"GO:0120032","regulation of plasma membrane bounded cell projection assembly",130,8,10.79,"0.85555",0.85555,1
"GO:0006515","protein quality control for misfolded or incompletely synthesized proteins",40,2,3.32,"0.85617",0.85617,1
"GO:0009410","response to xenobiotic stimulus",40,2,3.32,"0.85617",0.85617,1
"GO:0043266","regulation of potassium ion transport",40,2,3.32,"0.85617",0.85617,1
"GO:0072337","modified amino acid transport",40,2,3.32,"0.85617",0.85617,1
"GO:1905897","regulation of response to endoplasmic reticulum stress",40,2,3.32,"0.85617",0.85617,1
"GO:1905954","positive regulation of lipid localization",40,2,3.32,"0.85617",0.85617,1
"GO:0007224","smoothened signaling pathway",116,7,9.63,"0.85728",0.85728,1
"GO:0015850","organic hydroxy compound transport",116,7,9.63,"0.85728",0.85728,1
"GO:0042098","T cell proliferation",87,5,7.22,"0.85867",0.85867,1
"GO:0048534","hematopoietic or lymphoid organ development",87,5,7.22,"0.85867",0.85867,1
"GO:0051963","regulation of synapse assembly",87,5,7.22,"0.85867",0.85867,1
"GO:0002244","hematopoietic progenitor cell differentiation",72,4,5.98,"0.85898",0.85898,1
"GO:0006633","fatty acid biosynthetic process",72,4,5.98,"0.85898",0.85898,1
"GO:0050906","detection of stimulus involved in sensory perception",72,4,5.98,"0.85898",0.85898,1
"GO:1901606","alpha-amino acid catabolic process",72,4,5.98,"0.85898",0.85898,1
"GO:0034660","ncRNA metabolic process",467,33,38.77,"0.85907",0.85907,1
"GO:0061448","connective tissue development",145,9,12.04,"0.86011",0.86011,1
"GO:0009895","negative regulation of catabolic process",131,8,10.88,"0.86114",0.86114,1
"GO:1901888","regulation of cell junction assembly",131,8,10.88,"0.86114",0.86114,1
"GO:0035556","intracellular signal transduction",1586,121,131.67,"0.86207",0.86207,1
"GO:0090407","organophosphate biosynthetic process",323,22,26.82,"0.86272",0.86272,1
"GO:0010508","positive regulation of autophagy",57,3,4.73,"0.86296",0.86296,1
"GO:0072078","nephron tubule morphogenesis",57,3,4.73,"0.86296",0.86296,1
"GO:0072088","nephron epithelium morphogenesis",57,3,4.73,"0.86296",0.86296,1
"GO:0016579","protein deubiquitination",117,7,9.71,"0.86312",0.86312,1
"GO:0030534","adult behavior",117,7,9.71,"0.86312",0.86312,1
"GO:0048738","cardiac muscle tissue development",117,7,9.71,"0.86312",0.86312,1
"GO:0051223","regulation of protein transport",256,17,21.25,"0.86339",0.86339,1
"GO:0000381","regulation of alternative mRNA splicing, via spliceosome",23,1,1.91,"0.86403",0.86403,1
"GO:0006801","superoxide metabolic process",23,1,1.91,"0.86403",0.86403,1
"GO:0006884","cell volume homeostasis",23,1,1.91,"0.86403",0.86403,1
"GO:0035172","hemocyte proliferation",23,1,1.91,"0.86403",0.86403,1
"GO:0038093","Fc receptor signaling pathway",23,1,1.91,"0.86403",0.86403,1
"GO:0046365","monosaccharide catabolic process",23,1,1.91,"0.86403",0.86403,1
"GO:0048489","synaptic vesicle transport",23,1,1.91,"0.86403",0.86403,1
"GO:0050832","defense response to fungus",23,1,1.91,"0.86403",0.86403,1
"GO:0051957","positive regulation of amino acid transport",23,1,1.91,"0.86403",0.86403,1
"GO:0072202","cell differentiation involved in metanephros development",23,1,1.91,"0.86403",0.86403,1
"GO:0086001","cardiac muscle cell action potential",23,1,1.91,"0.86403",0.86403,1
"GO:0090313","regulation of protein targeting to membrane",23,1,1.91,"0.86403",0.86403,1
"GO:1905710","positive regulation of membrane permeability",23,1,1.91,"0.86403",0.86403,1
"GO:1902903","regulation of supramolecular fiber organization",160,10,13.28,"0.86479",0.86479,1
"GO:2000116","regulation of cysteine-type endopeptidase activity",160,10,13.28,"0.86479",0.86479,1
"GO:0009308","amine metabolic process",88,5,7.31,"0.86526",0.86526,1
"GO:0019233","sensory perception of pain",88,5,7.31,"0.86526",0.86526,1
"GO:0007631","feeding behavior",41,2,3.4,"0.86556",0.86556,1
"GO:0009142","nucleoside triphosphate biosynthetic process",41,2,3.4,"0.86556",0.86556,1
"GO:0045132","meiotic chromosome segregation",41,2,3.4,"0.86556",0.86556,1
"GO:0045665","negative regulation of neuron differentiation",41,2,3.4,"0.86556",0.86556,1
"GO:0046513","ceramide biosynthetic process",41,2,3.4,"0.86556",0.86556,1
"GO:0071887","leukocyte apoptotic process",41,2,3.4,"0.86556",0.86556,1
"GO:2001239","regulation of extrinsic apoptotic signaling pathway in absence of ligand",41,2,3.4,"0.86556",0.86556,1
"GO:0002824","positive regulation of adaptive immune response based on somatic recombination of immune receptors b...",73,4,6.06,"0.86615",0.86615,1
"GO:0007259","receptor signaling pathway via JAK-STAT",73,4,6.06,"0.86615",0.86615,1
"GO:0040029","epigenetic regulation of gene expression",73,4,6.06,"0.86615",0.86615,1
"GO:0097696","receptor signaling pathway via STAT",73,4,6.06,"0.86615",0.86615,1
"GO:1901607","alpha-amino acid biosynthetic process",73,4,6.06,"0.86615",0.86615,1
"GO:0051236","establishment of RNA localization",132,8,10.96,"0.86655",0.86655,1
"GO:0070646","protein modification by small protein removal",132,8,10.96,"0.86655",0.86655,1
"GO:0006357","regulation of transcription by RNA polymerase II",742,54,61.6,"0.86778",0.86778,1
"GO:0032259","methylation",161,10,13.37,"0.86964",0.86964,1
"GO:0032870","cellular response to hormone stimulus",244,16,20.26,"0.86967",0.86967,1
"GO:0001654","eye development",325,22,26.98,"0.86974",0.86974,1
"GO:0150063","visual system development",325,22,26.98,"0.86974",0.86974,1
"GO:0006638","neutral lipid metabolic process",58,3,4.82,"0.87072",0.87072,1
"GO:0006639","acylglycerol metabolic process",58,3,4.82,"0.87072",0.87072,1
"GO:0030183","B cell differentiation",58,3,4.82,"0.87072",0.87072,1
"GO:0048659","smooth muscle cell proliferation",58,3,4.82,"0.87072",0.87072,1
"GO:0045893","positive regulation of DNA-templated transcription",666,48,55.29,"0.87080",0.8708,1
"GO:0006914","autophagy",312,21,25.9,"0.87114",0.87114,1
"GO:0061919","process utilizing autophagic mechanism",312,21,25.9,"0.87114",0.87114,1
"GO:1903829","positive regulation of protein localization",231,15,19.18,"0.87232",0.87232,1
"GO:0006576","biogenic amine metabolic process",74,4,6.14,"0.87299",0.87299,1
"GO:0006997","nucleus organization",74,4,6.14,"0.87299",0.87299,1
"GO:0032092","positive regulation of protein binding",74,4,6.14,"0.87299",0.87299,1
"GO:0090316","positive regulation of intracellular protein transport",74,4,6.14,"0.87299",0.87299,1
"GO:0048523","negative regulation of cellular process",2562,199,212.71,"0.87315",0.87315,1
"GO:1902680","positive regulation of RNA biosynthetic process",667,48,55.38,"0.87324",0.87324,1
"GO:0002699","positive regulation of immune effector process",119,7,9.88,"0.87420",0.8742,1
"GO:0010952","positive regulation of peptidase activity",119,7,9.88,"0.87420",0.8742,1
"GO:0015931","nucleobase-containing compound transport",162,10,13.45,"0.87434",0.87434,1
"GO:0003014","renal system process",42,2,3.49,"0.87438",0.87438,1
"GO:0032205","negative regulation of telomere maintenance",42,2,3.49,"0.87438",0.87438,1
"GO:0042462","eye photoreceptor cell development",42,2,3.49,"0.87438",0.87438,1
"GO:0043388","positive regulation of DNA binding",42,2,3.49,"0.87438",0.87438,1
"GO:0046850","regulation of bone remodeling",42,2,3.49,"0.87438",0.87438,1
"GO:0072384","organelle transport along microtubule",42,2,3.49,"0.87438",0.87438,1
"GO:0072594","establishment of protein localization to organelle",286,19,23.74,"0.87445",0.87445,1
"GO:0043087","regulation of GTPase activity",148,9,12.29,"0.87524",0.87524,1
"GO:0001836","release of cytochrome c from mitochondria",24,1,1.99,"0.87534",0.87534,1
"GO:0003203","endocardial cushion morphogenesis",24,1,1.99,"0.87534",0.87534,1
"GO:0003229","ventricular cardiac muscle tissue development",24,1,1.99,"0.87534",0.87534,1
"GO:0006071","glycerol metabolic process",24,1,1.99,"0.87534",0.87534,1
"GO:0007019","microtubule depolymerization",24,1,1.99,"0.87534",0.87534,1
"GO:0008582","regulation of synaptic assembly at neuromuscular junction",24,1,1.99,"0.87534",0.87534,1
"GO:0010569","regulation of double-strand break repair via homologous recombination",24,1,1.99,"0.87534",0.87534,1
"GO:0016925","protein sumoylation",24,1,1.99,"0.87534",0.87534,1
"GO:0030866","cortical actin cytoskeleton organization",24,1,1.99,"0.87534",0.87534,1
"GO:0038202","TORC1 signaling",24,1,1.99,"0.87534",0.87534,1
"GO:0042773","ATP synthesis coupled electron transport",24,1,1.99,"0.87534",0.87534,1
"GO:0047496","vesicle transport along microtubule",24,1,1.99,"0.87534",0.87534,1
"GO:0051785","positive regulation of nuclear division",24,1,1.99,"0.87534",0.87534,1
"GO:0051955","regulation of amino acid transport",24,1,1.99,"0.87534",0.87534,1
"GO:0070536","protein K63-linked deubiquitination",24,1,1.99,"0.87534",0.87534,1
"GO:0070830","bicellular tight junction assembly",24,1,1.99,"0.87534",0.87534,1
"GO:0097352","autophagosome maturation",24,1,1.99,"0.87534",0.87534,1
"GO:0099518","vesicle cytoskeletal trafficking",24,1,1.99,"0.87534",0.87534,1
"GO:1990090","cellular response to nerve growth factor stimulus",24,1,1.99,"0.87534",0.87534,1
"GO:0006366","transcription by RNA polymerase II",810,59,67.25,"0.87649",0.87649,1
"GO:0045892","negative regulation of DNA-templated transcription",473,33,39.27,"0.87664",0.87664,1
"GO:1902679","negative regulation of RNA biosynthetic process",473,33,39.27,"0.87664",0.87664,1
"GO:0010959","regulation of metal ion transport",134,8,11.13,"0.87686",0.87686,1
"GO:0007423","sensory organ development",447,31,37.11,"0.87758",0.87758,1
"GO:0016573","histone acetylation",90,5,7.47,"0.87768",0.87768,1
"GO:0030203","glycosaminoglycan metabolic process",90,5,7.47,"0.87768",0.87768,1
"GO:0019725","cellular homeostasis",434,30,36.03,"0.87815",0.87815,1
"GO:0008015","blood circulation",191,12,15.86,"0.87838",0.87838,1
"GO:0051173","positive regulation of nitrogen compound metabolic process",1395,105,115.82,"0.87875",0.87875,1
"GO:0002708","positive regulation of lymphocyte mediated immunity",75,4,6.23,"0.87953",0.87953,1
"GO:0002821","positive regulation of adaptive immune response",75,4,6.23,"0.87953",0.87953,1
"GO:1902905","positive regulation of supramolecular fiber organization",75,4,6.23,"0.87953",0.87953,1
"GO:0042445","hormone metabolic process",135,8,11.21,"0.88176",0.88176,1
"GO:0044089","positive regulation of cellular component biogenesis",261,17,21.67,"0.88220",0.8822,1
"GO:0018209","peptidyl-serine modification",192,12,15.94,"0.88252",0.88252,1
"GO:0045747","positive regulation of Notch signaling pathway",43,2,3.57,"0.88266",0.88266,1
"GO:0046148","pigment biosynthetic process",43,2,3.57,"0.88266",0.88266,1
"GO:0048563","post-embryonic animal organ morphogenesis",43,2,3.57,"0.88266",0.88266,1
"GO:0048599","oocyte development",43,2,3.57,"0.88266",0.88266,1
"GO:0090382","phagosome maturation",43,2,3.57,"0.88266",0.88266,1
"GO:1901659","glycosyl compound biosynthetic process",43,2,3.57,"0.88266",0.88266,1
"GO:0034599","cellular response to oxidative stress",106,6,8.8,"0.88337",0.88337,1
"GO:0043547","positive regulation of GTPase activity",106,6,8.8,"0.88337",0.88337,1
"GO:0000086","G2/M transition of mitotic cell cycle",91,5,7.56,"0.88351",0.88351,1
"GO:0046467","membrane lipid biosynthetic process",91,5,7.56,"0.88351",0.88351,1
"GO:0050821","protein stabilization",91,5,7.56,"0.88351",0.88351,1
"GO:0006163","purine nucleotide metabolic process",234,15,19.43,"0.88382",0.88382,1
"GO:0010604","positive regulation of macromolecule metabolic process",1549,117,128.6,"0.88387",0.88387,1
"GO:0014706","striated muscle tissue development",121,7,10.05,"0.88453",0.88453,1
"GO:0048863","stem cell differentiation",150,9,12.45,"0.88456",0.88456,1
"GO:0010833","telomere maintenance via telomere lengthening",60,3,4.98,"0.88510",0.8851,1
"GO:0032835","glomerulus development",60,3,4.98,"0.88510",0.8851,1
"GO:0050852","T cell receptor signaling pathway",60,3,4.98,"0.88510",0.8851,1
"GO:0072028","nephron morphogenesis",60,3,4.98,"0.88510",0.8851,1
"GO:0042391","regulation of membrane potential",262,17,21.75,"0.88570",0.8857,1
"GO:0000027","ribosomal large subunit assembly",25,1,2.08,"0.88571",0.88571,1
"GO:0000154","rRNA modification",25,1,2.08,"0.88571",0.88571,1
"GO:0000289","nuclear-transcribed mRNA poly(A) tail shortening",25,1,2.08,"0.88571",0.88571,1
"GO:0001702","gastrulation with mouth forming second",25,1,2.08,"0.88571",0.88571,1
"GO:0002287","alpha-beta T cell activation involved in immune response",25,1,2.08,"0.88571",0.88571,1
"GO:0002293","alpha-beta T cell differentiation involved in immune response",25,1,2.08,"0.88571",0.88571,1
"GO:0002294","CD4-positive, alpha-beta T cell differentiation involved in immune response",25,1,2.08,"0.88571",0.88571,1
"GO:0003179","heart valve morphogenesis",25,1,2.08,"0.88571",0.88571,1
"GO:0006283","transcription-coupled nucleotide-excision repair",25,1,2.08,"0.88571",0.88571,1
"GO:0015872","dopamine transport",25,1,2.08,"0.88571",0.88571,1
"GO:0019674","NAD metabolic process",25,1,2.08,"0.88571",0.88571,1
"GO:0032007","negative regulation of TOR signaling",25,1,2.08,"0.88571",0.88571,1
"GO:0035461","vitamin transmembrane transport",25,1,2.08,"0.88571",0.88571,1
"GO:0042093","T-helper cell differentiation",25,1,2.08,"0.88571",0.88571,1
"GO:0043407","negative regulation of MAP kinase activity",25,1,2.08,"0.88571",0.88571,1
"GO:0051149","positive regulation of muscle cell differentiation",25,1,2.08,"0.88571",0.88571,1
"GO:0051602","response to electrical stimulus",25,1,2.08,"0.88571",0.88571,1
"GO:0051642","centrosome localization",25,1,2.08,"0.88571",0.88571,1
"GO:0060603","mammary gland duct morphogenesis",25,1,2.08,"0.88571",0.88571,1
"GO:0060612","adipose tissue development",25,1,2.08,"0.88571",0.88571,1
"GO:0061842","microtubule organizing center localization",25,1,2.08,"0.88571",0.88571,1
"GO:0072599","establishment of protein localization to endoplasmic reticulum",25,1,2.08,"0.88571",0.88571,1
"GO:0099024","plasma membrane invagination",25,1,2.08,"0.88571",0.88571,1
"GO:1901889","negative regulation of cell junction assembly",25,1,2.08,"0.88571",0.88571,1
"GO:1903307","positive regulation of regulated secretory pathway",25,1,2.08,"0.88571",0.88571,1
"GO:1904396","regulation of neuromuscular junction development",25,1,2.08,"0.88571",0.88571,1
"GO:0002705","positive regulation of leukocyte mediated immunity",76,4,6.31,"0.88578",0.88578,1
"GO:0006508","proteolysis",1083,80,89.91,"0.88608",0.88608,1
"GO:0010975","regulation of neuron projection development",330,22,27.4,"0.88610",0.8861,1
"GO:0007018","microtubule-based movement",303,20,25.16,"0.88619",0.88619,1
"GO:0050769","positive regulation of neurogenesis",136,8,11.29,"0.88651",0.88651,1
"GO:0000375","RNA splicing, via transesterification reactions",193,12,16.02,"0.88654",0.88654,1
"GO:0098657","import into cell",490,34,40.68,"0.88692",0.88692,1
"GO:0051493","regulation of cytoskeleton organization",235,15,19.51,"0.88747",0.88747,1
"GO:0016070","RNA metabolic process",2709,210,224.91,"0.88760",0.8876,1
"GO:0034655","nucleobase-containing compound catabolic process",249,16,20.67,"0.88822",0.88822,1
"GO:0032388","positive regulation of intracellular transport",92,5,7.64,"0.88910",0.8891,1
"GO:0072009","nephron epithelium development",92,5,7.64,"0.88910",0.8891,1
"GO:0065003","protein-containing complex assembly",1123,83,93.23,"0.88938",0.88938,1
"GO:0044283","small molecule biosynthetic process",358,24,29.72,"0.88940",0.8894,1
"GO:2000026","regulation of multicellular organismal development",765,55,63.51,"0.89019",0.89019,1
"GO:0006406","mRNA export from nucleus",44,2,3.65,"0.89044",0.89044,1
"GO:0030501","positive regulation of bone mineralization",44,2,3.65,"0.89044",0.89044,1
"GO:0033108","mitochondrial respiratory chain complex assembly",44,2,3.65,"0.89044",0.89044,1
"GO:0046496","nicotinamide nucleotide metabolic process",44,2,3.65,"0.89044",0.89044,1
"GO:0002702","positive regulation of production of molecular mediator of immune response",61,3,5.06,"0.89174",0.89174,1
"GO:0006937","regulation of muscle contraction",61,3,5.06,"0.89174",0.89174,1
"GO:0017015","regulation of transforming growth factor beta receptor signaling pathway",61,3,5.06,"0.89174",0.89174,1
"GO:1903844","regulation of cellular response to transforming growth factor beta stimulus",61,3,5.06,"0.89174",0.89174,1
"GO:2001238","positive regulation of extrinsic apoptotic signaling pathway",61,3,5.06,"0.89174",0.89174,1
"GO:0001539","cilium or flagellum-dependent cell motility",77,4,6.39,"0.89174",0.89174,1
"GO:0051783","regulation of nuclear division",77,4,6.39,"0.89174",0.89174,1
"GO:0030030","cell projection organization",1214,90,100.79,"0.89295",0.89295,1
"GO:0045927","positive regulation of growth",152,9,12.62,"0.89330",0.8933,1
"GO:0001649","osteoblast differentiation",108,6,8.97,"0.89363",0.89363,1
"GO:0120035","regulation of plasma membrane bounded cell projection organization",453,31,37.61,"0.89373",0.89373,1
"GO:0006605","protein targeting",209,13,17.35,"0.89405",0.89405,1
"GO:0045017","glycerolipid biosynthetic process",123,7,10.21,"0.89414",0.89414,1
"GO:0007059","chromosome segregation",223,14,18.51,"0.89414",0.89414,1
"GO:0016125","sterol metabolic process",93,5,7.72,"0.89446",0.89446,1
"GO:0035282","segmentation",93,5,7.72,"0.89446",0.89446,1
"GO:0042113","B cell activation",93,5,7.72,"0.89446",0.89446,1
"GO:0061326","renal tubule development",93,5,7.72,"0.89446",0.89446,1
"GO:0003197","endocardial cushion development",26,1,2.16,"0.89521",0.89521,1
"GO:0006270","DNA replication initiation",26,1,2.16,"0.89521",0.89521,1
"GO:0006778","porphyrin-containing compound metabolic process",26,1,2.16,"0.89521",0.89521,1
"GO:0006895","Golgi to endosome transport",26,1,2.16,"0.89521",0.89521,1
"GO:0010257","NADH dehydrogenase complex assembly",26,1,2.16,"0.89521",0.89521,1
"GO:0010799","regulation of peptidyl-threonine phosphorylation",26,1,2.16,"0.89521",0.89521,1
"GO:0010824","regulation of centrosome duplication",26,1,2.16,"0.89521",0.89521,1
"GO:0014015","positive regulation of gliogenesis",26,1,2.16,"0.89521",0.89521,1
"GO:0019400","alditol metabolic process",26,1,2.16,"0.89521",0.89521,1
"GO:0019432","triglyceride biosynthetic process",26,1,2.16,"0.89521",0.89521,1
"GO:0032981","mitochondrial respiratory chain complex I assembly",26,1,2.16,"0.89521",0.89521,1
"GO:0042051","compound eye photoreceptor development",26,1,2.16,"0.89521",0.89521,1
"GO:0045143","homologous chromosome segregation",26,1,2.16,"0.89521",0.89521,1
"GO:0046902","regulation of mitochondrial membrane permeability",26,1,2.16,"0.89521",0.89521,1
"GO:0072528","pyrimidine-containing compound biosynthetic process",26,1,2.16,"0.89521",0.89521,1
"GO:0090083","regulation of inclusion body assembly",26,1,2.16,"0.89521",0.89521,1
"GO:0090303","positive regulation of wound healing",26,1,2.16,"0.89521",0.89521,1
"GO:0098659","inorganic cation import across plasma membrane",26,1,2.16,"0.89521",0.89521,1
"GO:0099587","inorganic ion import across plasma membrane",26,1,2.16,"0.89521",0.89521,1
"GO:1902414","protein localization to cell junction",26,1,2.16,"0.89521",0.89521,1
"GO:1902475","L-alpha-amino acid transmembrane transport",26,1,2.16,"0.89521",0.89521,1
"GO:1902476","chloride transmembrane transport",26,1,2.16,"0.89521",0.89521,1
"GO:1990928","response to amino acid starvation",26,1,2.16,"0.89521",0.89521,1
"GO:0072073","kidney epithelium development",138,8,11.46,"0.89552",0.89552,1
"GO:0031328","positive regulation of cellular biosynthetic process",1012,74,84.02,"0.89584",0.89584,1
"GO:0022607","cellular component assembly",2058,157,170.86,"0.89601",0.89601,1
"GO:0007268","chemical synaptic transmission",374,25,31.05,"0.89664",0.89664,1
"GO:0098916","anterograde trans-synaptic signaling",374,25,31.05,"0.89664",0.89664,1
"GO:0010557","positive regulation of macromolecule biosynthetic process",987,72,81.94,"0.89686",0.89686,1
"GO:0008652","amino acid biosynthetic process",78,4,6.48,"0.89743",0.89743,1
"GO:0140056","organelle localization by membrane tethering",78,4,6.48,"0.89743",0.89743,1
"GO:0030512","negative regulation of transforming growth factor beta receptor signaling pathway",45,2,3.74,"0.89773",0.89773,1
"GO:2000779","regulation of double-strand break repair",45,2,3.74,"0.89773",0.89773,1
"GO:0006811","monoatomic ion transport",652,46,54.13,"0.89796",0.89796,1
"GO:0071709","membrane assembly",62,3,5.15,"0.89803",0.89803,1
"GO:0098771","inorganic ion homeostasis",252,16,20.92,"0.89829",0.89829,1
"GO:0007167","enzyme-linked receptor protein signaling pathway",613,43,50.89,"0.89835",0.89835,1
"GO:0030705","cytoskeleton-dependent intracellular transport",109,6,9.05,"0.89847",0.89847,1
"GO:0000724","double-strand break repair via homologous recombination",124,7,10.29,"0.89869",0.89869,1
"GO:0035113","embryonic appendage morphogenesis",124,7,10.29,"0.89869",0.89869,1
"GO:1902105","regulation of leukocyte differentiation",124,7,10.29,"0.89869",0.89869,1
"GO:0099537","trans-synaptic signaling",375,25,31.13,"0.89933",0.89933,1
"GO:0001823","mesonephros development",94,5,7.8,"0.89960",0.8996,1
"GO:0018393","internal peptidyl-lysine acetylation",94,5,7.8,"0.89960",0.8996,1
"GO:0072163","mesonephric epithelium development",94,5,7.8,"0.89960",0.8996,1
"GO:0072164","mesonephric tubule development",94,5,7.8,"0.89960",0.8996,1
"GO:0070201","regulation of establishment of protein localization",280,18,23.25,"0.89963",0.89963,1
"GO:0048880","sensory system development",335,22,27.81,"0.90080",0.9008,1
"GO:0010243","response to organonitrogen compound",588,41,48.82,"0.90093",0.90093,1
"GO:1905475","regulation of protein localization to membrane",79,4,6.56,"0.90286",0.90286,1
"GO:0000725","recombinational repair",125,7,10.38,"0.90307",0.90307,1
"GO:1901136","carbohydrate derivative catabolic process",140,8,11.62,"0.90392",0.90392,1
"GO:0002292","T cell differentiation involved in immune response",27,1,2.24,"0.90393",0.90393,1
"GO:0003208","cardiac ventricle morphogenesis",27,1,2.24,"0.90393",0.90393,1
"GO:0007064","mitotic sister chromatid cohesion",27,1,2.24,"0.90393",0.90393,1
"GO:0007218","neuropeptide signaling pathway",27,1,2.24,"0.90393",0.90393,1
"GO:0007520","myoblast fusion",27,1,2.24,"0.90393",0.90393,1
"GO:0030707","follicle cell of egg chamber development",27,1,2.24,"0.90393",0.90393,1
"GO:0033141","positive regulation of peptidyl-serine phosphorylation of STAT protein",27,1,2.24,"0.90393",0.90393,1
"GO:0034243","regulation of transcription elongation by RNA polymerase II",27,1,2.24,"0.90393",0.90393,1
"GO:0035799","ureter maturation",27,1,2.24,"0.90393",0.90393,1
"GO:0042220","response to cocaine",27,1,2.24,"0.90393",0.90393,1
"GO:0043277","apoptotic cell clearance",27,1,2.24,"0.90393",0.90393,1
"GO:0046460","neutral lipid biosynthetic process",27,1,2.24,"0.90393",0.90393,1
"GO:0046463","acylglycerol biosynthetic process",27,1,2.24,"0.90393",0.90393,1
"GO:0046605","regulation of centrosome cycle",27,1,2.24,"0.90393",0.90393,1
"GO:0051153","regulation of striated muscle cell differentiation",27,1,2.24,"0.90393",0.90393,1
"GO:0055117","regulation of cardiac muscle contraction",27,1,2.24,"0.90393",0.90393,1
"GO:0061384","heart trabecula morphogenesis",27,1,2.24,"0.90393",0.90393,1
"GO:0072215","regulation of metanephros development",27,1,2.24,"0.90393",0.90393,1
"GO:0072216","positive regulation of metanephros development",27,1,2.24,"0.90393",0.90393,1
"GO:0072298","regulation of metanephric glomerulus development",27,1,2.24,"0.90393",0.90393,1
"GO:0072300","positive regulation of metanephric glomerulus development",27,1,2.24,"0.90393",0.90393,1
"GO:0090192","regulation of glomerulus development",27,1,2.24,"0.90393",0.90393,1
"GO:0090193","positive regulation of glomerulus development",27,1,2.24,"0.90393",0.90393,1
"GO:1901998","toxin transport",27,1,2.24,"0.90393",0.90393,1
"GO:0007088","regulation of mitotic nuclear division",63,3,5.23,"0.90399",0.90399,1
"GO:0042440","pigment metabolic process",63,3,5.23,"0.90399",0.90399,1
"GO:0060294","cilium movement involved in cell motility",63,3,5.23,"0.90399",0.90399,1
"GO:0030307","positive regulation of cell growth",95,5,7.89,"0.90451",0.90451,1
"GO:1902075","cellular response to salt",95,5,7.89,"0.90451",0.90451,1
"GO:0008637","apoptotic mitochondrial changes",46,2,3.82,"0.90457",0.90457,1
"GO:0021885","forebrain cell migration",46,2,3.82,"0.90457",0.90457,1
"GO:0022029","telencephalon cell migration",46,2,3.82,"0.90457",0.90457,1
"GO:0032210","regulation of telomere maintenance via telomerase",46,2,3.82,"0.90457",0.90457,1
"GO:0034103","regulation of tissue remodeling",46,2,3.82,"0.90457",0.90457,1
"GO:0045727","positive regulation of translation",46,2,3.82,"0.90457",0.90457,1
"GO:0070169","positive regulation of biomineral tissue development",46,2,3.82,"0.90457",0.90457,1
"GO:0071229","cellular response to acid chemical",46,2,3.82,"0.90457",0.90457,1
"GO:0090288","negative regulation of cellular response to growth factor stimulus",46,2,3.82,"0.90457",0.90457,1
"GO:0098609","cell-cell adhesion",431,29,35.78,"0.90521",0.90521,1
"GO:0045926","negative regulation of growth",155,9,12.87,"0.90537",0.90537,1
"GO:0045935","positive regulation of nucleobase-containing compound metabolic process",864,62,71.73,"0.90645",0.90645,1
"GO:1903047","mitotic cell cycle process",525,36,43.59,"0.90715",0.90715,1
"GO:0050807","regulation of synapse organization",126,7,10.46,"0.90729",0.90729,1
"GO:0071241","cellular response to inorganic substance",141,8,11.71,"0.90790",0.9079,1
"GO:0022406","membrane docking",80,4,6.64,"0.90803",0.90803,1
"GO:0072080","nephron tubule development",80,4,6.64,"0.90803",0.90803,1
"GO:0031344","regulation of cell projection organization",459,31,38.11,"0.90817",0.90817,1
"GO:0006475","internal protein amino acid acetylation",96,5,7.97,"0.90922",0.90922,1
"GO:0071495","cellular response to endogenous stimulus",814,58,67.58,"0.90944",0.90944,1
"GO:0001708","cell fate specification",64,3,5.31,"0.90963",0.90963,1
"GO:0007044","cell-substrate junction assembly",64,3,5.31,"0.90963",0.90963,1
"GO:0150115","cell-substrate junction organization",64,3,5.31,"0.90963",0.90963,1
"GO:0055082","intracellular chemical homeostasis",352,23,29.22,"0.90986",0.90986,1
"GO:0009891","positive regulation of biosynthetic process",1021,74,84.77,"0.91064",0.91064,1
"GO:0007157","heterophilic cell-cell adhesion via plasma membrane cell adhesion molecules",47,2,3.9,"0.91098",0.91098,1
"GO:0032231","regulation of actin filament bundle assembly",47,2,3.9,"0.91098",0.91098,1
"GO:0012501","programmed cell death",1188,87,98.63,"0.91167",0.91167,1
"GO:0044272","sulfur compound biosynthetic process",142,8,11.79,"0.91174",0.91174,1
"GO:0006022","aminoglycan metabolic process",112,6,9.3,"0.91186",0.91186,1
"GO:0006334","nucleosome assembly",28,1,2.32,"0.91192",0.91192,1
"GO:0007271","synaptic transmission, cholinergic",28,1,2.32,"0.91192",0.91192,1
"GO:0009395","phospholipid catabolic process",28,1,2.32,"0.91192",0.91192,1
"GO:0010827","regulation of glucose transmembrane transport",28,1,2.32,"0.91192",0.91192,1
"GO:0019933","cAMP-mediated signaling",28,1,2.32,"0.91192",0.91192,1
"GO:0035112","genitalia morphogenesis",28,1,2.32,"0.91192",0.91192,1
"GO:0035860","glial cell-derived neurotrophic factor receptor signaling pathway",28,1,2.32,"0.91192",0.91192,1
"GO:0042306","regulation of protein import into nucleus",28,1,2.32,"0.91192",0.91192,1
"GO:0044273","sulfur compound catabolic process",28,1,2.32,"0.91192",0.91192,1
"GO:0044743","protein transmembrane import into intracellular organelle",28,1,2.32,"0.91192",0.91192,1
"GO:0046717","acid secretion",28,1,2.32,"0.91192",0.91192,1
"GO:0060443","mammary gland morphogenesis",28,1,2.32,"0.91192",0.91192,1
"GO:0061146","Peyer's patch morphogenesis",28,1,2.32,"0.91192",0.91192,1
"GO:1901799","negative regulation of proteasomal protein catabolic process",28,1,2.32,"0.91192",0.91192,1
"GO:0099536","synaptic signaling",380,25,31.55,"0.91199",0.91199,1
"GO:0010035","response to inorganic substance",353,23,29.31,"0.91236",0.91236,1
"GO:0006338","chromatin remodeling",157,9,13.03,"0.91277",0.91277,1
"GO:0009059","macromolecule biosynthetic process",3902,305,323.96,"0.91330",0.9133,1
"GO:0006913","nucleocytoplasmic transport",201,12,16.69,"0.91484",0.91484,1
"GO:0051169","nuclear transport",201,12,16.69,"0.91484",0.91484,1
"GO:0042475","odontogenesis of dentin-containing tooth",65,3,5.4,"0.91498",0.91498,1
"GO:0046822","regulation of nucleocytoplasmic transport",65,3,5.4,"0.91498",0.91498,1
"GO:0000278","mitotic cell cycle",687,48,57.04,"0.91509",0.91509,1
"GO:0005996","monosaccharide metabolic process",143,8,11.87,"0.91545",0.91545,1
"GO:0006865","amino acid transport",113,6,9.38,"0.91597",0.91597,1
"GO:0007269","neurotransmitter secretion",113,6,9.38,"0.91597",0.91597,1
"GO:0099643","signal release from synapse",113,6,9.38,"0.91597",0.91597,1
"GO:2001056","positive regulation of cysteine-type endopeptidase activity",113,6,9.38,"0.91597",0.91597,1
"GO:1901698","response to nitrogen compound",622,43,51.64,"0.91626",0.91626,1
"GO:0051260","protein homooligomerization",272,17,22.58,"0.91635",0.91635,1
"GO:0060271","cilium assembly",382,25,31.71,"0.91667",0.91667,1
"GO:0006096","glycolytic process",48,2,3.99,"0.91699",0.91699,1
"GO:0007405","neuroblast proliferation",48,2,3.99,"0.91699",0.91699,1
"GO:0010043","response to zinc ion",48,2,3.99,"0.91699",0.91699,1
"GO:0032355","response to estradiol",48,2,3.99,"0.91699",0.91699,1
"GO:0090630","activation of GTPase activity",48,2,3.99,"0.91699",0.91699,1
"GO:0110020","regulation of actomyosin structure organization",48,2,3.99,"0.91699",0.91699,1
"GO:0015908","fatty acid transport",82,4,6.81,"0.91764",0.91764,1
"GO:0009636","response to toxic substance",98,5,8.14,"0.91802",0.91802,1
"GO:0071824","protein-DNA complex organization",273,17,22.67,"0.91900",0.919,1
"GO:0009145","purine nucleoside triphosphate biosynthetic process",29,1,2.41,"0.91925",0.91925,1
"GO:0009206","purine ribonucleoside triphosphate biosynthetic process",29,1,2.41,"0.91925",0.91925,1
"GO:0014042","positive regulation of neuron maturation",29,1,2.41,"0.91925",0.91925,1
"GO:0014047","glutamate secretion",29,1,2.41,"0.91925",0.91925,1
"GO:0016339","calcium-dependent cell-cell adhesion via plasma membrane cell adhesion molecules",29,1,2.41,"0.91925",0.91925,1
"GO:0030513","positive regulation of BMP signaling pathway",29,1,2.41,"0.91925",0.91925,1
"GO:0030514","negative regulation of BMP signaling pathway",29,1,2.41,"0.91925",0.91925,1
"GO:0031343","positive regulation of cell killing",29,1,2.41,"0.91925",0.91925,1
"GO:0032481","positive regulation of type I interferon production",29,1,2.41,"0.91925",0.91925,1
"GO:0033139","regulation of peptidyl-serine phosphorylation of STAT protein",29,1,2.41,"0.91925",0.91925,1
"GO:0042398","cellular modified amino acid biosynthetic process",29,1,2.41,"0.91925",0.91925,1
"GO:0048537","mucosa-associated lymphoid tissue development",29,1,2.41,"0.91925",0.91925,1
"GO:0048541","Peyer's patch development",29,1,2.41,"0.91925",0.91925,1
"GO:0050775","positive regulation of dendrite morphogenesis",29,1,2.41,"0.91925",0.91925,1
"GO:0051496","positive regulation of stress fiber assembly",29,1,2.41,"0.91925",0.91925,1
"GO:0055013","cardiac muscle cell development",29,1,2.41,"0.91925",0.91925,1
"GO:0060039","pericardium development",29,1,2.41,"0.91925",0.91925,1
"GO:0071353","cellular response to interleukin-4",29,1,2.41,"0.91925",0.91925,1
"GO:0090184","positive regulation of kidney development",29,1,2.41,"0.91925",0.91925,1
"GO:1901071","glucosamine-containing compound metabolic process",29,1,2.41,"0.91925",0.91925,1
"GO:1903036","positive regulation of response to wounding",29,1,2.41,"0.91925",0.91925,1
"GO:1990089","response to nerve growth factor",29,1,2.41,"0.91925",0.91925,1
"GO:0008219","cell death",1194,87,99.13,"0.91997",0.91997,1
"GO:0044091","membrane biogenesis",66,3,5.48,"0.92003",0.92003,1
"GO:0090101","negative regulation of transmembrane receptor protein serine/threonine kinase signaling pathway",66,3,5.48,"0.92003",0.92003,1
"GO:0140353","lipid export from cell",66,3,5.48,"0.92003",0.92003,1
"GO:1903169","regulation of calcium ion transmembrane transport",66,3,5.48,"0.92003",0.92003,1
"GO:1903510","mucopolysaccharide metabolic process",66,3,5.48,"0.92003",0.92003,1
"GO:0009719","response to endogenous stimulus",977,70,81.11,"0.92176",0.92176,1
"GO:0006006","glucose metabolic process",83,4,6.89,"0.92210",0.9221,1
"GO:0006664","glycolipid metabolic process",83,4,6.89,"0.92210",0.9221,1
"GO:0000956","nuclear-transcribed mRNA catabolic process",99,5,8.22,"0.92214",0.92214,1
"GO:0009451","RNA modification",99,5,8.22,"0.92214",0.92214,1
"GO:0016052","carbohydrate catabolic process",99,5,8.22,"0.92214",0.92214,1
"GO:0048519","negative regulation of biological process",2704,207,224.49,"0.92240",0.9224,1
"GO:0010501","RNA secondary structure unwinding",49,2,4.07,"0.92261",0.92261,1
"GO:0014902","myotube differentiation",49,2,4.07,"0.92261",0.92261,1
"GO:0030500","regulation of bone mineralization",49,2,4.07,"0.92261",0.92261,1
"GO:0048024","regulation of mRNA splicing, via spliceosome",49,2,4.07,"0.92261",0.92261,1
"GO:0050919","negative chemotaxis",49,2,4.07,"0.92261",0.92261,1
"GO:0061912","selective autophagy",49,2,4.07,"0.92261",0.92261,1
"GO:0032886","regulation of microtubule-based process",130,7,10.79,"0.92262",0.92262,1
"GO:0090287","regulation of cellular response to growth factor stimulus",175,10,14.53,"0.92387",0.92387,1
"GO:0050730","regulation of peptidyl-tyrosine phosphorylation",67,3,5.56,"0.92480",0.9248,1
"GO:0031647","regulation of protein stability",146,8,12.12,"0.92577",0.92577,1
"GO:0001751","compound eye photoreceptor cell differentiation",30,1,2.49,"0.92597",0.92597,1
"GO:0002286","T cell activation involved in immune response",30,1,2.49,"0.92597",0.92597,1
"GO:0002931","response to ischemia",30,1,2.49,"0.92597",0.92597,1
"GO:0003401","axis elongation",30,1,2.49,"0.92597",0.92597,1
"GO:0010770","positive regulation of cell morphogenesis",30,1,2.49,"0.92597",0.92597,1
"GO:0048661","positive regulation of smooth muscle cell proliferation",30,1,2.49,"0.92597",0.92597,1
"GO:0070670","response to interleukin-4",30,1,2.49,"0.92597",0.92597,1
"GO:0072595","maintenance of protein localization in organelle",30,1,2.49,"0.92597",0.92597,1
"GO:0090559","regulation of membrane permeability",30,1,2.49,"0.92597",0.92597,1
"GO:0032868","response to insulin",100,5,8.3,"0.92607",0.92607,1
"GO:0016054","organic acid catabolic process",161,9,13.37,"0.92609",0.92609,1
"GO:0046395","carboxylic acid catabolic process",161,9,13.37,"0.92609",0.92609,1
"GO:0022604","regulation of cell morphogenesis",131,7,10.88,"0.92609",0.92609,1
"GO:0070727","cellular macromolecule localization",1543,114,128.1,"0.92649",0.92649,1
"GO:0006631","fatty acid metabolic process",205,12,17.02,"0.92662",0.92662,1
"GO:0048589","developmental growth",468,31,38.85,"0.92684",0.92684,1
"GO:0050982","detection of mechanical stimulus",116,6,9.63,"0.92731",0.92731,1
"GO:0032504","multicellular organism reproduction",455,30,37.78,"0.92775",0.92775,1
"GO:0000045","autophagosome assembly",50,2,4.15,"0.92787",0.92787,1
"GO:0009886","post-embryonic animal morphogenesis",50,2,4.15,"0.92787",0.92787,1
"GO:0000377","RNA splicing, via transesterification reactions with bulged adenosine as nucleophile",191,11,15.86,"0.92798",0.92798,1
"GO:0000398","mRNA splicing, via spliceosome",191,11,15.86,"0.92798",0.92798,1
"GO:0007610","behavior",374,24,31.05,"0.92889",0.92889,1
"GO:0051254","positive regulation of RNA metabolic process",761,53,63.18,"0.92892",0.92892,1
"GO:0006024","glycosaminoglycan biosynthetic process",68,3,5.65,"0.92932",0.92932,1
"GO:0051899","membrane depolarization",68,3,5.65,"0.92932",0.92932,1
"GO:0050773","regulation of dendrite development",85,4,7.06,"0.93037",0.93037,1
"GO:1903509","liposaccharide metabolic process",85,4,7.06,"0.93037",0.93037,1
"GO:0010950","positive regulation of endopeptidase activity",117,6,9.71,"0.93078",0.93078,1
"GO:0042770","signal transduction in response to DNA damage",117,6,9.71,"0.93078",0.93078,1
"GO:0006418","tRNA aminoacylation for protein translation",31,1,2.57,"0.93213",0.93213,1
"GO:0007566","embryo implantation",31,1,2.57,"0.93213",0.93213,1
"GO:0014909","smooth muscle cell migration",31,1,2.57,"0.93213",0.93213,1
"GO:0042501","serine phosphorylation of STAT protein",31,1,2.57,"0.93213",0.93213,1
"GO:0043039","tRNA aminoacylation",31,1,2.57,"0.93213",0.93213,1
"GO:0046323","glucose import",31,1,2.57,"0.93213",0.93213,1
"GO:0055006","cardiac cell development",31,1,2.57,"0.93213",0.93213,1
"GO:0071218","cellular response to misfolded protein",31,1,2.57,"0.93213",0.93213,1
"GO:0090183","regulation of kidney development",31,1,2.57,"0.93213",0.93213,1
"GO:2000243","positive regulation of reproductive process",31,1,2.57,"0.93213",0.93213,1
"GO:2000736","regulation of stem cell differentiation",31,1,2.57,"0.93213",0.93213,1
"GO:0072006","nephron development",133,7,11.04,"0.93263",0.93263,1
"GO:0019228","neuronal action potential",51,2,4.23,"0.93280",0.9328,1
"GO:0030301","cholesterol transport",51,2,4.23,"0.93280",0.9328,1
"GO:0045995","regulation of embryonic development",51,2,4.23,"0.93280",0.9328,1
"GO:1904356","regulation of telomere maintenance via telomere lengthening",51,2,4.23,"0.93280",0.9328,1
"GO:1905037","autophagosome organization",51,2,4.23,"0.93280",0.9328,1
"GO:0018193","peptidyl-amino acid modification",592,40,49.15,"0.93291",0.93291,1
"GO:0031032","actomyosin structure organization",102,5,8.47,"0.93340",0.9334,1
"GO:2001234","negative regulation of apoptotic signaling pathway",102,5,8.47,"0.93340",0.9334,1
"GO:0006405","RNA export from nucleus",69,3,5.73,"0.93358",0.93358,1
"GO:0061333","renal tubule morphogenesis",69,3,5.73,"0.93358",0.93358,1
"GO:0008033","tRNA processing",86,4,7.14,"0.93420",0.9342,1
"GO:0051240","positive regulation of multicellular organismal process",765,53,63.51,"0.93464",0.93464,1
"GO:0065007","biological regulation",6804,542,564.89,"0.93484",0.93484,1
"GO:0022412","cellular process involved in reproduction in multicellular organism",237,14,19.68,"0.93488",0.93488,1
"GO:0051649","establishment of localization in cell",1374,100,114.07,"0.93638",0.93638,1
"GO:0030308","negative regulation of cell growth",103,5,8.55,"0.93682",0.93682,1
"GO:0007266","Rho protein signal transduction",119,6,9.88,"0.93729",0.93729,1
"GO:0007492","endoderm development",52,2,4.32,"0.93740",0.9374,1
"GO:0045778","positive regulation of ossification",52,2,4.32,"0.93740",0.9374,1
"GO:0051147","regulation of muscle cell differentiation",52,2,4.32,"0.93740",0.9374,1
"GO:1904888","cranial skeletal system development",52,2,4.32,"0.93740",0.9374,1
"GO:0032787","monocarboxylic acid metabolic process",323,20,26.82,"0.93753",0.93753,1
"GO:0000281","mitotic cytokinesis",70,3,5.81,"0.93761",0.93761,1
"GO:0006672","ceramide metabolic process",70,3,5.81,"0.93761",0.93761,1
"GO:0008217","regulation of blood pressure",70,3,5.81,"0.93761",0.93761,1
"GO:0032309","icosanoid secretion",70,3,5.81,"0.93761",0.93761,1
"GO:0071715","icosanoid transport",70,3,5.81,"0.93761",0.93761,1
"GO:0120034","positive regulation of plasma membrane bounded cell projection assembly",70,3,5.81,"0.93761",0.93761,1
"GO:0002260","lymphocyte homeostasis",32,1,2.66,"0.93778",0.93778,1
"GO:0006805","xenobiotic metabolic process",32,1,2.66,"0.93778",0.93778,1
"GO:0010324","membrane invagination",32,1,2.66,"0.93778",0.93778,1
"GO:0014041","regulation of neuron maturation",32,1,2.66,"0.93778",0.93778,1
"GO:0017158","regulation of calcium ion-dependent exocytosis",32,1,2.66,"0.93778",0.93778,1
"GO:0035850","epithelial cell differentiation involved in kidney development",32,1,2.66,"0.93778",0.93778,1
"GO:0043038","amino acid activation",32,1,2.66,"0.93778",0.93778,1
"GO:0045880","positive regulation of smoothened signaling pathway",32,1,2.66,"0.93778",0.93778,1
"GO:0048008","platelet-derived growth factor receptor signaling pathway",32,1,2.66,"0.93778",0.93778,1
"GO:0048484","enteric nervous system development",32,1,2.66,"0.93778",0.93778,1
"GO:0051788","response to misfolded protein",32,1,2.66,"0.93778",0.93778,1
"GO:0065002","intracellular protein transmembrane transport",32,1,2.66,"0.93778",0.93778,1
"GO:0098661","inorganic anion transmembrane transport",32,1,2.66,"0.93778",0.93778,1
"GO:0098815","modulation of excitatory postsynaptic potential",32,1,2.66,"0.93778",0.93778,1
"GO:1901016","regulation of potassium ion transmembrane transporter activity",32,1,2.66,"0.93778",0.93778,1
"GO:1903431","positive regulation of cell maturation",32,1,2.66,"0.93778",0.93778,1
"GO:0000077","DNA damage checkpoint signaling",87,4,7.22,"0.93784",0.93784,1
"GO:1901653","cellular response to peptide",135,7,11.21,"0.93865",0.93865,1
"GO:0019752","carboxylic acid metabolic process",596,40,49.48,"0.93900",0.939,1
"GO:0045597","positive regulation of cell differentiation",475,31,39.44,"0.93911",0.93911,1
"GO:0098662","inorganic cation transmembrane transport",282,17,23.41,"0.93986",0.93986,1
"GO:0046651","lymphocyte proliferation",104,5,8.63,"0.94008",0.94008,1
"GO:0051146","striated muscle cell differentiation",120,6,9.96,"0.94033",0.94033,1
"GO:0051962","positive regulation of nervous system development",181,10,15.03,"0.94040",0.9404,1
"GO:0001656","metanephros development",88,4,7.31,"0.94130",0.9413,1
"GO:0006023","aminoglycan biosynthetic process",71,3,5.89,"0.94141",0.94141,1
"GO:0006278","RNA-templated DNA biosynthetic process",53,2,4.4,"0.94170",0.9417,1
"GO:0007004","telomere maintenance via telomerase",53,2,4.4,"0.94170",0.9417,1
"GO:0034446","substrate adhesion-dependent cell spreading",53,2,4.4,"0.94170",0.9417,1
"GO:0042461","photoreceptor cell development",53,2,4.4,"0.94170",0.9417,1
"GO:0006915","apoptotic process",1149,82,95.39,"0.94272",0.94272,1
"GO:0031331","positive regulation of cellular catabolic process",167,9,13.86,"0.94278",0.94278,1
"GO:0003170","heart valve development",33,1,2.74,"0.94296",0.94296,1
"GO:0006119","oxidative phosphorylation",33,1,2.74,"0.94296",0.94296,1
"GO:0010737","protein kinase A signaling",33,1,2.74,"0.94296",0.94296,1
"GO:0019915","lipid storage",33,1,2.74,"0.94296",0.94296,1
"GO:0030206","chondroitin sulfate biosynthetic process",33,1,2.74,"0.94296",0.94296,1
"GO:0043367","CD4-positive, alpha-beta T cell differentiation",33,1,2.74,"0.94296",0.94296,1
"GO:0048873","homeostasis of number of cells within a tissue",33,1,2.74,"0.94296",0.94296,1
"GO:0070988","demethylation",33,1,2.74,"0.94296",0.94296,1
"GO:2000059","negative regulation of ubiquitin-dependent protein catabolic process",33,1,2.74,"0.94296",0.94296,1
"GO:0043434","response to peptide hormone",152,8,12.62,"0.94318",0.94318,1
"GO:0032943","mononuclear cell proliferation",105,5,8.72,"0.94319",0.94319,1
"GO:0051168","nuclear export",121,6,10.05,"0.94324",0.94324,1
"GO:0090150","establishment of protein localization to membrane",121,6,10.05,"0.94324",0.94324,1
"GO:0070925","organelle assembly",693,47,57.53,"0.94421",0.94421,1
"GO:2001235","positive regulation of apoptotic signaling pathway",89,4,7.39,"0.94458",0.94458,1
"GO:0006109","regulation of carbohydrate metabolic process",72,3,5.98,"0.94499",0.94499,1
"GO:0010717","regulation of epithelial to mesenchymal transition",72,3,5.98,"0.94499",0.94499,1
"GO:0032526","response to retinoic acid",72,3,5.98,"0.94499",0.94499,1
"GO:0030335","positive regulation of cell migration",327,20,27.15,"0.94502",0.94502,1
"GO:0044782","cilium organization",397,25,32.96,"0.94570",0.9457,1
"GO:0006289","nucleotide-excision repair",54,2,4.48,"0.94573",0.94573,1
"GO:0030330","DNA damage response, signal transduction by p53 class mediator",54,2,4.48,"0.94573",0.94573,1
"GO:0051224","negative regulation of protein transport",54,2,4.48,"0.94573",0.94573,1
"GO:1904950","negative regulation of establishment of protein localization",54,2,4.48,"0.94573",0.94573,1
"GO:0016570","histone modification",242,14,20.09,"0.94576",0.94576,1
"GO:0051726","regulation of cell cycle",681,46,56.54,"0.94584",0.94584,1
"GO:0044255","cellular lipid metabolic process",601,40,49.9,"0.94598",0.94598,1
"GO:0045786","negative regulation of cell cycle",213,12,17.68,"0.94605",0.94605,1
"GO:0060537","muscle tissue development",213,12,17.68,"0.94605",0.94605,1
"GO:0003148","outflow tract septum morphogenesis",34,1,2.82,"0.94771",0.94771,1
"GO:0006383","transcription by RNA polymerase III",34,1,2.82,"0.94771",0.94771,1
"GO:0009201","ribonucleoside triphosphate biosynthetic process",34,1,2.82,"0.94771",0.94771,1
"GO:0015914","phospholipid transport",34,1,2.82,"0.94771",0.94771,1
"GO:0035710","CD4-positive, alpha-beta T cell activation",34,1,2.82,"0.94771",0.94771,1
"GO:0043113","receptor clustering",34,1,2.82,"0.94771",0.94771,1
"GO:0060122","inner ear receptor cell stereocilium organization",34,1,2.82,"0.94771",0.94771,1
"GO:1900087","positive regulation of G1/S transition of mitotic cell cycle",34,1,2.82,"0.94771",0.94771,1
"GO:0015711","organic anion transport",243,14,20.17,"0.94774",0.94774,1
"GO:0044282","small molecule catabolic process",243,14,20.17,"0.94774",0.94774,1
"GO:0006403","RNA localization",154,8,12.79,"0.94813",0.94813,1
"GO:0043603","amide metabolic process",736,50,61.1,"0.94813",0.94813,1
"GO:0008104","protein localization",1527,111,126.78,"0.94824",0.94824,1
"GO:0034250","positive regulation of amide metabolic process",73,3,6.06,"0.94837",0.94837,1
"GO:0043484","regulation of RNA splicing",73,3,6.06,"0.94837",0.94837,1
"GO:0050851","antigen receptor-mediated signaling pathway",73,3,6.06,"0.94837",0.94837,1
"GO:0050870","positive regulation of T cell activation",73,3,6.06,"0.94837",0.94837,1
"GO:1903039","positive regulation of leukocyte cell-cell adhesion",73,3,6.06,"0.94837",0.94837,1
"GO:0030003","intracellular monoatomic cation homeostasis",258,15,21.42,"0.94877",0.94877,1
"GO:0006816","calcium ion transport",229,13,19.01,"0.94882",0.94882,1
"GO:0010038","response to metal ion",229,13,19.01,"0.94882",0.94882,1
"GO:0062012","regulation of small molecule metabolic process",107,5,8.88,"0.94897",0.94897,1
"GO:0071248","cellular response to metal ion",107,5,8.88,"0.94897",0.94897,1
"GO:0090068","positive regulation of cell cycle process",139,7,11.54,"0.94929",0.94929,1
"GO:0006835","dicarboxylic acid transport",55,2,4.57,"0.94948",0.94948,1
"GO:0015918","sterol transport",55,2,4.57,"0.94948",0.94948,1
"GO:0048483","autonomic nervous system development",55,2,4.57,"0.94948",0.94948,1
"GO:0006974","DNA damage response",644,43,53.47,"0.94956",0.94956,1
"GO:0035107","appendage morphogenesis",170,9,14.11,"0.94981",0.94981,1
"GO:0007049","cell cycle",1299,93,107.85,"0.95058",0.95058,1
"GO:0001657","ureteric bud development",91,4,7.56,"0.95064",0.95064,1
"GO:0050794","regulation of cellular process",6084,480,505.11,"0.95096",0.95096,1
"GO:0040017","positive regulation of locomotion",359,22,29.81,"0.95154",0.95154,1
"GO:0060285","cilium-dependent cell motility",74,3,6.14,"0.95155",0.95155,1
"GO:0007346","regulation of mitotic cell cycle",387,24,32.13,"0.95165",0.95165,1
"GO:0002696","positive regulation of leukocyte activation",108,5,8.97,"0.95165",0.95165,1
"GO:0001776","leukocyte homeostasis",35,1,2.91,"0.95206",0.95206,1
"GO:0008333","endosome to lysosome transport",35,1,2.91,"0.95206",0.95206,1
"GO:0014812","muscle cell migration",35,1,2.91,"0.95206",0.95206,1
"GO:0022904","respiratory electron transport chain",35,1,2.91,"0.95206",0.95206,1
"GO:0033630","positive regulation of cell adhesion mediated by integrin",35,1,2.91,"0.95206",0.95206,1
"GO:0042417","dopamine metabolic process",35,1,2.91,"0.95206",0.95206,1
"GO:0071806","protein transmembrane transport",35,1,2.91,"0.95206",0.95206,1
"GO:0086010","membrane depolarization during action potential",35,1,2.91,"0.95206",0.95206,1
"GO:1901379","regulation of potassium ion transmembrane transport",35,1,2.91,"0.95206",0.95206,1
"GO:0006873","intracellular monoatomic ion homeostasis",260,15,21.59,"0.95238",0.95238,1
"GO:0010720","positive regulation of cell development",260,15,21.59,"0.95238",0.95238,1
"GO:0010564","regulation of cell cycle process",443,28,36.78,"0.95255",0.95255,1
"GO:0034614","cellular response to reactive oxygen species",56,2,4.65,"0.95299",0.95299,1
"GO:0046660","female sex differentiation",56,2,4.65,"0.95299",0.95299,1
"GO:0098739","import across plasma membrane",56,2,4.65,"0.95299",0.95299,1
"GO:0030258","lipid modification",92,4,7.64,"0.95344",0.95344,1
"GO:0071805","potassium ion transmembrane transport",92,4,7.64,"0.95344",0.95344,1
"GO:0000302","response to reactive oxygen species",109,5,9.05,"0.95421",0.95421,1
"GO:0045931","positive regulation of mitotic cell cycle",75,3,6.23,"0.95456",0.95456,1
"GO:0043436","oxoacid metabolic process",608,40,50.48,"0.95461",0.95461,1
"GO:0043269","regulation of monoatomic ion transport",262,15,21.75,"0.95577",0.95577,1
"GO:0000387","spliceosomal snRNP assembly",36,1,2.99,"0.95605",0.95605,1
"GO:0007131","reciprocal meiotic recombination",36,1,2.99,"0.95605",0.95605,1
"GO:0030071","regulation of mitotic metaphase/anaphase transition",36,1,2.99,"0.95605",0.95605,1
"GO:0035825","homologous recombination",36,1,2.99,"0.95605",0.95605,1
"GO:0040014","regulation of multicellular organism growth",36,1,2.99,"0.95605",0.95605,1
"GO:0043500","muscle adaptation",36,1,2.99,"0.95605",0.95605,1
"GO:0050951","sensory perception of temperature stimulus",36,1,2.99,"0.95605",0.95605,1
"GO:0140527","reciprocal homologous recombination",36,1,2.99,"0.95605",0.95605,1
"GO:1902099","regulation of metaphase/anaphase transition of cell cycle",36,1,2.99,"0.95605",0.95605,1
"GO:0007098","centrosome cycle",93,4,7.72,"0.95609",0.95609,1
"GO:0007034","vacuolar transport",142,7,11.79,"0.95615",0.95615,1
"GO:0030166","proteoglycan biosynthetic process",57,2,4.73,"0.95626",0.95626,1
"GO:0031109","microtubule polymerization or depolymerization",57,2,4.73,"0.95626",0.95626,1
"GO:0043279","response to alkaloid",57,2,4.73,"0.95626",0.95626,1
"GO:2001243","negative regulation of intrinsic apoptotic signaling pathway",57,2,4.73,"0.95626",0.95626,1
"GO:0033365","protein localization to organelle",501,32,41.59,"0.95650",0.9565,1
"GO:0090092","regulation of transmembrane receptor protein serine/threonine kinase signaling pathway",110,5,9.13,"0.95664",0.95664,1
"GO:0006082","organic acid metabolic process",610,40,50.64,"0.95685",0.95685,1
"GO:0097190","apoptotic signaling pathway",306,18,25.41,"0.95698",0.95698,1
"GO:0006282","regulation of DNA repair",76,3,6.31,"0.95738",0.95738,1
"GO:0016079","synaptic vesicle exocytosis",76,3,6.31,"0.95738",0.95738,1
"GO:1901701","cellular response to oxygen-containing compound",611,40,50.73,"0.95793",0.95793,1
"GO:0007626","locomotory behavior",143,7,11.87,"0.95824",0.95824,1
"GO:0098660","inorganic ion transmembrane transport",307,18,25.49,"0.95845",0.95845,1
"GO:0010467","gene expression",3474,265,288.42,"0.95883",0.95883,1
"GO:0050867","positive regulation of cell activation",111,5,9.22,"0.95896",0.95896,1
"GO:0015732","prostaglandin transport",58,2,4.82,"0.95932",0.95932,1
"GO:0030510","regulation of BMP signaling pathway",58,2,4.82,"0.95932",0.95932,1
"GO:0032310","prostaglandin secretion",58,2,4.82,"0.95932",0.95932,1
"GO:0070167","regulation of biomineral tissue development",58,2,4.82,"0.95932",0.95932,1
"GO:0010639","negative regulation of organelle organization",190,10,15.77,"0.95934",0.95934,1
"GO:0098655","monoatomic cation transmembrane transport",279,16,23.16,"0.95965",0.95965,1
"GO:0006536","glutamate metabolic process",37,1,3.07,"0.95971",0.95971,1
"GO:0006582","melanin metabolic process",37,1,3.07,"0.95971",0.95971,1
"GO:0007091","metaphase/anaphase transition of mitotic cell cycle",37,1,3.07,"0.95971",0.95971,1
"GO:0035987","endodermal cell differentiation",37,1,3.07,"0.95971",0.95971,1
"GO:0044784","metaphase/anaphase transition of cell cycle",37,1,3.07,"0.95971",0.95971,1
"GO:0046634","regulation of alpha-beta T cell activation",37,1,3.07,"0.95971",0.95971,1
"GO:0050650","chondroitin sulfate proteoglycan biosynthetic process",37,1,3.07,"0.95971",0.95971,1
"GO:0060325","face morphogenesis",37,1,3.07,"0.95971",0.95971,1
"GO:0061005","cell differentiation involved in kidney development",37,1,3.07,"0.95971",0.95971,1
"GO:0061077","chaperone-mediated protein folding",37,1,3.07,"0.95971",0.95971,1
"GO:0062149","detection of stimulus involved in sensory perception of pain",37,1,3.07,"0.95971",0.95971,1
"GO:1901616","organic hydroxy compound catabolic process",37,1,3.07,"0.95971",0.95971,1
"GO:2001259","positive regulation of cation channel activity",37,1,3.07,"0.95971",0.95971,1
"GO:1901566","organonitrogen compound biosynthetic process",1194,84,99.13,"0.95990",0.9599,1
"GO:0042476","odontogenesis",77,3,6.39,"0.96004",0.96004,1
"GO:0006457","protein folding",144,7,11.96,"0.96025",0.96025,1
"GO:0031570","DNA integrity checkpoint signaling",95,4,7.89,"0.96098",0.96098,1
"GO:2000241","regulation of reproductive process",95,4,7.89,"0.96098",0.96098,1
"GO:0006325","chromatin organization",236,13,19.59,"0.96106",0.96106,1
"GO:0019318","hexose metabolic process",112,5,9.3,"0.96116",0.96116,1
"GO:1901615","organic hydroxy compound metabolic process",352,21,29.22,"0.96150",0.9615,1
"GO:0016071","mRNA metabolic process",478,30,39.69,"0.96170",0.9617,1
"GO:2000147","positive regulation of cell motility",338,20,28.06,"0.96177",0.96177,1
"GO:0040007","growth",642,42,53.3,"0.96199",0.96199,1
"GO:0006497","protein lipidation",59,2,4.9,"0.96217",0.96217,1
"GO:0009205","purine ribonucleoside triphosphate metabolic process",59,2,4.9,"0.96217",0.96217,1
"GO:0032963","collagen metabolic process",59,2,4.9,"0.96217",0.96217,1
"GO:0038127","ERBB signaling pathway",59,2,4.9,"0.96217",0.96217,1
"GO:0042158","lipoprotein biosynthetic process",59,2,4.9,"0.96217",0.96217,1
"GO:0051881","regulation of mitochondrial membrane potential",59,2,4.9,"0.96217",0.96217,1
"GO:1900180","regulation of protein localization to nucleus",59,2,4.9,"0.96217",0.96217,1
"GO:0045664","regulation of neuron differentiation",129,6,10.71,"0.96231",0.96231,1
"GO:0009141","nucleoside triphosphate metabolic process",78,3,6.48,"0.96255",0.96255,1
"GO:0050801","monoatomic ion homeostasis",310,18,25.74,"0.96261",0.96261,1
"GO:0009056","catabolic process",1751,127,145.37,"0.96267",0.96267,1
"GO:0045787","positive regulation of cell cycle",192,10,15.94,"0.96274",0.96274,1
"GO:2001233","regulation of apoptotic signaling pathway",192,10,15.94,"0.96274",0.96274,1
"GO:0001706","endoderm formation",38,1,3.15,"0.96307",0.96307,1
"GO:0006509","membrane protein ectodomain proteolysis",38,1,3.15,"0.96307",0.96307,1
"GO:0007350","blastoderm segmentation",38,1,3.15,"0.96307",0.96307,1
"GO:0009620","response to fungus",38,1,3.15,"0.96307",0.96307,1
"GO:0033628","regulation of cell adhesion mediated by integrin",38,1,3.15,"0.96307",0.96307,1
"GO:0042246","tissue regeneration",38,1,3.15,"0.96307",0.96307,1
"GO:0051402","neuron apoptotic process",130,6,10.79,"0.96423",0.96423,1
"GO:0009791","post-embryonic development",162,8,13.45,"0.96430",0.9643,1
"GO:0046425","regulation of receptor signaling pathway via JAK-STAT",60,2,4.98,"0.96483",0.96483,1
"GO:1904892","regulation of receptor signaling pathway via STAT",60,2,4.98,"0.96483",0.96483,1
"GO:0006281","DNA repair",481,30,39.93,"0.96491",0.96491,1
"GO:0010976","positive regulation of neuron projection development",114,5,9.46,"0.96524",0.96524,1
"GO:0018205","peptidyl-lysine modification",209,11,17.35,"0.96552",0.96552,1
"GO:1901987","regulation of cell cycle phase transition",254,14,21.09,"0.96568",0.96568,1
"GO:0019538","protein metabolic process",3402,258,282.44,"0.96598",0.96598,1
"GO:0006584","catecholamine metabolic process",39,1,3.24,"0.96614",0.96614,1
"GO:0009583","detection of light stimulus",39,1,3.24,"0.96614",0.96614,1
"GO:0009712","catechol-containing compound metabolic process",39,1,3.24,"0.96614",0.96614,1
"GO:0060323","head morphogenesis",39,1,3.24,"0.96614",0.96614,1
"GO:0042692","muscle cell differentiation",179,9,14.86,"0.96654",0.96654,1
"GO:0043069","negative regulation of programmed cell death",469,29,38.94,"0.96680",0.9668,1
"GO:0051049","regulation of transport",782,52,64.92,"0.96690",0.9669,1
"GO:1903828","negative regulation of protein localization",80,3,6.64,"0.96712",0.96712,1
"GO:0022618","protein-RNA complex assembly",115,5,9.55,"0.96713",0.96713,1
"GO:0048771","tissue remodeling",115,5,9.55,"0.96713",0.96713,1
"GO:0051604","protein maturation",371,22,30.8,"0.96717",0.96717,1
"GO:0043933","protein-containing complex organization",1399,99,116.15,"0.96721",0.96721,1
"GO:0006661","phosphatidylinositol biosynthetic process",61,2,5.06,"0.96730",0.9673,1
"GO:0030326","embryonic limb morphogenesis",98,4,8.14,"0.96737",0.96737,1
"GO:0051495","positive regulation of cytoskeleton organization",98,4,8.14,"0.96737",0.96737,1
"GO:0007548","sex differentiation",148,7,12.29,"0.96743",0.96743,1
"GO:0009581","detection of external stimulus",164,8,13.62,"0.96755",0.96755,1
"GO:0008380","RNA splicing",300,17,24.91,"0.96818",0.96818,1
"GO:0045785","positive regulation of cell adhesion",196,10,16.27,"0.96878",0.96878,1
"GO:0006397","mRNA processing",344,20,28.56,"0.96889",0.96889,1
"GO:0001745","compound eye morphogenesis",40,1,3.32,"0.96896",0.96896,1
"GO:0006360","transcription by RNA polymerase I",40,1,3.32,"0.96896",0.96896,1
"GO:0033045","regulation of sister chromatid segregation",40,1,3.32,"0.96896",0.96896,1
"GO:0034405","response to fluid shear stress",40,1,3.32,"0.96896",0.96896,1
"GO:0051304","chromosome separation",40,1,3.32,"0.96896",0.96896,1
"GO:0051492","regulation of stress fiber assembly",40,1,3.32,"0.96896",0.96896,1
"GO:0060384","innervation",40,1,3.32,"0.96896",0.96896,1
"GO:1900182","positive regulation of protein localization to nucleus",40,1,3.32,"0.96896",0.96896,1
"GO:1902808","positive regulation of cell cycle G1/S phase transition",40,1,3.32,"0.96896",0.96896,1
"GO:1903051","negative regulation of proteolysis involved in protein catabolic process",40,1,3.32,"0.96896",0.96896,1
"GO:1903533","regulation of protein targeting",40,1,3.32,"0.96896",0.96896,1
"GO:1903131","mononuclear cell differentiation",149,7,12.37,"0.96902",0.96902,1
"GO:0031023","microtubule organizing center organization",99,4,8.22,"0.96928",0.96928,1
"GO:0051258","protein polymerization",99,4,8.22,"0.96928",0.96928,1
"GO:0008584","male gonad development",62,2,5.15,"0.96961",0.96961,1
"GO:0071826","protein-RNA complex organization",117,5,9.71,"0.97062",0.97062,1
"GO:0044248","cellular catabolic process",947,64,78.62,"0.97069",0.97069,1
"GO:0034767","positive regulation of monoatomic ion transmembrane transport",82,3,6.81,"0.97116",0.97116,1
"GO:0002028","regulation of sodium ion transport",41,1,3.4,"0.97155",0.97155,1
"GO:0008585","female gonad development",41,1,3.4,"0.97155",0.97155,1
"GO:0008645","hexose transmembrane transport",41,1,3.4,"0.97155",0.97155,1
"GO:0042255","ribosome assembly",41,1,3.4,"0.97155",0.97155,1
"GO:1904659","glucose transmembrane transport",41,1,3.4,"0.97155",0.97155,1
"GO:0002285","lymphocyte activation involved in immune response",63,2,5.23,"0.97176",0.97176,1
"GO:0009144","purine nucleoside triphosphate metabolic process",63,2,5.23,"0.97176",0.97176,1
"GO:0031929","TOR signaling",63,2,5.23,"0.97176",0.97176,1
"GO:0046546","development of primary male sexual characteristics",63,2,5.23,"0.97176",0.97176,1
"GO:0015849","organic acid transport",214,11,17.77,"0.97222",0.97222,1
"GO:0046942","carboxylic acid transport",214,11,17.77,"0.97222",0.97222,1
"GO:0043523","regulation of neuron apoptotic process",118,5,9.8,"0.97224",0.97224,1
"GO:0016042","lipid catabolic process",199,10,16.52,"0.97272",0.97272,1
"GO:0015718","monocarboxylic acid transport",101,4,8.39,"0.97278",0.97278,1
"GO:0048608","reproductive structure development",168,8,13.95,"0.97327",0.97327,1
"GO:0051641","cellular localization",2078,151,172.52,"0.97374",0.97374,1
"GO:0009199","ribonucleoside triphosphate metabolic process",64,2,5.31,"0.97377",0.97377,1
"GO:1901989","positive regulation of cell cycle phase transition",64,2,5.31,"0.97377",0.97377,1
"GO:0006839","mitochondrial transport",119,5,9.88,"0.97377",0.97377,1
"GO:0003300","cardiac muscle hypertrophy",42,1,3.49,"0.97392",0.97392,1
"GO:0008344","adult locomotory behavior",42,1,3.49,"0.97392",0.97392,1
"GO:0009247","glycolipid biosynthetic process",42,1,3.49,"0.97392",0.97392,1
"GO:0022900","electron transport chain",42,1,3.49,"0.97392",0.97392,1
"GO:0033273","response to vitamin",42,1,3.49,"0.97392",0.97392,1
"GO:0046632","alpha-beta T cell differentiation",42,1,3.49,"0.97392",0.97392,1
"GO:0048749","compound eye development",42,1,3.49,"0.97392",0.97392,1
"GO:0050974","detection of mechanical stimulus involved in sensory perception",42,1,3.49,"0.97392",0.97392,1
"GO:0060324","face development",42,1,3.49,"0.97392",0.97392,1
"GO:2000134","negative regulation of G1/S transition of mitotic cell cycle",42,1,3.49,"0.97392",0.97392,1
"GO:0046907","intracellular transport",1045,71,86.76,"0.97398",0.97398,1
"GO:0003341","cilium movement",136,6,11.29,"0.97400",0.974,1
"GO:1901576","organic substance biosynthetic process",4631,356,384.48,"0.97423",0.97423,1
"GO:0048285","organelle fission",291,16,24.16,"0.97430",0.9743,1
"GO:0061458","reproductive system development",169,8,14.03,"0.97455",0.97455,1
"GO:2000045","regulation of G1/S transition of mitotic cell cycle",84,3,6.97,"0.97473",0.97473,1
"GO:0000003","reproduction",794,52,65.92,"0.97527",0.97527,1
"GO:0002576","platelet degranulation",65,2,5.4,"0.97564",0.97564,1
"GO:0008589","regulation of smoothened signaling pathway",65,2,5.4,"0.97564",0.97564,1
"GO:0050789","regulation of biological process",6541,513,543.05,"0.97569",0.97569,1
"GO:0034764","positive regulation of transmembrane transport",103,4,8.55,"0.97591",0.97591,1
"GO:0006796","phosphate-containing compound metabolic process",1571,111,130.43,"0.97606",0.97606,1
"GO:0001510","RNA methylation",43,1,3.57,"0.97609",0.97609,1
"GO:0015800","acidic amino acid transport",43,1,3.57,"0.97609",0.97609,1
"GO:0030038","contractile actin filament bundle assembly",43,1,3.57,"0.97609",0.97609,1
"GO:0043149","stress fiber assembly",43,1,3.57,"0.97609",0.97609,1
"GO:0046545","development of primary female sexual characteristics",43,1,3.57,"0.97609",0.97609,1
"GO:0055007","cardiac muscle cell differentiation",43,1,3.57,"0.97609",0.97609,1
"GO:0061951","establishment of protein localization to plasma membrane",43,1,3.57,"0.97609",0.97609,1
"GO:0090100","positive regulation of transmembrane receptor protein serine/threonine kinase signaling pathway",43,1,3.57,"0.97609",0.97609,1
"GO:0098773","skin epidermis development",43,1,3.57,"0.97609",0.97609,1
"GO:1902807","negative regulation of cell cycle G1/S phase transition",43,1,3.57,"0.97609",0.97609,1
"GO:0033157","regulation of intracellular protein transport",121,5,10.05,"0.97661",0.97661,1
"GO:0006813","potassium ion transport",138,6,11.46,"0.97666",0.97666,1
"GO:0001667","ameboidal-type cell migration",323,18,26.82,"0.97668",0.97668,1
"GO:0006869","lipid transport",218,11,18.1,"0.97671",0.97671,1
"GO:0009582","detection of abiotic stimulus",171,8,14.2,"0.97694",0.97694,1
"GO:0006874","intracellular calcium ion homeostasis",155,7,12.87,"0.97720",0.9772,1
"GO:1901988","negative regulation of cell cycle phase transition",155,7,12.87,"0.97720",0.9772,1
"GO:0003231","cardiac ventricle development",66,2,5.48,"0.97737",0.97737,1
"GO:0007040","lysosome organization",66,2,5.48,"0.97737",0.97737,1
"GO:0045619","regulation of lymphocyte differentiation",66,2,5.48,"0.97737",0.97737,1
"GO:0080171","lytic vacuole organization",66,2,5.48,"0.97737",0.97737,1
"GO:1902749","regulation of cell cycle G2/M phase transition",66,2,5.48,"0.97737",0.97737,1
"GO:0006650","glycerophospholipid metabolic process",139,6,11.54,"0.97789",0.97789,1
"GO:0016477","cell migration",785,51,65.17,"0.97790",0.9779,1
"GO:0030098","lymphocyte differentiation",122,5,10.13,"0.97791",0.97791,1
"GO:0000280","nuclear division",265,14,22,"0.97793",0.97793,1
"GO:0044249","cellular biosynthetic process",4533,347,376.34,"0.97806",0.97806,1
"GO:0014896","muscle hypertrophy",44,1,3.65,"0.97808",0.97808,1
"GO:0014897","striated muscle hypertrophy",44,1,3.65,"0.97808",0.97808,1
"GO:0015749","monosaccharide transmembrane transport",44,1,3.65,"0.97808",0.97808,1
"GO:0017156","calcium-ion regulated exocytosis",44,1,3.65,"0.97808",0.97808,1
"GO:0051283","negative regulation of sequestering of calcium ion",44,1,3.65,"0.97808",0.97808,1
"GO:0070059","intrinsic apoptotic signaling pathway in response to endoplasmic reticulum stress",44,1,3.65,"0.97808",0.97808,1
"GO:1901796","regulation of signal transduction by p53 class mediator",44,1,3.65,"0.97808",0.97808,1
"GO:1904427","positive regulation of calcium ion transmembrane transport",44,1,3.65,"0.97808",0.97808,1
"GO:0006302","double-strand break repair",204,10,16.94,"0.97830",0.9783,1
"GO:0055080","monoatomic cation homeostasis",296,16,24.57,"0.97884",0.97884,1
"GO:0008360","regulation of cell shape",67,2,5.56,"0.97899",0.97899,1
"GO:0034220","monoatomic ion transmembrane transport",413,24,34.29,"0.97912",0.97912,1
"GO:0009880","embryonic pattern specification",87,3,7.22,"0.97930",0.9793,1
"GO:0010638","positive regulation of organelle organization",267,14,22.17,"0.97968",0.97968,1
"GO:0003281","ventricular septum development",45,1,3.74,"0.97991",0.97991,1
"GO:0019935","cyclic-nucleotide-mediated signaling",45,1,3.74,"0.97991",0.97991,1
"GO:0030204","chondroitin sulfate metabolic process",45,1,3.74,"0.97991",0.97991,1
"GO:0032507","maintenance of protein location in cell",45,1,3.74,"0.97991",0.97991,1
"GO:0042177","negative regulation of protein catabolic process",45,1,3.74,"0.97991",0.97991,1
"GO:0007178","transmembrane receptor protein serine/threonine kinase signaling pathway",174,8,14.45,"0.98014",0.98014,1
"GO:0048569","post-embryonic animal organ development",68,2,5.65,"0.98050",0.9805,1
"GO:0030334","regulation of cell migration",458,27,38.02,"0.98058",0.98058,1
"GO:0007009","plasma membrane organization",88,3,7.31,"0.98065",0.98065,1
"GO:0048609","multicellular organismal reproductive process",430,25,35.7,"0.98092",0.98092,1
"GO:1904062","regulation of monoatomic cation transmembrane transport",107,4,8.88,"0.98117",0.98117,1
"GO:0001503","ossification",254,13,21.09,"0.98148",0.98148,1
"GO:0032386","regulation of intracellular transport",159,7,13.2,"0.98150",0.9815,1
"GO:0007010","cytoskeleton organization",792,51,65.75,"0.98153",0.98153,1
"GO:0001658","branching involved in ureteric bud morphogenesis",46,1,3.82,"0.98158",0.98158,1
"GO:0006635","fatty acid beta-oxidation",46,1,3.82,"0.98158",0.98158,1
"GO:0006893","Golgi to plasma membrane transport",46,1,3.82,"0.98158",0.98158,1
"GO:0008277","regulation of G protein-coupled receptor signaling pathway",46,1,3.82,"0.98158",0.98158,1
"GO:0042147","retrograde transport, endosome to Golgi",46,1,3.82,"0.98158",0.98158,1
"GO:0050654","chondroitin sulfate proteoglycan metabolic process",46,1,3.82,"0.98158",0.98158,1
"GO:1902017","regulation of cilium assembly",46,1,3.82,"0.98158",0.98158,1
"GO:0009058","biosynthetic process",4681,358,388.63,"0.98158",0.98158,1
"GO:0022414","reproductive process",780,50,64.76,"0.98227",0.98227,1
"GO:0006399","tRNA metabolic process",126,5,10.46,"0.98249",0.98249,1
"GO:0016050","vesicle organization",240,12,19.93,"0.98257",0.98257,1
"GO:0030036","actin cytoskeleton organization",316,17,26.24,"0.98269",0.98269,1
"GO:0090257","regulation of muscle system process",90,3,7.47,"0.98308",0.98308,1
"GO:0009948","anterior/posterior axis specification",47,1,3.9,"0.98312",0.98312,1
"GO:0003006","developmental process involved in reproduction",491,29,40.76,"0.98328",0.98328,1
"GO:0043066","negative regulation of apoptotic process",463,27,38.44,"0.98354",0.98354,1
"GO:0022409","positive regulation of cell-cell adhesion",91,3,7.56,"0.98419",0.98419,1
"GO:1902806","regulation of cell cycle G1/S phase transition",91,3,7.56,"0.98419",0.98419,1
"GO:0046486","glycerolipid metabolic process",195,9,16.19,"0.98438",0.98438,1
"GO:0007528","neuromuscular junction development",71,2,5.89,"0.98441",0.98441,1
"GO:0032204","regulation of telomere maintenance",71,2,5.89,"0.98441",0.98441,1
"GO:2001251","negative regulation of chromosome organization",71,2,5.89,"0.98441",0.98441,1
"GO:0001755","neural crest cell migration",48,1,3.99,"0.98452",0.98452,1
"GO:0034219","carbohydrate transmembrane transport",48,1,3.99,"0.98452",0.98452,1
"GO:0042274","ribosomal small subunit biogenesis",48,1,3.99,"0.98452",0.98452,1
"GO:0051208","sequestering of calcium ion",48,1,3.99,"0.98452",0.98452,1
"GO:0051282","regulation of sequestering of calcium ion",48,1,3.99,"0.98452",0.98452,1
"GO:0051983","regulation of chromosome segregation",48,1,3.99,"0.98452",0.98452,1
"GO:0090497","mesenchymal cell migration",48,1,3.99,"0.98452",0.98452,1
"GO:0019637","organophosphate metabolic process",550,33,45.66,"0.98454",0.98454,1
"GO:0061024","membrane organization",465,27,38.61,"0.98460",0.9846,1
"GO:0065008","regulation of biological quality",1491,103,123.79,"0.98495",0.98495,1
"GO:0006793","phosphorus metabolic process",1596,111,132.5,"0.98519",0.98519,1
"GO:0018958","phenol-containing compound metabolic process",92,3,7.64,"0.98523",0.98523,1
"GO:0006626","protein targeting to mitochondrion",49,1,4.07,"0.98581",0.98581,1
"GO:0060675","ureteric bud morphogenesis",49,1,4.07,"0.98581",0.98581,1
"GO:0072171","mesonephric tubule morphogenesis",49,1,4.07,"0.98581",0.98581,1
"GO:0055074","calcium ion homeostasis",165,7,13.7,"0.98655",0.98655,1
"GO:0097193","intrinsic apoptotic signaling pathway",148,6,12.29,"0.98657",0.98657,1
"GO:0007173","epidermal growth factor receptor signaling pathway",50,1,4.15,"0.98700",0.987,1
"GO:0071300","cellular response to retinoic acid",50,1,4.15,"0.98700",0.987,1
"GO:0040011","locomotion",626,38,51.97,"0.98709",0.98709,1
"GO:0008406","gonad development",94,3,7.8,"0.98711",0.98711,1
"GO:0033043","regulation of organelle organization",599,36,49.73,"0.98748",0.98748,1
"GO:0008284","positive regulation of cell population proliferation",669,41,55.54,"0.98753",0.98753,1
"GO:0033619","membrane protein proteolysis",74,2,6.14,"0.98756",0.98756,1
"GO:0035108","limb morphogenesis",114,4,9.46,"0.98787",0.98787,1
"GO:0044085","cellular component biogenesis",2277,163,189.04,"0.98805",0.98805,1
"GO:0006400","tRNA modification",51,1,4.23,"0.98808",0.98808,1
"GO:0051928","positive regulation of calcium ion transport",51,1,4.23,"0.98808",0.98808,1
"GO:0044281","small molecule metabolic process",1213,81,100.71,"0.98824",0.98824,1
"GO:0030029","actin filament-based process",341,18,28.31,"0.98836",0.98836,1
"GO:0033555","multicellular organismal response to stress",75,2,6.23,"0.98846",0.98846,1
"GO:0051130","positive regulation of cellular component organization",672,41,55.79,"0.98859",0.98859,1
"GO:0070588","calcium ion transmembrane transport",151,6,12.54,"0.98867",0.98867,1
"GO:0048870","cell motility",879,56,72.98,"0.98876",0.98876,1
"GO:0032006","regulation of TOR signaling",52,1,4.32,"0.98907",0.98907,1
"GO:0033627","cell adhesion mediated by integrin",52,1,4.32,"0.98907",0.98907,1
"GO:0051298","centrosome duplication",52,1,4.32,"0.98907",0.98907,1
"GO:0000075","cell cycle checkpoint signaling",134,5,11.13,"0.98910",0.9891,1
"GO:0032880","regulation of protein localization",417,23,34.62,"0.98914",0.98914,1
"GO:0030278","regulation of ossification",76,2,6.31,"0.98930",0.9893,1
"GO:0009953","dorsal/ventral pattern formation",116,4,9.63,"0.98932",0.98932,1
"GO:0051251","positive regulation of lymphocyte activation",97,3,8.05,"0.98950",0.9895,1
"GO:0006810","transport",2807,204,233.05,"0.98981",0.98981,1
"GO:0034765","regulation of monoatomic ion transmembrane transport",220,10,18.27,"0.98987",0.98987,1
"GO:0015807","L-amino acid transport",53,1,4.4,"0.98998",0.98998,1
"GO:0043467","regulation of generation of precursor metabolites and energy",53,1,4.4,"0.98998",0.98998,1
"GO:1901992","positive regulation of mitotic cell cycle phase transition",53,1,4.4,"0.98998",0.98998,1
"GO:0031346","positive regulation of cell projection organization",268,13,22.25,"0.98999",0.98999,1
"GO:0045137","development of primary sexual characteristics",98,3,8.14,"0.99020",0.9902,1
"GO:0003206","cardiac chamber morphogenesis",78,2,6.48,"0.99081",0.99081,1
"GO:2001242","regulation of intrinsic apoptotic signaling pathway",78,2,6.48,"0.99081",0.99081,1
"GO:0051235","maintenance of location",172,7,14.28,"0.99081",0.99081,1
"GO:0006644","phospholipid metabolic process",222,10,18.43,"0.99082",0.99082,1
"GO:0010948","negative regulation of cell cycle process",189,8,15.69,"0.99083",0.99083,1
"GO:0019722","calcium-mediated signaling",99,3,8.22,"0.99086",0.99086,1
"GO:0040012","regulation of locomotion",538,31,44.67,"0.99090",0.9909,1
"GO:0033036","macromolecule localization",1817,126,150.85,"0.99120",0.9912,1
"GO:0018107","peptidyl-threonine phosphorylation",79,2,6.56,"0.99148",0.99148,1
"GO:0003151","outflow tract morphogenesis",55,1,4.57,"0.99158",0.99158,1
"GO:0042273","ribosomal large subunit biogenesis",55,1,4.57,"0.99158",0.99158,1
"GO:0060411","cardiac septum morphogenesis",55,1,4.57,"0.99158",0.99158,1
"GO:0072655","establishment of protein localization to mitochondrion",55,1,4.57,"0.99158",0.99158,1
"GO:0010876","lipid localization",240,11,19.93,"0.99160",0.9916,1
"GO:2000145","regulation of cell motility",483,27,40.1,"0.99173",0.99173,1
"GO:1901990","regulation of mitotic cell cycle phase transition",191,8,15.86,"0.99175",0.99175,1
"GO:0043270","positive regulation of monoatomic ion transport",101,3,8.39,"0.99204",0.99204,1
"GO:0043200","response to amino acid",56,1,4.65,"0.99229",0.99229,1
"GO:0043067","regulation of programmed cell death",893,56,74.14,"0.99229",0.99229,1
"GO:0030217","T cell differentiation",81,2,6.72,"0.99268",0.99268,1
"GO:0048265","response to pain",57,1,4.73,"0.99293",0.99293,1
"GO:0070585","protein localization to mitochondrion",57,1,4.73,"0.99293",0.99293,1
"GO:1901699","cellular response to nitrogen compound",323,16,26.82,"0.99306",0.99306,1
"GO:0044242","cellular lipid catabolic process",123,4,10.21,"0.99320",0.9932,1
"GO:0032869","cellular response to insulin stimulus",82,2,6.81,"0.99322",0.99322,1
"GO:0046488","phosphatidylinositol metabolic process",82,2,6.81,"0.99322",0.99322,1
"GO:0046661","male sex differentiation",82,2,6.81,"0.99322",0.99322,1
"GO:0051094","positive regulation of developmental process",718,43,59.61,"0.99337",0.99337,1
"GO:0010718","positive regulation of epithelial to mesenchymal transition",58,1,4.82,"0.99352",0.99352,1
"GO:0019395","fatty acid oxidation",59,1,4.9,"0.99406",0.99406,1
"GO:0034440","lipid oxidation",59,1,4.9,"0.99406",0.99406,1
"GO:0007276","gamete generation",388,20,32.21,"0.99408",0.99408,1
"GO:0055085","transmembrane transport",694,41,57.62,"0.99417",0.99417,1
"GO:0009612","response to mechanical stimulus",215,9,17.85,"0.99435",0.99435,1
"GO:0071375","cellular response to peptide hormone stimulus",106,3,8.8,"0.99439",0.99439,1
"GO:1903046","meiotic cell cycle process",126,4,10.46,"0.99441",0.99441,1
"GO:0016043","cellular component organization",3998,296,331.93,"0.99456",0.99456,1
"GO:0051179","localization",3248,236,269.66,"0.99460",0.9946,1
"GO:0042981","regulation of apoptotic process",865,53,71.81,"0.99470",0.9947,1
"GO:0071417","cellular response to organonitrogen compound",298,14,24.74,"0.99476",0.99476,1
"GO:0009062","fatty acid catabolic process",61,1,5.06,"0.99501",0.99501,1
"GO:0010389","regulation of G2/M transition of mitotic cell cycle",61,1,5.06,"0.99501",0.99501,1
"GO:0140013","meiotic nuclear division",108,3,8.97,"0.99512",0.99512,1
"GO:0051321","meiotic cell cycle",184,7,15.28,"0.99531",0.99531,1
"GO:0060341","regulation of cellular localization",470,25,39.02,"0.99549",0.99549,1
"GO:0019953","sexual reproduction",544,30,45.16,"0.99553",0.99553,1
"GO:0006892","post-Golgi vesicle-mediated transport",88,2,7.31,"0.99572",0.99572,1
"GO:0018210","peptidyl-threonine modification",88,2,7.31,"0.99572",0.99572,1
"GO:0030509","BMP signaling pathway",88,2,7.31,"0.99572",0.99572,1
"GO:0034762","regulation of transmembrane transport",254,11,21.09,"0.99578",0.99578,1
"GO:0051234","establishment of localization",2897,207,240.52,"0.99593",0.99593,1
"GO:0007017","microtubule-based process",620,35,51.47,"0.99603",0.99603,1
"GO:0007127","meiosis I",64,1,5.31,"0.99616",0.99616,1
"GO:0071772","response to BMP",90,2,7.47,"0.99634",0.99634,1
"GO:0071773","cellular response to BMP stimulus",90,2,7.47,"0.99634",0.99634,1
"GO:0000226","microtubule cytoskeleton organization",387,19,32.13,"0.99674",0.99674,1
"GO:1901564","organonitrogen compound metabolic process",4141,305,343.8,"0.99676",0.99676,1
"GO:0061982","meiosis I cell cycle process",66,1,5.48,"0.99677",0.99677,1
"GO:0007186","G protein-coupled receptor signaling pathway",293,13,24.33,"0.99690",0.9969,1
"GO:0015031","protein transport",1022,63,84.85,"0.99691",0.99691,1
"GO:0032879","regulation of localization",939,57,77.96,"0.99691",0.99691,1
"GO:0045930","negative regulation of mitotic cell cycle",135,4,11.21,"0.99692",0.99692,1
"GO:0006906","vesicle fusion",115,3,9.55,"0.99704",0.99704,1
"GO:0072331","signal transduction by p53 class mediator",93,2,7.72,"0.99710",0.9971,1
"GO:0007033","vacuole organization",136,4,11.29,"0.99712",0.99712,1
"GO:0061025","membrane fusion",136,4,11.29,"0.99712",0.99712,1
"GO:0034470","ncRNA processing",312,14,25.9,"0.99728",0.99728,1
"GO:0007283","spermatogenesis",247,10,20.51,"0.99745",0.99745,1
"GO:1901991","negative regulation of mitotic cell cycle phase transition",95,2,7.89,"0.99751",0.99751,1
"GO:0072329","monocarboxylic acid catabolic process",69,1,5.73,"0.99751",0.99751,1
"GO:0048522","positive regulation of cellular process",2771,195,230.06,"0.99756",0.99756,1
"GO:0090174","organelle membrane fusion",118,3,9.8,"0.99761",0.99761,1
"GO:0010256","endomembrane system organization",282,12,23.41,"0.99763",0.99763,1
"GO:0007030","Golgi organization",96,2,7.97,"0.99770",0.9977,1
"GO:0048284","organelle fusion",140,4,11.62,"0.99780",0.9978,1
"GO:0071705","nitrogen compound transport",1322,84,109.76,"0.99784",0.99784,1
"GO:0009798","axis specification",97,2,8.05,"0.99787",0.99787,1
"GO:1904064","positive regulation of cation transmembrane transport",71,1,5.89,"0.99791",0.99791,1
"GO:0035051","cardiocyte differentiation",72,1,5.98,"0.99809",0.99809,1
"GO:0045184","establishment of protein localization",1081,66,89.75,"0.99813",0.99813,1
"GO:0007041","lysosomal transport",73,1,6.06,"0.99825",0.99825,1
"GO:0033044","regulation of chromosome organization",124,3,10.29,"0.99845",0.99845,1
"GO:0051259","protein complex oligomerization",436,21,36.2,"0.99850",0.9985,1
"GO:0019932","second-messenger-mediated signaling",147,4,12.2,"0.99864",0.99864,1
"GO:0046434","organophosphate catabolic process",76,1,6.31,"0.99865",0.99865,1
"GO:0051289","protein homotetramerization",76,1,6.31,"0.99865",0.99865,1
"GO:0051651","maintenance of location in cell",104,2,8.63,"0.99877",0.99877,1
"GO:0019827","stem cell population maintenance",78,1,6.48,"0.99887",0.99887,1
"GO:0098727","maintenance of cell number",78,1,6.48,"0.99887",0.99887,1
"GO:0006996","organelle organization",2121,142,176.09,"0.99887",0.99887,1
"GO:0016482","cytosolic transport",106,2,8.8,"0.99895",0.99895,1
"GO:0048232","male gamete generation",265,10,22,"0.99904",0.99904,1
"GO:0043065","positive regulation of apoptotic process",300,12,24.91,"0.99906",0.99906,1
"GO:0071840","cellular component organization or biogenesis",4170,301,346.21,"0.99923",0.99923,1
"GO:0043068","positive regulation of programmed cell death",323,13,26.82,"0.99932",0.99932,1
"GO:0051291","protein heterooligomerization",84,1,6.97,"0.99933",0.99933,1
"GO:0001578","microtubule bundle formation",85,1,7.06,"0.99938",0.99938,1
"GO:0098876","vesicle-mediated transport to the plasma membrane",85,1,7.06,"0.99938",0.99938,1
"GO:0016072","rRNA metabolic process",199,6,16.52,"0.99939",0.99939,1
"GO:0006396","RNA processing",674,35,55.96,"0.99945",0.99945,1
"GO:0006364","rRNA processing",163,4,13.53,"0.99955",0.99955,1
"GO:0016197","endosomal transport",121,2,10.05,"0.99968",0.99968,1
"GO:0042254","ribosome biogenesis",239,7,19.84,"0.99983",0.99983,1
"GO:0071702","organic substance transport",1716,106,142.47,"0.99984",0.99984,1
"GO:0022613","ribonucleoprotein complex biogenesis",317,11,26.32,"0.99986",0.99986,1
"GO:0007093","mitotic cell cycle checkpoint signaling",104,1,8.63,"0.99988",0.99988,1
"GO:1902115","regulation of organelle assembly",108,1,8.97,"0.99992",0.99992,1
"GO:0051262","protein tetramerization",128,1,10.63,"0.99999",0.99999,1
"GO:0008150","biological_process",12623,1048,1048,"1.00000",1,1
"GO:0000076","DNA replication checkpoint signaling",15,0,1.25,"1.00000",1,1
"GO:0000101","sulfur amino acid transport",10,0,0.83,"1.00000",1,1
"GO:0000132","establishment of mitotic spindle orientation",17,0,1.41,"1.00000",1,1
"GO:0000212","meiotic spindle organization",12,0,1,"1.00000",1,1
"GO:0000244","spliceosomal tri-snRNP complex assembly",10,0,0.83,"1.00000",1,1
"GO:0000291","nuclear-transcribed mRNA catabolic process, exonucleolytic",16,0,1.33,"1.00000",1,1
"GO:0000303","response to superoxide",10,0,0.83,"1.00000",1,1
"GO:0000460","maturation of 5.8S rRNA",32,0,2.66,"1.00000",1,1
"GO:0000462","maturation of SSU-rRNA from tricistronic rRNA transcript (SSU-rRNA, 5.8S rRNA, LSU-rRNA)",26,0,2.16,"1.00000",1,1
"GO:0000466","maturation of 5.8S rRNA from tricistronic rRNA transcript (SSU-rRNA, 5.8S rRNA, LSU-rRNA)",17,0,1.41,"1.00000",1,1
"GO:0000470","maturation of LSU-rRNA",18,0,1.49,"1.00000",1,1
"GO:0000479","endonucleolytic cleavage of tricistronic rRNA transcript (SSU-rRNA, 5.8S rRNA, LSU-rRNA)",11,0,0.91,"1.00000",1,1
"GO:0000578","embryonic axis specification",41,0,3.4,"1.00000",1,1
"GO:0000712","resolution of meiotic recombination intermediates",12,0,1,"1.00000",1,1
"GO:0000722","telomere maintenance via recombination",17,0,1.41,"1.00000",1,1
"GO:0000729","DNA double-strand break processing",26,0,2.16,"1.00000",1,1
"GO:0000966","RNA 5'-end processing",13,0,1.08,"1.00000",1,1
"GO:0001662","behavioral fear response",17,0,1.41,"1.00000",1,1
"GO:0001752","compound eye photoreceptor fate commitment",13,0,1.08,"1.00000",1,1
"GO:0001778","plasma membrane repair",18,0,1.49,"1.00000",1,1
"GO:0001832","blastocyst growth",12,0,1,"1.00000",1,1
"GO:0001845","phagolysosome assembly",26,0,2.16,"1.00000",1,1
"GO:0001881","receptor recycling",20,0,1.66,"1.00000",1,1
"GO:0001919","regulation of receptor recycling",16,0,1.33,"1.00000",1,1
"GO:0001923","B-1 B cell differentiation",11,0,0.91,"1.00000",1,1
"GO:0001941","postsynaptic membrane organization",24,0,1.99,"1.00000",1,1
"GO:0001942","hair follicle development",36,0,2.99,"1.00000",1,1
"GO:0001960","negative regulation of cytokine-mediated signaling pathway",35,0,2.91,"1.00000",1,1
"GO:0002027","regulation of heart rate",23,0,1.91,"1.00000",1,1
"GO:0002052","positive regulation of neuroblast proliferation",13,0,1.08,"1.00000",1,1
"GO:0002063","chondrocyte development",19,0,1.58,"1.00000",1,1
"GO:0002119","nematode larval development",18,0,1.49,"1.00000",1,1
"GO:0002164","larval development",48,0,3.99,"1.00000",1,1
"GO:0002183","cytoplasmic translational initiation",11,0,0.91,"1.00000",1,1
"GO:0002209","behavioral defense response",17,0,1.41,"1.00000",1,1
"GO:0002225","positive regulation of antimicrobial peptide production",12,0,1,"1.00000",1,1
"GO:0002228","natural killer cell mediated immunity",10,0,0.83,"1.00000",1,1
"GO:0002229","defense response to oomycetes",10,0,0.83,"1.00000",1,1
"GO:0002230","positive regulation of defense response to virus by host",13,0,1.08,"1.00000",1,1
"GO:0002239","response to oomycetes",10,0,0.83,"1.00000",1,1
"GO:0002431","Fc receptor mediated stimulatory signaling pathway",15,0,1.25,"1.00000",1,1
"GO:0002639","positive regulation of immunoglobulin production",11,0,0.91,"1.00000",1,1
"GO:0002714","positive regulation of B cell mediated immunity",19,0,1.58,"1.00000",1,1
"GO:0002759","regulation of antimicrobial humoral response",14,0,1.16,"1.00000",1,1
"GO:0002760","positive regulation of antimicrobial humoral response",12,0,1,"1.00000",1,1
"GO:0002762","negative regulation of myeloid leukocyte differentiation",18,0,1.49,"1.00000",1,1
"GO:0002775","antimicrobial peptide production",13,0,1.08,"1.00000",1,1
"GO:0002777","antimicrobial peptide biosynthetic process",12,0,1,"1.00000",1,1
"GO:0002778","antibacterial peptide production",12,0,1,"1.00000",1,1
"GO:0002780","antibacterial peptide biosynthetic process",12,0,1,"1.00000",1,1
"GO:0002781","antifungal peptide production",10,0,0.83,"1.00000",1,1
"GO:0002783","antifungal peptide biosynthetic process",10,0,0.83,"1.00000",1,1
"GO:0002784","regulation of antimicrobial peptide production",12,0,1,"1.00000",1,1
"GO:0002786","regulation of antibacterial peptide production",11,0,0.91,"1.00000",1,1
"GO:0002788","regulation of antifungal peptide production",10,0,0.83,"1.00000",1,1
"GO:0002803","positive regulation of antibacterial peptide production",11,0,0.91,"1.00000",1,1
"GO:0002804","positive regulation of antifungal peptide production",10,0,0.83,"1.00000",1,1
"GO:0002805","regulation of antimicrobial peptide biosynthetic process",11,0,0.91,"1.00000",1,1
"GO:0002807","positive regulation of antimicrobial peptide biosynthetic process",11,0,0.91,"1.00000",1,1
"GO:0002808","regulation of antibacterial peptide biosynthetic process",11,0,0.91,"1.00000",1,1
"GO:0002810","regulation of antifungal peptide biosynthetic process",10,0,0.83,"1.00000",1,1
"GO:0002828","regulation of type 2 immune response",10,0,0.83,"1.00000",1,1
"GO:0002891","positive regulation of immunoglobulin mediated immune response",19,0,1.58,"1.00000",1,1
"GO:0002922","positive regulation of humoral immune response",20,0,1.66,"1.00000",1,1
"GO:0003085","negative regulation of systemic arterial blood pressure",12,0,1,"1.00000",1,1
"GO:0003157","endocardium development",10,0,0.83,"1.00000",1,1
"GO:0003176","aortic valve development",17,0,1.41,"1.00000",1,1
"GO:0003177","pulmonary valve development",17,0,1.41,"1.00000",1,1
"GO:0003180","aortic valve morphogenesis",14,0,1.16,"1.00000",1,1
"GO:0003184","pulmonary valve morphogenesis",14,0,1.16,"1.00000",1,1
"GO:0003209","cardiac atrium morphogenesis",21,0,1.74,"1.00000",1,1
"GO:0003254","regulation of membrane depolarization",34,0,2.82,"1.00000",1,1
"GO:0003263","cardioblast proliferation",13,0,1.08,"1.00000",1,1
"GO:0003264","regulation of cardioblast proliferation",13,0,1.08,"1.00000",1,1
"GO:0003298","physiological muscle hypertrophy",10,0,0.83,"1.00000",1,1
"GO:0003301","physiological cardiac muscle hypertrophy",10,0,0.83,"1.00000",1,1
"GO:0003306","Wnt signaling pathway involved in heart development",11,0,0.91,"1.00000",1,1
"GO:0003307","regulation of Wnt signaling pathway involved in heart development",11,0,0.91,"1.00000",1,1
"GO:0003308","negative regulation of Wnt signaling pathway involved in heart development",10,0,0.83,"1.00000",1,1
"GO:0003352","regulation of cilium movement",19,0,1.58,"1.00000",1,1
"GO:0003356","regulation of cilium beat frequency",11,0,0.91,"1.00000",1,1
"GO:0006012","galactose metabolic process",10,0,0.83,"1.00000",1,1
"GO:0006110","regulation of glycolytic process",31,0,2.57,"1.00000",1,1
"GO:0006182","cGMP biosynthetic process",16,0,1.33,"1.00000",1,1
"GO:0006183","GTP biosynthetic process",11,0,0.91,"1.00000",1,1
"GO:0006195","purine nucleotide catabolic process",23,0,1.91,"1.00000",1,1
"GO:0006213","pyrimidine nucleoside metabolic process",15,0,1.25,"1.00000",1,1
"GO:0006241","CTP biosynthetic process",12,0,1,"1.00000",1,1
"GO:0006264","mitochondrial DNA replication",13,0,1.08,"1.00000",1,1
"GO:0006266","DNA ligation",10,0,0.83,"1.00000",1,1
"GO:0006303","double-strand break repair via nonhomologous end joining",37,0,3.07,"1.00000",1,1
"GO:0006312","mitotic recombination",28,0,2.32,"1.00000",1,1
"GO:0006361","transcription initiation at RNA polymerase I promoter",11,0,0.91,"1.00000",1,1
"GO:0006458","'de novo' protein folding",21,0,1.74,"1.00000",1,1
"GO:0006488","dolichol-linked oligosaccharide biosynthetic process",11,0,0.91,"1.00000",1,1
"GO:0006490","oligosaccharide-lipid intermediate biosynthetic process",13,0,1.08,"1.00000",1,1
"GO:0006505","GPI anchor metabolic process",31,0,2.57,"1.00000",1,1
"GO:0006506","GPI anchor biosynthetic process",30,0,2.49,"1.00000",1,1
"GO:0006525","arginine metabolic process",12,0,1,"1.00000",1,1
"GO:0006534","cysteine metabolic process",20,0,1.66,"1.00000",1,1
"GO:0006544","glycine metabolic process",15,0,1.25,"1.00000",1,1
"GO:0006551","leucine metabolic process",14,0,1.16,"1.00000",1,1
"GO:0006552","leucine catabolic process",13,0,1.08,"1.00000",1,1
"GO:0006578","amino-acid betaine biosynthetic process",14,0,1.16,"1.00000",1,1
"GO:0006622","protein targeting to lysosome",16,0,1.33,"1.00000",1,1
"GO:0006649","phospholipid transfer to membrane",13,0,1.08,"1.00000",1,1
"GO:0006677","glycosylceramide metabolic process",21,0,1.74,"1.00000",1,1
"GO:0006684","sphingomyelin metabolic process",15,0,1.25,"1.00000",1,1
"GO:0006700","C21-steroid hormone biosynthetic process",13,0,1.08,"1.00000",1,1
"GO:0006703","estrogen biosynthetic process",16,0,1.33,"1.00000",1,1
"GO:0006706","steroid catabolic process",12,0,1,"1.00000",1,1
"GO:0006779","porphyrin-containing compound biosynthetic process",19,0,1.58,"1.00000",1,1
"GO:0006783","heme biosynthetic process",17,0,1.41,"1.00000",1,1
"GO:0006826","iron ion transport",19,0,1.58,"1.00000",1,1
"GO:0006851","mitochondrial calcium ion transmembrane transport",13,0,1.08,"1.00000",1,1
"GO:0006896","Golgi to vacuole transport",15,0,1.25,"1.00000",1,1
"GO:0006911","phagocytosis, engulfment",21,0,1.74,"1.00000",1,1
"GO:0006929","substrate-dependent cell migration",24,0,1.99,"1.00000",1,1
"GO:0006963","positive regulation of antibacterial peptide biosynthetic process",11,0,0.91,"1.00000",1,1
"GO:0006967","positive regulation of antifungal peptide biosynthetic process",10,0,0.83,"1.00000",1,1
"GO:0006977","DNA damage response, signal transduction by p53 class mediator resulting in cell cycle arrest",24,0,1.99,"1.00000",1,1
"GO:0006978","DNA damage response, signal transduction by p53 class mediator resulting in transcription of p21 cla...",13,0,1.08,"1.00000",1,1
"GO:0006999","nuclear pore organization",11,0,0.91,"1.00000",1,1
"GO:0007020","microtubule nucleation",12,0,1,"1.00000",1,1
"GO:0007063","regulation of sister chromatid cohesion",15,0,1.25,"1.00000",1,1
"GO:0007094","mitotic spindle assembly checkpoint signaling",22,0,1.83,"1.00000",1,1
"GO:0007095","mitotic G2 DNA damage checkpoint signaling",17,0,1.41,"1.00000",1,1
"GO:0007099","centriole replication",19,0,1.58,"1.00000",1,1
"GO:0007140","male meiotic nuclear division",32,0,2.66,"1.00000",1,1
"GO:0007141","male meiosis I",16,0,1.33,"1.00000",1,1
"GO:0007143","female meiotic nuclear division",26,0,2.16,"1.00000",1,1
"GO:0007168","receptor guanylyl cyclase signaling pathway",12,0,1,"1.00000",1,1
"GO:0007176","regulation of epidermal growth factor-activated receptor activity",14,0,1.16,"1.00000",1,1
"GO:0007194","negative regulation of adenylate cyclase activity",18,0,1.49,"1.00000",1,1
"GO:0007216","G protein-coupled glutamate receptor signaling pathway",16,0,1.33,"1.00000",1,1
"GO:0007274","neuromuscular synaptic transmission",23,0,1.91,"1.00000",1,1
"GO:0007288","sperm axoneme assembly",11,0,0.91,"1.00000",1,1
"GO:0007298","border follicle cell migration",15,0,1.25,"1.00000",1,1
"GO:0007306","egg chorion assembly",14,0,1.16,"1.00000",1,1
"GO:0007308","oocyte construction",22,0,1.83,"1.00000",1,1
"GO:0007309","oocyte axis specification",22,0,1.83,"1.00000",1,1
"GO:0007314","oocyte anterior/posterior axis specification",21,0,1.74,"1.00000",1,1
"GO:0007351","tripartite regional subdivision",24,0,1.99,"1.00000",1,1
"GO:0007352","zygotic specification of dorsal/ventral axis",11,0,0.91,"1.00000",1,1
"GO:0007386","compartment pattern specification",13,0,1.08,"1.00000",1,1
"GO:0007398","ectoderm development",13,0,1.08,"1.00000",1,1
"GO:0007400","neuroblast fate determination",10,0,0.83,"1.00000",1,1
"GO:0007403","glial cell fate determination",10,0,0.83,"1.00000",1,1
"GO:0007440","foregut morphogenesis",13,0,1.08,"1.00000",1,1
"GO:0007442","hindgut morphogenesis",12,0,1,"1.00000",1,1
"GO:0007443","Malpighian tubule morphogenesis",11,0,0.91,"1.00000",1,1
"GO:0007447","imaginal disc pattern formation",21,0,1.74,"1.00000",1,1
"GO:0007449","proximal/distal pattern formation, imaginal disc",10,0,0.83,"1.00000",1,1
"GO:0007450","dorsal/ventral pattern formation, imaginal disc",14,0,1.16,"1.00000",1,1
"GO:0007451","dorsal/ventral lineage restriction, imaginal disc",10,0,0.83,"1.00000",1,1
"GO:0007455","eye-antennal disc morphogenesis",14,0,1.16,"1.00000",1,1
"GO:0007464","R3/R4 cell fate commitment",10,0,0.83,"1.00000",1,1
"GO:0007478","leg disc morphogenesis",14,0,1.16,"1.00000",1,1
"GO:0007480","imaginal disc-derived leg morphogenesis",14,0,1.16,"1.00000",1,1
"GO:0007483","genital disc morphogenesis",10,0,0.83,"1.00000",1,1
"GO:0007484","imaginal disc-derived genitalia development",11,0,0.91,"1.00000",1,1
"GO:0007485","imaginal disc-derived male genitalia development",11,0,0.91,"1.00000",1,1
"GO:0007494","midgut development",20,0,1.66,"1.00000",1,1
"GO:0007497","posterior midgut development",13,0,1.08,"1.00000",1,1
"GO:0007525","somatic muscle development",16,0,1.33,"1.00000",1,1
"GO:0007526","larval somatic muscle development",10,0,0.83,"1.00000",1,1
"GO:0007602","phototransduction",27,0,2.24,"1.00000",1,1
"GO:0007616","long-term memory",24,0,1.99,"1.00000",1,1
"GO:0007628","adult walking behavior",14,0,1.16,"1.00000",1,1
"GO:0008052","sensory organ boundary specification",11,0,0.91,"1.00000",1,1
"GO:0008207","C21-steroid hormone metabolic process",15,0,1.25,"1.00000",1,1
"GO:0008209","androgen metabolic process",17,0,1.41,"1.00000",1,1
"GO:0008210","estrogen metabolic process",30,0,2.49,"1.00000",1,1
"GO:0008211","glucocorticoid metabolic process",10,0,0.83,"1.00000",1,1
"GO:0008286","insulin receptor signaling pathway",52,0,4.32,"1.00000",1,1
"GO:0008334","histone mRNA metabolic process",20,0,1.66,"1.00000",1,1
"GO:0008347","glial cell migration",32,0,2.66,"1.00000",1,1
"GO:0008356","asymmetric cell division",24,0,1.99,"1.00000",1,1
"GO:0008358","maternal determination of anterior/posterior axis, embryo",21,0,1.74,"1.00000",1,1
"GO:0008407","chaeta morphogenesis",12,0,1,"1.00000",1,1
"GO:0008535","respiratory chain complex IV assembly",14,0,1.16,"1.00000",1,1
"GO:0008595","anterior/posterior axis specification, embryo",24,0,1.99,"1.00000",1,1
"GO:0008631","intrinsic apoptotic signaling pathway in response to oxidative stress",27,0,2.24,"1.00000",1,1
"GO:0009069","serine family amino acid metabolic process",44,0,3.65,"1.00000",1,1
"GO:0009070","serine family amino acid biosynthetic process",24,0,1.99,"1.00000",1,1
"GO:0009147","pyrimidine nucleoside triphosphate metabolic process",17,0,1.41,"1.00000",1,1
"GO:0009148","pyrimidine nucleoside triphosphate biosynthetic process",15,0,1.25,"1.00000",1,1
"GO:0009154","purine ribonucleotide catabolic process",17,0,1.41,"1.00000",1,1
"GO:0009163","nucleoside biosynthetic process",16,0,1.33,"1.00000",1,1
"GO:0009166","nucleotide catabolic process",36,0,2.99,"1.00000",1,1
"GO:0009208","pyrimidine ribonucleoside triphosphate metabolic process",13,0,1.08,"1.00000",1,1
"GO:0009209","pyrimidine ribonucleoside triphosphate biosynthetic process",13,0,1.08,"1.00000",1,1
"GO:0009218","pyrimidine ribonucleotide metabolic process",17,0,1.41,"1.00000",1,1
"GO:0009220","pyrimidine ribonucleotide biosynthetic process",16,0,1.33,"1.00000",1,1
"GO:0009261","ribonucleotide catabolic process",18,0,1.49,"1.00000",1,1
"GO:0009262","deoxyribonucleotide metabolic process",17,0,1.41,"1.00000",1,1
"GO:0009394","2'-deoxyribonucleotide metabolic process",12,0,1,"1.00000",1,1
"GO:0009409","response to cold",53,0,4.4,"1.00000",1,1
"GO:0009432","SOS response",16,0,1.33,"1.00000",1,1
"GO:0009435","NAD biosynthetic process",14,0,1.16,"1.00000",1,1
"GO:0009608","response to symbiont",10,0,0.83,"1.00000",1,1
"GO:0009642","response to light intensity",14,0,1.16,"1.00000",1,1
"GO:0009950","dorsal/ventral axis specification",50,0,4.15,"1.00000",1,1
"GO:0009954","proximal/distal pattern formation",26,0,2.16,"1.00000",1,1
"GO:0009996","negative regulation of cell fate specification",11,0,0.91,"1.00000",1,1
"GO:0010002","cardioblast differentiation",14,0,1.16,"1.00000",1,1
"GO:0010037","response to carbon dioxide",10,0,0.83,"1.00000",1,1
"GO:0010042","response to manganese ion",15,0,1.25,"1.00000",1,1
"GO:0010160","formation of animal organ boundary",11,0,0.91,"1.00000",1,1
"GO:0010224","response to UV-B",12,0,1,"1.00000",1,1
"GO:0010383","cell wall polysaccharide metabolic process",10,0,0.83,"1.00000",1,1
"GO:0010522","regulation of calcium ion transport into cytosol",27,0,2.24,"1.00000",1,1
"GO:0010524","positive regulation of calcium ion transport into cytosol",21,0,1.74,"1.00000",1,1
"GO:0010543","regulation of platelet activation",10,0,0.83,"1.00000",1,1
"GO:0010587","miRNA catabolic process",10,0,0.83,"1.00000",1,1
"GO:0010611","regulation of cardiac muscle hypertrophy",30,0,2.49,"1.00000",1,1
"GO:0010613","positive regulation of cardiac muscle hypertrophy",17,0,1.41,"1.00000",1,1
"GO:0010614","negative regulation of cardiac muscle hypertrophy",12,0,1,"1.00000",1,1
"GO:0010640","regulation of platelet-derived growth factor receptor signaling pathway",11,0,0.91,"1.00000",1,1
"GO:0010642","negative regulation of platelet-derived growth factor receptor signaling pathway",10,0,0.83,"1.00000",1,1
"GO:0010644","cell communication by electrical coupling",14,0,1.16,"1.00000",1,1
"GO:0010649","regulation of cell communication by electrical coupling",12,0,1,"1.00000",1,1
"GO:0010650","positive regulation of cell communication by electrical coupling",10,0,0.83,"1.00000",1,1
"GO:0010664","negative regulation of striated muscle cell apoptotic process",10,0,0.83,"1.00000",1,1
"GO:0010712","regulation of collagen metabolic process",23,0,1.91,"1.00000",1,1
"GO:0010714","positive regulation of collagen metabolic process",13,0,1.08,"1.00000",1,1
"GO:0010738","regulation of protein kinase A signaling",13,0,1.08,"1.00000",1,1
"GO:0010752","regulation of cGMP-mediated signaling",14,0,1.16,"1.00000",1,1
"GO:0010753","positive regulation of cGMP-mediated signaling",12,0,1,"1.00000",1,1
"GO:0010761","fibroblast migration",23,0,1.91,"1.00000",1,1
"GO:0010762","regulation of fibroblast migration",14,0,1.16,"1.00000",1,1
"GO:0010763","positive regulation of fibroblast migration",12,0,1,"1.00000",1,1
"GO:0010765","positive regulation of sodium ion transport",14,0,1.16,"1.00000",1,1
"GO:0010830","regulation of myotube differentiation",10,0,0.83,"1.00000",1,1
"GO:0010874","regulation of cholesterol efflux",10,0,0.83,"1.00000",1,1
"GO:0010880","regulation of release of sequestered calcium ion into cytosol by sarcoplasmic reticulum",12,0,1,"1.00000",1,1
"GO:0010881","regulation of cardiac muscle contraction by regulation of the release of sequestered calcium ion",10,0,0.83,"1.00000",1,1
"GO:0010882","regulation of cardiac muscle contraction by calcium ion signaling",14,0,1.16,"1.00000",1,1
"GO:0010883","regulation of lipid storage",20,0,1.66,"1.00000",1,1
"GO:0010884","positive regulation of lipid storage",10,0,0.83,"1.00000",1,1
"GO:0010893","positive regulation of steroid biosynthetic process",10,0,0.83,"1.00000",1,1
"GO:0010894","negative regulation of steroid biosynthetic process",11,0,0.91,"1.00000",1,1
"GO:0010960","magnesium ion homeostasis",13,0,1.08,"1.00000",1,1
"GO:0010965","regulation of mitotic sister chromatid separation",29,0,2.41,"1.00000",1,1
"GO:0010971","positive regulation of G2/M transition of mitotic cell cycle",10,0,0.83,"1.00000",1,1
"GO:0010972","negative regulation of G2/M transition of mitotic cell cycle",31,0,2.57,"1.00000",1,1
"GO:0014016","neuroblast differentiation",12,0,1,"1.00000",1,1
"GO:0014017","neuroblast fate commitment",10,0,0.83,"1.00000",1,1
"GO:0014051","gamma-aminobutyric acid secretion",20,0,1.66,"1.00000",1,1
"GO:0014052","regulation of gamma-aminobutyric acid secretion",15,0,1.25,"1.00000",1,1
"GO:0014054","positive regulation of gamma-aminobutyric acid secretion",15,0,1.25,"1.00000",1,1
"GO:0014072","response to isoquinoline alkaloid",10,0,0.83,"1.00000",1,1
"GO:0014741","negative regulation of muscle hypertrophy",12,0,1,"1.00000",1,1
"GO:0014742","positive regulation of muscle hypertrophy",17,0,1.41,"1.00000",1,1
"GO:0014743","regulation of muscle hypertrophy",30,0,2.49,"1.00000",1,1
"GO:0014808","release of sequestered calcium ion into cytosol by sarcoplasmic reticulum",12,0,1,"1.00000",1,1
"GO:0014904","myotube cell development",12,0,1,"1.00000",1,1
"GO:0014910","regulation of smooth muscle cell migration",24,0,1.99,"1.00000",1,1
"GO:0014911","positive regulation of smooth muscle cell migration",17,0,1.41,"1.00000",1,1
"GO:0015740","C4-dicarboxylate transport",14,0,1.16,"1.00000",1,1
"GO:0015802","basic amino acid transport",10,0,0.83,"1.00000",1,1
"GO:0015810","aspartate transmembrane transport",12,0,1,"1.00000",1,1
"GO:0015812","gamma-aminobutyric acid transport",20,0,1.66,"1.00000",1,1
"GO:0015813","L-glutamate transmembrane transport",12,0,1,"1.00000",1,1
"GO:0016074","sno(s)RNA metabolic process",13,0,1.08,"1.00000",1,1
"GO:0016075","rRNA catabolic process",24,0,1.99,"1.00000",1,1
"GO:0016082","synaptic vesicle priming",11,0,0.91,"1.00000",1,1
"GO:0016198","axon choice point recognition",12,0,1,"1.00000",1,1
"GO:0016199","axon midline choice point recognition",12,0,1,"1.00000",1,1
"GO:0016201","synaptic target inhibition",10,0,0.83,"1.00000",1,1
"GO:0016226","iron-sulfur cluster assembly",14,0,1.16,"1.00000",1,1
"GO:0016233","telomere capping",29,0,2.41,"1.00000",1,1
"GO:0016330","second mitotic wave involved in compound eye morphogenesis",10,0,0.83,"1.00000",1,1
"GO:0016333","morphogenesis of follicular epithelium",16,0,1.33,"1.00000",1,1
"GO:0016348","imaginal disc-derived leg joint morphogenesis",10,0,0.83,"1.00000",1,1
"GO:0016360","sensory organ precursor cell fate determination",10,0,0.83,"1.00000",1,1
"GO:0016578","histone deubiquitination",14,0,1.16,"1.00000",1,1
"GO:0016999","antibiotic metabolic process",12,0,1,"1.00000",1,1
"GO:0017000","antibiotic biosynthetic process",10,0,0.83,"1.00000",1,1
"GO:0017004","cytochrome complex assembly",21,0,1.74,"1.00000",1,1
"GO:0017121","plasma membrane phospholipid scrambling",19,0,1.58,"1.00000",1,1
"GO:0018095","protein polyglutamylation",11,0,0.91,"1.00000",1,1
"GO:0018198","peptidyl-cysteine modification",10,0,0.83,"1.00000",1,1
"GO:0018200","peptidyl-glutamic acid modification",21,0,1.74,"1.00000",1,1
"GO:0018345","protein palmitoylation",12,0,1,"1.00000",1,1
"GO:0019320","hexose catabolic process",15,0,1.25,"1.00000",1,1
"GO:0019344","cysteine biosynthetic process",12,0,1,"1.00000",1,1
"GO:0019348","dolichol metabolic process",15,0,1.25,"1.00000",1,1
"GO:0019359","nicotinamide nucleotide biosynthetic process",15,0,1.25,"1.00000",1,1
"GO:0019692","deoxyribose phosphate metabolic process",14,0,1.16,"1.00000",1,1
"GO:0019695","choline metabolic process",11,0,0.91,"1.00000",1,1
"GO:0019732","antifungal humoral response",10,0,0.83,"1.00000",1,1
"GO:0019755","one-carbon compound transport",15,0,1.25,"1.00000",1,1
"GO:0019934","cGMP-mediated signaling",21,0,1.74,"1.00000",1,1
"GO:0021535","cell migration in hindbrain",11,0,0.91,"1.00000",1,1
"GO:0021591","ventricular system development",19,0,1.58,"1.00000",1,1
"GO:0021781","glial cell fate commitment",14,0,1.16,"1.00000",1,1
"GO:0021795","cerebral cortex cell migration",35,0,2.91,"1.00000",1,1
"GO:0021799","cerebral cortex radially oriented cell migration",15,0,1.25,"1.00000",1,1
"GO:0021800","cerebral cortex tangential migration",10,0,0.83,"1.00000",1,1
"GO:0021854","hypothalamus development",15,0,1.25,"1.00000",1,1
"GO:0021861","forebrain radial glial cell differentiation",10,0,0.83,"1.00000",1,1
"GO:0021889","olfactory bulb interneuron differentiation",14,0,1.16,"1.00000",1,1
"GO:0021891","olfactory bulb interneuron development",10,0,0.83,"1.00000",1,1
"GO:0021904","dorsal/ventral neural tube patterning",10,0,0.83,"1.00000",1,1
"GO:0021932","hindbrain radial glia guided cell migration",11,0,0.91,"1.00000",1,1
"GO:0021943","formation of radial glial scaffolds",10,0,0.83,"1.00000",1,1
"GO:0022416","chaeta development",13,0,1.08,"1.00000",1,1
"GO:0023058","adaptation of signaling pathway",10,0,0.83,"1.00000",1,1
"GO:0030149","sphingolipid catabolic process",19,0,1.58,"1.00000",1,1
"GO:0030150","protein import into mitochondrial matrix",12,0,1,"1.00000",1,1
"GO:0030195","negative regulation of blood coagulation",14,0,1.16,"1.00000",1,1
"GO:0030279","negative regulation of ossification",17,0,1.41,"1.00000",1,1
"GO:0030318","melanocyte differentiation",11,0,0.91,"1.00000",1,1
"GO:0030322","stabilization of membrane potential",17,0,1.41,"1.00000",1,1
"GO:0030488","tRNA methylation",19,0,1.58,"1.00000",1,1
"GO:0030490","maturation of SSU-rRNA",40,0,3.32,"1.00000",1,1
"GO:0030497","fatty acid elongation",12,0,1,"1.00000",1,1
"GO:0030511","positive regulation of transforming growth factor beta receptor signaling pathway",12,0,1,"1.00000",1,1
"GO:0030539","male genitalia development",18,0,1.49,"1.00000",1,1
"GO:0030575","nuclear body organization",11,0,0.91,"1.00000",1,1
"GO:0030708","germarium-derived female germ-line cyst encapsulation",12,0,1,"1.00000",1,1
"GO:0030713","follicle cell of egg chamber stalk formation",11,0,0.91,"1.00000",1,1
"GO:0030718","germ-line stem cell population maintenance",20,0,1.66,"1.00000",1,1
"GO:0030838","positive regulation of actin filament polymerization",10,0,0.83,"1.00000",1,1
"GO:0030858","positive regulation of epithelial cell differentiation",11,0,0.91,"1.00000",1,1
"GO:0030859","polarized epithelial cell differentiation",17,0,1.41,"1.00000",1,1
"GO:0030888","regulation of B cell proliferation",14,0,1.16,"1.00000",1,1
"GO:0030970","retrograde protein transport, ER to cytosol",17,0,1.41,"1.00000",1,1
"GO:0031063","regulation of histone deacetylation",17,0,1.41,"1.00000",1,1
"GO:0031065","positive regulation of histone deacetylation",15,0,1.25,"1.00000",1,1
"GO:0031069","hair follicle morphogenesis",12,0,1,"1.00000",1,1
"GO:0031076","embryonic camera-type eye development",31,0,2.57,"1.00000",1,1
"GO:0031112","positive regulation of microtubule polymerization or depolymerization",14,0,1.16,"1.00000",1,1
"GO:0031113","regulation of microtubule polymerization",22,0,1.83,"1.00000",1,1
"GO:0031116","positive regulation of microtubule polymerization",14,0,1.16,"1.00000",1,1
"GO:0031125","rRNA 3'-end processing",12,0,1,"1.00000",1,1
"GO:0031154","culmination involved in sorocarp development",14,0,1.16,"1.00000",1,1
"GO:0031163","metallo-sulfur cluster assembly",14,0,1.16,"1.00000",1,1
"GO:0031167","rRNA methylation",14,0,1.16,"1.00000",1,1
"GO:0031279","regulation of cyclase activity",47,0,3.9,"1.00000",1,1
"GO:0031280","negative regulation of cyclase activity",18,0,1.49,"1.00000",1,1
"GO:0031281","positive regulation of cyclase activity",13,0,1.08,"1.00000",1,1
"GO:0031293","membrane protein intracellular domain proteolysis",10,0,0.83,"1.00000",1,1
"GO:0031468","nuclear membrane reassembly",10,0,0.83,"1.00000",1,1
"GO:0031571","mitotic G1 DNA damage checkpoint signaling",29,0,2.41,"1.00000",1,1
"GO:0031573","mitotic intra-S DNA damage checkpoint signaling",14,0,1.16,"1.00000",1,1
"GO:0031577","spindle checkpoint signaling",23,0,1.91,"1.00000",1,1
"GO:0031581","hemidesmosome assembly",13,0,1.08,"1.00000",1,1
"GO:0031648","protein destabilization",21,0,1.74,"1.00000",1,1
"GO:0032008","positive regulation of TOR signaling",17,0,1.41,"1.00000",1,1
"GO:0032026","response to magnesium ion",16,0,1.33,"1.00000",1,1
"GO:0032042","mitochondrial DNA metabolic process",16,0,1.33,"1.00000",1,1
"GO:0032060","bleb assembly",15,0,1.25,"1.00000",1,1
"GO:0032148","activation of protein kinase B activity",10,0,0.83,"1.00000",1,1
"GO:0032206","positive regulation of telomere maintenance",34,0,2.82,"1.00000",1,1
"GO:0032212","positive regulation of telomere maintenance via telomerase",19,0,1.58,"1.00000",1,1
"GO:0032232","negative regulation of actin filament bundle assembly",11,0,0.91,"1.00000",1,1
"GO:0032239","regulation of nucleobase-containing compound transport",13,0,1.08,"1.00000",1,1
"GO:0032273","positive regulation of protein polymerization",25,0,2.08,"1.00000",1,1
"GO:0032330","regulation of chondrocyte differentiation",11,0,0.91,"1.00000",1,1
"GO:0032371","regulation of sterol transport",12,0,1,"1.00000",1,1
"GO:0032374","regulation of cholesterol transport",12,0,1,"1.00000",1,1
"GO:0032387","negative regulation of intracellular transport",26,0,2.16,"1.00000",1,1
"GO:0032456","endocytic recycling",39,0,3.24,"1.00000",1,1
"GO:0032469","endoplasmic reticulum calcium ion homeostasis",14,0,1.16,"1.00000",1,1
"GO:0032488","Cdc42 protein signal transduction",11,0,0.91,"1.00000",1,1
"GO:0032527","protein exit from endoplasmic reticulum",21,0,1.74,"1.00000",1,1
"GO:0032755","positive regulation of interleukin-6 production",18,0,1.49,"1.00000",1,1
"GO:0032768","regulation of monooxygenase activity",12,0,1,"1.00000",1,1
"GO:0032770","positive regulation of monooxygenase activity",10,0,0.83,"1.00000",1,1
"GO:0032875","regulation of DNA endoreduplication",10,0,0.83,"1.00000",1,1
"GO:0032964","collagen biosynthetic process",18,0,1.49,"1.00000",1,1
"GO:0032965","regulation of collagen biosynthetic process",17,0,1.41,"1.00000",1,1
"GO:0032967","positive regulation of collagen biosynthetic process",13,0,1.08,"1.00000",1,1
"GO:0032968","positive regulation of transcription elongation by RNA polymerase II",15,0,1.25,"1.00000",1,1
"GO:0033014","tetrapyrrole biosynthetic process",22,0,1.83,"1.00000",1,1
"GO:0033046","negative regulation of sister chromatid segregation",23,0,1.91,"1.00000",1,1
"GO:0033047","regulation of mitotic sister chromatid segregation",24,0,1.99,"1.00000",1,1
"GO:0033048","negative regulation of mitotic sister chromatid segregation",23,0,1.91,"1.00000",1,1
"GO:0033120","positive regulation of RNA splicing",18,0,1.49,"1.00000",1,1
"GO:0033137","negative regulation of peptidyl-serine phosphorylation",12,0,1,"1.00000",1,1
"GO:0033238","regulation of amine metabolic process",11,0,0.91,"1.00000",1,1
"GO:0033280","response to vitamin D",19,0,1.58,"1.00000",1,1
"GO:0033344","cholesterol efflux",21,0,1.74,"1.00000",1,1
"GO:0033539","fatty acid beta-oxidation using acyl-CoA dehydrogenase",15,0,1.25,"1.00000",1,1
"GO:0033617","mitochondrial cytochrome c oxidase assembly",11,0,0.91,"1.00000",1,1
"GO:0033631","cell-cell adhesion mediated by integrin",10,0,0.83,"1.00000",1,1
"GO:0033687","osteoblast proliferation",17,0,1.41,"1.00000",1,1
"GO:0033688","regulation of osteoblast proliferation",15,0,1.25,"1.00000",1,1
"GO:0033690","positive regulation of osteoblast proliferation",11,0,0.91,"1.00000",1,1
"GO:0033962","P-body assembly",11,0,0.91,"1.00000",1,1
"GO:0034058","endosomal vesicle fusion",17,0,1.41,"1.00000",1,1
"GO:0034086","maintenance of sister chromatid cohesion",12,0,1,"1.00000",1,1
"GO:0034088","maintenance of mitotic sister chromatid cohesion",12,0,1,"1.00000",1,1
"GO:0034091","regulation of maintenance of sister chromatid cohesion",10,0,0.83,"1.00000",1,1
"GO:0034109","homotypic cell-cell adhesion",27,0,2.24,"1.00000",1,1
"GO:0034110","regulation of homotypic cell-cell adhesion",19,0,1.58,"1.00000",1,1
"GO:0034112","positive regulation of homotypic cell-cell adhesion",10,0,0.83,"1.00000",1,1
"GO:0034182","regulation of maintenance of mitotic sister chromatid cohesion",10,0,0.83,"1.00000",1,1
"GO:0034198","cellular response to amino acid starvation",25,0,2.08,"1.00000",1,1
"GO:0034204","lipid translocation",27,0,2.24,"1.00000",1,1
"GO:0034205","amyloid-beta formation",19,0,1.58,"1.00000",1,1
"GO:0034260","negative regulation of GTPase activity",20,0,1.66,"1.00000",1,1
"GO:0034309","primary alcohol biosynthetic process",15,0,1.25,"1.00000",1,1
"GO:0034331","cell junction maintenance",16,0,1.33,"1.00000",1,1
"GO:0034332","adherens junction organization",20,0,1.66,"1.00000",1,1
"GO:0034340","response to type I interferon",14,0,1.16,"1.00000",1,1
"GO:0034389","lipid droplet organization",11,0,0.91,"1.00000",1,1
"GO:0034394","protein localization to cell surface",21,0,1.74,"1.00000",1,1
"GO:0034404","nucleobase-containing small molecule biosynthetic process",16,0,1.33,"1.00000",1,1
"GO:0034427","nuclear-transcribed mRNA catabolic process, exonucleolytic, 3'-5'",11,0,0.91,"1.00000",1,1
"GO:0034471","ncRNA 5'-end processing",12,0,1,"1.00000",1,1
"GO:0034633","retinol transport",10,0,0.83,"1.00000",1,1
"GO:0034661","ncRNA catabolic process",36,0,2.99,"1.00000",1,1
"GO:0034698","response to gonadotropin",10,0,0.83,"1.00000",1,1
"GO:0035006","melanization defense response",13,0,1.08,"1.00000",1,1
"GO:0035007","regulation of melanization defense response",10,0,0.83,"1.00000",1,1
"GO:0035019","somatic stem cell population maintenance",21,0,1.74,"1.00000",1,1
"GO:0035082","axoneme assembly",72,0,5.98,"1.00000",1,1
"GO:0035089","establishment of apical/basal cell polarity",11,0,0.91,"1.00000",1,1
"GO:0035115","embryonic forelimb morphogenesis",20,0,1.66,"1.00000",1,1
"GO:0035116","embryonic hindlimb morphogenesis",14,0,1.16,"1.00000",1,1
"GO:0035126","post-embryonic genitalia morphogenesis",10,0,0.83,"1.00000",1,1
"GO:0035136","forelimb morphogenesis",23,0,1.91,"1.00000",1,1
"GO:0035137","hindlimb morphogenesis",17,0,1.41,"1.00000",1,1
"GO:0035159","regulation of tube length, open tracheal system",10,0,0.83,"1.00000",1,1
"GO:0035161","imaginal disc lineage restriction",11,0,0.91,"1.00000",1,1
"GO:0035163","embryonic hemocyte differentiation",10,0,0.83,"1.00000",1,1
"GO:0035165","embryonic crystal cell differentiation",10,0,0.83,"1.00000",1,1
"GO:0035166","post-embryonic hemopoiesis",16,0,1.33,"1.00000",1,1
"GO:0035167","larval lymph gland hemopoiesis",13,0,1.08,"1.00000",1,1
"GO:0035168","larval lymph gland hemocyte differentiation",13,0,1.08,"1.00000",1,1
"GO:0035170","lymph gland crystal cell differentiation",10,0,0.83,"1.00000",1,1
"GO:0035171","lamellocyte differentiation",12,0,1,"1.00000",1,1
"GO:0035203","regulation of lamellocyte differentiation",11,0,0.91,"1.00000",1,1
"GO:0035204","negative regulation of lamellocyte differentiation",11,0,0.91,"1.00000",1,1
"GO:0035214","eye-antennal disc development",16,0,1.33,"1.00000",1,1
"GO:0035215","genital disc development",11,0,0.91,"1.00000",1,1
"GO:0035218","leg disc development",15,0,1.25,"1.00000",1,1
"GO:0035222","wing disc pattern formation",16,0,1.33,"1.00000",1,1
"GO:0035235","ionotropic glutamate receptor signaling pathway",16,0,1.33,"1.00000",1,1
"GO:0035268","protein mannosylation",15,0,1.25,"1.00000",1,1
"GO:0035269","protein O-linked mannosylation",13,0,1.08,"1.00000",1,1
"GO:0035285","appendage segmentation",13,0,1.08,"1.00000",1,1
"GO:0035385","Roundabout signaling pathway",11,0,0.91,"1.00000",1,1
"GO:0035455","response to interferon-alpha",17,0,1.41,"1.00000",1,1
"GO:0035459","vesicle cargo loading",11,0,0.91,"1.00000",1,1
"GO:0035493","SNARE complex assembly",13,0,1.08,"1.00000",1,1
"GO:0035510","DNA dealkylation",11,0,0.91,"1.00000",1,1
"GO:0035518","histone H2A monoubiquitination",10,0,0.83,"1.00000",1,1
"GO:0035562","negative regulation of chromatin binding",10,0,0.83,"1.00000",1,1
"GO:0035585","calcium-mediated signaling using extracellular calcium source",12,0,1,"1.00000",1,1
"GO:0035886","vascular associated smooth muscle cell differentiation",13,0,1.08,"1.00000",1,1
"GO:0035999","tetrahydrofolate interconversion",15,0,1.25,"1.00000",1,1
"GO:0036010","protein localization to endosome",12,0,1,"1.00000",1,1
"GO:0036011","imaginal disc-derived leg segmentation",13,0,1.08,"1.00000",1,1
"GO:0036093","germ cell proliferation",11,0,0.91,"1.00000",1,1
"GO:0036099","female germ-line stem cell population maintenance",13,0,1.08,"1.00000",1,1
"GO:0036119","response to platelet-derived growth factor",11,0,0.91,"1.00000",1,1
"GO:0036120","cellular response to platelet-derived growth factor stimulus",11,0,0.91,"1.00000",1,1
"GO:0036158","outer dynein arm assembly",26,0,2.16,"1.00000",1,1
"GO:0036159","inner dynein arm assembly",22,0,1.83,"1.00000",1,1
"GO:0036498","IRE1-mediated unfolded protein response",16,0,1.33,"1.00000",1,1
"GO:0038179","neurotrophin signaling pathway",15,0,1.25,"1.00000",1,1
"GO:0039529","RIG-I signaling pathway",12,0,1,"1.00000",1,1
"GO:0039535","regulation of RIG-I signaling pathway",11,0,0.91,"1.00000",1,1
"GO:0040036","regulation of fibroblast growth factor receptor signaling pathway",14,0,1.16,"1.00000",1,1
"GO:0042045","epithelial fluid transport",10,0,0.83,"1.00000",1,1
"GO:0042058","regulation of epidermal growth factor receptor signaling pathway",31,0,2.57,"1.00000",1,1
"GO:0042059","negative regulation of epidermal growth factor receptor signaling pathway",20,0,1.66,"1.00000",1,1
"GO:0042067","establishment of ommatidial planar polarity",19,0,1.58,"1.00000",1,1
"GO:0042100","B cell proliferation",19,0,1.58,"1.00000",1,1
"GO:0042267","natural killer cell mediated cytotoxicity",10,0,0.83,"1.00000",1,1
"GO:0042268","regulation of cytolysis",13,0,1.08,"1.00000",1,1
"GO:0042304","regulation of fatty acid biosynthetic process",10,0,0.83,"1.00000",1,1
"GO:0042335","cuticle development",13,0,1.08,"1.00000",1,1
"GO:0042386","hemocyte differentiation",26,0,2.16,"1.00000",1,1
"GO:0042403","thyroid hormone metabolic process",15,0,1.25,"1.00000",1,1
"GO:0042455","ribonucleoside biosynthetic process",10,0,0.83,"1.00000",1,1
"GO:0042478","regulation of eye photoreceptor cell development",10,0,0.83,"1.00000",1,1
"GO:0042596","fear response",17,0,1.41,"1.00000",1,1
"GO:0042675","compound eye cone cell differentiation",10,0,0.83,"1.00000",1,1
"GO:0042688","crystal cell differentiation",13,0,1.08,"1.00000",1,1
"GO:0042689","regulation of crystal cell differentiation",13,0,1.08,"1.00000",1,1
"GO:0042691","positive regulation of crystal cell differentiation",11,0,0.91,"1.00000",1,1
"GO:0042693","muscle cell fate commitment",19,0,1.58,"1.00000",1,1
"GO:0042706","eye photoreceptor cell fate commitment",16,0,1.33,"1.00000",1,1
"GO:0042733","embryonic digit morphogenesis",56,0,4.65,"1.00000",1,1
"GO:0042761","very long-chain fatty acid biosynthetic process",11,0,0.91,"1.00000",1,1
"GO:0042772","DNA damage response, signal transduction resulting in transcription",14,0,1.16,"1.00000",1,1
"GO:0042790","nucleolar large rRNA transcription by RNA polymerase I",10,0,0.83,"1.00000",1,1
"GO:0042940","D-amino acid transport",11,0,0.91,"1.00000",1,1
"GO:0042982","amyloid precursor protein metabolic process",25,0,2.08,"1.00000",1,1
"GO:0042987","amyloid precursor protein catabolic process",23,0,1.91,"1.00000",1,1
"GO:0043001","Golgi to plasma membrane protein transport",36,0,2.99,"1.00000",1,1
"GO:0043029","T cell homeostasis",23,0,1.91,"1.00000",1,1
"GO:0043132","NAD transport",13,0,1.08,"1.00000",1,1
"GO:0043268","positive regulation of potassium ion transport",18,0,1.49,"1.00000",1,1
"GO:0043278","response to morphine",10,0,0.83,"1.00000",1,1
"GO:0043330","response to exogenous dsRNA",11,0,0.91,"1.00000",1,1
"GO:0043331","response to dsRNA",25,0,2.08,"1.00000",1,1
"GO:0043368","positive T cell selection",10,0,0.83,"1.00000",1,1
"GO:0043370","regulation of CD4-positive, alpha-beta T cell differentiation",26,0,2.16,"1.00000",1,1
"GO:0043371","negative regulation of CD4-positive, alpha-beta T cell differentiation",14,0,1.16,"1.00000",1,1
"GO:0043372","positive regulation of CD4-positive, alpha-beta T cell differentiation",18,0,1.49,"1.00000",1,1
"GO:0043403","skeletal muscle tissue regeneration",13,0,1.08,"1.00000",1,1
"GO:0043455","regulation of secondary metabolic process",16,0,1.33,"1.00000",1,1
"GO:0043457","regulation of cellular respiration",14,0,1.16,"1.00000",1,1
"GO:0043470","regulation of carbohydrate catabolic process",33,0,2.74,"1.00000",1,1
"GO:0043502","regulation of muscle adaptation",33,0,2.74,"1.00000",1,1
"GO:0043525","positive regulation of neuron apoptotic process",43,0,3.57,"1.00000",1,1
"GO:0043650","dicarboxylic acid biosynthetic process",10,0,0.83,"1.00000",1,1
"GO:0043696","dedifferentiation",12,0,1,"1.00000",1,1
"GO:0043697","cell dedifferentiation",12,0,1,"1.00000",1,1
"GO:0043928","exonucleolytic catabolism of deadenylated mRNA",13,0,1.08,"1.00000",1,1
"GO:0043949","regulation of cAMP-mediated signaling",12,0,1,"1.00000",1,1
"GO:0043954","cellular component maintenance",21,0,1.74,"1.00000",1,1
"GO:0044088","regulation of vacuole organization",26,0,2.16,"1.00000",1,1
"GO:0044331","cell-cell adhesion mediated by cadherin",17,0,1.41,"1.00000",1,1
"GO:0044332","Wnt signaling pathway involved in dorsal/ventral axis specification",19,0,1.58,"1.00000",1,1
"GO:0044346","fibroblast apoptotic process",12,0,1,"1.00000",1,1
"GO:0044458","motile cilium assembly",31,0,2.57,"1.00000",1,1
"GO:0044773","mitotic DNA damage checkpoint signaling",61,0,5.06,"1.00000",1,1
"GO:0044774","mitotic DNA integrity checkpoint signaling",63,0,5.23,"1.00000",1,1
"GO:0044818","mitotic G2/M transition checkpoint",22,0,1.83,"1.00000",1,1
"GO:0044819","mitotic G1/S transition checkpoint signaling",29,0,2.41,"1.00000",1,1
"GO:0045022","early endosome to late endosome transport",23,0,1.91,"1.00000",1,1
"GO:0045056","transcytosis",10,0,0.83,"1.00000",1,1
"GO:0045058","T cell selection",10,0,0.83,"1.00000",1,1
"GO:0045066","regulatory T cell differentiation",14,0,1.16,"1.00000",1,1
"GO:0045123","cellular extravasation",10,0,0.83,"1.00000",1,1
"GO:0045168","cell-cell signaling involved in cell fate commitment",14,0,1.16,"1.00000",1,1
"GO:0045176","apical protein localization",10,0,0.83,"1.00000",1,1
"GO:0045217","cell-cell junction maintenance",10,0,0.83,"1.00000",1,1
"GO:0045314","regulation of compound eye photoreceptor development",10,0,0.83,"1.00000",1,1
"GO:0045332","phospholipid translocation",26,0,2.16,"1.00000",1,1
"GO:0045463","R8 cell development",10,0,0.83,"1.00000",1,1
"GO:0045465","R8 cell differentiation",11,0,0.91,"1.00000",1,1
"GO:0045580","regulation of T cell differentiation",55,0,4.57,"1.00000",1,1
"GO:0045581","negative regulation of T cell differentiation",19,0,1.58,"1.00000",1,1
"GO:0045582","positive regulation of T cell differentiation",38,0,3.15,"1.00000",1,1
"GO:0045589","regulation of regulatory T cell differentiation",12,0,1,"1.00000",1,1
"GO:0045610","regulation of hemocyte differentiation",25,0,2.08,"1.00000",1,1
"GO:0045611","negative regulation of hemocyte differentiation",12,0,1,"1.00000",1,1
"GO:0045612","positive regulation of hemocyte differentiation",11,0,0.91,"1.00000",1,1
"GO:0045620","negative regulation of lymphocyte differentiation",20,0,1.66,"1.00000",1,1
"GO:0045621","positive regulation of lymphocyte differentiation",46,0,3.82,"1.00000",1,1
"GO:0045622","regulation of T-helper cell differentiation",22,0,1.83,"1.00000",1,1
"GO:0045623","negative regulation of T-helper cell differentiation",11,0,0.91,"1.00000",1,1
"GO:0045624","positive regulation of T-helper cell differentiation",18,0,1.49,"1.00000",1,1
"GO:0045668","negative regulation of osteoblast differentiation",21,0,1.74,"1.00000",1,1
"GO:0045671","negative regulation of osteoclast differentiation",10,0,0.83,"1.00000",1,1
"GO:0045685","regulation of glial cell differentiation",29,0,2.41,"1.00000",1,1
"GO:0045686","negative regulation of glial cell differentiation",13,0,1.08,"1.00000",1,1
"GO:0045687","positive regulation of glial cell differentiation",17,0,1.41,"1.00000",1,1
"GO:0045724","positive regulation of cilium assembly",23,0,1.91,"1.00000",1,1
"GO:0045737","positive regulation of cyclin-dependent protein serine/threonine kinase activity",12,0,1,"1.00000",1,1
"GO:0045739","positive regulation of DNA repair",39,0,3.24,"1.00000",1,1
"GO:0045744","negative regulation of G protein-coupled receptor signaling pathway",13,0,1.08,"1.00000",1,1
"GO:0045761","regulation of adenylate cyclase activity",44,0,3.65,"1.00000",1,1
"GO:0045762","positive regulation of adenylate cyclase activity",10,0,0.83,"1.00000",1,1
"GO:0045776","negative regulation of blood pressure",20,0,1.66,"1.00000",1,1
"GO:0045794","negative regulation of cell volume",14,0,1.16,"1.00000",1,1
"GO:0045821","positive regulation of glycolytic process",17,0,1.41,"1.00000",1,1
"GO:0045830","positive regulation of isotype switching",10,0,0.83,"1.00000",1,1
"GO:0045833","negative regulation of lipid metabolic process",27,0,2.24,"1.00000",1,1
"GO:0045839","negative regulation of mitotic nuclear division",27,0,2.24,"1.00000",1,1
"GO:0045841","negative regulation of mitotic metaphase/anaphase transition",22,0,1.83,"1.00000",1,1
"GO:0045879","negative regulation of smoothened signaling pathway",24,0,1.99,"1.00000",1,1
"GO:0045886","negative regulation of synaptic assembly at neuromuscular junction",10,0,0.83,"1.00000",1,1
"GO:0045911","positive regulation of DNA recombination",14,0,1.16,"1.00000",1,1
"GO:0045913","positive regulation of carbohydrate metabolic process",25,0,2.08,"1.00000",1,1
"GO:0045919","positive regulation of cytolysis",13,0,1.08,"1.00000",1,1
"GO:0045932","negative regulation of muscle contraction",11,0,0.91,"1.00000",1,1
"GO:0045939","negative regulation of steroid metabolic process",11,0,0.91,"1.00000",1,1
"GO:0045940","positive regulation of steroid metabolic process",10,0,0.83,"1.00000",1,1
"GO:0045948","positive regulation of translational initiation",15,0,1.25,"1.00000",1,1
"GO:0046036","CTP metabolic process",12,0,1,"1.00000",1,1
"GO:0046039","GTP metabolic process",23,0,1.91,"1.00000",1,1
"GO:0046068","cGMP metabolic process",21,0,1.74,"1.00000",1,1
"GO:0046113","nucleobase catabolic process",10,0,0.83,"1.00000",1,1
"GO:0046164","alcohol catabolic process",25,0,2.08,"1.00000",1,1
"GO:0046184","aldehyde biosynthetic process",13,0,1.08,"1.00000",1,1
"GO:0046331","lateral inhibition",13,0,1.08,"1.00000",1,1
"GO:0046386","deoxyribose phosphate catabolic process",10,0,0.83,"1.00000",1,1
"GO:0046470","phosphatidylcholine metabolic process",22,0,1.83,"1.00000",1,1
"GO:0046477","glycosylceramide catabolic process",12,0,1,"1.00000",1,1
"GO:0046479","glycosphingolipid catabolic process",14,0,1.16,"1.00000",1,1
"GO:0046514","ceramide catabolic process",15,0,1.25,"1.00000",1,1
"GO:0046532","regulation of photoreceptor cell differentiation",15,0,1.25,"1.00000",1,1
"GO:0046552","photoreceptor cell fate commitment",16,0,1.33,"1.00000",1,1
"GO:0046626","regulation of insulin receptor signaling pathway",24,0,1.99,"1.00000",1,1
"GO:0046627","negative regulation of insulin receptor signaling pathway",18,0,1.49,"1.00000",1,1
"GO:0046635","positive regulation of alpha-beta T cell activation",29,0,2.41,"1.00000",1,1
"GO:0046637","regulation of alpha-beta T cell differentiation",31,0,2.57,"1.00000",1,1
"GO:0046638","positive regulation of alpha-beta T cell differentiation",26,0,2.16,"1.00000",1,1
"GO:0046639","negative regulation of alpha-beta T cell differentiation",15,0,1.25,"1.00000",1,1
"GO:0046677","response to antibiotic",38,0,3.15,"1.00000",1,1
"GO:0046688","response to copper ion",10,0,0.83,"1.00000",1,1
"GO:0046785","microtubule polymerization",35,0,2.91,"1.00000",1,1
"GO:0046823","negative regulation of nucleocytoplasmic transport",10,0,0.83,"1.00000",1,1
"GO:0046831","regulation of RNA export from nucleus",11,0,0.91,"1.00000",1,1
"GO:0046843","dorsal appendage formation",12,0,1,"1.00000",1,1
"GO:0046854","phosphatidylinositol phosphate biosynthetic process",11,0,0.91,"1.00000",1,1
"GO:0046864","isoprenoid transport",10,0,0.83,"1.00000",1,1
"GO:0046865","terpenoid transport",10,0,0.83,"1.00000",1,1
"GO:0046931","pore complex assembly",23,0,1.91,"1.00000",1,1
"GO:0048009","insulin-like growth factor receptor signaling pathway",12,0,1,"1.00000",1,1
"GO:0048011","neurotrophin TRK receptor signaling pathway",12,0,1,"1.00000",1,1
"GO:0048056","R3/R4 cell differentiation",10,0,0.83,"1.00000",1,1
"GO:0048138","germ-line cyst encapsulation",12,0,1,"1.00000",1,1
"GO:0048139","female germ-line cyst encapsulation",12,0,1,"1.00000",1,1
"GO:0048146","positive regulation of fibroblast proliferation",30,0,2.49,"1.00000",1,1
"GO:0048190","wing disc dorsal/ventral pattern formation",13,0,1.08,"1.00000",1,1
"GO:0048261","negative regulation of receptor-mediated endocytosis",12,0,1,"1.00000",1,1
"GO:0048384","retinoic acid receptor signaling pathway",16,0,1.33,"1.00000",1,1
"GO:0048499","synaptic vesicle membrane organization",10,0,0.83,"1.00000",1,1
"GO:0048542","lymph gland development",14,0,1.16,"1.00000",1,1
"GO:0048546","digestive tract morphogenesis",34,0,2.82,"1.00000",1,1
"GO:0048557","embryonic digestive tract morphogenesis",10,0,0.83,"1.00000",1,1
"GO:0048566","embryonic digestive tract development",16,0,1.33,"1.00000",1,1
"GO:0048596","embryonic camera-type eye morphogenesis",26,0,2.16,"1.00000",1,1
"GO:0048619","embryonic hindgut morphogenesis",11,0,0.91,"1.00000",1,1
"GO:0048630","skeletal muscle tissue growth",12,0,1,"1.00000",1,1
"GO:0048631","regulation of skeletal muscle tissue growth",12,0,1,"1.00000",1,1
"GO:0048710","regulation of astrocyte differentiation",14,0,1.16,"1.00000",1,1
"GO:0048713","regulation of oligodendrocyte differentiation",14,0,1.16,"1.00000",1,1
"GO:0048730","epidermis morphogenesis",13,0,1.08,"1.00000",1,1
"GO:0048741","skeletal muscle fiber development",10,0,0.83,"1.00000",1,1
"GO:0048745","smooth muscle tissue development",16,0,1.33,"1.00000",1,1
"GO:0048791","calcium ion-regulated exocytosis of neurotransmitter",28,0,2.32,"1.00000",1,1
"GO:0048803","imaginal disc-derived male genitalia morphogenesis",10,0,0.83,"1.00000",1,1
"GO:0048805","imaginal disc-derived genitalia morphogenesis",10,0,0.83,"1.00000",1,1
"GO:0048808","male genitalia morphogenesis",11,0,0.91,"1.00000",1,1
"GO:0048881","mechanosensory lateral line system development",11,0,0.91,"1.00000",1,1
"GO:0048882","lateral line development",10,0,0.83,"1.00000",1,1
"GO:0048915","posterior lateral line system development",11,0,0.91,"1.00000",1,1
"GO:0048925","lateral line system development",14,0,1.16,"1.00000",1,1
"GO:0050435","amyloid-beta metabolic process",22,0,1.83,"1.00000",1,1
"GO:0050667","homocysteine metabolic process",14,0,1.16,"1.00000",1,1
"GO:0050685","positive regulation of mRNA processing",11,0,0.91,"1.00000",1,1
"GO:0050819","negative regulation of coagulation",16,0,1.33,"1.00000",1,1
"GO:0050853","B cell receptor signaling pathway",15,0,1.25,"1.00000",1,1
"GO:0050854","regulation of antigen receptor-mediated signaling pathway",26,0,2.16,"1.00000",1,1
"GO:0050856","regulation of T cell receptor signaling pathway",19,0,1.58,"1.00000",1,1
"GO:0050871","positive regulation of B cell activation",24,0,1.99,"1.00000",1,1
"GO:0050893","sensory processing",12,0,1,"1.00000",1,1
"GO:0050908","detection of light stimulus involved in visual perception",13,0,1.08,"1.00000",1,1
"GO:0050955","thermoception",23,0,1.91,"1.00000",1,1
"GO:0050962","detection of light stimulus involved in sensory perception",13,0,1.08,"1.00000",1,1
"GO:0050966","detection of mechanical stimulus involved in sensory perception of pain",29,0,2.41,"1.00000",1,1
"GO:0050968","detection of chemical stimulus involved in sensory perception of pain",27,0,2.24,"1.00000",1,1
"GO:0050994","regulation of lipid catabolic process",11,0,0.91,"1.00000",1,1
"GO:0050999","regulation of nitric-oxide synthase activity",12,0,1,"1.00000",1,1
"GO:0051000","positive regulation of nitric-oxide synthase activity",10,0,0.83,"1.00000",1,1
"GO:0051055","negative regulation of lipid biosynthetic process",21,0,1.74,"1.00000",1,1
"GO:0051084","'de novo' post-translational protein folding",10,0,0.83,"1.00000",1,1
"GO:0051145","smooth muscle cell differentiation",32,0,2.66,"1.00000",1,1
"GO:0051148","negative regulation of muscle cell differentiation",22,0,1.83,"1.00000",1,1
"GO:0051150","regulation of smooth muscle cell differentiation",20,0,1.66,"1.00000",1,1
"GO:0051151","negative regulation of smooth muscle cell differentiation",12,0,1,"1.00000",1,1
"GO:0051154","negative regulation of striated muscle cell differentiation",10,0,0.83,"1.00000",1,1
"GO:0051204","protein insertion into mitochondrial membrane",16,0,1.33,"1.00000",1,1
"GO:0051205","protein insertion into membrane",24,0,1.99,"1.00000",1,1
"GO:0051209","release of sequestered calcium ion into cytosol",43,0,3.57,"1.00000",1,1
"GO:0051279","regulation of release of sequestered calcium ion into cytosol",24,0,1.99,"1.00000",1,1
"GO:0051281","positive regulation of release of sequestered calcium ion into cytosol",12,0,1,"1.00000",1,1
"GO:0051284","positive regulation of sequestering of calcium ion",10,0,0.83,"1.00000",1,1
"GO:0051290","protein heterotetramerization",27,0,2.24,"1.00000",1,1
"GO:0051294","establishment of spindle orientation",19,0,1.58,"1.00000",1,1
"GO:0051306","mitotic sister chromatid separation",31,0,2.57,"1.00000",1,1
"GO:0051339","regulation of lyase activity",48,0,3.99,"1.00000",1,1
"GO:0051341","regulation of oxidoreductase activity",27,0,2.24,"1.00000",1,1
"GO:0051349","positive regulation of lyase activity",12,0,1,"1.00000",1,1
"GO:0051350","negative regulation of lyase activity",20,0,1.66,"1.00000",1,1
"GO:0051353","positive regulation of oxidoreductase activity",16,0,1.33,"1.00000",1,1
"GO:0051447","negative regulation of meiotic cell cycle",11,0,0.91,"1.00000",1,1
"GO:0051497","negative regulation of stress fiber assembly",10,0,0.83,"1.00000",1,1
"GO:0051503","adenine nucleotide transport",17,0,1.41,"1.00000",1,1
"GO:0051593","response to folic acid",10,0,0.83,"1.00000",1,1
"GO:0051597","response to methylmercury",15,0,1.25,"1.00000",1,1
"GO:0051645","Golgi localization",10,0,0.83,"1.00000",1,1
"GO:0051657","maintenance of organelle location",10,0,0.83,"1.00000",1,1
"GO:0051709","regulation of killing of cells of another organism",21,0,1.74,"1.00000",1,1
"GO:0051782","negative regulation of cell division",12,0,1,"1.00000",1,1
"GO:0051784","negative regulation of nuclear division",33,0,2.74,"1.00000",1,1
"GO:0051882","mitochondrial depolarization",24,0,1.99,"1.00000",1,1
"GO:0051890","regulation of cardioblast differentiation",10,0,0.83,"1.00000",1,1
"GO:0051900","regulation of mitochondrial depolarization",23,0,1.91,"1.00000",1,1
"GO:0051901","positive regulation of mitochondrial depolarization",15,0,1.25,"1.00000",1,1
"GO:0051923","sulfation",12,0,1,"1.00000",1,1
"GO:0051938","L-glutamate import",18,0,1.49,"1.00000",1,1
"GO:0051964","negative regulation of synapse assembly",19,0,1.58,"1.00000",1,1
"GO:0051973","positive regulation of telomerase activity",17,0,1.41,"1.00000",1,1
"GO:0051984","positive regulation of chromosome segregation",10,0,0.83,"1.00000",1,1
"GO:0051985","negative regulation of chromosome segregation",23,0,1.91,"1.00000",1,1
"GO:0060037","pharyngeal system development",15,0,1.25,"1.00000",1,1
"GO:0060259","regulation of feeding behavior",11,0,0.91,"1.00000",1,1
"GO:0060289","compartment boundary maintenance",10,0,0.83,"1.00000",1,1
"GO:0060295","regulation of cilium movement involved in cell motility",12,0,1,"1.00000",1,1
"GO:0060333","type II interferon-mediated signaling pathway",12,0,1,"1.00000",1,1
"GO:0060337","type I interferon-mediated signaling pathway",10,0,0.83,"1.00000",1,1
"GO:0060385","axonogenesis involved in innervation",10,0,0.83,"1.00000",1,1
"GO:0060390","regulation of SMAD protein signal transduction",10,0,0.83,"1.00000",1,1
"GO:0060395","SMAD protein signal transduction",29,0,2.41,"1.00000",1,1
"GO:0060402","calcium ion transport into cytosol",34,0,2.82,"1.00000",1,1
"GO:0060412","ventricular septum morphogenesis",26,0,2.16,"1.00000",1,1
"GO:0060425","lung morphogenesis",20,0,1.66,"1.00000",1,1
"GO:0060441","epithelial tube branching involved in lung morphogenesis",10,0,0.83,"1.00000",1,1
"GO:0060512","prostate gland morphogenesis",11,0,0.91,"1.00000",1,1
"GO:0060561","apoptotic process involved in morphogenesis",21,0,1.74,"1.00000",1,1
"GO:0060571","morphogenesis of an epithelial fold",18,0,1.49,"1.00000",1,1
"GO:0060582","cell fate determination involved in pattern specification",11,0,0.91,"1.00000",1,1
"GO:0060602","branch elongation of an epithelium",12,0,1,"1.00000",1,1
"GO:0060632","regulation of microtubule-based movement",25,0,2.08,"1.00000",1,1
"GO:0060740","prostate gland epithelium morphogenesis",10,0,0.83,"1.00000",1,1
"GO:0060761","negative regulation of response to cytokine stimulus",37,0,3.07,"1.00000",1,1
"GO:0060841","venous blood vessel development",11,0,0.91,"1.00000",1,1
"GO:0060872","semicircular canal development",11,0,0.91,"1.00000",1,1
"GO:0060911","cardiac cell fate commitment",12,0,1,"1.00000",1,1
"GO:0060912","cardiac cell fate specification",10,0,0.83,"1.00000",1,1
"GO:0061035","regulation of cartilage development",21,0,1.74,"1.00000",1,1
"GO:0061036","positive regulation of cartilage development",14,0,1.16,"1.00000",1,1
"GO:0061049","cell growth involved in cardiac muscle cell development",10,0,0.83,"1.00000",1,1
"GO:0061097","regulation of protein tyrosine kinase activity",27,0,2.24,"1.00000",1,1
"GO:0061098","positive regulation of protein tyrosine kinase activity",14,0,1.16,"1.00000",1,1
"GO:0061099","negative regulation of protein tyrosine kinase activity",12,0,1,"1.00000",1,1
"GO:0061162","establishment of monopolar cell polarity",11,0,0.91,"1.00000",1,1
"GO:0061307","cardiac neural crest cell differentiation involved in heart development",14,0,1.16,"1.00000",1,1
"GO:0061311","cell surface receptor signaling pathway involved in heart development",20,0,1.66,"1.00000",1,1
"GO:0061323","cell proliferation involved in heart morphogenesis",25,0,2.08,"1.00000",1,1
"GO:0061339","establishment or maintenance of monopolar cell polarity",11,0,0.91,"1.00000",1,1
"GO:0061462","protein localization to lysosome",22,0,1.83,"1.00000",1,1
"GO:0061512","protein localization to cilium",25,0,2.08,"1.00000",1,1
"GO:0061548","ganglion development",10,0,0.83,"1.00000",1,1
"GO:0061580","colon epithelial cell migration",11,0,0.91,"1.00000",1,1
"GO:0061582","intestinal epithelial cell migration",12,0,1,"1.00000",1,1
"GO:0061724","lipophagy",14,0,1.16,"1.00000",1,1
"GO:0061844","antimicrobial humoral immune response mediated by antimicrobial peptide",17,0,1.41,"1.00000",1,1
"GO:0062013","positive regulation of small molecule metabolic process",45,0,3.74,"1.00000",1,1
"GO:0062014","negative regulation of small molecule metabolic process",26,0,2.16,"1.00000",1,1
"GO:0062125","regulation of mitochondrial gene expression",10,0,0.83,"1.00000",1,1
"GO:0062237","protein localization to postsynapse",12,0,1,"1.00000",1,1
"GO:0070091","glucagon secretion",11,0,0.91,"1.00000",1,1
"GO:0070092","regulation of glucagon secretion",11,0,0.91,"1.00000",1,1
"GO:0070129","regulation of mitochondrial translation",10,0,0.83,"1.00000",1,1
"GO:0070198","protein localization to chromosome, telomeric region",24,0,1.99,"1.00000",1,1
"GO:0070199","establishment of protein localization to chromosome",10,0,0.83,"1.00000",1,1
"GO:0070208","protein heterotrimerization",16,0,1.33,"1.00000",1,1
"GO:0070230","positive regulation of lymphocyte apoptotic process",16,0,1.33,"1.00000",1,1
"GO:0070286","axonemal dynein complex assembly",45,0,3.74,"1.00000",1,1
"GO:0070296","sarcoplasmic reticulum calcium ion transport",12,0,1,"1.00000",1,1
"GO:0070417","cellular response to cold",18,0,1.49,"1.00000",1,1
"GO:0070527","platelet aggregation",12,0,1,"1.00000",1,1
"GO:0070544","histone H3-K36 demethylation",11,0,0.91,"1.00000",1,1
"GO:0070777","D-aspartate transport",11,0,0.91,"1.00000",1,1
"GO:0070779","D-aspartate import across plasma membrane",11,0,0.91,"1.00000",1,1
"GO:0070861","regulation of protein exit from endoplasmic reticulum",10,0,0.83,"1.00000",1,1
"GO:0070979","protein K11-linked ubiquitination",20,0,1.66,"1.00000",1,1
"GO:0071025","RNA surveillance",18,0,1.49,"1.00000",1,1
"GO:0071027","nuclear RNA surveillance",16,0,1.33,"1.00000",1,1
"GO:0071028","nuclear mRNA surveillance",13,0,1.08,"1.00000",1,1
"GO:0071044","histone mRNA catabolic process",17,0,1.41,"1.00000",1,1
"GO:0071173","spindle assembly checkpoint signaling",22,0,1.83,"1.00000",1,1
"GO:0071174","mitotic spindle checkpoint signaling",22,0,1.83,"1.00000",1,1
"GO:0071230","cellular response to amino acid stimulus",40,0,3.32,"1.00000",1,1
"GO:0071236","cellular response to antibiotic",11,0,0.91,"1.00000",1,1
"GO:0071244","cellular response to carbon dioxide",10,0,0.83,"1.00000",1,1
"GO:0071286","cellular response to magnesium ion",13,0,1.08,"1.00000",1,1
"GO:0071294","cellular response to zinc ion",12,0,1,"1.00000",1,1
"GO:0071305","cellular response to vitamin D",13,0,1.08,"1.00000",1,1
"GO:0071312","cellular response to alkaloid",15,0,1.25,"1.00000",1,1
"GO:0071318","cellular response to ATP",14,0,1.16,"1.00000",1,1
"GO:0071340","skeletal muscle acetylcholine-gated channel clustering",14,0,1.16,"1.00000",1,1
"GO:0071357","cellular response to type I interferon",10,0,0.83,"1.00000",1,1
"GO:0071359","cellular response to dsRNA",19,0,1.58,"1.00000",1,1
"GO:0071498","cellular response to fluid shear stress",14,0,1.16,"1.00000",1,1
"GO:0071599","otic vesicle development",13,0,1.08,"1.00000",1,1
"GO:0071600","otic vesicle morphogenesis",12,0,1,"1.00000",1,1
"GO:0071603","endothelial cell-cell adhesion",13,0,1.08,"1.00000",1,1
"GO:0071624","positive regulation of granulocyte chemotaxis",13,0,1.08,"1.00000",1,1
"GO:0071712","ER-associated misfolded protein catabolic process",14,0,1.16,"1.00000",1,1
"GO:0071763","nuclear membrane organization",13,0,1.08,"1.00000",1,1
"GO:0071825","protein-lipid complex organization",11,0,0.91,"1.00000",1,1
"GO:0071938","vitamin A transport",10,0,0.83,"1.00000",1,1
"GO:0071939","vitamin A import into cell",10,0,0.83,"1.00000",1,1
"GO:0071941","nitrogen cycle metabolic process",11,0,0.91,"1.00000",1,1
"GO:0072002","Malpighian tubule development",11,0,0.91,"1.00000",1,1
"GO:0072160","nephron tubule epithelial cell differentiation",17,0,1.41,"1.00000",1,1
"GO:0072182","regulation of nephron tubule epithelial cell differentiation",16,0,1.33,"1.00000",1,1
"GO:0072257","metanephric nephron tubule epithelial cell differentiation",14,0,1.16,"1.00000",1,1
"GO:0072307","regulation of metanephric nephron tubule epithelial cell differentiation",14,0,1.16,"1.00000",1,1
"GO:0072348","sulfur compound transport",23,0,1.91,"1.00000",1,1
"GO:0072523","purine-containing compound catabolic process",35,0,2.91,"1.00000",1,1
"GO:0072529","pyrimidine-containing compound catabolic process",11,0,0.91,"1.00000",1,1
"GO:0072538","T-helper 17 type immune response",14,0,1.16,"1.00000",1,1
"GO:0072539","T-helper 17 cell differentiation",14,0,1.16,"1.00000",1,1
"GO:0072658","maintenance of protein location in membrane",10,0,0.83,"1.00000",1,1
"GO:0072660","maintenance of protein location in plasma membrane",10,0,0.83,"1.00000",1,1
"GO:0072676","lymphocyte migration",23,0,1.91,"1.00000",1,1
"GO:0072697","protein localization to cell cortex",11,0,0.91,"1.00000",1,1
"GO:0080009","mRNA methylation",10,0,0.83,"1.00000",1,1
"GO:0085029","extracellular matrix assembly",14,0,1.16,"1.00000",1,1
"GO:0086012","membrane depolarization during cardiac muscle cell action potential",15,0,1.25,"1.00000",1,1
"GO:0089718","amino acid import across plasma membrane",21,0,1.74,"1.00000",1,1
"GO:0090022","regulation of neutrophil chemotaxis",16,0,1.33,"1.00000",1,1
"GO:0090023","positive regulation of neutrophil chemotaxis",13,0,1.08,"1.00000",1,1
"GO:0090084","negative regulation of inclusion body assembly",24,0,1.99,"1.00000",1,1
"GO:0090103","cochlea morphogenesis",15,0,1.25,"1.00000",1,1
"GO:0090136","epithelial cell-cell adhesion",19,0,1.58,"1.00000",1,1
"GO:0090151","establishment of protein localization to mitochondrial membrane",16,0,1.33,"1.00000",1,1
"GO:0090169","regulation of spindle assembly",17,0,1.41,"1.00000",1,1
"GO:0090231","regulation of spindle checkpoint",10,0,0.83,"1.00000",1,1
"GO:0090266","regulation of mitotic cell cycle spindle assembly checkpoint",10,0,0.83,"1.00000",1,1
"GO:0090311","regulation of protein deacetylation",18,0,1.49,"1.00000",1,1
"GO:0090312","positive regulation of protein deacetylation",16,0,1.33,"1.00000",1,1
"GO:0090317","negative regulation of intracellular protein transport",21,0,1.74,"1.00000",1,1
"GO:0090398","cellular senescence",32,0,2.66,"1.00000",1,1
"GO:0090598","male anatomical structure morphogenesis",11,0,0.91,"1.00000",1,1
"GO:0090659","walking behavior",15,0,1.25,"1.00000",1,1
"GO:0095500","acetylcholine receptor signaling pathway",18,0,1.49,"1.00000",1,1
"GO:0097021","lymphocyte migration into lymphoid organs",13,0,1.08,"1.00000",1,1
"GO:0097035","regulation of membrane lipid distribution",27,0,2.24,"1.00000",1,1
"GO:0097104","postsynaptic membrane assembly",15,0,1.25,"1.00000",1,1
"GO:0097164","ammonium ion metabolic process",18,0,1.49,"1.00000",1,1
"GO:0097374","sensory neuron axon guidance",12,0,1,"1.00000",1,1
"GO:0097502","mannosylation",15,0,1.25,"1.00000",1,1
"GO:0097553","calcium ion transmembrane import into cytosol",76,0,6.31,"1.00000",1,1
"GO:0097711","ciliary basal body-plasma membrane docking",24,0,1.99,"1.00000",1,1
"GO:0097734","extracellular exosome biogenesis",12,0,1,"1.00000",1,1
"GO:0098534","centriole assembly",19,0,1.58,"1.00000",1,1
"GO:0098712","L-glutamate import across plasma membrane",11,0,0.91,"1.00000",1,1
"GO:0098902","regulation of membrane depolarization during action potential",10,0,0.83,"1.00000",1,1
"GO:0098926","postsynaptic signal transduction",19,0,1.58,"1.00000",1,1
"GO:0098927","vesicle-mediated transport between endosomal compartments",24,0,1.99,"1.00000",1,1
"GO:0099072","regulation of postsynaptic membrane neurotransmitter receptor levels",12,0,1,"1.00000",1,1
"GO:0099563","modification of synaptic structure",12,0,1,"1.00000",1,1
"GO:0120178","steroid hormone biosynthetic process",32,0,2.66,"1.00000",1,1
"GO:0120255","olefinic compound biosynthetic process",11,0,0.91,"1.00000",1,1
"GO:0120316","sperm flagellum assembly",11,0,0.91,"1.00000",1,1
"GO:0140112","extracellular vesicle biogenesis",14,0,1.16,"1.00000",1,1
"GO:0140354","lipid import into cell",14,0,1.16,"1.00000",1,1
"GO:0140888","interferon-mediated signaling pathway",19,0,1.58,"1.00000",1,1
"GO:1900024","regulation of substrate adhesion-dependent cell spreading",28,0,2.32,"1.00000",1,1
"GO:1900026","positive regulation of substrate adhesion-dependent cell spreading",22,0,1.83,"1.00000",1,1
"GO:1900047","negative regulation of hemostasis",14,0,1.16,"1.00000",1,1
"GO:1900076","regulation of cellular response to insulin stimulus",24,0,1.99,"1.00000",1,1
"GO:1900077","negative regulation of cellular response to insulin stimulus",18,0,1.49,"1.00000",1,1
"GO:1900117","regulation of execution phase of apoptosis",12,0,1,"1.00000",1,1
"GO:1900150","regulation of defense response to fungus",11,0,0.91,"1.00000",1,1
"GO:1900424","regulation of defense response to bacterium",17,0,1.41,"1.00000",1,1
"GO:1900426","positive regulation of defense response to bacterium",11,0,0.91,"1.00000",1,1
"GO:1900825","regulation of membrane depolarization during cardiac muscle cell action potential",10,0,0.83,"1.00000",1,1
"GO:1900827","positive regulation of membrane depolarization during cardiac muscle cell action potential",10,0,0.83,"1.00000",1,1
"GO:1901018","positive regulation of potassium ion transmembrane transporter activity",14,0,1.16,"1.00000",1,1
"GO:1901184","regulation of ERBB signaling pathway",34,0,2.82,"1.00000",1,1
"GO:1901185","negative regulation of ERBB signaling pathway",22,0,1.83,"1.00000",1,1
"GO:1901292","nucleoside phosphate catabolic process",40,0,3.32,"1.00000",1,1
"GO:1901381","positive regulation of potassium ion transmembrane transport",16,0,1.33,"1.00000",1,1
"GO:1901568","fatty acid derivative metabolic process",25,0,2.08,"1.00000",1,1
"GO:1901570","fatty acid derivative biosynthetic process",21,0,1.74,"1.00000",1,1
"GO:1902003","regulation of amyloid-beta formation",13,0,1.08,"1.00000",1,1
"GO:1902004","positive regulation of amyloid-beta formation",11,0,0.91,"1.00000",1,1
"GO:1902019","regulation of cilium-dependent cell motility",12,0,1,"1.00000",1,1
"GO:1902022","L-lysine transport",21,0,1.74,"1.00000",1,1
"GO:1902100","negative regulation of metaphase/anaphase transition of cell cycle",22,0,1.83,"1.00000",1,1
"GO:1902106","negative regulation of leukocyte differentiation",35,0,2.91,"1.00000",1,1
"GO:1902116","negative regulation of organelle assembly",19,0,1.58,"1.00000",1,1
"GO:1902117","positive regulation of organelle assembly",45,0,3.74,"1.00000",1,1
"GO:1902175","regulation of oxidative stress-induced intrinsic apoptotic signaling pathway",19,0,1.58,"1.00000",1,1
"GO:1902176","negative regulation of oxidative stress-induced intrinsic apoptotic signaling pathway",13,0,1.08,"1.00000",1,1
"GO:1902235","regulation of endoplasmic reticulum stress-induced intrinsic apoptotic signaling pathway",14,0,1.16,"1.00000",1,1
"GO:1902236","negative regulation of endoplasmic reticulum stress-induced intrinsic apoptotic signaling pathway",10,0,0.83,"1.00000",1,1
"GO:1902259","regulation of delayed rectifier potassium channel activity",10,0,0.83,"1.00000",1,1
"GO:1902260","negative regulation of delayed rectifier potassium channel activity",10,0,0.83,"1.00000",1,1
"GO:1902305","regulation of sodium ion transmembrane transport",18,0,1.49,"1.00000",1,1
"GO:1902307","positive regulation of sodium ion transmembrane transport",14,0,1.16,"1.00000",1,1
"GO:1902337","regulation of apoptotic process involved in morphogenesis",13,0,1.08,"1.00000",1,1
"GO:1902339","positive regulation of apoptotic process involved in morphogenesis",11,0,0.91,"1.00000",1,1
"GO:1902600","proton transmembrane transport",15,0,1.25,"1.00000",1,1
"GO:1902622","regulation of neutrophil migration",17,0,1.41,"1.00000",1,1
"GO:1902624","positive regulation of neutrophil migration",14,0,1.16,"1.00000",1,1
"GO:1902692","regulation of neuroblast proliferation",20,0,1.66,"1.00000",1,1
"GO:1902742","apoptotic process involved in development",26,0,2.16,"1.00000",1,1
"GO:1902750","negative regulation of cell cycle G2/M phase transition",32,0,2.66,"1.00000",1,1
"GO:1902751","positive regulation of cell cycle G2/M phase transition",11,0,0.91,"1.00000",1,1
"GO:1902875","regulation of embryonic pattern specification",10,0,0.83,"1.00000",1,1
"GO:1902882","regulation of response to oxidative stress",19,0,1.58,"1.00000",1,1
"GO:1902932","positive regulation of alcohol biosynthetic process",10,0,0.83,"1.00000",1,1
"GO:1902991","regulation of amyloid precursor protein catabolic process",13,0,1.08,"1.00000",1,1
"GO:1902993","positive regulation of amyloid precursor protein catabolic process",11,0,0.91,"1.00000",1,1
"GO:1903055","positive regulation of extracellular matrix organization",15,0,1.25,"1.00000",1,1
"GO:1903077","negative regulation of protein localization to plasma membrane",10,0,0.83,"1.00000",1,1
"GO:1903214","regulation of protein targeting to mitochondrion",17,0,1.41,"1.00000",1,1
"GO:1903401","L-lysine transmembrane transport",12,0,1,"1.00000",1,1
"GO:1903421","regulation of synaptic vesicle recycling",11,0,0.91,"1.00000",1,1
"GO:1903432","regulation of TORC1 signaling",18,0,1.49,"1.00000",1,1
"GO:1903504","regulation of mitotic spindle checkpoint",10,0,0.83,"1.00000",1,1
"GO:1903513","endoplasmic reticulum to cytosol transport",17,0,1.41,"1.00000",1,1
"GO:1903514","release of sequestered calcium ion into cytosol by endoplasmic reticulum",12,0,1,"1.00000",1,1
"GO:1903539","protein localization to postsynaptic membrane",12,0,1,"1.00000",1,1
"GO:1903649","regulation of cytoplasmic transport",14,0,1.16,"1.00000",1,1
"GO:1903670","regulation of sprouting angiogenesis",17,0,1.41,"1.00000",1,1
"GO:1903707","negative regulation of hemopoiesis",36,0,2.99,"1.00000",1,1
"GO:1903715","regulation of aerobic respiration",11,0,0.91,"1.00000",1,1
"GO:1903747","regulation of establishment of protein localization to mitochondrion",20,0,1.66,"1.00000",1,1
"GO:1903749","positive regulation of establishment of protein localization to mitochondrion",11,0,0.91,"1.00000",1,1
"GO:1903793","positive regulation of monoatomic anion transport",12,0,1,"1.00000",1,1
"GO:1903817","negative regulation of voltage-gated potassium channel activity",11,0,0.91,"1.00000",1,1
"GO:1903846","positive regulation of cellular response to transforming growth factor beta stimulus",12,0,1,"1.00000",1,1
"GO:1903909","regulation of receptor clustering",11,0,0.91,"1.00000",1,1
"GO:1903911","positive regulation of receptor clustering",11,0,0.91,"1.00000",1,1
"GO:1904031","positive regulation of cyclin-dependent protein kinase activity",16,0,1.33,"1.00000",1,1
"GO:1904170","regulation of bleb assembly",14,0,1.16,"1.00000",1,1
"GO:1904172","positive regulation of bleb assembly",13,0,1.08,"1.00000",1,1
"GO:1904181","positive regulation of membrane depolarization",25,0,2.08,"1.00000",1,1
"GO:1904262","negative regulation of TORC1 signaling",10,0,0.83,"1.00000",1,1
"GO:1904292","regulation of ERAD pathway",10,0,0.83,"1.00000",1,1
"GO:1904353","regulation of telomere capping",20,0,1.66,"1.00000",1,1
"GO:1904355","positive regulation of telomere capping",11,0,0.91,"1.00000",1,1
"GO:1904358","positive regulation of telomere maintenance via telomere lengthening",19,0,1.58,"1.00000",1,1
"GO:1904376","negative regulation of protein localization to cell periphery",11,0,0.91,"1.00000",1,1
"GO:1904393","regulation of skeletal muscle acetylcholine-gated channel clustering",10,0,0.83,"1.00000",1,1
"GO:1904395","positive regulation of skeletal muscle acetylcholine-gated channel clustering",10,0,0.83,"1.00000",1,1
"GO:1904397","negative regulation of neuromuscular junction development",10,0,0.83,"1.00000",1,1
"GO:1904502","regulation of lipophagy",14,0,1.16,"1.00000",1,1
"GO:1904504","positive regulation of lipophagy",14,0,1.16,"1.00000",1,1
"GO:1904738","vascular associated smooth muscle cell migration",11,0,0.91,"1.00000",1,1
"GO:1904747","positive regulation of apoptotic process involved in development",11,0,0.91,"1.00000",1,1
"GO:1904748","regulation of apoptotic process involved in development",14,0,1.16,"1.00000",1,1
"GO:1904752","regulation of vascular associated smooth muscle cell migration",11,0,0.91,"1.00000",1,1
"GO:1904754","positive regulation of vascular associated smooth muscle cell migration",10,0,0.83,"1.00000",1,1
"GO:1904814","regulation of protein localization to chromosome, telomeric region",11,0,0.91,"1.00000",1,1
"GO:1904816","positive regulation of protein localization to chromosome, telomeric region",10,0,0.83,"1.00000",1,1
"GO:1905144","response to acetylcholine",18,0,1.49,"1.00000",1,1
"GO:1905145","cellular response to acetylcholine",18,0,1.49,"1.00000",1,1
"GO:1905207","regulation of cardiocyte differentiation",16,0,1.33,"1.00000",1,1
"GO:1905314","semi-lunar valve development",19,0,1.58,"1.00000",1,1
"GO:1905476","negative regulation of protein localization to membrane",12,0,1,"1.00000",1,1
"GO:1905809","negative regulation of synapse organization",19,0,1.58,"1.00000",1,1
"GO:1905818","regulation of chromosome separation",30,0,2.49,"1.00000",1,1
"GO:1905819","negative regulation of chromosome separation",22,0,1.83,"1.00000",1,1
"GO:1905898","positive regulation of response to endoplasmic reticulum stress",16,0,1.33,"1.00000",1,1
"GO:1905936","regulation of germ cell proliferation",10,0,0.83,"1.00000",1,1
"GO:1990182","exosomal secretion",12,0,1,"1.00000",1,1
"GO:1990776","response to angiotensin",11,0,0.91,"1.00000",1,1
"GO:1990806","ligand-gated ion channel signaling pathway",16,0,1.33,"1.00000",1,1
"GO:1990868","response to chemokine",13,0,1.08,"1.00000",1,1
"GO:1990869","cellular response to chemokine",13,0,1.08,"1.00000",1,1
"GO:2000008","regulation of protein localization to cell surface",10,0,0.83,"1.00000",1,1
"GO:2000036","regulation of stem cell population maintenance",13,0,1.08,"1.00000",1,1
"GO:2000042","negative regulation of double-strand break repair via homologous recombination",13,0,1.08,"1.00000",1,1
"GO:2000043","regulation of cardiac cell fate specification",10,0,0.83,"1.00000",1,1
"GO:2000047","regulation of cell-cell adhesion mediated by cadherin",12,0,1,"1.00000",1,1
"GO:2000048","negative regulation of cell-cell adhesion mediated by cadherin",10,0,0.83,"1.00000",1,1
"GO:2000051","negative regulation of non-canonical Wnt signaling pathway",11,0,0.91,"1.00000",1,1
"GO:2000104","negative regulation of DNA-templated DNA replication",10,0,0.83,"1.00000",1,1
"GO:2000107","negative regulation of leukocyte apoptotic process",12,0,1,"1.00000",1,1
"GO:2000108","positive regulation of leukocyte apoptotic process",18,0,1.49,"1.00000",1,1
"GO:2000136","regulation of cell proliferation involved in heart morphogenesis",24,0,1.99,"1.00000",1,1
"GO:2000138","positive regulation of cell proliferation involved in heart morphogenesis",10,0,0.83,"1.00000",1,1
"GO:2000178","negative regulation of neural precursor cell proliferation",10,0,0.83,"1.00000",1,1
"GO:2000232","regulation of rRNA processing",11,0,0.91,"1.00000",1,1
"GO:2000242","negative regulation of reproductive process",30,0,2.49,"1.00000",1,1
"GO:2000269","regulation of fibroblast apoptotic process",10,0,0.83,"1.00000",1,1
"GO:2000316","regulation of T-helper 17 type immune response",13,0,1.08,"1.00000",1,1
"GO:2000318","positive regulation of T-helper 17 type immune response",10,0,0.83,"1.00000",1,1
"GO:2000319","regulation of T-helper 17 cell differentiation",13,0,1.08,"1.00000",1,1
"GO:2000321","positive regulation of T-helper 17 cell differentiation",10,0,0.83,"1.00000",1,1
"GO:2000378","negative regulation of reactive oxygen species metabolic process",22,0,1.83,"1.00000",1,1
"GO:2000479","regulation of cAMP-dependent protein kinase activity",20,0,1.66,"1.00000",1,1
"GO:2000514","regulation of CD4-positive, alpha-beta T cell activation",26,0,2.16,"1.00000",1,1
"GO:2000515","negative regulation of CD4-positive, alpha-beta T cell activation",14,0,1.16,"1.00000",1,1
"GO:2000516","positive regulation of CD4-positive, alpha-beta T cell activation",18,0,1.49,"1.00000",1,1
"GO:2000649","regulation of sodium ion transmembrane transporter activity",16,0,1.33,"1.00000",1,1
"GO:2000651","positive regulation of sodium ion transmembrane transporter activity",13,0,1.08,"1.00000",1,1
"GO:2000696","regulation of epithelial cell differentiation involved in kidney development",16,0,1.33,"1.00000",1,1
"GO:2000757","negative regulation of peptidyl-lysine acetylation",12,0,1,"1.00000",1,1
"GO:2000772","regulation of cellular senescence",16,0,1.33,"1.00000",1,1
"GO:2000781","positive regulation of double-strand break repair",13,0,1.08,"1.00000",1,1
"GO:2000785","regulation of autophagosome assembly",22,0,1.83,"1.00000",1,1
"GO:2000816","negative regulation of mitotic sister chromatid separation",22,0,1.83,"1.00000",1,1
"GO:2001013","epithelial cell proliferation involved in renal tubule morphogenesis",10,0,0.83,"1.00000",1,1
"GO:2001222","regulation of neuron migration",20,0,1.66,"1.00000",1,1
"GO:2001241","positive regulation of extrinsic apoptotic signaling pathway in absence of ligand",28,0,2.32,"1.00000",1,1
"GO:2001244","positive regulation of intrinsic apoptotic signaling pathway",15,0,1.25,"1.00000",1,1
"GO:2001252","positive regulation of chromosome organization",43,0,3.57,"1.00000",1,1
